
===========================================================================
report_checks -path_delay max (Setup)
============================================================================
======================= nom_ff_n40C_1v95 Corner ===================================

Startpoint: i_rst_n (input port clocked by i_clk)
Endpoint: _1070_ (recovery check against rising-edge clock i_clk)
Path Group: asynchronous
Path Type: max

Fanout         Cap        Slew       Delay        Time   Description
---------------------------------------------------------------------------------------------
                      0.150000    0.000000    0.000000   clock i_clk (rise edge)
                                  0.000000    0.000000   clock network delay (ideal)
                                  6.000000    6.000000 ^ input external delay
   203    0.637442    2.137063    1.491615    7.491615 ^ i_rst_n (in)
                                                         i_rst_n (net)
                      2.137063    0.000000    7.491615 ^ _1070_/RESET_B (sky130_fd_sc_hd__dfrtp_2)
                                              7.491615   data arrival time

                      0.150000   32.000000   32.000000   clock i_clk (rise edge)
                                  0.000000   32.000000   clock network delay (ideal)
                                 -0.250000   31.750000   clock uncertainty
                                  0.000000   31.750000   clock reconvergence pessimism
                                             31.750000 ^ _1070_/CLK (sky130_fd_sc_hd__dfrtp_2)
                                 -0.433522   31.316475   library recovery time
                                             31.316475   data required time
---------------------------------------------------------------------------------------------
                                             31.316475   data required time
                                             -7.491615   data arrival time
---------------------------------------------------------------------------------------------
                                             23.824862   slack (MET)


Startpoint: i_rst_n (input port clocked by i_clk)
Endpoint: _1071_ (recovery check against rising-edge clock i_clk)
Path Group: asynchronous
Path Type: max

Fanout         Cap        Slew       Delay        Time   Description
---------------------------------------------------------------------------------------------
                      0.150000    0.000000    0.000000   clock i_clk (rise edge)
                                  0.000000    0.000000   clock network delay (ideal)
                                  6.000000    6.000000 ^ input external delay
   203    0.637442    2.137063    1.491615    7.491615 ^ i_rst_n (in)
                                                         i_rst_n (net)
                      2.137063    0.000000    7.491615 ^ _1071_/RESET_B (sky130_fd_sc_hd__dfrtp_2)
                                              7.491615   data arrival time

                      0.150000   32.000000   32.000000   clock i_clk (rise edge)
                                  0.000000   32.000000   clock network delay (ideal)
                                 -0.250000   31.750000   clock uncertainty
                                  0.000000   31.750000   clock reconvergence pessimism
                                             31.750000 ^ _1071_/CLK (sky130_fd_sc_hd__dfrtp_2)
                                 -0.433522   31.316475   library recovery time
                                             31.316475   data required time
---------------------------------------------------------------------------------------------
                                             31.316475   data required time
                                             -7.491615   data arrival time
---------------------------------------------------------------------------------------------
                                             23.824862   slack (MET)


Startpoint: i_rst_n (input port clocked by i_clk)
Endpoint: _1072_ (recovery check against rising-edge clock i_clk)
Path Group: asynchronous
Path Type: max

Fanout         Cap        Slew       Delay        Time   Description
---------------------------------------------------------------------------------------------
                      0.150000    0.000000    0.000000   clock i_clk (rise edge)
                                  0.000000    0.000000   clock network delay (ideal)
                                  6.000000    6.000000 ^ input external delay
   203    0.637442    2.137063    1.491615    7.491615 ^ i_rst_n (in)
                                                         i_rst_n (net)
                      2.137063    0.000000    7.491615 ^ _1072_/RESET_B (sky130_fd_sc_hd__dfrtp_2)
                                              7.491615   data arrival time

                      0.150000   32.000000   32.000000   clock i_clk (rise edge)
                                  0.000000   32.000000   clock network delay (ideal)
                                 -0.250000   31.750000   clock uncertainty
                                  0.000000   31.750000   clock reconvergence pessimism
                                             31.750000 ^ _1072_/CLK (sky130_fd_sc_hd__dfrtp_2)
                                 -0.433522   31.316475   library recovery time
                                             31.316475   data required time
---------------------------------------------------------------------------------------------
                                             31.316475   data required time
                                             -7.491615   data arrival time
---------------------------------------------------------------------------------------------
                                             23.824862   slack (MET)


Startpoint: i_rst_n (input port clocked by i_clk)
Endpoint: _1073_ (recovery check against rising-edge clock i_clk)
Path Group: asynchronous
Path Type: max

Fanout         Cap        Slew       Delay        Time   Description
---------------------------------------------------------------------------------------------
                      0.150000    0.000000    0.000000   clock i_clk (rise edge)
                                  0.000000    0.000000   clock network delay (ideal)
                                  6.000000    6.000000 ^ input external delay
   203    0.637442    2.137063    1.491615    7.491615 ^ i_rst_n (in)
                                                         i_rst_n (net)
                      2.137063    0.000000    7.491615 ^ _1073_/RESET_B (sky130_fd_sc_hd__dfrtp_2)
                                              7.491615   data arrival time

                      0.150000   32.000000   32.000000   clock i_clk (rise edge)
                                  0.000000   32.000000   clock network delay (ideal)
                                 -0.250000   31.750000   clock uncertainty
                                  0.000000   31.750000   clock reconvergence pessimism
                                             31.750000 ^ _1073_/CLK (sky130_fd_sc_hd__dfrtp_2)
                                 -0.433522   31.316475   library recovery time
                                             31.316475   data required time
---------------------------------------------------------------------------------------------
                                             31.316475   data required time
                                             -7.491615   data arrival time
---------------------------------------------------------------------------------------------
                                             23.824862   slack (MET)


Startpoint: i_rst_n (input port clocked by i_clk)
Endpoint: _1074_ (recovery check against rising-edge clock i_clk)
Path Group: asynchronous
Path Type: max

Fanout         Cap        Slew       Delay        Time   Description
---------------------------------------------------------------------------------------------
                      0.150000    0.000000    0.000000   clock i_clk (rise edge)
                                  0.000000    0.000000   clock network delay (ideal)
                                  6.000000    6.000000 ^ input external delay
   203    0.637442    2.137063    1.491615    7.491615 ^ i_rst_n (in)
                                                         i_rst_n (net)
                      2.137063    0.000000    7.491615 ^ _1074_/RESET_B (sky130_fd_sc_hd__dfrtp_2)
                                              7.491615   data arrival time

                      0.150000   32.000000   32.000000   clock i_clk (rise edge)
                                  0.000000   32.000000   clock network delay (ideal)
                                 -0.250000   31.750000   clock uncertainty
                                  0.000000   31.750000   clock reconvergence pessimism
                                             31.750000 ^ _1074_/CLK (sky130_fd_sc_hd__dfrtp_2)
                                 -0.433522   31.316475   library recovery time
                                             31.316475   data required time
---------------------------------------------------------------------------------------------
                                             31.316475   data required time
                                             -7.491615   data arrival time
---------------------------------------------------------------------------------------------
                                             23.824862   slack (MET)


Startpoint: i_rst_n (input port clocked by i_clk)
Endpoint: _1075_ (recovery check against rising-edge clock i_clk)
Path Group: asynchronous
Path Type: max

Fanout         Cap        Slew       Delay        Time   Description
---------------------------------------------------------------------------------------------
                      0.150000    0.000000    0.000000   clock i_clk (rise edge)
                                  0.000000    0.000000   clock network delay (ideal)
                                  6.000000    6.000000 ^ input external delay
   203    0.637442    2.137063    1.491615    7.491615 ^ i_rst_n (in)
                                                         i_rst_n (net)
                      2.137063    0.000000    7.491615 ^ _1075_/RESET_B (sky130_fd_sc_hd__dfrtp_2)
                                              7.491615   data arrival time

                      0.150000   32.000000   32.000000   clock i_clk (rise edge)
                                  0.000000   32.000000   clock network delay (ideal)
                                 -0.250000   31.750000   clock uncertainty
                                  0.000000   31.750000   clock reconvergence pessimism
                                             31.750000 ^ _1075_/CLK (sky130_fd_sc_hd__dfrtp_2)
                                 -0.433522   31.316475   library recovery time
                                             31.316475   data required time
---------------------------------------------------------------------------------------------
                                             31.316475   data required time
                                             -7.491615   data arrival time
---------------------------------------------------------------------------------------------
                                             23.824862   slack (MET)


Startpoint: i_rst_n (input port clocked by i_clk)
Endpoint: _1076_ (recovery check against rising-edge clock i_clk)
Path Group: asynchronous
Path Type: max

Fanout         Cap        Slew       Delay        Time   Description
---------------------------------------------------------------------------------------------
                      0.150000    0.000000    0.000000   clock i_clk (rise edge)
                                  0.000000    0.000000   clock network delay (ideal)
                                  6.000000    6.000000 ^ input external delay
   203    0.637442    2.137063    1.491615    7.491615 ^ i_rst_n (in)
                                                         i_rst_n (net)
                      2.137063    0.000000    7.491615 ^ _1076_/RESET_B (sky130_fd_sc_hd__dfrtp_2)
                                              7.491615   data arrival time

                      0.150000   32.000000   32.000000   clock i_clk (rise edge)
                                  0.000000   32.000000   clock network delay (ideal)
                                 -0.250000   31.750000   clock uncertainty
                                  0.000000   31.750000   clock reconvergence pessimism
                                             31.750000 ^ _1076_/CLK (sky130_fd_sc_hd__dfrtp_2)
                                 -0.433522   31.316475   library recovery time
                                             31.316475   data required time
---------------------------------------------------------------------------------------------
                                             31.316475   data required time
                                             -7.491615   data arrival time
---------------------------------------------------------------------------------------------
                                             23.824862   slack (MET)


Startpoint: i_rst_n (input port clocked by i_clk)
Endpoint: _1078_ (recovery check against rising-edge clock i_clk)
Path Group: asynchronous
Path Type: max

Fanout         Cap        Slew       Delay        Time   Description
---------------------------------------------------------------------------------------------
                      0.150000    0.000000    0.000000   clock i_clk (rise edge)
                                  0.000000    0.000000   clock network delay (ideal)
                                  6.000000    6.000000 ^ input external delay
   203    0.637442    2.137063    1.491615    7.491615 ^ i_rst_n (in)
                                                         i_rst_n (net)
                      2.137063    0.000000    7.491615 ^ _1078_/RESET_B (sky130_fd_sc_hd__dfrtp_2)
                                              7.491615   data arrival time

                      0.150000   32.000000   32.000000   clock i_clk (rise edge)
                                  0.000000   32.000000   clock network delay (ideal)
                                 -0.250000   31.750000   clock uncertainty
                                  0.000000   31.750000   clock reconvergence pessimism
                                             31.750000 ^ _1078_/CLK (sky130_fd_sc_hd__dfrtp_2)
                                 -0.433522   31.316475   library recovery time
                                             31.316475   data required time
---------------------------------------------------------------------------------------------
                                             31.316475   data required time
                                             -7.491615   data arrival time
---------------------------------------------------------------------------------------------
                                             23.824862   slack (MET)


Startpoint: i_rst_n (input port clocked by i_clk)
Endpoint: _1079_ (recovery check against rising-edge clock i_clk)
Path Group: asynchronous
Path Type: max

Fanout         Cap        Slew       Delay        Time   Description
---------------------------------------------------------------------------------------------
                      0.150000    0.000000    0.000000   clock i_clk (rise edge)
                                  0.000000    0.000000   clock network delay (ideal)
                                  6.000000    6.000000 ^ input external delay
   203    0.637442    2.137063    1.491615    7.491615 ^ i_rst_n (in)
                                                         i_rst_n (net)
                      2.137063    0.000000    7.491615 ^ _1079_/RESET_B (sky130_fd_sc_hd__dfrtp_2)
                                              7.491615   data arrival time

                      0.150000   32.000000   32.000000   clock i_clk (rise edge)
                                  0.000000   32.000000   clock network delay (ideal)
                                 -0.250000   31.750000   clock uncertainty
                                  0.000000   31.750000   clock reconvergence pessimism
                                             31.750000 ^ _1079_/CLK (sky130_fd_sc_hd__dfrtp_2)
                                 -0.433522   31.316475   library recovery time
                                             31.316475   data required time
---------------------------------------------------------------------------------------------
                                             31.316475   data required time
                                             -7.491615   data arrival time
---------------------------------------------------------------------------------------------
                                             23.824862   slack (MET)


Startpoint: i_rst_n (input port clocked by i_clk)
Endpoint: _1080_ (recovery check against rising-edge clock i_clk)
Path Group: asynchronous
Path Type: max

Fanout         Cap        Slew       Delay        Time   Description
---------------------------------------------------------------------------------------------
                      0.150000    0.000000    0.000000   clock i_clk (rise edge)
                                  0.000000    0.000000   clock network delay (ideal)
                                  6.000000    6.000000 ^ input external delay
   203    0.637442    2.137063    1.491615    7.491615 ^ i_rst_n (in)
                                                         i_rst_n (net)
                      2.137063    0.000000    7.491615 ^ _1080_/RESET_B (sky130_fd_sc_hd__dfrtp_2)
                                              7.491615   data arrival time

                      0.150000   32.000000   32.000000   clock i_clk (rise edge)
                                  0.000000   32.000000   clock network delay (ideal)
                                 -0.250000   31.750000   clock uncertainty
                                  0.000000   31.750000   clock reconvergence pessimism
                                             31.750000 ^ _1080_/CLK (sky130_fd_sc_hd__dfrtp_2)
                                 -0.433522   31.316475   library recovery time
                                             31.316475   data required time
---------------------------------------------------------------------------------------------
                                             31.316475   data required time
                                             -7.491615   data arrival time
---------------------------------------------------------------------------------------------
                                             23.824862   slack (MET)


Startpoint: i_rst_n (input port clocked by i_clk)
Endpoint: _1081_ (recovery check against rising-edge clock i_clk)
Path Group: asynchronous
Path Type: max

Fanout         Cap        Slew       Delay        Time   Description
---------------------------------------------------------------------------------------------
                      0.150000    0.000000    0.000000   clock i_clk (rise edge)
                                  0.000000    0.000000   clock network delay (ideal)
                                  6.000000    6.000000 ^ input external delay
   203    0.637442    2.137063    1.491615    7.491615 ^ i_rst_n (in)
                                                         i_rst_n (net)
                      2.137063    0.000000    7.491615 ^ _1081_/RESET_B (sky130_fd_sc_hd__dfrtp_2)
                                              7.491615   data arrival time

                      0.150000   32.000000   32.000000   clock i_clk (rise edge)
                                  0.000000   32.000000   clock network delay (ideal)
                                 -0.250000   31.750000   clock uncertainty
                                  0.000000   31.750000   clock reconvergence pessimism
                                             31.750000 ^ _1081_/CLK (sky130_fd_sc_hd__dfrtp_2)
                                 -0.433522   31.316475   library recovery time
                                             31.316475   data required time
---------------------------------------------------------------------------------------------
                                             31.316475   data required time
                                             -7.491615   data arrival time
---------------------------------------------------------------------------------------------
                                             23.824862   slack (MET)


Startpoint: i_rst_n (input port clocked by i_clk)
Endpoint: _1082_ (recovery check against rising-edge clock i_clk)
Path Group: asynchronous
Path Type: max

Fanout         Cap        Slew       Delay        Time   Description
---------------------------------------------------------------------------------------------
                      0.150000    0.000000    0.000000   clock i_clk (rise edge)
                                  0.000000    0.000000   clock network delay (ideal)
                                  6.000000    6.000000 ^ input external delay
   203    0.637442    2.137063    1.491615    7.491615 ^ i_rst_n (in)
                                                         i_rst_n (net)
                      2.137063    0.000000    7.491615 ^ _1082_/RESET_B (sky130_fd_sc_hd__dfrtp_2)
                                              7.491615   data arrival time

                      0.150000   32.000000   32.000000   clock i_clk (rise edge)
                                  0.000000   32.000000   clock network delay (ideal)
                                 -0.250000   31.750000   clock uncertainty
                                  0.000000   31.750000   clock reconvergence pessimism
                                             31.750000 ^ _1082_/CLK (sky130_fd_sc_hd__dfrtp_2)
                                 -0.433522   31.316475   library recovery time
                                             31.316475   data required time
---------------------------------------------------------------------------------------------
                                             31.316475   data required time
                                             -7.491615   data arrival time
---------------------------------------------------------------------------------------------
                                             23.824862   slack (MET)


Startpoint: i_rst_n (input port clocked by i_clk)
Endpoint: _1083_ (recovery check against rising-edge clock i_clk)
Path Group: asynchronous
Path Type: max

Fanout         Cap        Slew       Delay        Time   Description
---------------------------------------------------------------------------------------------
                      0.150000    0.000000    0.000000   clock i_clk (rise edge)
                                  0.000000    0.000000   clock network delay (ideal)
                                  6.000000    6.000000 ^ input external delay
   203    0.637442    2.137063    1.491615    7.491615 ^ i_rst_n (in)
                                                         i_rst_n (net)
                      2.137063    0.000000    7.491615 ^ _1083_/RESET_B (sky130_fd_sc_hd__dfrtp_2)
                                              7.491615   data arrival time

                      0.150000   32.000000   32.000000   clock i_clk (rise edge)
                                  0.000000   32.000000   clock network delay (ideal)
                                 -0.250000   31.750000   clock uncertainty
                                  0.000000   31.750000   clock reconvergence pessimism
                                             31.750000 ^ _1083_/CLK (sky130_fd_sc_hd__dfrtp_2)
                                 -0.433522   31.316475   library recovery time
                                             31.316475   data required time
---------------------------------------------------------------------------------------------
                                             31.316475   data required time
                                             -7.491615   data arrival time
---------------------------------------------------------------------------------------------
                                             23.824862   slack (MET)


Startpoint: i_rst_n (input port clocked by i_clk)
Endpoint: _1084_ (recovery check against rising-edge clock i_clk)
Path Group: asynchronous
Path Type: max

Fanout         Cap        Slew       Delay        Time   Description
---------------------------------------------------------------------------------------------
                      0.150000    0.000000    0.000000   clock i_clk (rise edge)
                                  0.000000    0.000000   clock network delay (ideal)
                                  6.000000    6.000000 ^ input external delay
   203    0.637442    2.137063    1.491615    7.491615 ^ i_rst_n (in)
                                                         i_rst_n (net)
                      2.137063    0.000000    7.491615 ^ _1084_/RESET_B (sky130_fd_sc_hd__dfrtp_2)
                                              7.491615   data arrival time

                      0.150000   32.000000   32.000000   clock i_clk (rise edge)
                                  0.000000   32.000000   clock network delay (ideal)
                                 -0.250000   31.750000   clock uncertainty
                                  0.000000   31.750000   clock reconvergence pessimism
                                             31.750000 ^ _1084_/CLK (sky130_fd_sc_hd__dfrtp_2)
                                 -0.433522   31.316475   library recovery time
                                             31.316475   data required time
---------------------------------------------------------------------------------------------
                                             31.316475   data required time
                                             -7.491615   data arrival time
---------------------------------------------------------------------------------------------
                                             23.824862   slack (MET)


Startpoint: i_rst_n (input port clocked by i_clk)
Endpoint: _1085_ (recovery check against rising-edge clock i_clk)
Path Group: asynchronous
Path Type: max

Fanout         Cap        Slew       Delay        Time   Description
---------------------------------------------------------------------------------------------
                      0.150000    0.000000    0.000000   clock i_clk (rise edge)
                                  0.000000    0.000000   clock network delay (ideal)
                                  6.000000    6.000000 ^ input external delay
   203    0.637442    2.137063    1.491615    7.491615 ^ i_rst_n (in)
                                                         i_rst_n (net)
                      2.137063    0.000000    7.491615 ^ _1085_/RESET_B (sky130_fd_sc_hd__dfrtp_2)
                                              7.491615   data arrival time

                      0.150000   32.000000   32.000000   clock i_clk (rise edge)
                                  0.000000   32.000000   clock network delay (ideal)
                                 -0.250000   31.750000   clock uncertainty
                                  0.000000   31.750000   clock reconvergence pessimism
                                             31.750000 ^ _1085_/CLK (sky130_fd_sc_hd__dfrtp_2)
                                 -0.433522   31.316475   library recovery time
                                             31.316475   data required time
---------------------------------------------------------------------------------------------
                                             31.316475   data required time
                                             -7.491615   data arrival time
---------------------------------------------------------------------------------------------
                                             23.824862   slack (MET)


Startpoint: i_rst_n (input port clocked by i_clk)
Endpoint: _1086_ (recovery check against rising-edge clock i_clk)
Path Group: asynchronous
Path Type: max

Fanout         Cap        Slew       Delay        Time   Description
---------------------------------------------------------------------------------------------
                      0.150000    0.000000    0.000000   clock i_clk (rise edge)
                                  0.000000    0.000000   clock network delay (ideal)
                                  6.000000    6.000000 ^ input external delay
   203    0.637442    2.137063    1.491615    7.491615 ^ i_rst_n (in)
                                                         i_rst_n (net)
                      2.137063    0.000000    7.491615 ^ _1086_/RESET_B (sky130_fd_sc_hd__dfrtp_2)
                                              7.491615   data arrival time

                      0.150000   32.000000   32.000000   clock i_clk (rise edge)
                                  0.000000   32.000000   clock network delay (ideal)
                                 -0.250000   31.750000   clock uncertainty
                                  0.000000   31.750000   clock reconvergence pessimism
                                             31.750000 ^ _1086_/CLK (sky130_fd_sc_hd__dfrtp_2)
                                 -0.433522   31.316475   library recovery time
                                             31.316475   data required time
---------------------------------------------------------------------------------------------
                                             31.316475   data required time
                                             -7.491615   data arrival time
---------------------------------------------------------------------------------------------
                                             23.824862   slack (MET)


Startpoint: i_rst_n (input port clocked by i_clk)
Endpoint: _1087_ (recovery check against rising-edge clock i_clk)
Path Group: asynchronous
Path Type: max

Fanout         Cap        Slew       Delay        Time   Description
---------------------------------------------------------------------------------------------
                      0.150000    0.000000    0.000000   clock i_clk (rise edge)
                                  0.000000    0.000000   clock network delay (ideal)
                                  6.000000    6.000000 ^ input external delay
   203    0.637442    2.137063    1.491615    7.491615 ^ i_rst_n (in)
                                                         i_rst_n (net)
                      2.137063    0.000000    7.491615 ^ _1087_/RESET_B (sky130_fd_sc_hd__dfrtp_2)
                                              7.491615   data arrival time

                      0.150000   32.000000   32.000000   clock i_clk (rise edge)
                                  0.000000   32.000000   clock network delay (ideal)
                                 -0.250000   31.750000   clock uncertainty
                                  0.000000   31.750000   clock reconvergence pessimism
                                             31.750000 ^ _1087_/CLK (sky130_fd_sc_hd__dfrtp_2)
                                 -0.433522   31.316475   library recovery time
                                             31.316475   data required time
---------------------------------------------------------------------------------------------
                                             31.316475   data required time
                                             -7.491615   data arrival time
---------------------------------------------------------------------------------------------
                                             23.824862   slack (MET)


Startpoint: i_rst_n (input port clocked by i_clk)
Endpoint: _1088_ (recovery check against rising-edge clock i_clk)
Path Group: asynchronous
Path Type: max

Fanout         Cap        Slew       Delay        Time   Description
---------------------------------------------------------------------------------------------
                      0.150000    0.000000    0.000000   clock i_clk (rise edge)
                                  0.000000    0.000000   clock network delay (ideal)
                                  6.000000    6.000000 ^ input external delay
   203    0.637442    2.137063    1.491615    7.491615 ^ i_rst_n (in)
                                                         i_rst_n (net)
                      2.137063    0.000000    7.491615 ^ _1088_/RESET_B (sky130_fd_sc_hd__dfrtp_2)
                                              7.491615   data arrival time

                      0.150000   32.000000   32.000000   clock i_clk (rise edge)
                                  0.000000   32.000000   clock network delay (ideal)
                                 -0.250000   31.750000   clock uncertainty
                                  0.000000   31.750000   clock reconvergence pessimism
                                             31.750000 ^ _1088_/CLK (sky130_fd_sc_hd__dfrtp_2)
                                 -0.433522   31.316475   library recovery time
                                             31.316475   data required time
---------------------------------------------------------------------------------------------
                                             31.316475   data required time
                                             -7.491615   data arrival time
---------------------------------------------------------------------------------------------
                                             23.824862   slack (MET)


Startpoint: i_rst_n (input port clocked by i_clk)
Endpoint: _1089_ (recovery check against rising-edge clock i_clk)
Path Group: asynchronous
Path Type: max

Fanout         Cap        Slew       Delay        Time   Description
---------------------------------------------------------------------------------------------
                      0.150000    0.000000    0.000000   clock i_clk (rise edge)
                                  0.000000    0.000000   clock network delay (ideal)
                                  6.000000    6.000000 ^ input external delay
   203    0.637442    2.137063    1.491615    7.491615 ^ i_rst_n (in)
                                                         i_rst_n (net)
                      2.137063    0.000000    7.491615 ^ _1089_/RESET_B (sky130_fd_sc_hd__dfrtp_2)
                                              7.491615   data arrival time

                      0.150000   32.000000   32.000000   clock i_clk (rise edge)
                                  0.000000   32.000000   clock network delay (ideal)
                                 -0.250000   31.750000   clock uncertainty
                                  0.000000   31.750000   clock reconvergence pessimism
                                             31.750000 ^ _1089_/CLK (sky130_fd_sc_hd__dfrtp_2)
                                 -0.433522   31.316475   library recovery time
                                             31.316475   data required time
---------------------------------------------------------------------------------------------
                                             31.316475   data required time
                                             -7.491615   data arrival time
---------------------------------------------------------------------------------------------
                                             23.824862   slack (MET)


Startpoint: i_rst_n (input port clocked by i_clk)
Endpoint: _1090_ (recovery check against rising-edge clock i_clk)
Path Group: asynchronous
Path Type: max

Fanout         Cap        Slew       Delay        Time   Description
---------------------------------------------------------------------------------------------
                      0.150000    0.000000    0.000000   clock i_clk (rise edge)
                                  0.000000    0.000000   clock network delay (ideal)
                                  6.000000    6.000000 ^ input external delay
   203    0.637442    2.137063    1.491615    7.491615 ^ i_rst_n (in)
                                                         i_rst_n (net)
                      2.137063    0.000000    7.491615 ^ _1090_/RESET_B (sky130_fd_sc_hd__dfrtp_2)
                                              7.491615   data arrival time

                      0.150000   32.000000   32.000000   clock i_clk (rise edge)
                                  0.000000   32.000000   clock network delay (ideal)
                                 -0.250000   31.750000   clock uncertainty
                                  0.000000   31.750000   clock reconvergence pessimism
                                             31.750000 ^ _1090_/CLK (sky130_fd_sc_hd__dfrtp_2)
                                 -0.433522   31.316475   library recovery time
                                             31.316475   data required time
---------------------------------------------------------------------------------------------
                                             31.316475   data required time
                                             -7.491615   data arrival time
---------------------------------------------------------------------------------------------
                                             23.824862   slack (MET)


Startpoint: i_rst_n (input port clocked by i_clk)
Endpoint: _1091_ (recovery check against rising-edge clock i_clk)
Path Group: asynchronous
Path Type: max

Fanout         Cap        Slew       Delay        Time   Description
---------------------------------------------------------------------------------------------
                      0.150000    0.000000    0.000000   clock i_clk (rise edge)
                                  0.000000    0.000000   clock network delay (ideal)
                                  6.000000    6.000000 ^ input external delay
   203    0.637442    2.137063    1.491615    7.491615 ^ i_rst_n (in)
                                                         i_rst_n (net)
                      2.137063    0.000000    7.491615 ^ _1091_/RESET_B (sky130_fd_sc_hd__dfrtp_2)
                                              7.491615   data arrival time

                      0.150000   32.000000   32.000000   clock i_clk (rise edge)
                                  0.000000   32.000000   clock network delay (ideal)
                                 -0.250000   31.750000   clock uncertainty
                                  0.000000   31.750000   clock reconvergence pessimism
                                             31.750000 ^ _1091_/CLK (sky130_fd_sc_hd__dfrtp_2)
                                 -0.433522   31.316475   library recovery time
                                             31.316475   data required time
---------------------------------------------------------------------------------------------
                                             31.316475   data required time
                                             -7.491615   data arrival time
---------------------------------------------------------------------------------------------
                                             23.824862   slack (MET)


Startpoint: i_rst_n (input port clocked by i_clk)
Endpoint: _1092_ (recovery check against rising-edge clock i_clk)
Path Group: asynchronous
Path Type: max

Fanout         Cap        Slew       Delay        Time   Description
---------------------------------------------------------------------------------------------
                      0.150000    0.000000    0.000000   clock i_clk (rise edge)
                                  0.000000    0.000000   clock network delay (ideal)
                                  6.000000    6.000000 ^ input external delay
   203    0.637442    2.137063    1.491615    7.491615 ^ i_rst_n (in)
                                                         i_rst_n (net)
                      2.137063    0.000000    7.491615 ^ _1092_/RESET_B (sky130_fd_sc_hd__dfrtp_2)
                                              7.491615   data arrival time

                      0.150000   32.000000   32.000000   clock i_clk (rise edge)
                                  0.000000   32.000000   clock network delay (ideal)
                                 -0.250000   31.750000   clock uncertainty
                                  0.000000   31.750000   clock reconvergence pessimism
                                             31.750000 ^ _1092_/CLK (sky130_fd_sc_hd__dfrtp_2)
                                 -0.433522   31.316475   library recovery time
                                             31.316475   data required time
---------------------------------------------------------------------------------------------
                                             31.316475   data required time
                                             -7.491615   data arrival time
---------------------------------------------------------------------------------------------
                                             23.824862   slack (MET)


Startpoint: i_rst_n (input port clocked by i_clk)
Endpoint: _1093_ (recovery check against rising-edge clock i_clk)
Path Group: asynchronous
Path Type: max

Fanout         Cap        Slew       Delay        Time   Description
---------------------------------------------------------------------------------------------
                      0.150000    0.000000    0.000000   clock i_clk (rise edge)
                                  0.000000    0.000000   clock network delay (ideal)
                                  6.000000    6.000000 ^ input external delay
   203    0.637442    2.137063    1.491615    7.491615 ^ i_rst_n (in)
                                                         i_rst_n (net)
                      2.137063    0.000000    7.491615 ^ _1093_/RESET_B (sky130_fd_sc_hd__dfrtp_2)
                                              7.491615   data arrival time

                      0.150000   32.000000   32.000000   clock i_clk (rise edge)
                                  0.000000   32.000000   clock network delay (ideal)
                                 -0.250000   31.750000   clock uncertainty
                                  0.000000   31.750000   clock reconvergence pessimism
                                             31.750000 ^ _1093_/CLK (sky130_fd_sc_hd__dfrtp_2)
                                 -0.433522   31.316475   library recovery time
                                             31.316475   data required time
---------------------------------------------------------------------------------------------
                                             31.316475   data required time
                                             -7.491615   data arrival time
---------------------------------------------------------------------------------------------
                                             23.824862   slack (MET)


Startpoint: i_rst_n (input port clocked by i_clk)
Endpoint: _1094_ (recovery check against rising-edge clock i_clk)
Path Group: asynchronous
Path Type: max

Fanout         Cap        Slew       Delay        Time   Description
---------------------------------------------------------------------------------------------
                      0.150000    0.000000    0.000000   clock i_clk (rise edge)
                                  0.000000    0.000000   clock network delay (ideal)
                                  6.000000    6.000000 ^ input external delay
   203    0.637442    2.137063    1.491615    7.491615 ^ i_rst_n (in)
                                                         i_rst_n (net)
                      2.137063    0.000000    7.491615 ^ _1094_/RESET_B (sky130_fd_sc_hd__dfrtp_2)
                                              7.491615   data arrival time

                      0.150000   32.000000   32.000000   clock i_clk (rise edge)
                                  0.000000   32.000000   clock network delay (ideal)
                                 -0.250000   31.750000   clock uncertainty
                                  0.000000   31.750000   clock reconvergence pessimism
                                             31.750000 ^ _1094_/CLK (sky130_fd_sc_hd__dfrtp_2)
                                 -0.433522   31.316475   library recovery time
                                             31.316475   data required time
---------------------------------------------------------------------------------------------
                                             31.316475   data required time
                                             -7.491615   data arrival time
---------------------------------------------------------------------------------------------
                                             23.824862   slack (MET)


Startpoint: i_rst_n (input port clocked by i_clk)
Endpoint: _1095_ (recovery check against rising-edge clock i_clk)
Path Group: asynchronous
Path Type: max

Fanout         Cap        Slew       Delay        Time   Description
---------------------------------------------------------------------------------------------
                      0.150000    0.000000    0.000000   clock i_clk (rise edge)
                                  0.000000    0.000000   clock network delay (ideal)
                                  6.000000    6.000000 ^ input external delay
   203    0.637442    2.137063    1.491615    7.491615 ^ i_rst_n (in)
                                                         i_rst_n (net)
                      2.137063    0.000000    7.491615 ^ _1095_/RESET_B (sky130_fd_sc_hd__dfrtp_2)
                                              7.491615   data arrival time

                      0.150000   32.000000   32.000000   clock i_clk (rise edge)
                                  0.000000   32.000000   clock network delay (ideal)
                                 -0.250000   31.750000   clock uncertainty
                                  0.000000   31.750000   clock reconvergence pessimism
                                             31.750000 ^ _1095_/CLK (sky130_fd_sc_hd__dfrtp_2)
                                 -0.433522   31.316475   library recovery time
                                             31.316475   data required time
---------------------------------------------------------------------------------------------
                                             31.316475   data required time
                                             -7.491615   data arrival time
---------------------------------------------------------------------------------------------
                                             23.824862   slack (MET)


Startpoint: i_rst_n (input port clocked by i_clk)
Endpoint: _1096_ (recovery check against rising-edge clock i_clk)
Path Group: asynchronous
Path Type: max

Fanout         Cap        Slew       Delay        Time   Description
---------------------------------------------------------------------------------------------
                      0.150000    0.000000    0.000000   clock i_clk (rise edge)
                                  0.000000    0.000000   clock network delay (ideal)
                                  6.000000    6.000000 ^ input external delay
   203    0.637442    2.137063    1.491615    7.491615 ^ i_rst_n (in)
                                                         i_rst_n (net)
                      2.137063    0.000000    7.491615 ^ _1096_/RESET_B (sky130_fd_sc_hd__dfrtp_2)
                                              7.491615   data arrival time

                      0.150000   32.000000   32.000000   clock i_clk (rise edge)
                                  0.000000   32.000000   clock network delay (ideal)
                                 -0.250000   31.750000   clock uncertainty
                                  0.000000   31.750000   clock reconvergence pessimism
                                             31.750000 ^ _1096_/CLK (sky130_fd_sc_hd__dfrtp_2)
                                 -0.433522   31.316475   library recovery time
                                             31.316475   data required time
---------------------------------------------------------------------------------------------
                                             31.316475   data required time
                                             -7.491615   data arrival time
---------------------------------------------------------------------------------------------
                                             23.824862   slack (MET)


Startpoint: i_rst_n (input port clocked by i_clk)
Endpoint: _1106_ (recovery check against rising-edge clock i_clk)
Path Group: asynchronous
Path Type: max

Fanout         Cap        Slew       Delay        Time   Description
---------------------------------------------------------------------------------------------
                      0.150000    0.000000    0.000000   clock i_clk (rise edge)
                                  0.000000    0.000000   clock network delay (ideal)
                                  6.000000    6.000000 ^ input external delay
   203    0.637442    2.137063    1.491615    7.491615 ^ i_rst_n (in)
                                                         i_rst_n (net)
                      2.137063    0.000000    7.491615 ^ _1106_/RESET_B (sky130_fd_sc_hd__dfrtp_2)
                                              7.491615   data arrival time

                      0.150000   32.000000   32.000000   clock i_clk (rise edge)
                                  0.000000   32.000000   clock network delay (ideal)
                                 -0.250000   31.750000   clock uncertainty
                                  0.000000   31.750000   clock reconvergence pessimism
                                             31.750000 ^ _1106_/CLK (sky130_fd_sc_hd__dfrtp_2)
                                 -0.433522   31.316475   library recovery time
                                             31.316475   data required time
---------------------------------------------------------------------------------------------
                                             31.316475   data required time
                                             -7.491615   data arrival time
---------------------------------------------------------------------------------------------
                                             23.824862   slack (MET)


Startpoint: i_rst_n (input port clocked by i_clk)
Endpoint: _1107_ (recovery check against rising-edge clock i_clk)
Path Group: asynchronous
Path Type: max

Fanout         Cap        Slew       Delay        Time   Description
---------------------------------------------------------------------------------------------
                      0.150000    0.000000    0.000000   clock i_clk (rise edge)
                                  0.000000    0.000000   clock network delay (ideal)
                                  6.000000    6.000000 ^ input external delay
   203    0.637442    2.137063    1.491615    7.491615 ^ i_rst_n (in)
                                                         i_rst_n (net)
                      2.137063    0.000000    7.491615 ^ _1107_/RESET_B (sky130_fd_sc_hd__dfrtp_2)
                                              7.491615   data arrival time

                      0.150000   32.000000   32.000000   clock i_clk (rise edge)
                                  0.000000   32.000000   clock network delay (ideal)
                                 -0.250000   31.750000   clock uncertainty
                                  0.000000   31.750000   clock reconvergence pessimism
                                             31.750000 ^ _1107_/CLK (sky130_fd_sc_hd__dfrtp_2)
                                 -0.433522   31.316475   library recovery time
                                             31.316475   data required time
---------------------------------------------------------------------------------------------
                                             31.316475   data required time
                                             -7.491615   data arrival time
---------------------------------------------------------------------------------------------
                                             23.824862   slack (MET)


Startpoint: i_rst_n (input port clocked by i_clk)
Endpoint: _1108_ (recovery check against rising-edge clock i_clk)
Path Group: asynchronous
Path Type: max

Fanout         Cap        Slew       Delay        Time   Description
---------------------------------------------------------------------------------------------
                      0.150000    0.000000    0.000000   clock i_clk (rise edge)
                                  0.000000    0.000000   clock network delay (ideal)
                                  6.000000    6.000000 ^ input external delay
   203    0.637442    2.137063    1.491615    7.491615 ^ i_rst_n (in)
                                                         i_rst_n (net)
                      2.137063    0.000000    7.491615 ^ _1108_/RESET_B (sky130_fd_sc_hd__dfrtp_2)
                                              7.491615   data arrival time

                      0.150000   32.000000   32.000000   clock i_clk (rise edge)
                                  0.000000   32.000000   clock network delay (ideal)
                                 -0.250000   31.750000   clock uncertainty
                                  0.000000   31.750000   clock reconvergence pessimism
                                             31.750000 ^ _1108_/CLK (sky130_fd_sc_hd__dfrtp_2)
                                 -0.433522   31.316475   library recovery time
                                             31.316475   data required time
---------------------------------------------------------------------------------------------
                                             31.316475   data required time
                                             -7.491615   data arrival time
---------------------------------------------------------------------------------------------
                                             23.824862   slack (MET)


Startpoint: i_rst_n (input port clocked by i_clk)
Endpoint: _1109_ (recovery check against rising-edge clock i_clk)
Path Group: asynchronous
Path Type: max

Fanout         Cap        Slew       Delay        Time   Description
---------------------------------------------------------------------------------------------
                      0.150000    0.000000    0.000000   clock i_clk (rise edge)
                                  0.000000    0.000000   clock network delay (ideal)
                                  6.000000    6.000000 ^ input external delay
   203    0.637442    2.137063    1.491615    7.491615 ^ i_rst_n (in)
                                                         i_rst_n (net)
                      2.137063    0.000000    7.491615 ^ _1109_/RESET_B (sky130_fd_sc_hd__dfrtp_2)
                                              7.491615   data arrival time

                      0.150000   32.000000   32.000000   clock i_clk (rise edge)
                                  0.000000   32.000000   clock network delay (ideal)
                                 -0.250000   31.750000   clock uncertainty
                                  0.000000   31.750000   clock reconvergence pessimism
                                             31.750000 ^ _1109_/CLK (sky130_fd_sc_hd__dfrtp_2)
                                 -0.433522   31.316475   library recovery time
                                             31.316475   data required time
---------------------------------------------------------------------------------------------
                                             31.316475   data required time
                                             -7.491615   data arrival time
---------------------------------------------------------------------------------------------
                                             23.824862   slack (MET)


Startpoint: i_rst_n (input port clocked by i_clk)
Endpoint: _1110_ (recovery check against rising-edge clock i_clk)
Path Group: asynchronous
Path Type: max

Fanout         Cap        Slew       Delay        Time   Description
---------------------------------------------------------------------------------------------
                      0.150000    0.000000    0.000000   clock i_clk (rise edge)
                                  0.000000    0.000000   clock network delay (ideal)
                                  6.000000    6.000000 ^ input external delay
   203    0.637442    2.137063    1.491615    7.491615 ^ i_rst_n (in)
                                                         i_rst_n (net)
                      2.137063    0.000000    7.491615 ^ _1110_/RESET_B (sky130_fd_sc_hd__dfrtp_2)
                                              7.491615   data arrival time

                      0.150000   32.000000   32.000000   clock i_clk (rise edge)
                                  0.000000   32.000000   clock network delay (ideal)
                                 -0.250000   31.750000   clock uncertainty
                                  0.000000   31.750000   clock reconvergence pessimism
                                             31.750000 ^ _1110_/CLK (sky130_fd_sc_hd__dfrtp_2)
                                 -0.433522   31.316475   library recovery time
                                             31.316475   data required time
---------------------------------------------------------------------------------------------
                                             31.316475   data required time
                                             -7.491615   data arrival time
---------------------------------------------------------------------------------------------
                                             23.824862   slack (MET)


Startpoint: i_rst_n (input port clocked by i_clk)
Endpoint: _1111_ (recovery check against rising-edge clock i_clk)
Path Group: asynchronous
Path Type: max

Fanout         Cap        Slew       Delay        Time   Description
---------------------------------------------------------------------------------------------
                      0.150000    0.000000    0.000000   clock i_clk (rise edge)
                                  0.000000    0.000000   clock network delay (ideal)
                                  6.000000    6.000000 ^ input external delay
   203    0.637442    2.137063    1.491615    7.491615 ^ i_rst_n (in)
                                                         i_rst_n (net)
                      2.137063    0.000000    7.491615 ^ _1111_/RESET_B (sky130_fd_sc_hd__dfrtp_2)
                                              7.491615   data arrival time

                      0.150000   32.000000   32.000000   clock i_clk (rise edge)
                                  0.000000   32.000000   clock network delay (ideal)
                                 -0.250000   31.750000   clock uncertainty
                                  0.000000   31.750000   clock reconvergence pessimism
                                             31.750000 ^ _1111_/CLK (sky130_fd_sc_hd__dfrtp_2)
                                 -0.433522   31.316475   library recovery time
                                             31.316475   data required time
---------------------------------------------------------------------------------------------
                                             31.316475   data required time
                                             -7.491615   data arrival time
---------------------------------------------------------------------------------------------
                                             23.824862   slack (MET)


Startpoint: i_rst_n (input port clocked by i_clk)
Endpoint: _1112_ (recovery check against rising-edge clock i_clk)
Path Group: asynchronous
Path Type: max

Fanout         Cap        Slew       Delay        Time   Description
---------------------------------------------------------------------------------------------
                      0.150000    0.000000    0.000000   clock i_clk (rise edge)
                                  0.000000    0.000000   clock network delay (ideal)
                                  6.000000    6.000000 ^ input external delay
   203    0.637442    2.137063    1.491615    7.491615 ^ i_rst_n (in)
                                                         i_rst_n (net)
                      2.137063    0.000000    7.491615 ^ _1112_/RESET_B (sky130_fd_sc_hd__dfrtp_2)
                                              7.491615   data arrival time

                      0.150000   32.000000   32.000000   clock i_clk (rise edge)
                                  0.000000   32.000000   clock network delay (ideal)
                                 -0.250000   31.750000   clock uncertainty
                                  0.000000   31.750000   clock reconvergence pessimism
                                             31.750000 ^ _1112_/CLK (sky130_fd_sc_hd__dfrtp_2)
                                 -0.433522   31.316475   library recovery time
                                             31.316475   data required time
---------------------------------------------------------------------------------------------
                                             31.316475   data required time
                                             -7.491615   data arrival time
---------------------------------------------------------------------------------------------
                                             23.824862   slack (MET)


Startpoint: i_rst_n (input port clocked by i_clk)
Endpoint: _1113_ (recovery check against rising-edge clock i_clk)
Path Group: asynchronous
Path Type: max

Fanout         Cap        Slew       Delay        Time   Description
---------------------------------------------------------------------------------------------
                      0.150000    0.000000    0.000000   clock i_clk (rise edge)
                                  0.000000    0.000000   clock network delay (ideal)
                                  6.000000    6.000000 ^ input external delay
   203    0.637442    2.137063    1.491615    7.491615 ^ i_rst_n (in)
                                                         i_rst_n (net)
                      2.137063    0.000000    7.491615 ^ _1113_/RESET_B (sky130_fd_sc_hd__dfrtp_2)
                                              7.491615   data arrival time

                      0.150000   32.000000   32.000000   clock i_clk (rise edge)
                                  0.000000   32.000000   clock network delay (ideal)
                                 -0.250000   31.750000   clock uncertainty
                                  0.000000   31.750000   clock reconvergence pessimism
                                             31.750000 ^ _1113_/CLK (sky130_fd_sc_hd__dfrtp_2)
                                 -0.433522   31.316475   library recovery time
                                             31.316475   data required time
---------------------------------------------------------------------------------------------
                                             31.316475   data required time
                                             -7.491615   data arrival time
---------------------------------------------------------------------------------------------
                                             23.824862   slack (MET)


Startpoint: i_rst_n (input port clocked by i_clk)
Endpoint: _1114_ (recovery check against rising-edge clock i_clk)
Path Group: asynchronous
Path Type: max

Fanout         Cap        Slew       Delay        Time   Description
---------------------------------------------------------------------------------------------
                      0.150000    0.000000    0.000000   clock i_clk (rise edge)
                                  0.000000    0.000000   clock network delay (ideal)
                                  6.000000    6.000000 ^ input external delay
   203    0.637442    2.137063    1.491615    7.491615 ^ i_rst_n (in)
                                                         i_rst_n (net)
                      2.137063    0.000000    7.491615 ^ _1114_/RESET_B (sky130_fd_sc_hd__dfrtp_2)
                                              7.491615   data arrival time

                      0.150000   32.000000   32.000000   clock i_clk (rise edge)
                                  0.000000   32.000000   clock network delay (ideal)
                                 -0.250000   31.750000   clock uncertainty
                                  0.000000   31.750000   clock reconvergence pessimism
                                             31.750000 ^ _1114_/CLK (sky130_fd_sc_hd__dfrtp_2)
                                 -0.433522   31.316475   library recovery time
                                             31.316475   data required time
---------------------------------------------------------------------------------------------
                                             31.316475   data required time
                                             -7.491615   data arrival time
---------------------------------------------------------------------------------------------
                                             23.824862   slack (MET)


Startpoint: i_rst_n (input port clocked by i_clk)
Endpoint: _1115_ (recovery check against rising-edge clock i_clk)
Path Group: asynchronous
Path Type: max

Fanout         Cap        Slew       Delay        Time   Description
---------------------------------------------------------------------------------------------
                      0.150000    0.000000    0.000000   clock i_clk (rise edge)
                                  0.000000    0.000000   clock network delay (ideal)
                                  6.000000    6.000000 ^ input external delay
   203    0.637442    2.137063    1.491615    7.491615 ^ i_rst_n (in)
                                                         i_rst_n (net)
                      2.137063    0.000000    7.491615 ^ _1115_/RESET_B (sky130_fd_sc_hd__dfrtp_2)
                                              7.491615   data arrival time

                      0.150000   32.000000   32.000000   clock i_clk (rise edge)
                                  0.000000   32.000000   clock network delay (ideal)
                                 -0.250000   31.750000   clock uncertainty
                                  0.000000   31.750000   clock reconvergence pessimism
                                             31.750000 ^ _1115_/CLK (sky130_fd_sc_hd__dfrtp_2)
                                 -0.433522   31.316475   library recovery time
                                             31.316475   data required time
---------------------------------------------------------------------------------------------
                                             31.316475   data required time
                                             -7.491615   data arrival time
---------------------------------------------------------------------------------------------
                                             23.824862   slack (MET)


Startpoint: i_rst_n (input port clocked by i_clk)
Endpoint: _1116_ (recovery check against rising-edge clock i_clk)
Path Group: asynchronous
Path Type: max

Fanout         Cap        Slew       Delay        Time   Description
---------------------------------------------------------------------------------------------
                      0.150000    0.000000    0.000000   clock i_clk (rise edge)
                                  0.000000    0.000000   clock network delay (ideal)
                                  6.000000    6.000000 ^ input external delay
   203    0.637442    2.137063    1.491615    7.491615 ^ i_rst_n (in)
                                                         i_rst_n (net)
                      2.137063    0.000000    7.491615 ^ _1116_/RESET_B (sky130_fd_sc_hd__dfrtp_2)
                                              7.491615   data arrival time

                      0.150000   32.000000   32.000000   clock i_clk (rise edge)
                                  0.000000   32.000000   clock network delay (ideal)
                                 -0.250000   31.750000   clock uncertainty
                                  0.000000   31.750000   clock reconvergence pessimism
                                             31.750000 ^ _1116_/CLK (sky130_fd_sc_hd__dfrtp_2)
                                 -0.433522   31.316475   library recovery time
                                             31.316475   data required time
---------------------------------------------------------------------------------------------
                                             31.316475   data required time
                                             -7.491615   data arrival time
---------------------------------------------------------------------------------------------
                                             23.824862   slack (MET)


Startpoint: i_rst_n (input port clocked by i_clk)
Endpoint: _1117_ (recovery check against rising-edge clock i_clk)
Path Group: asynchronous
Path Type: max

Fanout         Cap        Slew       Delay        Time   Description
---------------------------------------------------------------------------------------------
                      0.150000    0.000000    0.000000   clock i_clk (rise edge)
                                  0.000000    0.000000   clock network delay (ideal)
                                  6.000000    6.000000 ^ input external delay
   203    0.637442    2.137063    1.491615    7.491615 ^ i_rst_n (in)
                                                         i_rst_n (net)
                      2.137063    0.000000    7.491615 ^ _1117_/RESET_B (sky130_fd_sc_hd__dfrtp_2)
                                              7.491615   data arrival time

                      0.150000   32.000000   32.000000   clock i_clk (rise edge)
                                  0.000000   32.000000   clock network delay (ideal)
                                 -0.250000   31.750000   clock uncertainty
                                  0.000000   31.750000   clock reconvergence pessimism
                                             31.750000 ^ _1117_/CLK (sky130_fd_sc_hd__dfrtp_2)
                                 -0.433522   31.316475   library recovery time
                                             31.316475   data required time
---------------------------------------------------------------------------------------------
                                             31.316475   data required time
                                             -7.491615   data arrival time
---------------------------------------------------------------------------------------------
                                             23.824862   slack (MET)


Startpoint: i_rst_n (input port clocked by i_clk)
Endpoint: _1118_ (recovery check against rising-edge clock i_clk)
Path Group: asynchronous
Path Type: max

Fanout         Cap        Slew       Delay        Time   Description
---------------------------------------------------------------------------------------------
                      0.150000    0.000000    0.000000   clock i_clk (rise edge)
                                  0.000000    0.000000   clock network delay (ideal)
                                  6.000000    6.000000 ^ input external delay
   203    0.637442    2.137063    1.491615    7.491615 ^ i_rst_n (in)
                                                         i_rst_n (net)
                      2.137063    0.000000    7.491615 ^ _1118_/RESET_B (sky130_fd_sc_hd__dfrtp_2)
                                              7.491615   data arrival time

                      0.150000   32.000000   32.000000   clock i_clk (rise edge)
                                  0.000000   32.000000   clock network delay (ideal)
                                 -0.250000   31.750000   clock uncertainty
                                  0.000000   31.750000   clock reconvergence pessimism
                                             31.750000 ^ _1118_/CLK (sky130_fd_sc_hd__dfrtp_2)
                                 -0.433522   31.316475   library recovery time
                                             31.316475   data required time
---------------------------------------------------------------------------------------------
                                             31.316475   data required time
                                             -7.491615   data arrival time
---------------------------------------------------------------------------------------------
                                             23.824862   slack (MET)


Startpoint: i_rst_n (input port clocked by i_clk)
Endpoint: _1119_ (recovery check against rising-edge clock i_clk)
Path Group: asynchronous
Path Type: max

Fanout         Cap        Slew       Delay        Time   Description
---------------------------------------------------------------------------------------------
                      0.150000    0.000000    0.000000   clock i_clk (rise edge)
                                  0.000000    0.000000   clock network delay (ideal)
                                  6.000000    6.000000 ^ input external delay
   203    0.637442    2.137063    1.491615    7.491615 ^ i_rst_n (in)
                                                         i_rst_n (net)
                      2.137063    0.000000    7.491615 ^ _1119_/RESET_B (sky130_fd_sc_hd__dfrtp_2)
                                              7.491615   data arrival time

                      0.150000   32.000000   32.000000   clock i_clk (rise edge)
                                  0.000000   32.000000   clock network delay (ideal)
                                 -0.250000   31.750000   clock uncertainty
                                  0.000000   31.750000   clock reconvergence pessimism
                                             31.750000 ^ _1119_/CLK (sky130_fd_sc_hd__dfrtp_2)
                                 -0.433522   31.316475   library recovery time
                                             31.316475   data required time
---------------------------------------------------------------------------------------------
                                             31.316475   data required time
                                             -7.491615   data arrival time
---------------------------------------------------------------------------------------------
                                             23.824862   slack (MET)


Startpoint: i_rst_n (input port clocked by i_clk)
Endpoint: _1120_ (recovery check against rising-edge clock i_clk)
Path Group: asynchronous
Path Type: max

Fanout         Cap        Slew       Delay        Time   Description
---------------------------------------------------------------------------------------------
                      0.150000    0.000000    0.000000   clock i_clk (rise edge)
                                  0.000000    0.000000   clock network delay (ideal)
                                  6.000000    6.000000 ^ input external delay
   203    0.637442    2.137063    1.491615    7.491615 ^ i_rst_n (in)
                                                         i_rst_n (net)
                      2.137063    0.000000    7.491615 ^ _1120_/RESET_B (sky130_fd_sc_hd__dfrtp_2)
                                              7.491615   data arrival time

                      0.150000   32.000000   32.000000   clock i_clk (rise edge)
                                  0.000000   32.000000   clock network delay (ideal)
                                 -0.250000   31.750000   clock uncertainty
                                  0.000000   31.750000   clock reconvergence pessimism
                                             31.750000 ^ _1120_/CLK (sky130_fd_sc_hd__dfrtp_2)
                                 -0.433522   31.316475   library recovery time
                                             31.316475   data required time
---------------------------------------------------------------------------------------------
                                             31.316475   data required time
                                             -7.491615   data arrival time
---------------------------------------------------------------------------------------------
                                             23.824862   slack (MET)


Startpoint: i_rst_n (input port clocked by i_clk)
Endpoint: _1121_ (recovery check against rising-edge clock i_clk)
Path Group: asynchronous
Path Type: max

Fanout         Cap        Slew       Delay        Time   Description
---------------------------------------------------------------------------------------------
                      0.150000    0.000000    0.000000   clock i_clk (rise edge)
                                  0.000000    0.000000   clock network delay (ideal)
                                  6.000000    6.000000 ^ input external delay
   203    0.637442    2.137063    1.491615    7.491615 ^ i_rst_n (in)
                                                         i_rst_n (net)
                      2.137063    0.000000    7.491615 ^ _1121_/RESET_B (sky130_fd_sc_hd__dfrtp_2)
                                              7.491615   data arrival time

                      0.150000   32.000000   32.000000   clock i_clk (rise edge)
                                  0.000000   32.000000   clock network delay (ideal)
                                 -0.250000   31.750000   clock uncertainty
                                  0.000000   31.750000   clock reconvergence pessimism
                                             31.750000 ^ _1121_/CLK (sky130_fd_sc_hd__dfrtp_2)
                                 -0.433522   31.316475   library recovery time
                                             31.316475   data required time
---------------------------------------------------------------------------------------------
                                             31.316475   data required time
                                             -7.491615   data arrival time
---------------------------------------------------------------------------------------------
                                             23.824862   slack (MET)


Startpoint: i_rst_n (input port clocked by i_clk)
Endpoint: _1122_ (recovery check against rising-edge clock i_clk)
Path Group: asynchronous
Path Type: max

Fanout         Cap        Slew       Delay        Time   Description
---------------------------------------------------------------------------------------------
                      0.150000    0.000000    0.000000   clock i_clk (rise edge)
                                  0.000000    0.000000   clock network delay (ideal)
                                  6.000000    6.000000 ^ input external delay
   203    0.637442    2.137063    1.491615    7.491615 ^ i_rst_n (in)
                                                         i_rst_n (net)
                      2.137063    0.000000    7.491615 ^ _1122_/RESET_B (sky130_fd_sc_hd__dfrtp_2)
                                              7.491615   data arrival time

                      0.150000   32.000000   32.000000   clock i_clk (rise edge)
                                  0.000000   32.000000   clock network delay (ideal)
                                 -0.250000   31.750000   clock uncertainty
                                  0.000000   31.750000   clock reconvergence pessimism
                                             31.750000 ^ _1122_/CLK (sky130_fd_sc_hd__dfrtp_2)
                                 -0.433522   31.316475   library recovery time
                                             31.316475   data required time
---------------------------------------------------------------------------------------------
                                             31.316475   data required time
                                             -7.491615   data arrival time
---------------------------------------------------------------------------------------------
                                             23.824862   slack (MET)


Startpoint: i_rst_n (input port clocked by i_clk)
Endpoint: _1123_ (recovery check against rising-edge clock i_clk)
Path Group: asynchronous
Path Type: max

Fanout         Cap        Slew       Delay        Time   Description
---------------------------------------------------------------------------------------------
                      0.150000    0.000000    0.000000   clock i_clk (rise edge)
                                  0.000000    0.000000   clock network delay (ideal)
                                  6.000000    6.000000 ^ input external delay
   203    0.637442    2.137063    1.491615    7.491615 ^ i_rst_n (in)
                                                         i_rst_n (net)
                      2.137063    0.000000    7.491615 ^ _1123_/RESET_B (sky130_fd_sc_hd__dfrtp_2)
                                              7.491615   data arrival time

                      0.150000   32.000000   32.000000   clock i_clk (rise edge)
                                  0.000000   32.000000   clock network delay (ideal)
                                 -0.250000   31.750000   clock uncertainty
                                  0.000000   31.750000   clock reconvergence pessimism
                                             31.750000 ^ _1123_/CLK (sky130_fd_sc_hd__dfrtp_2)
                                 -0.433522   31.316475   library recovery time
                                             31.316475   data required time
---------------------------------------------------------------------------------------------
                                             31.316475   data required time
                                             -7.491615   data arrival time
---------------------------------------------------------------------------------------------
                                             23.824862   slack (MET)


Startpoint: i_rst_n (input port clocked by i_clk)
Endpoint: _1124_ (recovery check against rising-edge clock i_clk)
Path Group: asynchronous
Path Type: max

Fanout         Cap        Slew       Delay        Time   Description
---------------------------------------------------------------------------------------------
                      0.150000    0.000000    0.000000   clock i_clk (rise edge)
                                  0.000000    0.000000   clock network delay (ideal)
                                  6.000000    6.000000 ^ input external delay
   203    0.637442    2.137063    1.491615    7.491615 ^ i_rst_n (in)
                                                         i_rst_n (net)
                      2.137063    0.000000    7.491615 ^ _1124_/RESET_B (sky130_fd_sc_hd__dfrtp_2)
                                              7.491615   data arrival time

                      0.150000   32.000000   32.000000   clock i_clk (rise edge)
                                  0.000000   32.000000   clock network delay (ideal)
                                 -0.250000   31.750000   clock uncertainty
                                  0.000000   31.750000   clock reconvergence pessimism
                                             31.750000 ^ _1124_/CLK (sky130_fd_sc_hd__dfrtp_2)
                                 -0.433522   31.316475   library recovery time
                                             31.316475   data required time
---------------------------------------------------------------------------------------------
                                             31.316475   data required time
                                             -7.491615   data arrival time
---------------------------------------------------------------------------------------------
                                             23.824862   slack (MET)


Startpoint: i_rst_n (input port clocked by i_clk)
Endpoint: _1125_ (recovery check against rising-edge clock i_clk)
Path Group: asynchronous
Path Type: max

Fanout         Cap        Slew       Delay        Time   Description
---------------------------------------------------------------------------------------------
                      0.150000    0.000000    0.000000   clock i_clk (rise edge)
                                  0.000000    0.000000   clock network delay (ideal)
                                  6.000000    6.000000 ^ input external delay
   203    0.637442    2.137063    1.491615    7.491615 ^ i_rst_n (in)
                                                         i_rst_n (net)
                      2.137063    0.000000    7.491615 ^ _1125_/RESET_B (sky130_fd_sc_hd__dfrtp_2)
                                              7.491615   data arrival time

                      0.150000   32.000000   32.000000   clock i_clk (rise edge)
                                  0.000000   32.000000   clock network delay (ideal)
                                 -0.250000   31.750000   clock uncertainty
                                  0.000000   31.750000   clock reconvergence pessimism
                                             31.750000 ^ _1125_/CLK (sky130_fd_sc_hd__dfrtp_2)
                                 -0.433522   31.316475   library recovery time
                                             31.316475   data required time
---------------------------------------------------------------------------------------------
                                             31.316475   data required time
                                             -7.491615   data arrival time
---------------------------------------------------------------------------------------------
                                             23.824862   slack (MET)


Startpoint: i_rst_n (input port clocked by i_clk)
Endpoint: _1126_ (recovery check against rising-edge clock i_clk)
Path Group: asynchronous
Path Type: max

Fanout         Cap        Slew       Delay        Time   Description
---------------------------------------------------------------------------------------------
                      0.150000    0.000000    0.000000   clock i_clk (rise edge)
                                  0.000000    0.000000   clock network delay (ideal)
                                  6.000000    6.000000 ^ input external delay
   203    0.637442    2.137063    1.491615    7.491615 ^ i_rst_n (in)
                                                         i_rst_n (net)
                      2.137063    0.000000    7.491615 ^ _1126_/RESET_B (sky130_fd_sc_hd__dfrtp_2)
                                              7.491615   data arrival time

                      0.150000   32.000000   32.000000   clock i_clk (rise edge)
                                  0.000000   32.000000   clock network delay (ideal)
                                 -0.250000   31.750000   clock uncertainty
                                  0.000000   31.750000   clock reconvergence pessimism
                                             31.750000 ^ _1126_/CLK (sky130_fd_sc_hd__dfrtp_2)
                                 -0.433522   31.316475   library recovery time
                                             31.316475   data required time
---------------------------------------------------------------------------------------------
                                             31.316475   data required time
                                             -7.491615   data arrival time
---------------------------------------------------------------------------------------------
                                             23.824862   slack (MET)


Startpoint: i_rst_n (input port clocked by i_clk)
Endpoint: _1127_ (recovery check against rising-edge clock i_clk)
Path Group: asynchronous
Path Type: max

Fanout         Cap        Slew       Delay        Time   Description
---------------------------------------------------------------------------------------------
                      0.150000    0.000000    0.000000   clock i_clk (rise edge)
                                  0.000000    0.000000   clock network delay (ideal)
                                  6.000000    6.000000 ^ input external delay
   203    0.637442    2.137063    1.491615    7.491615 ^ i_rst_n (in)
                                                         i_rst_n (net)
                      2.137063    0.000000    7.491615 ^ _1127_/RESET_B (sky130_fd_sc_hd__dfrtp_2)
                                              7.491615   data arrival time

                      0.150000   32.000000   32.000000   clock i_clk (rise edge)
                                  0.000000   32.000000   clock network delay (ideal)
                                 -0.250000   31.750000   clock uncertainty
                                  0.000000   31.750000   clock reconvergence pessimism
                                             31.750000 ^ _1127_/CLK (sky130_fd_sc_hd__dfrtp_2)
                                 -0.433522   31.316475   library recovery time
                                             31.316475   data required time
---------------------------------------------------------------------------------------------
                                             31.316475   data required time
                                             -7.491615   data arrival time
---------------------------------------------------------------------------------------------
                                             23.824862   slack (MET)


Startpoint: i_rst_n (input port clocked by i_clk)
Endpoint: _1128_ (recovery check against rising-edge clock i_clk)
Path Group: asynchronous
Path Type: max

Fanout         Cap        Slew       Delay        Time   Description
---------------------------------------------------------------------------------------------
                      0.150000    0.000000    0.000000   clock i_clk (rise edge)
                                  0.000000    0.000000   clock network delay (ideal)
                                  6.000000    6.000000 ^ input external delay
   203    0.637442    2.137063    1.491615    7.491615 ^ i_rst_n (in)
                                                         i_rst_n (net)
                      2.137063    0.000000    7.491615 ^ _1128_/RESET_B (sky130_fd_sc_hd__dfrtp_2)
                                              7.491615   data arrival time

                      0.150000   32.000000   32.000000   clock i_clk (rise edge)
                                  0.000000   32.000000   clock network delay (ideal)
                                 -0.250000   31.750000   clock uncertainty
                                  0.000000   31.750000   clock reconvergence pessimism
                                             31.750000 ^ _1128_/CLK (sky130_fd_sc_hd__dfrtp_2)
                                 -0.433522   31.316475   library recovery time
                                             31.316475   data required time
---------------------------------------------------------------------------------------------
                                             31.316475   data required time
                                             -7.491615   data arrival time
---------------------------------------------------------------------------------------------
                                             23.824862   slack (MET)


Startpoint: i_rst_n (input port clocked by i_clk)
Endpoint: _1160_ (recovery check against rising-edge clock i_clk)
Path Group: asynchronous
Path Type: max

Fanout         Cap        Slew       Delay        Time   Description
---------------------------------------------------------------------------------------------
                      0.150000    0.000000    0.000000   clock i_clk (rise edge)
                                  0.000000    0.000000   clock network delay (ideal)
                                  6.000000    6.000000 ^ input external delay
   203    0.637442    2.137063    1.491615    7.491615 ^ i_rst_n (in)
                                                         i_rst_n (net)
                      2.137063    0.000000    7.491615 ^ _1160_/RESET_B (sky130_fd_sc_hd__dfrtp_2)
                                              7.491615   data arrival time

                      0.150000   32.000000   32.000000   clock i_clk (rise edge)
                                  0.000000   32.000000   clock network delay (ideal)
                                 -0.250000   31.750000   clock uncertainty
                                  0.000000   31.750000   clock reconvergence pessimism
                                             31.750000 ^ _1160_/CLK (sky130_fd_sc_hd__dfrtp_2)
                                 -0.433522   31.316475   library recovery time
                                             31.316475   data required time
---------------------------------------------------------------------------------------------
                                             31.316475   data required time
                                             -7.491615   data arrival time
---------------------------------------------------------------------------------------------
                                             23.824862   slack (MET)


Startpoint: i_rst_n (input port clocked by i_clk)
Endpoint: _1161_ (recovery check against rising-edge clock i_clk)
Path Group: asynchronous
Path Type: max

Fanout         Cap        Slew       Delay        Time   Description
---------------------------------------------------------------------------------------------
                      0.150000    0.000000    0.000000   clock i_clk (rise edge)
                                  0.000000    0.000000   clock network delay (ideal)
                                  6.000000    6.000000 ^ input external delay
   203    0.637442    2.137063    1.491615    7.491615 ^ i_rst_n (in)
                                                         i_rst_n (net)
                      2.137063    0.000000    7.491615 ^ _1161_/RESET_B (sky130_fd_sc_hd__dfrtp_2)
                                              7.491615   data arrival time

                      0.150000   32.000000   32.000000   clock i_clk (rise edge)
                                  0.000000   32.000000   clock network delay (ideal)
                                 -0.250000   31.750000   clock uncertainty
                                  0.000000   31.750000   clock reconvergence pessimism
                                             31.750000 ^ _1161_/CLK (sky130_fd_sc_hd__dfrtp_2)
                                 -0.433522   31.316475   library recovery time
                                             31.316475   data required time
---------------------------------------------------------------------------------------------
                                             31.316475   data required time
                                             -7.491615   data arrival time
---------------------------------------------------------------------------------------------
                                             23.824862   slack (MET)


Startpoint: i_rst_n (input port clocked by i_clk)
Endpoint: _1162_ (recovery check against rising-edge clock i_clk)
Path Group: asynchronous
Path Type: max

Fanout         Cap        Slew       Delay        Time   Description
---------------------------------------------------------------------------------------------
                      0.150000    0.000000    0.000000   clock i_clk (rise edge)
                                  0.000000    0.000000   clock network delay (ideal)
                                  6.000000    6.000000 ^ input external delay
   203    0.637442    2.137063    1.491615    7.491615 ^ i_rst_n (in)
                                                         i_rst_n (net)
                      2.137063    0.000000    7.491615 ^ _1162_/RESET_B (sky130_fd_sc_hd__dfrtp_2)
                                              7.491615   data arrival time

                      0.150000   32.000000   32.000000   clock i_clk (rise edge)
                                  0.000000   32.000000   clock network delay (ideal)
                                 -0.250000   31.750000   clock uncertainty
                                  0.000000   31.750000   clock reconvergence pessimism
                                             31.750000 ^ _1162_/CLK (sky130_fd_sc_hd__dfrtp_2)
                                 -0.433522   31.316475   library recovery time
                                             31.316475   data required time
---------------------------------------------------------------------------------------------
                                             31.316475   data required time
                                             -7.491615   data arrival time
---------------------------------------------------------------------------------------------
                                             23.824862   slack (MET)


Startpoint: i_rst_n (input port clocked by i_clk)
Endpoint: _1163_ (recovery check against rising-edge clock i_clk)
Path Group: asynchronous
Path Type: max

Fanout         Cap        Slew       Delay        Time   Description
---------------------------------------------------------------------------------------------
                      0.150000    0.000000    0.000000   clock i_clk (rise edge)
                                  0.000000    0.000000   clock network delay (ideal)
                                  6.000000    6.000000 ^ input external delay
   203    0.637442    2.137063    1.491615    7.491615 ^ i_rst_n (in)
                                                         i_rst_n (net)
                      2.137063    0.000000    7.491615 ^ _1163_/RESET_B (sky130_fd_sc_hd__dfrtp_2)
                                              7.491615   data arrival time

                      0.150000   32.000000   32.000000   clock i_clk (rise edge)
                                  0.000000   32.000000   clock network delay (ideal)
                                 -0.250000   31.750000   clock uncertainty
                                  0.000000   31.750000   clock reconvergence pessimism
                                             31.750000 ^ _1163_/CLK (sky130_fd_sc_hd__dfrtp_2)
                                 -0.433522   31.316475   library recovery time
                                             31.316475   data required time
---------------------------------------------------------------------------------------------
                                             31.316475   data required time
                                             -7.491615   data arrival time
---------------------------------------------------------------------------------------------
                                             23.824862   slack (MET)


Startpoint: i_rst_n (input port clocked by i_clk)
Endpoint: _1164_ (recovery check against rising-edge clock i_clk)
Path Group: asynchronous
Path Type: max

Fanout         Cap        Slew       Delay        Time   Description
---------------------------------------------------------------------------------------------
                      0.150000    0.000000    0.000000   clock i_clk (rise edge)
                                  0.000000    0.000000   clock network delay (ideal)
                                  6.000000    6.000000 ^ input external delay
   203    0.637442    2.137063    1.491615    7.491615 ^ i_rst_n (in)
                                                         i_rst_n (net)
                      2.137063    0.000000    7.491615 ^ _1164_/RESET_B (sky130_fd_sc_hd__dfrtp_2)
                                              7.491615   data arrival time

                      0.150000   32.000000   32.000000   clock i_clk (rise edge)
                                  0.000000   32.000000   clock network delay (ideal)
                                 -0.250000   31.750000   clock uncertainty
                                  0.000000   31.750000   clock reconvergence pessimism
                                             31.750000 ^ _1164_/CLK (sky130_fd_sc_hd__dfrtp_2)
                                 -0.433522   31.316475   library recovery time
                                             31.316475   data required time
---------------------------------------------------------------------------------------------
                                             31.316475   data required time
                                             -7.491615   data arrival time
---------------------------------------------------------------------------------------------
                                             23.824862   slack (MET)


Startpoint: i_rst_n (input port clocked by i_clk)
Endpoint: _1165_ (recovery check against rising-edge clock i_clk)
Path Group: asynchronous
Path Type: max

Fanout         Cap        Slew       Delay        Time   Description
---------------------------------------------------------------------------------------------
                      0.150000    0.000000    0.000000   clock i_clk (rise edge)
                                  0.000000    0.000000   clock network delay (ideal)
                                  6.000000    6.000000 ^ input external delay
   203    0.637442    2.137063    1.491615    7.491615 ^ i_rst_n (in)
                                                         i_rst_n (net)
                      2.137063    0.000000    7.491615 ^ _1165_/RESET_B (sky130_fd_sc_hd__dfrtp_2)
                                              7.491615   data arrival time

                      0.150000   32.000000   32.000000   clock i_clk (rise edge)
                                  0.000000   32.000000   clock network delay (ideal)
                                 -0.250000   31.750000   clock uncertainty
                                  0.000000   31.750000   clock reconvergence pessimism
                                             31.750000 ^ _1165_/CLK (sky130_fd_sc_hd__dfrtp_2)
                                 -0.433522   31.316475   library recovery time
                                             31.316475   data required time
---------------------------------------------------------------------------------------------
                                             31.316475   data required time
                                             -7.491615   data arrival time
---------------------------------------------------------------------------------------------
                                             23.824862   slack (MET)


Startpoint: i_rst_n (input port clocked by i_clk)
Endpoint: _1166_ (recovery check against rising-edge clock i_clk)
Path Group: asynchronous
Path Type: max

Fanout         Cap        Slew       Delay        Time   Description
---------------------------------------------------------------------------------------------
                      0.150000    0.000000    0.000000   clock i_clk (rise edge)
                                  0.000000    0.000000   clock network delay (ideal)
                                  6.000000    6.000000 ^ input external delay
   203    0.637442    2.137063    1.491615    7.491615 ^ i_rst_n (in)
                                                         i_rst_n (net)
                      2.137063    0.000000    7.491615 ^ _1166_/RESET_B (sky130_fd_sc_hd__dfrtp_2)
                                              7.491615   data arrival time

                      0.150000   32.000000   32.000000   clock i_clk (rise edge)
                                  0.000000   32.000000   clock network delay (ideal)
                                 -0.250000   31.750000   clock uncertainty
                                  0.000000   31.750000   clock reconvergence pessimism
                                             31.750000 ^ _1166_/CLK (sky130_fd_sc_hd__dfrtp_2)
                                 -0.433522   31.316475   library recovery time
                                             31.316475   data required time
---------------------------------------------------------------------------------------------
                                             31.316475   data required time
                                             -7.491615   data arrival time
---------------------------------------------------------------------------------------------
                                             23.824862   slack (MET)


Startpoint: i_rst_n (input port clocked by i_clk)
Endpoint: _1167_ (recovery check against rising-edge clock i_clk)
Path Group: asynchronous
Path Type: max

Fanout         Cap        Slew       Delay        Time   Description
---------------------------------------------------------------------------------------------
                      0.150000    0.000000    0.000000   clock i_clk (rise edge)
                                  0.000000    0.000000   clock network delay (ideal)
                                  6.000000    6.000000 ^ input external delay
   203    0.637442    2.137063    1.491615    7.491615 ^ i_rst_n (in)
                                                         i_rst_n (net)
                      2.137063    0.000000    7.491615 ^ _1167_/RESET_B (sky130_fd_sc_hd__dfrtp_2)
                                              7.491615   data arrival time

                      0.150000   32.000000   32.000000   clock i_clk (rise edge)
                                  0.000000   32.000000   clock network delay (ideal)
                                 -0.250000   31.750000   clock uncertainty
                                  0.000000   31.750000   clock reconvergence pessimism
                                             31.750000 ^ _1167_/CLK (sky130_fd_sc_hd__dfrtp_2)
                                 -0.433522   31.316475   library recovery time
                                             31.316475   data required time
---------------------------------------------------------------------------------------------
                                             31.316475   data required time
                                             -7.491615   data arrival time
---------------------------------------------------------------------------------------------
                                             23.824862   slack (MET)


Startpoint: i_rst_n (input port clocked by i_clk)
Endpoint: _1168_ (recovery check against rising-edge clock i_clk)
Path Group: asynchronous
Path Type: max

Fanout         Cap        Slew       Delay        Time   Description
---------------------------------------------------------------------------------------------
                      0.150000    0.000000    0.000000   clock i_clk (rise edge)
                                  0.000000    0.000000   clock network delay (ideal)
                                  6.000000    6.000000 ^ input external delay
   203    0.637442    2.137063    1.491615    7.491615 ^ i_rst_n (in)
                                                         i_rst_n (net)
                      2.137063    0.000000    7.491615 ^ _1168_/RESET_B (sky130_fd_sc_hd__dfrtp_2)
                                              7.491615   data arrival time

                      0.150000   32.000000   32.000000   clock i_clk (rise edge)
                                  0.000000   32.000000   clock network delay (ideal)
                                 -0.250000   31.750000   clock uncertainty
                                  0.000000   31.750000   clock reconvergence pessimism
                                             31.750000 ^ _1168_/CLK (sky130_fd_sc_hd__dfrtp_2)
                                 -0.433522   31.316475   library recovery time
                                             31.316475   data required time
---------------------------------------------------------------------------------------------
                                             31.316475   data required time
                                             -7.491615   data arrival time
---------------------------------------------------------------------------------------------
                                             23.824862   slack (MET)


Startpoint: i_rst_n (input port clocked by i_clk)
Endpoint: _1170_ (recovery check against rising-edge clock i_clk)
Path Group: asynchronous
Path Type: max

Fanout         Cap        Slew       Delay        Time   Description
---------------------------------------------------------------------------------------------
                      0.150000    0.000000    0.000000   clock i_clk (rise edge)
                                  0.000000    0.000000   clock network delay (ideal)
                                  6.000000    6.000000 ^ input external delay
   203    0.637442    2.137063    1.491615    7.491615 ^ i_rst_n (in)
                                                         i_rst_n (net)
                      2.137063    0.000000    7.491615 ^ _1170_/RESET_B (sky130_fd_sc_hd__dfrtp_2)
                                              7.491615   data arrival time

                      0.150000   32.000000   32.000000   clock i_clk (rise edge)
                                  0.000000   32.000000   clock network delay (ideal)
                                 -0.250000   31.750000   clock uncertainty
                                  0.000000   31.750000   clock reconvergence pessimism
                                             31.750000 ^ _1170_/CLK (sky130_fd_sc_hd__dfrtp_2)
                                 -0.433522   31.316475   library recovery time
                                             31.316475   data required time
---------------------------------------------------------------------------------------------
                                             31.316475   data required time
                                             -7.491615   data arrival time
---------------------------------------------------------------------------------------------
                                             23.824862   slack (MET)


Startpoint: i_rst_n (input port clocked by i_clk)
Endpoint: _1172_ (recovery check against rising-edge clock i_clk)
Path Group: asynchronous
Path Type: max

Fanout         Cap        Slew       Delay        Time   Description
---------------------------------------------------------------------------------------------
                      0.150000    0.000000    0.000000   clock i_clk (rise edge)
                                  0.000000    0.000000   clock network delay (ideal)
                                  6.000000    6.000000 ^ input external delay
   203    0.637442    2.137063    1.491615    7.491615 ^ i_rst_n (in)
                                                         i_rst_n (net)
                      2.137063    0.000000    7.491615 ^ _1172_/RESET_B (sky130_fd_sc_hd__dfrtp_2)
                                              7.491615   data arrival time

                      0.150000   32.000000   32.000000   clock i_clk (rise edge)
                                  0.000000   32.000000   clock network delay (ideal)
                                 -0.250000   31.750000   clock uncertainty
                                  0.000000   31.750000   clock reconvergence pessimism
                                             31.750000 ^ _1172_/CLK (sky130_fd_sc_hd__dfrtp_2)
                                 -0.433522   31.316475   library recovery time
                                             31.316475   data required time
---------------------------------------------------------------------------------------------
                                             31.316475   data required time
                                             -7.491615   data arrival time
---------------------------------------------------------------------------------------------
                                             23.824862   slack (MET)


Startpoint: i_rst_n (input port clocked by i_clk)
Endpoint: _1173_ (recovery check against rising-edge clock i_clk)
Path Group: asynchronous
Path Type: max

Fanout         Cap        Slew       Delay        Time   Description
---------------------------------------------------------------------------------------------
                      0.150000    0.000000    0.000000   clock i_clk (rise edge)
                                  0.000000    0.000000   clock network delay (ideal)
                                  6.000000    6.000000 ^ input external delay
   203    0.637442    2.137063    1.491615    7.491615 ^ i_rst_n (in)
                                                         i_rst_n (net)
                      2.137063    0.000000    7.491615 ^ _1173_/RESET_B (sky130_fd_sc_hd__dfrtp_2)
                                              7.491615   data arrival time

                      0.150000   32.000000   32.000000   clock i_clk (rise edge)
                                  0.000000   32.000000   clock network delay (ideal)
                                 -0.250000   31.750000   clock uncertainty
                                  0.000000   31.750000   clock reconvergence pessimism
                                             31.750000 ^ _1173_/CLK (sky130_fd_sc_hd__dfrtp_2)
                                 -0.433522   31.316475   library recovery time
                                             31.316475   data required time
---------------------------------------------------------------------------------------------
                                             31.316475   data required time
                                             -7.491615   data arrival time
---------------------------------------------------------------------------------------------
                                             23.824862   slack (MET)


Startpoint: i_rst_n (input port clocked by i_clk)
Endpoint: _1174_ (recovery check against rising-edge clock i_clk)
Path Group: asynchronous
Path Type: max

Fanout         Cap        Slew       Delay        Time   Description
---------------------------------------------------------------------------------------------
                      0.150000    0.000000    0.000000   clock i_clk (rise edge)
                                  0.000000    0.000000   clock network delay (ideal)
                                  6.000000    6.000000 ^ input external delay
   203    0.637442    2.137063    1.491615    7.491615 ^ i_rst_n (in)
                                                         i_rst_n (net)
                      2.137063    0.000000    7.491615 ^ _1174_/RESET_B (sky130_fd_sc_hd__dfrtp_2)
                                              7.491615   data arrival time

                      0.150000   32.000000   32.000000   clock i_clk (rise edge)
                                  0.000000   32.000000   clock network delay (ideal)
                                 -0.250000   31.750000   clock uncertainty
                                  0.000000   31.750000   clock reconvergence pessimism
                                             31.750000 ^ _1174_/CLK (sky130_fd_sc_hd__dfrtp_2)
                                 -0.433522   31.316475   library recovery time
                                             31.316475   data required time
---------------------------------------------------------------------------------------------
                                             31.316475   data required time
                                             -7.491615   data arrival time
---------------------------------------------------------------------------------------------
                                             23.824862   slack (MET)


Startpoint: i_rst_n (input port clocked by i_clk)
Endpoint: _1175_ (recovery check against rising-edge clock i_clk)
Path Group: asynchronous
Path Type: max

Fanout         Cap        Slew       Delay        Time   Description
---------------------------------------------------------------------------------------------
                      0.150000    0.000000    0.000000   clock i_clk (rise edge)
                                  0.000000    0.000000   clock network delay (ideal)
                                  6.000000    6.000000 ^ input external delay
   203    0.637442    2.137063    1.491615    7.491615 ^ i_rst_n (in)
                                                         i_rst_n (net)
                      2.137063    0.000000    7.491615 ^ _1175_/RESET_B (sky130_fd_sc_hd__dfrtp_2)
                                              7.491615   data arrival time

                      0.150000   32.000000   32.000000   clock i_clk (rise edge)
                                  0.000000   32.000000   clock network delay (ideal)
                                 -0.250000   31.750000   clock uncertainty
                                  0.000000   31.750000   clock reconvergence pessimism
                                             31.750000 ^ _1175_/CLK (sky130_fd_sc_hd__dfrtp_2)
                                 -0.433522   31.316475   library recovery time
                                             31.316475   data required time
---------------------------------------------------------------------------------------------
                                             31.316475   data required time
                                             -7.491615   data arrival time
---------------------------------------------------------------------------------------------
                                             23.824862   slack (MET)


Startpoint: i_rst_n (input port clocked by i_clk)
Endpoint: _1176_ (recovery check against rising-edge clock i_clk)
Path Group: asynchronous
Path Type: max

Fanout         Cap        Slew       Delay        Time   Description
---------------------------------------------------------------------------------------------
                      0.150000    0.000000    0.000000   clock i_clk (rise edge)
                                  0.000000    0.000000   clock network delay (ideal)
                                  6.000000    6.000000 ^ input external delay
   203    0.637442    2.137063    1.491615    7.491615 ^ i_rst_n (in)
                                                         i_rst_n (net)
                      2.137063    0.000000    7.491615 ^ _1176_/RESET_B (sky130_fd_sc_hd__dfrtp_2)
                                              7.491615   data arrival time

                      0.150000   32.000000   32.000000   clock i_clk (rise edge)
                                  0.000000   32.000000   clock network delay (ideal)
                                 -0.250000   31.750000   clock uncertainty
                                  0.000000   31.750000   clock reconvergence pessimism
                                             31.750000 ^ _1176_/CLK (sky130_fd_sc_hd__dfrtp_2)
                                 -0.433522   31.316475   library recovery time
                                             31.316475   data required time
---------------------------------------------------------------------------------------------
                                             31.316475   data required time
                                             -7.491615   data arrival time
---------------------------------------------------------------------------------------------
                                             23.824862   slack (MET)


Startpoint: i_rst_n (input port clocked by i_clk)
Endpoint: _1177_ (recovery check against rising-edge clock i_clk)
Path Group: asynchronous
Path Type: max

Fanout         Cap        Slew       Delay        Time   Description
---------------------------------------------------------------------------------------------
                      0.150000    0.000000    0.000000   clock i_clk (rise edge)
                                  0.000000    0.000000   clock network delay (ideal)
                                  6.000000    6.000000 ^ input external delay
   203    0.637442    2.137063    1.491615    7.491615 ^ i_rst_n (in)
                                                         i_rst_n (net)
                      2.137063    0.000000    7.491615 ^ _1177_/RESET_B (sky130_fd_sc_hd__dfrtp_2)
                                              7.491615   data arrival time

                      0.150000   32.000000   32.000000   clock i_clk (rise edge)
                                  0.000000   32.000000   clock network delay (ideal)
                                 -0.250000   31.750000   clock uncertainty
                                  0.000000   31.750000   clock reconvergence pessimism
                                             31.750000 ^ _1177_/CLK (sky130_fd_sc_hd__dfrtp_2)
                                 -0.433522   31.316475   library recovery time
                                             31.316475   data required time
---------------------------------------------------------------------------------------------
                                             31.316475   data required time
                                             -7.491615   data arrival time
---------------------------------------------------------------------------------------------
                                             23.824862   slack (MET)


Startpoint: i_rst_n (input port clocked by i_clk)
Endpoint: _1178_ (recovery check against rising-edge clock i_clk)
Path Group: asynchronous
Path Type: max

Fanout         Cap        Slew       Delay        Time   Description
---------------------------------------------------------------------------------------------
                      0.150000    0.000000    0.000000   clock i_clk (rise edge)
                                  0.000000    0.000000   clock network delay (ideal)
                                  6.000000    6.000000 ^ input external delay
   203    0.637442    2.137063    1.491615    7.491615 ^ i_rst_n (in)
                                                         i_rst_n (net)
                      2.137063    0.000000    7.491615 ^ _1178_/RESET_B (sky130_fd_sc_hd__dfrtp_2)
                                              7.491615   data arrival time

                      0.150000   32.000000   32.000000   clock i_clk (rise edge)
                                  0.000000   32.000000   clock network delay (ideal)
                                 -0.250000   31.750000   clock uncertainty
                                  0.000000   31.750000   clock reconvergence pessimism
                                             31.750000 ^ _1178_/CLK (sky130_fd_sc_hd__dfrtp_2)
                                 -0.433522   31.316475   library recovery time
                                             31.316475   data required time
---------------------------------------------------------------------------------------------
                                             31.316475   data required time
                                             -7.491615   data arrival time
---------------------------------------------------------------------------------------------
                                             23.824862   slack (MET)


Startpoint: i_rst_n (input port clocked by i_clk)
Endpoint: _1179_ (recovery check against rising-edge clock i_clk)
Path Group: asynchronous
Path Type: max

Fanout         Cap        Slew       Delay        Time   Description
---------------------------------------------------------------------------------------------
                      0.150000    0.000000    0.000000   clock i_clk (rise edge)
                                  0.000000    0.000000   clock network delay (ideal)
                                  6.000000    6.000000 ^ input external delay
   203    0.637442    2.137063    1.491615    7.491615 ^ i_rst_n (in)
                                                         i_rst_n (net)
                      2.137063    0.000000    7.491615 ^ _1179_/RESET_B (sky130_fd_sc_hd__dfrtp_2)
                                              7.491615   data arrival time

                      0.150000   32.000000   32.000000   clock i_clk (rise edge)
                                  0.000000   32.000000   clock network delay (ideal)
                                 -0.250000   31.750000   clock uncertainty
                                  0.000000   31.750000   clock reconvergence pessimism
                                             31.750000 ^ _1179_/CLK (sky130_fd_sc_hd__dfrtp_2)
                                 -0.433522   31.316475   library recovery time
                                             31.316475   data required time
---------------------------------------------------------------------------------------------
                                             31.316475   data required time
                                             -7.491615   data arrival time
---------------------------------------------------------------------------------------------
                                             23.824862   slack (MET)


Startpoint: i_rst_n (input port clocked by i_clk)
Endpoint: _1180_ (recovery check against rising-edge clock i_clk)
Path Group: asynchronous
Path Type: max

Fanout         Cap        Slew       Delay        Time   Description
---------------------------------------------------------------------------------------------
                      0.150000    0.000000    0.000000   clock i_clk (rise edge)
                                  0.000000    0.000000   clock network delay (ideal)
                                  6.000000    6.000000 ^ input external delay
   203    0.637442    2.137063    1.491615    7.491615 ^ i_rst_n (in)
                                                         i_rst_n (net)
                      2.137063    0.000000    7.491615 ^ _1180_/RESET_B (sky130_fd_sc_hd__dfrtp_2)
                                              7.491615   data arrival time

                      0.150000   32.000000   32.000000   clock i_clk (rise edge)
                                  0.000000   32.000000   clock network delay (ideal)
                                 -0.250000   31.750000   clock uncertainty
                                  0.000000   31.750000   clock reconvergence pessimism
                                             31.750000 ^ _1180_/CLK (sky130_fd_sc_hd__dfrtp_2)
                                 -0.433522   31.316475   library recovery time
                                             31.316475   data required time
---------------------------------------------------------------------------------------------
                                             31.316475   data required time
                                             -7.491615   data arrival time
---------------------------------------------------------------------------------------------
                                             23.824862   slack (MET)


Startpoint: i_rst_n (input port clocked by i_clk)
Endpoint: _1181_ (recovery check against rising-edge clock i_clk)
Path Group: asynchronous
Path Type: max

Fanout         Cap        Slew       Delay        Time   Description
---------------------------------------------------------------------------------------------
                      0.150000    0.000000    0.000000   clock i_clk (rise edge)
                                  0.000000    0.000000   clock network delay (ideal)
                                  6.000000    6.000000 ^ input external delay
   203    0.637442    2.137063    1.491615    7.491615 ^ i_rst_n (in)
                                                         i_rst_n (net)
                      2.137063    0.000000    7.491615 ^ _1181_/RESET_B (sky130_fd_sc_hd__dfrtp_2)
                                              7.491615   data arrival time

                      0.150000   32.000000   32.000000   clock i_clk (rise edge)
                                  0.000000   32.000000   clock network delay (ideal)
                                 -0.250000   31.750000   clock uncertainty
                                  0.000000   31.750000   clock reconvergence pessimism
                                             31.750000 ^ _1181_/CLK (sky130_fd_sc_hd__dfrtp_2)
                                 -0.433522   31.316475   library recovery time
                                             31.316475   data required time
---------------------------------------------------------------------------------------------
                                             31.316475   data required time
                                             -7.491615   data arrival time
---------------------------------------------------------------------------------------------
                                             23.824862   slack (MET)


Startpoint: i_rst_n (input port clocked by i_clk)
Endpoint: _1182_ (recovery check against rising-edge clock i_clk)
Path Group: asynchronous
Path Type: max

Fanout         Cap        Slew       Delay        Time   Description
---------------------------------------------------------------------------------------------
                      0.150000    0.000000    0.000000   clock i_clk (rise edge)
                                  0.000000    0.000000   clock network delay (ideal)
                                  6.000000    6.000000 ^ input external delay
   203    0.637442    2.137063    1.491615    7.491615 ^ i_rst_n (in)
                                                         i_rst_n (net)
                      2.137063    0.000000    7.491615 ^ _1182_/RESET_B (sky130_fd_sc_hd__dfrtp_2)
                                              7.491615   data arrival time

                      0.150000   32.000000   32.000000   clock i_clk (rise edge)
                                  0.000000   32.000000   clock network delay (ideal)
                                 -0.250000   31.750000   clock uncertainty
                                  0.000000   31.750000   clock reconvergence pessimism
                                             31.750000 ^ _1182_/CLK (sky130_fd_sc_hd__dfrtp_2)
                                 -0.433522   31.316475   library recovery time
                                             31.316475   data required time
---------------------------------------------------------------------------------------------
                                             31.316475   data required time
                                             -7.491615   data arrival time
---------------------------------------------------------------------------------------------
                                             23.824862   slack (MET)


Startpoint: i_rst_n (input port clocked by i_clk)
Endpoint: _1183_ (recovery check against rising-edge clock i_clk)
Path Group: asynchronous
Path Type: max

Fanout         Cap        Slew       Delay        Time   Description
---------------------------------------------------------------------------------------------
                      0.150000    0.000000    0.000000   clock i_clk (rise edge)
                                  0.000000    0.000000   clock network delay (ideal)
                                  6.000000    6.000000 ^ input external delay
   203    0.637442    2.137063    1.491615    7.491615 ^ i_rst_n (in)
                                                         i_rst_n (net)
                      2.137063    0.000000    7.491615 ^ _1183_/RESET_B (sky130_fd_sc_hd__dfrtp_2)
                                              7.491615   data arrival time

                      0.150000   32.000000   32.000000   clock i_clk (rise edge)
                                  0.000000   32.000000   clock network delay (ideal)
                                 -0.250000   31.750000   clock uncertainty
                                  0.000000   31.750000   clock reconvergence pessimism
                                             31.750000 ^ _1183_/CLK (sky130_fd_sc_hd__dfrtp_2)
                                 -0.433522   31.316475   library recovery time
                                             31.316475   data required time
---------------------------------------------------------------------------------------------
                                             31.316475   data required time
                                             -7.491615   data arrival time
---------------------------------------------------------------------------------------------
                                             23.824862   slack (MET)


Startpoint: i_rst_n (input port clocked by i_clk)
Endpoint: _1184_ (recovery check against rising-edge clock i_clk)
Path Group: asynchronous
Path Type: max

Fanout         Cap        Slew       Delay        Time   Description
---------------------------------------------------------------------------------------------
                      0.150000    0.000000    0.000000   clock i_clk (rise edge)
                                  0.000000    0.000000   clock network delay (ideal)
                                  6.000000    6.000000 ^ input external delay
   203    0.637442    2.137063    1.491615    7.491615 ^ i_rst_n (in)
                                                         i_rst_n (net)
                      2.137063    0.000000    7.491615 ^ _1184_/RESET_B (sky130_fd_sc_hd__dfrtp_2)
                                              7.491615   data arrival time

                      0.150000   32.000000   32.000000   clock i_clk (rise edge)
                                  0.000000   32.000000   clock network delay (ideal)
                                 -0.250000   31.750000   clock uncertainty
                                  0.000000   31.750000   clock reconvergence pessimism
                                             31.750000 ^ _1184_/CLK (sky130_fd_sc_hd__dfrtp_2)
                                 -0.433522   31.316475   library recovery time
                                             31.316475   data required time
---------------------------------------------------------------------------------------------
                                             31.316475   data required time
                                             -7.491615   data arrival time
---------------------------------------------------------------------------------------------
                                             23.824862   slack (MET)


Startpoint: i_rst_n (input port clocked by i_clk)
Endpoint: _1185_ (recovery check against rising-edge clock i_clk)
Path Group: asynchronous
Path Type: max

Fanout         Cap        Slew       Delay        Time   Description
---------------------------------------------------------------------------------------------
                      0.150000    0.000000    0.000000   clock i_clk (rise edge)
                                  0.000000    0.000000   clock network delay (ideal)
                                  6.000000    6.000000 ^ input external delay
   203    0.637442    2.137063    1.491615    7.491615 ^ i_rst_n (in)
                                                         i_rst_n (net)
                      2.137063    0.000000    7.491615 ^ _1185_/RESET_B (sky130_fd_sc_hd__dfrtp_2)
                                              7.491615   data arrival time

                      0.150000   32.000000   32.000000   clock i_clk (rise edge)
                                  0.000000   32.000000   clock network delay (ideal)
                                 -0.250000   31.750000   clock uncertainty
                                  0.000000   31.750000   clock reconvergence pessimism
                                             31.750000 ^ _1185_/CLK (sky130_fd_sc_hd__dfrtp_2)
                                 -0.433522   31.316475   library recovery time
                                             31.316475   data required time
---------------------------------------------------------------------------------------------
                                             31.316475   data required time
                                             -7.491615   data arrival time
---------------------------------------------------------------------------------------------
                                             23.824862   slack (MET)


Startpoint: i_rst_n (input port clocked by i_clk)
Endpoint: _1186_ (recovery check against rising-edge clock i_clk)
Path Group: asynchronous
Path Type: max

Fanout         Cap        Slew       Delay        Time   Description
---------------------------------------------------------------------------------------------
                      0.150000    0.000000    0.000000   clock i_clk (rise edge)
                                  0.000000    0.000000   clock network delay (ideal)
                                  6.000000    6.000000 ^ input external delay
   203    0.637442    2.137063    1.491615    7.491615 ^ i_rst_n (in)
                                                         i_rst_n (net)
                      2.137063    0.000000    7.491615 ^ _1186_/RESET_B (sky130_fd_sc_hd__dfrtp_2)
                                              7.491615   data arrival time

                      0.150000   32.000000   32.000000   clock i_clk (rise edge)
                                  0.000000   32.000000   clock network delay (ideal)
                                 -0.250000   31.750000   clock uncertainty
                                  0.000000   31.750000   clock reconvergence pessimism
                                             31.750000 ^ _1186_/CLK (sky130_fd_sc_hd__dfrtp_2)
                                 -0.433522   31.316475   library recovery time
                                             31.316475   data required time
---------------------------------------------------------------------------------------------
                                             31.316475   data required time
                                             -7.491615   data arrival time
---------------------------------------------------------------------------------------------
                                             23.824862   slack (MET)


Startpoint: i_rst_n (input port clocked by i_clk)
Endpoint: _1187_ (recovery check against rising-edge clock i_clk)
Path Group: asynchronous
Path Type: max

Fanout         Cap        Slew       Delay        Time   Description
---------------------------------------------------------------------------------------------
                      0.150000    0.000000    0.000000   clock i_clk (rise edge)
                                  0.000000    0.000000   clock network delay (ideal)
                                  6.000000    6.000000 ^ input external delay
   203    0.637442    2.137063    1.491615    7.491615 ^ i_rst_n (in)
                                                         i_rst_n (net)
                      2.137063    0.000000    7.491615 ^ _1187_/RESET_B (sky130_fd_sc_hd__dfrtp_2)
                                              7.491615   data arrival time

                      0.150000   32.000000   32.000000   clock i_clk (rise edge)
                                  0.000000   32.000000   clock network delay (ideal)
                                 -0.250000   31.750000   clock uncertainty
                                  0.000000   31.750000   clock reconvergence pessimism
                                             31.750000 ^ _1187_/CLK (sky130_fd_sc_hd__dfrtp_2)
                                 -0.433522   31.316475   library recovery time
                                             31.316475   data required time
---------------------------------------------------------------------------------------------
                                             31.316475   data required time
                                             -7.491615   data arrival time
---------------------------------------------------------------------------------------------
                                             23.824862   slack (MET)


Startpoint: i_rst_n (input port clocked by i_clk)
Endpoint: _1188_ (recovery check against rising-edge clock i_clk)
Path Group: asynchronous
Path Type: max

Fanout         Cap        Slew       Delay        Time   Description
---------------------------------------------------------------------------------------------
                      0.150000    0.000000    0.000000   clock i_clk (rise edge)
                                  0.000000    0.000000   clock network delay (ideal)
                                  6.000000    6.000000 ^ input external delay
   203    0.637442    2.137063    1.491615    7.491615 ^ i_rst_n (in)
                                                         i_rst_n (net)
                      2.137063    0.000000    7.491615 ^ _1188_/RESET_B (sky130_fd_sc_hd__dfrtp_2)
                                              7.491615   data arrival time

                      0.150000   32.000000   32.000000   clock i_clk (rise edge)
                                  0.000000   32.000000   clock network delay (ideal)
                                 -0.250000   31.750000   clock uncertainty
                                  0.000000   31.750000   clock reconvergence pessimism
                                             31.750000 ^ _1188_/CLK (sky130_fd_sc_hd__dfrtp_2)
                                 -0.433522   31.316475   library recovery time
                                             31.316475   data required time
---------------------------------------------------------------------------------------------
                                             31.316475   data required time
                                             -7.491615   data arrival time
---------------------------------------------------------------------------------------------
                                             23.824862   slack (MET)


Startpoint: i_rst_n (input port clocked by i_clk)
Endpoint: _1189_ (recovery check against rising-edge clock i_clk)
Path Group: asynchronous
Path Type: max

Fanout         Cap        Slew       Delay        Time   Description
---------------------------------------------------------------------------------------------
                      0.150000    0.000000    0.000000   clock i_clk (rise edge)
                                  0.000000    0.000000   clock network delay (ideal)
                                  6.000000    6.000000 ^ input external delay
   203    0.637442    2.137063    1.491615    7.491615 ^ i_rst_n (in)
                                                         i_rst_n (net)
                      2.137063    0.000000    7.491615 ^ _1189_/RESET_B (sky130_fd_sc_hd__dfrtp_2)
                                              7.491615   data arrival time

                      0.150000   32.000000   32.000000   clock i_clk (rise edge)
                                  0.000000   32.000000   clock network delay (ideal)
                                 -0.250000   31.750000   clock uncertainty
                                  0.000000   31.750000   clock reconvergence pessimism
                                             31.750000 ^ _1189_/CLK (sky130_fd_sc_hd__dfrtp_2)
                                 -0.433522   31.316475   library recovery time
                                             31.316475   data required time
---------------------------------------------------------------------------------------------
                                             31.316475   data required time
                                             -7.491615   data arrival time
---------------------------------------------------------------------------------------------
                                             23.824862   slack (MET)


Startpoint: i_rst_n (input port clocked by i_clk)
Endpoint: _1190_ (recovery check against rising-edge clock i_clk)
Path Group: asynchronous
Path Type: max

Fanout         Cap        Slew       Delay        Time   Description
---------------------------------------------------------------------------------------------
                      0.150000    0.000000    0.000000   clock i_clk (rise edge)
                                  0.000000    0.000000   clock network delay (ideal)
                                  6.000000    6.000000 ^ input external delay
   203    0.637442    2.137063    1.491615    7.491615 ^ i_rst_n (in)
                                                         i_rst_n (net)
                      2.137063    0.000000    7.491615 ^ _1190_/RESET_B (sky130_fd_sc_hd__dfrtp_2)
                                              7.491615   data arrival time

                      0.150000   32.000000   32.000000   clock i_clk (rise edge)
                                  0.000000   32.000000   clock network delay (ideal)
                                 -0.250000   31.750000   clock uncertainty
                                  0.000000   31.750000   clock reconvergence pessimism
                                             31.750000 ^ _1190_/CLK (sky130_fd_sc_hd__dfrtp_2)
                                 -0.433522   31.316475   library recovery time
                                             31.316475   data required time
---------------------------------------------------------------------------------------------
                                             31.316475   data required time
                                             -7.491615   data arrival time
---------------------------------------------------------------------------------------------
                                             23.824862   slack (MET)


Startpoint: i_rst_n (input port clocked by i_clk)
Endpoint: _1191_ (recovery check against rising-edge clock i_clk)
Path Group: asynchronous
Path Type: max

Fanout         Cap        Slew       Delay        Time   Description
---------------------------------------------------------------------------------------------
                      0.150000    0.000000    0.000000   clock i_clk (rise edge)
                                  0.000000    0.000000   clock network delay (ideal)
                                  6.000000    6.000000 ^ input external delay
   203    0.637442    2.137063    1.491615    7.491615 ^ i_rst_n (in)
                                                         i_rst_n (net)
                      2.137063    0.000000    7.491615 ^ _1191_/RESET_B (sky130_fd_sc_hd__dfrtp_2)
                                              7.491615   data arrival time

                      0.150000   32.000000   32.000000   clock i_clk (rise edge)
                                  0.000000   32.000000   clock network delay (ideal)
                                 -0.250000   31.750000   clock uncertainty
                                  0.000000   31.750000   clock reconvergence pessimism
                                             31.750000 ^ _1191_/CLK (sky130_fd_sc_hd__dfrtp_2)
                                 -0.433522   31.316475   library recovery time
                                             31.316475   data required time
---------------------------------------------------------------------------------------------
                                             31.316475   data required time
                                             -7.491615   data arrival time
---------------------------------------------------------------------------------------------
                                             23.824862   slack (MET)


Startpoint: i_rst_n (input port clocked by i_clk)
Endpoint: _1192_ (recovery check against rising-edge clock i_clk)
Path Group: asynchronous
Path Type: max

Fanout         Cap        Slew       Delay        Time   Description
---------------------------------------------------------------------------------------------
                      0.150000    0.000000    0.000000   clock i_clk (rise edge)
                                  0.000000    0.000000   clock network delay (ideal)
                                  6.000000    6.000000 ^ input external delay
   203    0.637442    2.137063    1.491615    7.491615 ^ i_rst_n (in)
                                                         i_rst_n (net)
                      2.137063    0.000000    7.491615 ^ _1192_/RESET_B (sky130_fd_sc_hd__dfrtp_2)
                                              7.491615   data arrival time

                      0.150000   32.000000   32.000000   clock i_clk (rise edge)
                                  0.000000   32.000000   clock network delay (ideal)
                                 -0.250000   31.750000   clock uncertainty
                                  0.000000   31.750000   clock reconvergence pessimism
                                             31.750000 ^ _1192_/CLK (sky130_fd_sc_hd__dfrtp_2)
                                 -0.433522   31.316475   library recovery time
                                             31.316475   data required time
---------------------------------------------------------------------------------------------
                                             31.316475   data required time
                                             -7.491615   data arrival time
---------------------------------------------------------------------------------------------
                                             23.824862   slack (MET)


Startpoint: i_rst_n (input port clocked by i_clk)
Endpoint: _1193_ (recovery check against rising-edge clock i_clk)
Path Group: asynchronous
Path Type: max

Fanout         Cap        Slew       Delay        Time   Description
---------------------------------------------------------------------------------------------
                      0.150000    0.000000    0.000000   clock i_clk (rise edge)
                                  0.000000    0.000000   clock network delay (ideal)
                                  6.000000    6.000000 ^ input external delay
   203    0.637442    2.137063    1.491615    7.491615 ^ i_rst_n (in)
                                                         i_rst_n (net)
                      2.137063    0.000000    7.491615 ^ _1193_/RESET_B (sky130_fd_sc_hd__dfrtp_2)
                                              7.491615   data arrival time

                      0.150000   32.000000   32.000000   clock i_clk (rise edge)
                                  0.000000   32.000000   clock network delay (ideal)
                                 -0.250000   31.750000   clock uncertainty
                                  0.000000   31.750000   clock reconvergence pessimism
                                             31.750000 ^ _1193_/CLK (sky130_fd_sc_hd__dfrtp_2)
                                 -0.433522   31.316475   library recovery time
                                             31.316475   data required time
---------------------------------------------------------------------------------------------
                                             31.316475   data required time
                                             -7.491615   data arrival time
---------------------------------------------------------------------------------------------
                                             23.824862   slack (MET)


Startpoint: i_rst_n (input port clocked by i_clk)
Endpoint: _1194_ (recovery check against rising-edge clock i_clk)
Path Group: asynchronous
Path Type: max

Fanout         Cap        Slew       Delay        Time   Description
---------------------------------------------------------------------------------------------
                      0.150000    0.000000    0.000000   clock i_clk (rise edge)
                                  0.000000    0.000000   clock network delay (ideal)
                                  6.000000    6.000000 ^ input external delay
   203    0.637442    2.137063    1.491615    7.491615 ^ i_rst_n (in)
                                                         i_rst_n (net)
                      2.137063    0.000000    7.491615 ^ _1194_/RESET_B (sky130_fd_sc_hd__dfrtp_2)
                                              7.491615   data arrival time

                      0.150000   32.000000   32.000000   clock i_clk (rise edge)
                                  0.000000   32.000000   clock network delay (ideal)
                                 -0.250000   31.750000   clock uncertainty
                                  0.000000   31.750000   clock reconvergence pessimism
                                             31.750000 ^ _1194_/CLK (sky130_fd_sc_hd__dfrtp_2)
                                 -0.433522   31.316475   library recovery time
                                             31.316475   data required time
---------------------------------------------------------------------------------------------
                                             31.316475   data required time
                                             -7.491615   data arrival time
---------------------------------------------------------------------------------------------
                                             23.824862   slack (MET)


Startpoint: i_rst_n (input port clocked by i_clk)
Endpoint: _1195_ (recovery check against rising-edge clock i_clk)
Path Group: asynchronous
Path Type: max

Fanout         Cap        Slew       Delay        Time   Description
---------------------------------------------------------------------------------------------
                      0.150000    0.000000    0.000000   clock i_clk (rise edge)
                                  0.000000    0.000000   clock network delay (ideal)
                                  6.000000    6.000000 ^ input external delay
   203    0.637442    2.137063    1.491615    7.491615 ^ i_rst_n (in)
                                                         i_rst_n (net)
                      2.137063    0.000000    7.491615 ^ _1195_/RESET_B (sky130_fd_sc_hd__dfrtp_2)
                                              7.491615   data arrival time

                      0.150000   32.000000   32.000000   clock i_clk (rise edge)
                                  0.000000   32.000000   clock network delay (ideal)
                                 -0.250000   31.750000   clock uncertainty
                                  0.000000   31.750000   clock reconvergence pessimism
                                             31.750000 ^ _1195_/CLK (sky130_fd_sc_hd__dfrtp_2)
                                 -0.433522   31.316475   library recovery time
                                             31.316475   data required time
---------------------------------------------------------------------------------------------
                                             31.316475   data required time
                                             -7.491615   data arrival time
---------------------------------------------------------------------------------------------
                                             23.824862   slack (MET)


Startpoint: i_rst_n (input port clocked by i_clk)
Endpoint: _1197_ (recovery check against rising-edge clock i_clk)
Path Group: asynchronous
Path Type: max

Fanout         Cap        Slew       Delay        Time   Description
---------------------------------------------------------------------------------------------
                      0.150000    0.000000    0.000000   clock i_clk (rise edge)
                                  0.000000    0.000000   clock network delay (ideal)
                                  6.000000    6.000000 ^ input external delay
   203    0.637442    2.137063    1.491615    7.491615 ^ i_rst_n (in)
                                                         i_rst_n (net)
                      2.137063    0.000000    7.491615 ^ _1197_/RESET_B (sky130_fd_sc_hd__dfrtp_2)
                                              7.491615   data arrival time

                      0.150000   32.000000   32.000000   clock i_clk (rise edge)
                                  0.000000   32.000000   clock network delay (ideal)
                                 -0.250000   31.750000   clock uncertainty
                                  0.000000   31.750000   clock reconvergence pessimism
                                             31.750000 ^ _1197_/CLK (sky130_fd_sc_hd__dfrtp_2)
                                 -0.433522   31.316475   library recovery time
                                             31.316475   data required time
---------------------------------------------------------------------------------------------
                                             31.316475   data required time
                                             -7.491615   data arrival time
---------------------------------------------------------------------------------------------
                                             23.824862   slack (MET)


Startpoint: i_rst_n (input port clocked by i_clk)
Endpoint: _1198_ (recovery check against rising-edge clock i_clk)
Path Group: asynchronous
Path Type: max

Fanout         Cap        Slew       Delay        Time   Description
---------------------------------------------------------------------------------------------
                      0.150000    0.000000    0.000000   clock i_clk (rise edge)
                                  0.000000    0.000000   clock network delay (ideal)
                                  6.000000    6.000000 ^ input external delay
   203    0.637442    2.137063    1.491615    7.491615 ^ i_rst_n (in)
                                                         i_rst_n (net)
                      2.137063    0.000000    7.491615 ^ _1198_/RESET_B (sky130_fd_sc_hd__dfrtp_2)
                                              7.491615   data arrival time

                      0.150000   32.000000   32.000000   clock i_clk (rise edge)
                                  0.000000   32.000000   clock network delay (ideal)
                                 -0.250000   31.750000   clock uncertainty
                                  0.000000   31.750000   clock reconvergence pessimism
                                             31.750000 ^ _1198_/CLK (sky130_fd_sc_hd__dfrtp_2)
                                 -0.433522   31.316475   library recovery time
                                             31.316475   data required time
---------------------------------------------------------------------------------------------
                                             31.316475   data required time
                                             -7.491615   data arrival time
---------------------------------------------------------------------------------------------
                                             23.824862   slack (MET)


Startpoint: i_rst_n (input port clocked by i_clk)
Endpoint: _1260_ (recovery check against rising-edge clock i_clk)
Path Group: asynchronous
Path Type: max

Fanout         Cap        Slew       Delay        Time   Description
---------------------------------------------------------------------------------------------
                      0.150000    0.000000    0.000000   clock i_clk (rise edge)
                                  0.000000    0.000000   clock network delay (ideal)
                                  6.000000    6.000000 ^ input external delay
   203    0.637442    2.137063    1.491615    7.491615 ^ i_rst_n (in)
                                                         i_rst_n (net)
                      2.137063    0.000000    7.491615 ^ _1260_/RESET_B (sky130_fd_sc_hd__dfrtp_2)
                                              7.491615   data arrival time

                      0.150000   32.000000   32.000000   clock i_clk (rise edge)
                                  0.000000   32.000000   clock network delay (ideal)
                                 -0.250000   31.750000   clock uncertainty
                                  0.000000   31.750000   clock reconvergence pessimism
                                             31.750000 ^ _1260_/CLK (sky130_fd_sc_hd__dfrtp_2)
                                 -0.433522   31.316475   library recovery time
                                             31.316475   data required time
---------------------------------------------------------------------------------------------
                                             31.316475   data required time
                                             -7.491615   data arrival time
---------------------------------------------------------------------------------------------
                                             23.824862   slack (MET)


Startpoint: i_rst_n (input port clocked by i_clk)
Endpoint: _1261_ (recovery check against rising-edge clock i_clk)
Path Group: asynchronous
Path Type: max

Fanout         Cap        Slew       Delay        Time   Description
---------------------------------------------------------------------------------------------
                      0.150000    0.000000    0.000000   clock i_clk (rise edge)
                                  0.000000    0.000000   clock network delay (ideal)
                                  6.000000    6.000000 ^ input external delay
   203    0.637442    2.137063    1.491615    7.491615 ^ i_rst_n (in)
                                                         i_rst_n (net)
                      2.137063    0.000000    7.491615 ^ _1261_/RESET_B (sky130_fd_sc_hd__dfrtp_2)
                                              7.491615   data arrival time

                      0.150000   32.000000   32.000000   clock i_clk (rise edge)
                                  0.000000   32.000000   clock network delay (ideal)
                                 -0.250000   31.750000   clock uncertainty
                                  0.000000   31.750000   clock reconvergence pessimism
                                             31.750000 ^ _1261_/CLK (sky130_fd_sc_hd__dfrtp_2)
                                 -0.433522   31.316475   library recovery time
                                             31.316475   data required time
---------------------------------------------------------------------------------------------
                                             31.316475   data required time
                                             -7.491615   data arrival time
---------------------------------------------------------------------------------------------
                                             23.824862   slack (MET)


Startpoint: i_rst_n (input port clocked by i_clk)
Endpoint: _1262_ (recovery check against rising-edge clock i_clk)
Path Group: asynchronous
Path Type: max

Fanout         Cap        Slew       Delay        Time   Description
---------------------------------------------------------------------------------------------
                      0.150000    0.000000    0.000000   clock i_clk (rise edge)
                                  0.000000    0.000000   clock network delay (ideal)
                                  6.000000    6.000000 ^ input external delay
   203    0.637442    2.137063    1.491615    7.491615 ^ i_rst_n (in)
                                                         i_rst_n (net)
                      2.137063    0.000000    7.491615 ^ _1262_/RESET_B (sky130_fd_sc_hd__dfrtp_2)
                                              7.491615   data arrival time

                      0.150000   32.000000   32.000000   clock i_clk (rise edge)
                                  0.000000   32.000000   clock network delay (ideal)
                                 -0.250000   31.750000   clock uncertainty
                                  0.000000   31.750000   clock reconvergence pessimism
                                             31.750000 ^ _1262_/CLK (sky130_fd_sc_hd__dfrtp_2)
                                 -0.433522   31.316475   library recovery time
                                             31.316475   data required time
---------------------------------------------------------------------------------------------
                                             31.316475   data required time
                                             -7.491615   data arrival time
---------------------------------------------------------------------------------------------
                                             23.824862   slack (MET)


Startpoint: i_rst_n (input port clocked by i_clk)
Endpoint: _1263_ (recovery check against rising-edge clock i_clk)
Path Group: asynchronous
Path Type: max

Fanout         Cap        Slew       Delay        Time   Description
---------------------------------------------------------------------------------------------
                      0.150000    0.000000    0.000000   clock i_clk (rise edge)
                                  0.000000    0.000000   clock network delay (ideal)
                                  6.000000    6.000000 ^ input external delay
   203    0.637442    2.137063    1.491615    7.491615 ^ i_rst_n (in)
                                                         i_rst_n (net)
                      2.137063    0.000000    7.491615 ^ _1263_/RESET_B (sky130_fd_sc_hd__dfrtp_2)
                                              7.491615   data arrival time

                      0.150000   32.000000   32.000000   clock i_clk (rise edge)
                                  0.000000   32.000000   clock network delay (ideal)
                                 -0.250000   31.750000   clock uncertainty
                                  0.000000   31.750000   clock reconvergence pessimism
                                             31.750000 ^ _1263_/CLK (sky130_fd_sc_hd__dfrtp_2)
                                 -0.433522   31.316475   library recovery time
                                             31.316475   data required time
---------------------------------------------------------------------------------------------
                                             31.316475   data required time
                                             -7.491615   data arrival time
---------------------------------------------------------------------------------------------
                                             23.824862   slack (MET)


Startpoint: i_rst_n (input port clocked by i_clk)
Endpoint: _1264_ (recovery check against rising-edge clock i_clk)
Path Group: asynchronous
Path Type: max

Fanout         Cap        Slew       Delay        Time   Description
---------------------------------------------------------------------------------------------
                      0.150000    0.000000    0.000000   clock i_clk (rise edge)
                                  0.000000    0.000000   clock network delay (ideal)
                                  6.000000    6.000000 ^ input external delay
   203    0.637442    2.137063    1.491615    7.491615 ^ i_rst_n (in)
                                                         i_rst_n (net)
                      2.137063    0.000000    7.491615 ^ _1264_/RESET_B (sky130_fd_sc_hd__dfrtp_2)
                                              7.491615   data arrival time

                      0.150000   32.000000   32.000000   clock i_clk (rise edge)
                                  0.000000   32.000000   clock network delay (ideal)
                                 -0.250000   31.750000   clock uncertainty
                                  0.000000   31.750000   clock reconvergence pessimism
                                             31.750000 ^ _1264_/CLK (sky130_fd_sc_hd__dfrtp_2)
                                 -0.433522   31.316475   library recovery time
                                             31.316475   data required time
---------------------------------------------------------------------------------------------
                                             31.316475   data required time
                                             -7.491615   data arrival time
---------------------------------------------------------------------------------------------
                                             23.824862   slack (MET)


Startpoint: i_rst_n (input port clocked by i_clk)
Endpoint: _1265_ (recovery check against rising-edge clock i_clk)
Path Group: asynchronous
Path Type: max

Fanout         Cap        Slew       Delay        Time   Description
---------------------------------------------------------------------------------------------
                      0.150000    0.000000    0.000000   clock i_clk (rise edge)
                                  0.000000    0.000000   clock network delay (ideal)
                                  6.000000    6.000000 ^ input external delay
   203    0.637442    2.137063    1.491615    7.491615 ^ i_rst_n (in)
                                                         i_rst_n (net)
                      2.137063    0.000000    7.491615 ^ _1265_/RESET_B (sky130_fd_sc_hd__dfrtp_2)
                                              7.491615   data arrival time

                      0.150000   32.000000   32.000000   clock i_clk (rise edge)
                                  0.000000   32.000000   clock network delay (ideal)
                                 -0.250000   31.750000   clock uncertainty
                                  0.000000   31.750000   clock reconvergence pessimism
                                             31.750000 ^ _1265_/CLK (sky130_fd_sc_hd__dfrtp_2)
                                 -0.433522   31.316475   library recovery time
                                             31.316475   data required time
---------------------------------------------------------------------------------------------
                                             31.316475   data required time
                                             -7.491615   data arrival time
---------------------------------------------------------------------------------------------
                                             23.824862   slack (MET)


Startpoint: i_rst_n (input port clocked by i_clk)
Endpoint: _1266_ (recovery check against rising-edge clock i_clk)
Path Group: asynchronous
Path Type: max

Fanout         Cap        Slew       Delay        Time   Description
---------------------------------------------------------------------------------------------
                      0.150000    0.000000    0.000000   clock i_clk (rise edge)
                                  0.000000    0.000000   clock network delay (ideal)
                                  6.000000    6.000000 ^ input external delay
   203    0.637442    2.137063    1.491615    7.491615 ^ i_rst_n (in)
                                                         i_rst_n (net)
                      2.137063    0.000000    7.491615 ^ _1266_/RESET_B (sky130_fd_sc_hd__dfrtp_2)
                                              7.491615   data arrival time

                      0.150000   32.000000   32.000000   clock i_clk (rise edge)
                                  0.000000   32.000000   clock network delay (ideal)
                                 -0.250000   31.750000   clock uncertainty
                                  0.000000   31.750000   clock reconvergence pessimism
                                             31.750000 ^ _1266_/CLK (sky130_fd_sc_hd__dfrtp_2)
                                 -0.433522   31.316475   library recovery time
                                             31.316475   data required time
---------------------------------------------------------------------------------------------
                                             31.316475   data required time
                                             -7.491615   data arrival time
---------------------------------------------------------------------------------------------
                                             23.824862   slack (MET)


Startpoint: i_rst_n (input port clocked by i_clk)
Endpoint: _1267_ (recovery check against rising-edge clock i_clk)
Path Group: asynchronous
Path Type: max

Fanout         Cap        Slew       Delay        Time   Description
---------------------------------------------------------------------------------------------
                      0.150000    0.000000    0.000000   clock i_clk (rise edge)
                                  0.000000    0.000000   clock network delay (ideal)
                                  6.000000    6.000000 ^ input external delay
   203    0.637442    2.137063    1.491615    7.491615 ^ i_rst_n (in)
                                                         i_rst_n (net)
                      2.137063    0.000000    7.491615 ^ _1267_/RESET_B (sky130_fd_sc_hd__dfrtp_2)
                                              7.491615   data arrival time

                      0.150000   32.000000   32.000000   clock i_clk (rise edge)
                                  0.000000   32.000000   clock network delay (ideal)
                                 -0.250000   31.750000   clock uncertainty
                                  0.000000   31.750000   clock reconvergence pessimism
                                             31.750000 ^ _1267_/CLK (sky130_fd_sc_hd__dfrtp_2)
                                 -0.433522   31.316475   library recovery time
                                             31.316475   data required time
---------------------------------------------------------------------------------------------
                                             31.316475   data required time
                                             -7.491615   data arrival time
---------------------------------------------------------------------------------------------
                                             23.824862   slack (MET)


Startpoint: i_rst_n (input port clocked by i_clk)
Endpoint: _1268_ (recovery check against rising-edge clock i_clk)
Path Group: asynchronous
Path Type: max

Fanout         Cap        Slew       Delay        Time   Description
---------------------------------------------------------------------------------------------
                      0.150000    0.000000    0.000000   clock i_clk (rise edge)
                                  0.000000    0.000000   clock network delay (ideal)
                                  6.000000    6.000000 ^ input external delay
   203    0.637442    2.137063    1.491615    7.491615 ^ i_rst_n (in)
                                                         i_rst_n (net)
                      2.137063    0.000000    7.491615 ^ _1268_/RESET_B (sky130_fd_sc_hd__dfrtp_2)
                                              7.491615   data arrival time

                      0.150000   32.000000   32.000000   clock i_clk (rise edge)
                                  0.000000   32.000000   clock network delay (ideal)
                                 -0.250000   31.750000   clock uncertainty
                                  0.000000   31.750000   clock reconvergence pessimism
                                             31.750000 ^ _1268_/CLK (sky130_fd_sc_hd__dfrtp_2)
                                 -0.433522   31.316475   library recovery time
                                             31.316475   data required time
---------------------------------------------------------------------------------------------
                                             31.316475   data required time
                                             -7.491615   data arrival time
---------------------------------------------------------------------------------------------
                                             23.824862   slack (MET)


Startpoint: i_rst_n (input port clocked by i_clk)
Endpoint: _1269_ (recovery check against rising-edge clock i_clk)
Path Group: asynchronous
Path Type: max

Fanout         Cap        Slew       Delay        Time   Description
---------------------------------------------------------------------------------------------
                      0.150000    0.000000    0.000000   clock i_clk (rise edge)
                                  0.000000    0.000000   clock network delay (ideal)
                                  6.000000    6.000000 ^ input external delay
   203    0.637442    2.137063    1.491615    7.491615 ^ i_rst_n (in)
                                                         i_rst_n (net)
                      2.137063    0.000000    7.491615 ^ _1269_/RESET_B (sky130_fd_sc_hd__dfrtp_2)
                                              7.491615   data arrival time

                      0.150000   32.000000   32.000000   clock i_clk (rise edge)
                                  0.000000   32.000000   clock network delay (ideal)
                                 -0.250000   31.750000   clock uncertainty
                                  0.000000   31.750000   clock reconvergence pessimism
                                             31.750000 ^ _1269_/CLK (sky130_fd_sc_hd__dfrtp_2)
                                 -0.433522   31.316475   library recovery time
                                             31.316475   data required time
---------------------------------------------------------------------------------------------
                                             31.316475   data required time
                                             -7.491615   data arrival time
---------------------------------------------------------------------------------------------
                                             23.824862   slack (MET)


Startpoint: i_rst_n (input port clocked by i_clk)
Endpoint: _1270_ (recovery check against rising-edge clock i_clk)
Path Group: asynchronous
Path Type: max

Fanout         Cap        Slew       Delay        Time   Description
---------------------------------------------------------------------------------------------
                      0.150000    0.000000    0.000000   clock i_clk (rise edge)
                                  0.000000    0.000000   clock network delay (ideal)
                                  6.000000    6.000000 ^ input external delay
   203    0.637442    2.137063    1.491615    7.491615 ^ i_rst_n (in)
                                                         i_rst_n (net)
                      2.137063    0.000000    7.491615 ^ _1270_/RESET_B (sky130_fd_sc_hd__dfrtp_2)
                                              7.491615   data arrival time

                      0.150000   32.000000   32.000000   clock i_clk (rise edge)
                                  0.000000   32.000000   clock network delay (ideal)
                                 -0.250000   31.750000   clock uncertainty
                                  0.000000   31.750000   clock reconvergence pessimism
                                             31.750000 ^ _1270_/CLK (sky130_fd_sc_hd__dfrtp_2)
                                 -0.433522   31.316475   library recovery time
                                             31.316475   data required time
---------------------------------------------------------------------------------------------
                                             31.316475   data required time
                                             -7.491615   data arrival time
---------------------------------------------------------------------------------------------
                                             23.824862   slack (MET)


Startpoint: i_rst_n (input port clocked by i_clk)
Endpoint: _1271_ (recovery check against rising-edge clock i_clk)
Path Group: asynchronous
Path Type: max

Fanout         Cap        Slew       Delay        Time   Description
---------------------------------------------------------------------------------------------
                      0.150000    0.000000    0.000000   clock i_clk (rise edge)
                                  0.000000    0.000000   clock network delay (ideal)
                                  6.000000    6.000000 ^ input external delay
   203    0.637442    2.137063    1.491615    7.491615 ^ i_rst_n (in)
                                                         i_rst_n (net)
                      2.137063    0.000000    7.491615 ^ _1271_/RESET_B (sky130_fd_sc_hd__dfrtp_2)
                                              7.491615   data arrival time

                      0.150000   32.000000   32.000000   clock i_clk (rise edge)
                                  0.000000   32.000000   clock network delay (ideal)
                                 -0.250000   31.750000   clock uncertainty
                                  0.000000   31.750000   clock reconvergence pessimism
                                             31.750000 ^ _1271_/CLK (sky130_fd_sc_hd__dfrtp_2)
                                 -0.433522   31.316475   library recovery time
                                             31.316475   data required time
---------------------------------------------------------------------------------------------
                                             31.316475   data required time
                                             -7.491615   data arrival time
---------------------------------------------------------------------------------------------
                                             23.824862   slack (MET)


Startpoint: i_rst_n (input port clocked by i_clk)
Endpoint: _1272_ (recovery check against rising-edge clock i_clk)
Path Group: asynchronous
Path Type: max

Fanout         Cap        Slew       Delay        Time   Description
---------------------------------------------------------------------------------------------
                      0.150000    0.000000    0.000000   clock i_clk (rise edge)
                                  0.000000    0.000000   clock network delay (ideal)
                                  6.000000    6.000000 ^ input external delay
   203    0.637442    2.137063    1.491615    7.491615 ^ i_rst_n (in)
                                                         i_rst_n (net)
                      2.137063    0.000000    7.491615 ^ _1272_/RESET_B (sky130_fd_sc_hd__dfrtp_2)
                                              7.491615   data arrival time

                      0.150000   32.000000   32.000000   clock i_clk (rise edge)
                                  0.000000   32.000000   clock network delay (ideal)
                                 -0.250000   31.750000   clock uncertainty
                                  0.000000   31.750000   clock reconvergence pessimism
                                             31.750000 ^ _1272_/CLK (sky130_fd_sc_hd__dfrtp_2)
                                 -0.433522   31.316475   library recovery time
                                             31.316475   data required time
---------------------------------------------------------------------------------------------
                                             31.316475   data required time
                                             -7.491615   data arrival time
---------------------------------------------------------------------------------------------
                                             23.824862   slack (MET)


Startpoint: i_rst_n (input port clocked by i_clk)
Endpoint: _1273_ (recovery check against rising-edge clock i_clk)
Path Group: asynchronous
Path Type: max

Fanout         Cap        Slew       Delay        Time   Description
---------------------------------------------------------------------------------------------
                      0.150000    0.000000    0.000000   clock i_clk (rise edge)
                                  0.000000    0.000000   clock network delay (ideal)
                                  6.000000    6.000000 ^ input external delay
   203    0.637442    2.137063    1.491615    7.491615 ^ i_rst_n (in)
                                                         i_rst_n (net)
                      2.137063    0.000000    7.491615 ^ _1273_/RESET_B (sky130_fd_sc_hd__dfrtp_2)
                                              7.491615   data arrival time

                      0.150000   32.000000   32.000000   clock i_clk (rise edge)
                                  0.000000   32.000000   clock network delay (ideal)
                                 -0.250000   31.750000   clock uncertainty
                                  0.000000   31.750000   clock reconvergence pessimism
                                             31.750000 ^ _1273_/CLK (sky130_fd_sc_hd__dfrtp_2)
                                 -0.433522   31.316475   library recovery time
                                             31.316475   data required time
---------------------------------------------------------------------------------------------
                                             31.316475   data required time
                                             -7.491615   data arrival time
---------------------------------------------------------------------------------------------
                                             23.824862   slack (MET)


Startpoint: i_rst_n (input port clocked by i_clk)
Endpoint: _1274_ (recovery check against rising-edge clock i_clk)
Path Group: asynchronous
Path Type: max

Fanout         Cap        Slew       Delay        Time   Description
---------------------------------------------------------------------------------------------
                      0.150000    0.000000    0.000000   clock i_clk (rise edge)
                                  0.000000    0.000000   clock network delay (ideal)
                                  6.000000    6.000000 ^ input external delay
   203    0.637442    2.137063    1.491615    7.491615 ^ i_rst_n (in)
                                                         i_rst_n (net)
                      2.137063    0.000000    7.491615 ^ _1274_/RESET_B (sky130_fd_sc_hd__dfrtp_2)
                                              7.491615   data arrival time

                      0.150000   32.000000   32.000000   clock i_clk (rise edge)
                                  0.000000   32.000000   clock network delay (ideal)
                                 -0.250000   31.750000   clock uncertainty
                                  0.000000   31.750000   clock reconvergence pessimism
                                             31.750000 ^ _1274_/CLK (sky130_fd_sc_hd__dfrtp_2)
                                 -0.433522   31.316475   library recovery time
                                             31.316475   data required time
---------------------------------------------------------------------------------------------
                                             31.316475   data required time
                                             -7.491615   data arrival time
---------------------------------------------------------------------------------------------
                                             23.824862   slack (MET)


Startpoint: i_rst_n (input port clocked by i_clk)
Endpoint: _1275_ (recovery check against rising-edge clock i_clk)
Path Group: asynchronous
Path Type: max

Fanout         Cap        Slew       Delay        Time   Description
---------------------------------------------------------------------------------------------
                      0.150000    0.000000    0.000000   clock i_clk (rise edge)
                                  0.000000    0.000000   clock network delay (ideal)
                                  6.000000    6.000000 ^ input external delay
   203    0.637442    2.137063    1.491615    7.491615 ^ i_rst_n (in)
                                                         i_rst_n (net)
                      2.137063    0.000000    7.491615 ^ _1275_/RESET_B (sky130_fd_sc_hd__dfrtp_2)
                                              7.491615   data arrival time

                      0.150000   32.000000   32.000000   clock i_clk (rise edge)
                                  0.000000   32.000000   clock network delay (ideal)
                                 -0.250000   31.750000   clock uncertainty
                                  0.000000   31.750000   clock reconvergence pessimism
                                             31.750000 ^ _1275_/CLK (sky130_fd_sc_hd__dfrtp_2)
                                 -0.433522   31.316475   library recovery time
                                             31.316475   data required time
---------------------------------------------------------------------------------------------
                                             31.316475   data required time
                                             -7.491615   data arrival time
---------------------------------------------------------------------------------------------
                                             23.824862   slack (MET)


Startpoint: i_rst_n (input port clocked by i_clk)
Endpoint: _1276_ (recovery check against rising-edge clock i_clk)
Path Group: asynchronous
Path Type: max

Fanout         Cap        Slew       Delay        Time   Description
---------------------------------------------------------------------------------------------
                      0.150000    0.000000    0.000000   clock i_clk (rise edge)
                                  0.000000    0.000000   clock network delay (ideal)
                                  6.000000    6.000000 ^ input external delay
   203    0.637442    2.137063    1.491615    7.491615 ^ i_rst_n (in)
                                                         i_rst_n (net)
                      2.137063    0.000000    7.491615 ^ _1276_/RESET_B (sky130_fd_sc_hd__dfrtp_2)
                                              7.491615   data arrival time

                      0.150000   32.000000   32.000000   clock i_clk (rise edge)
                                  0.000000   32.000000   clock network delay (ideal)
                                 -0.250000   31.750000   clock uncertainty
                                  0.000000   31.750000   clock reconvergence pessimism
                                             31.750000 ^ _1276_/CLK (sky130_fd_sc_hd__dfrtp_2)
                                 -0.433522   31.316475   library recovery time
                                             31.316475   data required time
---------------------------------------------------------------------------------------------
                                             31.316475   data required time
                                             -7.491615   data arrival time
---------------------------------------------------------------------------------------------
                                             23.824862   slack (MET)


Startpoint: i_rst_n (input port clocked by i_clk)
Endpoint: _1277_ (recovery check against rising-edge clock i_clk)
Path Group: asynchronous
Path Type: max

Fanout         Cap        Slew       Delay        Time   Description
---------------------------------------------------------------------------------------------
                      0.150000    0.000000    0.000000   clock i_clk (rise edge)
                                  0.000000    0.000000   clock network delay (ideal)
                                  6.000000    6.000000 ^ input external delay
   203    0.637442    2.137063    1.491615    7.491615 ^ i_rst_n (in)
                                                         i_rst_n (net)
                      2.137063    0.000000    7.491615 ^ _1277_/RESET_B (sky130_fd_sc_hd__dfrtp_2)
                                              7.491615   data arrival time

                      0.150000   32.000000   32.000000   clock i_clk (rise edge)
                                  0.000000   32.000000   clock network delay (ideal)
                                 -0.250000   31.750000   clock uncertainty
                                  0.000000   31.750000   clock reconvergence pessimism
                                             31.750000 ^ _1277_/CLK (sky130_fd_sc_hd__dfrtp_2)
                                 -0.433522   31.316475   library recovery time
                                             31.316475   data required time
---------------------------------------------------------------------------------------------
                                             31.316475   data required time
                                             -7.491615   data arrival time
---------------------------------------------------------------------------------------------
                                             23.824862   slack (MET)


Startpoint: i_rst_n (input port clocked by i_clk)
Endpoint: _1278_ (recovery check against rising-edge clock i_clk)
Path Group: asynchronous
Path Type: max

Fanout         Cap        Slew       Delay        Time   Description
---------------------------------------------------------------------------------------------
                      0.150000    0.000000    0.000000   clock i_clk (rise edge)
                                  0.000000    0.000000   clock network delay (ideal)
                                  6.000000    6.000000 ^ input external delay
   203    0.637442    2.137063    1.491615    7.491615 ^ i_rst_n (in)
                                                         i_rst_n (net)
                      2.137063    0.000000    7.491615 ^ _1278_/RESET_B (sky130_fd_sc_hd__dfrtp_2)
                                              7.491615   data arrival time

                      0.150000   32.000000   32.000000   clock i_clk (rise edge)
                                  0.000000   32.000000   clock network delay (ideal)
                                 -0.250000   31.750000   clock uncertainty
                                  0.000000   31.750000   clock reconvergence pessimism
                                             31.750000 ^ _1278_/CLK (sky130_fd_sc_hd__dfrtp_2)
                                 -0.433522   31.316475   library recovery time
                                             31.316475   data required time
---------------------------------------------------------------------------------------------
                                             31.316475   data required time
                                             -7.491615   data arrival time
---------------------------------------------------------------------------------------------
                                             23.824862   slack (MET)


Startpoint: i_rst_n (input port clocked by i_clk)
Endpoint: _1077_ (recovery check against rising-edge clock i_clk)
Path Group: asynchronous
Path Type: max

Fanout         Cap        Slew       Delay        Time   Description
---------------------------------------------------------------------------------------------
                      0.150000    0.000000    0.000000   clock i_clk (rise edge)
                                  0.000000    0.000000   clock network delay (ideal)
                                  6.000000    6.000000 ^ input external delay
   203    0.637442    2.137063    1.491615    7.491615 ^ i_rst_n (in)
                                                         i_rst_n (net)
                      2.137063    0.000000    7.491615 ^ _0848_/C_N (sky130_fd_sc_hd__or3b_2)
     1    0.003999    0.055072    0.135961    7.627576 v _0848_/X (sky130_fd_sc_hd__or3b_2)
                                                         _0470_ (net)
                      0.055072    0.000000    7.627576 v _0849_/C (sky130_fd_sc_hd__nor3_2)
     1    0.003617    0.091226    0.076701    7.704278 ^ _0849_/Y (sky130_fd_sc_hd__nor3_2)
                                                         _0101_ (net)
                      0.091226    0.000000    7.704278 ^ _1077_/RESET_B (sky130_fd_sc_hd__dfrtp_2)
                                              7.704278   data arrival time

                      0.150000   32.000000   32.000000   clock i_clk (rise edge)
                                  0.000000   32.000000   clock network delay (ideal)
                                 -0.250000   31.750000   clock uncertainty
                                  0.000000   31.750000   clock reconvergence pessimism
                                             31.750000 ^ _1077_/CLK (sky130_fd_sc_hd__dfrtp_2)
                                  0.136674   31.886671   library recovery time
                                             31.886671   data required time
---------------------------------------------------------------------------------------------
                                             31.886671   data required time
                                             -7.704278   data arrival time
---------------------------------------------------------------------------------------------
                                             24.182396   slack (MET)


Startpoint: i_rst_n (input port clocked by i_clk)
Endpoint: _1068_ (recovery check against rising-edge clock i_clk)
Path Group: asynchronous
Path Type: max

Fanout         Cap        Slew       Delay        Time   Description
---------------------------------------------------------------------------------------------
                      0.150000    0.000000    0.000000   clock i_clk (rise edge)
                                  0.000000    0.000000   clock network delay (ideal)
                                  6.000000    6.000000 ^ input external delay
   203    0.637442    2.137063    1.491615    7.491615 ^ i_rst_n (in)
                                                         i_rst_n (net)
                      2.137063    0.000000    7.491615 ^ _0840_/B1 (sky130_fd_sc_hd__o21a_2)
     1    0.003562    0.058915   -0.066803    7.424812 ^ _0840_/X (sky130_fd_sc_hd__o21a_2)
                                                         _0099_ (net)
                      0.058915    0.000000    7.424812 ^ _1068_/SET_B (sky130_fd_sc_hd__dfstp_2)
                                              7.424812   data arrival time

                      0.150000   32.000000   32.000000   clock i_clk (rise edge)
                                  0.000000   32.000000   clock network delay (ideal)
                                 -0.250000   31.750000   clock uncertainty
                                  0.000000   31.750000   clock reconvergence pessimism
                                             31.750000 ^ _1068_/CLK (sky130_fd_sc_hd__dfstp_2)
                                  0.100423   31.850424   library recovery time
                                             31.850424   data required time
---------------------------------------------------------------------------------------------
                                             31.850424   data required time
                                             -7.424812   data arrival time
---------------------------------------------------------------------------------------------
                                             24.425611   slack (MET)


Startpoint: i_rst_n (input port clocked by i_clk)
Endpoint: _1069_ (recovery check against rising-edge clock i_clk)
Path Group: asynchronous
Path Type: max

Fanout         Cap        Slew       Delay        Time   Description
---------------------------------------------------------------------------------------------
                      0.150000    0.000000    0.000000   clock i_clk (rise edge)
                                  0.000000    0.000000   clock network delay (ideal)
                                  6.000000    6.000000 ^ input external delay
   203    0.637442    2.137063    1.491615    7.491615 ^ i_rst_n (in)
                                                         i_rst_n (net)
                      2.137063    0.000000    7.491615 ^ _0976_/B1 (sky130_fd_sc_hd__o21a_2)
     1    0.003562    0.058915   -0.066803    7.424812 ^ _0976_/X (sky130_fd_sc_hd__o21a_2)
                                                         _0100_ (net)
                      0.058915    0.000000    7.424812 ^ _1069_/SET_B (sky130_fd_sc_hd__dfstp_2)
                                              7.424812   data arrival time

                      0.150000   32.000000   32.000000   clock i_clk (rise edge)
                                  0.000000   32.000000   clock network delay (ideal)
                                 -0.250000   31.750000   clock uncertainty
                                  0.000000   31.750000   clock reconvergence pessimism
                                             31.750000 ^ _1069_/CLK (sky130_fd_sc_hd__dfstp_2)
                                  0.100423   31.850424   library recovery time
                                             31.850424   data required time
---------------------------------------------------------------------------------------------
                                             31.850424   data required time
                                             -7.424812   data arrival time
---------------------------------------------------------------------------------------------
                                             24.425611   slack (MET)


Startpoint: i_rst_n (input port clocked by i_clk)
Endpoint: _1142_ (recovery check against rising-edge clock i_clk)
Path Group: asynchronous
Path Type: max

Fanout         Cap        Slew       Delay        Time   Description
---------------------------------------------------------------------------------------------
                      0.150000    0.000000    0.000000   clock i_clk (rise edge)
                                  0.000000    0.000000   clock network delay (ideal)
                                  6.000000    6.000000 ^ input external delay
   203    0.637442    2.137063    1.491615    7.491615 ^ i_rst_n (in)
                                                         i_rst_n (net)
                      2.137063    0.000000    7.491615 ^ _0990_/B1 (sky130_fd_sc_hd__o21a_2)
     1    0.003562    0.058915   -0.066803    7.424812 ^ _0990_/X (sky130_fd_sc_hd__o21a_2)
                                                         _0115_ (net)
                      0.058915    0.000000    7.424812 ^ _1142_/SET_B (sky130_fd_sc_hd__dfstp_2)
                                              7.424812   data arrival time

                      0.150000   32.000000   32.000000   clock i_clk (rise edge)
                                  0.000000   32.000000   clock network delay (ideal)
                                 -0.250000   31.750000   clock uncertainty
                                  0.000000   31.750000   clock reconvergence pessimism
                                             31.750000 ^ _1142_/CLK (sky130_fd_sc_hd__dfstp_2)
                                  0.100423   31.850424   library recovery time
                                             31.850424   data required time
---------------------------------------------------------------------------------------------
                                             31.850424   data required time
                                             -7.424812   data arrival time
---------------------------------------------------------------------------------------------
                                             24.425611   slack (MET)


Startpoint: i_rst_n (input port clocked by i_clk)
Endpoint: _1145_ (recovery check against rising-edge clock i_clk)
Path Group: asynchronous
Path Type: max

Fanout         Cap        Slew       Delay        Time   Description
---------------------------------------------------------------------------------------------
                      0.150000    0.000000    0.000000   clock i_clk (rise edge)
                                  0.000000    0.000000   clock network delay (ideal)
                                  6.000000    6.000000 ^ input external delay
   203    0.637442    2.137063    1.491615    7.491615 ^ i_rst_n (in)
                                                         i_rst_n (net)
                      2.137063    0.000000    7.491615 ^ _0993_/B1 (sky130_fd_sc_hd__o21a_2)
     1    0.003562    0.058915   -0.066803    7.424812 ^ _0993_/X (sky130_fd_sc_hd__o21a_2)
                                                         _0118_ (net)
                      0.058915    0.000000    7.424812 ^ _1145_/SET_B (sky130_fd_sc_hd__dfstp_2)
                                              7.424812   data arrival time

                      0.150000   32.000000   32.000000   clock i_clk (rise edge)
                                  0.000000   32.000000   clock network delay (ideal)
                                 -0.250000   31.750000   clock uncertainty
                                  0.000000   31.750000   clock reconvergence pessimism
                                             31.750000 ^ _1145_/CLK (sky130_fd_sc_hd__dfstp_2)
                                  0.100423   31.850424   library recovery time
                                             31.850424   data required time
---------------------------------------------------------------------------------------------
                                             31.850424   data required time
                                             -7.424812   data arrival time
---------------------------------------------------------------------------------------------
                                             24.425611   slack (MET)


Startpoint: i_rst_n (input port clocked by i_clk)
Endpoint: _1152_ (recovery check against rising-edge clock i_clk)
Path Group: asynchronous
Path Type: max

Fanout         Cap        Slew       Delay        Time   Description
---------------------------------------------------------------------------------------------
                      0.150000    0.000000    0.000000   clock i_clk (rise edge)
                                  0.000000    0.000000   clock network delay (ideal)
                                  6.000000    6.000000 ^ input external delay
   203    0.637442    2.137063    1.491615    7.491615 ^ i_rst_n (in)
                                                         i_rst_n (net)
                      2.137063    0.000000    7.491615 ^ _1000_/B1 (sky130_fd_sc_hd__o21a_2)
     1    0.003562    0.058915   -0.066803    7.424812 ^ _1000_/X (sky130_fd_sc_hd__o21a_2)
                                                         _0125_ (net)
                      0.058915    0.000000    7.424812 ^ _1152_/SET_B (sky130_fd_sc_hd__dfstp_2)
                                              7.424812   data arrival time

                      0.150000   32.000000   32.000000   clock i_clk (rise edge)
                                  0.000000   32.000000   clock network delay (ideal)
                                 -0.250000   31.750000   clock uncertainty
                                  0.000000   31.750000   clock reconvergence pessimism
                                             31.750000 ^ _1152_/CLK (sky130_fd_sc_hd__dfstp_2)
                                  0.100423   31.850424   library recovery time
                                             31.850424   data required time
---------------------------------------------------------------------------------------------
                                             31.850424   data required time
                                             -7.424812   data arrival time
---------------------------------------------------------------------------------------------
                                             24.425611   slack (MET)


Startpoint: i_rst_n (input port clocked by i_clk)
Endpoint: _1156_ (recovery check against rising-edge clock i_clk)
Path Group: asynchronous
Path Type: max

Fanout         Cap        Slew       Delay        Time   Description
---------------------------------------------------------------------------------------------
                      0.150000    0.000000    0.000000   clock i_clk (rise edge)
                                  0.000000    0.000000   clock network delay (ideal)
                                  6.000000    6.000000 ^ input external delay
   203    0.637442    2.137063    1.491615    7.491615 ^ i_rst_n (in)
                                                         i_rst_n (net)
                      2.137063    0.000000    7.491615 ^ _1004_/B1 (sky130_fd_sc_hd__o21a_2)
     1    0.003562    0.058915   -0.066803    7.424812 ^ _1004_/X (sky130_fd_sc_hd__o21a_2)
                                                         _0129_ (net)
                      0.058915    0.000000    7.424812 ^ _1156_/SET_B (sky130_fd_sc_hd__dfstp_2)
                                              7.424812   data arrival time

                      0.150000   32.000000   32.000000   clock i_clk (rise edge)
                                  0.000000   32.000000   clock network delay (ideal)
                                 -0.250000   31.750000   clock uncertainty
                                  0.000000   31.750000   clock reconvergence pessimism
                                             31.750000 ^ _1156_/CLK (sky130_fd_sc_hd__dfstp_2)
                                  0.100423   31.850424   library recovery time
                                             31.850424   data required time
---------------------------------------------------------------------------------------------
                                             31.850424   data required time
                                             -7.424812   data arrival time
---------------------------------------------------------------------------------------------
                                             24.425611   slack (MET)


Startpoint: i_rst_n (input port clocked by i_clk)
Endpoint: _1210_ (recovery check against rising-edge clock i_clk)
Path Group: asynchronous
Path Type: max

Fanout         Cap        Slew       Delay        Time   Description
---------------------------------------------------------------------------------------------
                      0.150000    0.000000    0.000000   clock i_clk (rise edge)
                                  0.000000    0.000000   clock network delay (ideal)
                                  6.000000    6.000000 ^ input external delay
   203    0.637442    2.137063    1.491615    7.491615 ^ i_rst_n (in)
                                                         i_rst_n (net)
                      2.137063    0.000000    7.491615 ^ _1018_/B1 (sky130_fd_sc_hd__o21a_2)
     1    0.003562    0.058915   -0.066803    7.424812 ^ _1018_/X (sky130_fd_sc_hd__o21a_2)
                                                         _0143_ (net)
                      0.058915    0.000000    7.424812 ^ _1210_/SET_B (sky130_fd_sc_hd__dfstp_2)
                                              7.424812   data arrival time

                      0.150000   32.000000   32.000000   clock i_clk (rise edge)
                                  0.000000   32.000000   clock network delay (ideal)
                                 -0.250000   31.750000   clock uncertainty
                                  0.000000   31.750000   clock reconvergence pessimism
                                             31.750000 ^ _1210_/CLK (sky130_fd_sc_hd__dfstp_2)
                                  0.100423   31.850424   library recovery time
                                             31.850424   data required time
---------------------------------------------------------------------------------------------
                                             31.850424   data required time
                                             -7.424812   data arrival time
---------------------------------------------------------------------------------------------
                                             24.425611   slack (MET)


Startpoint: i_rst_n (input port clocked by i_clk)
Endpoint: _1230_ (recovery check against rising-edge clock i_clk)
Path Group: asynchronous
Path Type: max

Fanout         Cap        Slew       Delay        Time   Description
---------------------------------------------------------------------------------------------
                      0.150000    0.000000    0.000000   clock i_clk (rise edge)
                                  0.000000    0.000000   clock network delay (ideal)
                                  6.000000    6.000000 ^ input external delay
   203    0.637442    2.137063    1.491615    7.491615 ^ i_rst_n (in)
                                                         i_rst_n (net)
                      2.137063    0.000000    7.491615 ^ _1038_/B1 (sky130_fd_sc_hd__o21a_2)
     1    0.003562    0.058915   -0.066803    7.424812 ^ _1038_/X (sky130_fd_sc_hd__o21a_2)
                                                         _0163_ (net)
                      0.058915    0.000000    7.424812 ^ _1230_/SET_B (sky130_fd_sc_hd__dfstp_2)
                                              7.424812   data arrival time

                      0.150000   32.000000   32.000000   clock i_clk (rise edge)
                                  0.000000   32.000000   clock network delay (ideal)
                                 -0.250000   31.750000   clock uncertainty
                                  0.000000   31.750000   clock reconvergence pessimism
                                             31.750000 ^ _1230_/CLK (sky130_fd_sc_hd__dfstp_2)
                                  0.100423   31.850424   library recovery time
                                             31.850424   data required time
---------------------------------------------------------------------------------------------
                                             31.850424   data required time
                                             -7.424812   data arrival time
---------------------------------------------------------------------------------------------
                                             24.425611   slack (MET)


Startpoint: i_rst_n (input port clocked by i_clk)
Endpoint: _1252_ (recovery check against rising-edge clock i_clk)
Path Group: asynchronous
Path Type: max

Fanout         Cap        Slew       Delay        Time   Description
---------------------------------------------------------------------------------------------
                      0.150000    0.000000    0.000000   clock i_clk (rise edge)
                                  0.000000    0.000000   clock network delay (ideal)
                                  6.000000    6.000000 ^ input external delay
   203    0.637442    2.137063    1.491615    7.491615 ^ i_rst_n (in)
                                                         i_rst_n (net)
                      2.137063    0.000000    7.491615 ^ _1060_/B1 (sky130_fd_sc_hd__o21a_2)
     1    0.003562    0.058915   -0.066803    7.424812 ^ _1060_/X (sky130_fd_sc_hd__o21a_2)
                                                         _0185_ (net)
                      0.058915    0.000000    7.424812 ^ _1252_/SET_B (sky130_fd_sc_hd__dfstp_2)
                                              7.424812   data arrival time

                      0.150000   32.000000   32.000000   clock i_clk (rise edge)
                                  0.000000   32.000000   clock network delay (ideal)
                                 -0.250000   31.750000   clock uncertainty
                                  0.000000   31.750000   clock reconvergence pessimism
                                             31.750000 ^ _1252_/CLK (sky130_fd_sc_hd__dfstp_2)
                                  0.100423   31.850424   library recovery time
                                             31.850424   data required time
---------------------------------------------------------------------------------------------
                                             31.850424   data required time
                                             -7.424812   data arrival time
---------------------------------------------------------------------------------------------
                                             24.425611   slack (MET)


Startpoint: i_rst_n (input port clocked by i_clk)
Endpoint: _1129_ (recovery check against rising-edge clock i_clk)
Path Group: asynchronous
Path Type: max

Fanout         Cap        Slew       Delay        Time   Description
---------------------------------------------------------------------------------------------
                      0.150000    0.000000    0.000000   clock i_clk (rise edge)
                                  0.000000    0.000000   clock network delay (ideal)
                                  6.000000    6.000000 ^ input external delay
   203    0.637442    2.137063    1.491615    7.491615 ^ i_rst_n (in)
                                                         i_rst_n (net)
                      2.137063    0.000000    7.491615 ^ _0977_/B1 (sky130_fd_sc_hd__o21a_2)
     1    0.003617    0.059181   -0.066429    7.425186 ^ _0977_/X (sky130_fd_sc_hd__o21a_2)
                                                         _0102_ (net)
                      0.059181    0.000000    7.425186 ^ _1129_/RESET_B (sky130_fd_sc_hd__dfrtp_2)
                                              7.425186   data arrival time

                      0.150000   32.000000   32.000000   clock i_clk (rise edge)
                                  0.000000   32.000000   clock network delay (ideal)
                                 -0.250000   31.750000   clock uncertainty
                                  0.000000   31.750000   clock reconvergence pessimism
                                             31.750000 ^ _1129_/CLK (sky130_fd_sc_hd__dfrtp_2)
                                  0.144708   31.894709   library recovery time
                                             31.894709   data required time
---------------------------------------------------------------------------------------------
                                             31.894709   data required time
                                             -7.425186   data arrival time
---------------------------------------------------------------------------------------------
                                             24.469522   slack (MET)


Startpoint: i_rst_n (input port clocked by i_clk)
Endpoint: _1130_ (recovery check against rising-edge clock i_clk)
Path Group: asynchronous
Path Type: max

Fanout         Cap        Slew       Delay        Time   Description
---------------------------------------------------------------------------------------------
                      0.150000    0.000000    0.000000   clock i_clk (rise edge)
                                  0.000000    0.000000   clock network delay (ideal)
                                  6.000000    6.000000 ^ input external delay
   203    0.637442    2.137063    1.491615    7.491615 ^ i_rst_n (in)
                                                         i_rst_n (net)
                      2.137063    0.000000    7.491615 ^ _0978_/B1 (sky130_fd_sc_hd__o21a_2)
     1    0.003617    0.059181   -0.066429    7.425186 ^ _0978_/X (sky130_fd_sc_hd__o21a_2)
                                                         _0103_ (net)
                      0.059181    0.000000    7.425186 ^ _1130_/RESET_B (sky130_fd_sc_hd__dfrtp_2)
                                              7.425186   data arrival time

                      0.150000   32.000000   32.000000   clock i_clk (rise edge)
                                  0.000000   32.000000   clock network delay (ideal)
                                 -0.250000   31.750000   clock uncertainty
                                  0.000000   31.750000   clock reconvergence pessimism
                                             31.750000 ^ _1130_/CLK (sky130_fd_sc_hd__dfrtp_2)
                                  0.144708   31.894709   library recovery time
                                             31.894709   data required time
---------------------------------------------------------------------------------------------
                                             31.894709   data required time
                                             -7.425186   data arrival time
---------------------------------------------------------------------------------------------
                                             24.469522   slack (MET)


Startpoint: i_rst_n (input port clocked by i_clk)
Endpoint: _1131_ (recovery check against rising-edge clock i_clk)
Path Group: asynchronous
Path Type: max

Fanout         Cap        Slew       Delay        Time   Description
---------------------------------------------------------------------------------------------
                      0.150000    0.000000    0.000000   clock i_clk (rise edge)
                                  0.000000    0.000000   clock network delay (ideal)
                                  6.000000    6.000000 ^ input external delay
   203    0.637442    2.137063    1.491615    7.491615 ^ i_rst_n (in)
                                                         i_rst_n (net)
                      2.137063    0.000000    7.491615 ^ _0979_/B1 (sky130_fd_sc_hd__o21a_2)
     1    0.003617    0.059181   -0.066429    7.425186 ^ _0979_/X (sky130_fd_sc_hd__o21a_2)
                                                         _0104_ (net)
                      0.059181    0.000000    7.425186 ^ _1131_/RESET_B (sky130_fd_sc_hd__dfrtp_2)
                                              7.425186   data arrival time

                      0.150000   32.000000   32.000000   clock i_clk (rise edge)
                                  0.000000   32.000000   clock network delay (ideal)
                                 -0.250000   31.750000   clock uncertainty
                                  0.000000   31.750000   clock reconvergence pessimism
                                             31.750000 ^ _1131_/CLK (sky130_fd_sc_hd__dfrtp_2)
                                  0.144708   31.894709   library recovery time
                                             31.894709   data required time
---------------------------------------------------------------------------------------------
                                             31.894709   data required time
                                             -7.425186   data arrival time
---------------------------------------------------------------------------------------------
                                             24.469522   slack (MET)


Startpoint: i_rst_n (input port clocked by i_clk)
Endpoint: _1132_ (recovery check against rising-edge clock i_clk)
Path Group: asynchronous
Path Type: max

Fanout         Cap        Slew       Delay        Time   Description
---------------------------------------------------------------------------------------------
                      0.150000    0.000000    0.000000   clock i_clk (rise edge)
                                  0.000000    0.000000   clock network delay (ideal)
                                  6.000000    6.000000 ^ input external delay
   203    0.637442    2.137063    1.491615    7.491615 ^ i_rst_n (in)
                                                         i_rst_n (net)
                      2.137063    0.000000    7.491615 ^ _0980_/B1 (sky130_fd_sc_hd__o21a_2)
     1    0.003617    0.059181   -0.066429    7.425186 ^ _0980_/X (sky130_fd_sc_hd__o21a_2)
                                                         _0105_ (net)
                      0.059181    0.000000    7.425186 ^ _1132_/RESET_B (sky130_fd_sc_hd__dfrtp_2)
                                              7.425186   data arrival time

                      0.150000   32.000000   32.000000   clock i_clk (rise edge)
                                  0.000000   32.000000   clock network delay (ideal)
                                 -0.250000   31.750000   clock uncertainty
                                  0.000000   31.750000   clock reconvergence pessimism
                                             31.750000 ^ _1132_/CLK (sky130_fd_sc_hd__dfrtp_2)
                                  0.144708   31.894709   library recovery time
                                             31.894709   data required time
---------------------------------------------------------------------------------------------
                                             31.894709   data required time
                                             -7.425186   data arrival time
---------------------------------------------------------------------------------------------
                                             24.469522   slack (MET)


Startpoint: i_rst_n (input port clocked by i_clk)
Endpoint: _1133_ (recovery check against rising-edge clock i_clk)
Path Group: asynchronous
Path Type: max

Fanout         Cap        Slew       Delay        Time   Description
---------------------------------------------------------------------------------------------
                      0.150000    0.000000    0.000000   clock i_clk (rise edge)
                                  0.000000    0.000000   clock network delay (ideal)
                                  6.000000    6.000000 ^ input external delay
   203    0.637442    2.137063    1.491615    7.491615 ^ i_rst_n (in)
                                                         i_rst_n (net)
                      2.137063    0.000000    7.491615 ^ _0981_/B1 (sky130_fd_sc_hd__o21a_2)
     1    0.003617    0.059181   -0.066429    7.425186 ^ _0981_/X (sky130_fd_sc_hd__o21a_2)
                                                         _0106_ (net)
                      0.059181    0.000000    7.425186 ^ _1133_/RESET_B (sky130_fd_sc_hd__dfrtp_2)
                                              7.425186   data arrival time

                      0.150000   32.000000   32.000000   clock i_clk (rise edge)
                                  0.000000   32.000000   clock network delay (ideal)
                                 -0.250000   31.750000   clock uncertainty
                                  0.000000   31.750000   clock reconvergence pessimism
                                             31.750000 ^ _1133_/CLK (sky130_fd_sc_hd__dfrtp_2)
                                  0.144708   31.894709   library recovery time
                                             31.894709   data required time
---------------------------------------------------------------------------------------------
                                             31.894709   data required time
                                             -7.425186   data arrival time
---------------------------------------------------------------------------------------------
                                             24.469522   slack (MET)


Startpoint: i_rst_n (input port clocked by i_clk)
Endpoint: _1134_ (recovery check against rising-edge clock i_clk)
Path Group: asynchronous
Path Type: max

Fanout         Cap        Slew       Delay        Time   Description
---------------------------------------------------------------------------------------------
                      0.150000    0.000000    0.000000   clock i_clk (rise edge)
                                  0.000000    0.000000   clock network delay (ideal)
                                  6.000000    6.000000 ^ input external delay
   203    0.637442    2.137063    1.491615    7.491615 ^ i_rst_n (in)
                                                         i_rst_n (net)
                      2.137063    0.000000    7.491615 ^ _0982_/B1 (sky130_fd_sc_hd__o21a_2)
     1    0.003617    0.059181   -0.066429    7.425186 ^ _0982_/X (sky130_fd_sc_hd__o21a_2)
                                                         _0107_ (net)
                      0.059181    0.000000    7.425186 ^ _1134_/RESET_B (sky130_fd_sc_hd__dfrtp_2)
                                              7.425186   data arrival time

                      0.150000   32.000000   32.000000   clock i_clk (rise edge)
                                  0.000000   32.000000   clock network delay (ideal)
                                 -0.250000   31.750000   clock uncertainty
                                  0.000000   31.750000   clock reconvergence pessimism
                                             31.750000 ^ _1134_/CLK (sky130_fd_sc_hd__dfrtp_2)
                                  0.144708   31.894709   library recovery time
                                             31.894709   data required time
---------------------------------------------------------------------------------------------
                                             31.894709   data required time
                                             -7.425186   data arrival time
---------------------------------------------------------------------------------------------
                                             24.469522   slack (MET)


Startpoint: i_rst_n (input port clocked by i_clk)
Endpoint: _1135_ (recovery check against rising-edge clock i_clk)
Path Group: asynchronous
Path Type: max

Fanout         Cap        Slew       Delay        Time   Description
---------------------------------------------------------------------------------------------
                      0.150000    0.000000    0.000000   clock i_clk (rise edge)
                                  0.000000    0.000000   clock network delay (ideal)
                                  6.000000    6.000000 ^ input external delay
   203    0.637442    2.137063    1.491615    7.491615 ^ i_rst_n (in)
                                                         i_rst_n (net)
                      2.137063    0.000000    7.491615 ^ _0983_/B1 (sky130_fd_sc_hd__o21a_2)
     1    0.003617    0.059181   -0.066429    7.425186 ^ _0983_/X (sky130_fd_sc_hd__o21a_2)
                                                         _0108_ (net)
                      0.059181    0.000000    7.425186 ^ _1135_/RESET_B (sky130_fd_sc_hd__dfrtp_2)
                                              7.425186   data arrival time

                      0.150000   32.000000   32.000000   clock i_clk (rise edge)
                                  0.000000   32.000000   clock network delay (ideal)
                                 -0.250000   31.750000   clock uncertainty
                                  0.000000   31.750000   clock reconvergence pessimism
                                             31.750000 ^ _1135_/CLK (sky130_fd_sc_hd__dfrtp_2)
                                  0.144708   31.894709   library recovery time
                                             31.894709   data required time
---------------------------------------------------------------------------------------------
                                             31.894709   data required time
                                             -7.425186   data arrival time
---------------------------------------------------------------------------------------------
                                             24.469522   slack (MET)


Startpoint: i_rst_n (input port clocked by i_clk)
Endpoint: _1136_ (recovery check against rising-edge clock i_clk)
Path Group: asynchronous
Path Type: max

Fanout         Cap        Slew       Delay        Time   Description
---------------------------------------------------------------------------------------------
                      0.150000    0.000000    0.000000   clock i_clk (rise edge)
                                  0.000000    0.000000   clock network delay (ideal)
                                  6.000000    6.000000 ^ input external delay
   203    0.637442    2.137063    1.491615    7.491615 ^ i_rst_n (in)
                                                         i_rst_n (net)
                      2.137063    0.000000    7.491615 ^ _0984_/B1 (sky130_fd_sc_hd__o21a_2)
     1    0.003617    0.059181   -0.066429    7.425186 ^ _0984_/X (sky130_fd_sc_hd__o21a_2)
                                                         _0109_ (net)
                      0.059181    0.000000    7.425186 ^ _1136_/RESET_B (sky130_fd_sc_hd__dfrtp_2)
                                              7.425186   data arrival time

                      0.150000   32.000000   32.000000   clock i_clk (rise edge)
                                  0.000000   32.000000   clock network delay (ideal)
                                 -0.250000   31.750000   clock uncertainty
                                  0.000000   31.750000   clock reconvergence pessimism
                                             31.750000 ^ _1136_/CLK (sky130_fd_sc_hd__dfrtp_2)
                                  0.144708   31.894709   library recovery time
                                             31.894709   data required time
---------------------------------------------------------------------------------------------
                                             31.894709   data required time
                                             -7.425186   data arrival time
---------------------------------------------------------------------------------------------
                                             24.469522   slack (MET)


Startpoint: i_rst_n (input port clocked by i_clk)
Endpoint: _1137_ (recovery check against rising-edge clock i_clk)
Path Group: asynchronous
Path Type: max

Fanout         Cap        Slew       Delay        Time   Description
---------------------------------------------------------------------------------------------
                      0.150000    0.000000    0.000000   clock i_clk (rise edge)
                                  0.000000    0.000000   clock network delay (ideal)
                                  6.000000    6.000000 ^ input external delay
   203    0.637442    2.137063    1.491615    7.491615 ^ i_rst_n (in)
                                                         i_rst_n (net)
                      2.137063    0.000000    7.491615 ^ _0985_/B1 (sky130_fd_sc_hd__o21a_2)
     1    0.003617    0.059181   -0.066429    7.425186 ^ _0985_/X (sky130_fd_sc_hd__o21a_2)
                                                         _0110_ (net)
                      0.059181    0.000000    7.425186 ^ _1137_/RESET_B (sky130_fd_sc_hd__dfrtp_2)
                                              7.425186   data arrival time

                      0.150000   32.000000   32.000000   clock i_clk (rise edge)
                                  0.000000   32.000000   clock network delay (ideal)
                                 -0.250000   31.750000   clock uncertainty
                                  0.000000   31.750000   clock reconvergence pessimism
                                             31.750000 ^ _1137_/CLK (sky130_fd_sc_hd__dfrtp_2)
                                  0.144708   31.894709   library recovery time
                                             31.894709   data required time
---------------------------------------------------------------------------------------------
                                             31.894709   data required time
                                             -7.425186   data arrival time
---------------------------------------------------------------------------------------------
                                             24.469522   slack (MET)


Startpoint: i_rst_n (input port clocked by i_clk)
Endpoint: _1138_ (recovery check against rising-edge clock i_clk)
Path Group: asynchronous
Path Type: max

Fanout         Cap        Slew       Delay        Time   Description
---------------------------------------------------------------------------------------------
                      0.150000    0.000000    0.000000   clock i_clk (rise edge)
                                  0.000000    0.000000   clock network delay (ideal)
                                  6.000000    6.000000 ^ input external delay
   203    0.637442    2.137063    1.491615    7.491615 ^ i_rst_n (in)
                                                         i_rst_n (net)
                      2.137063    0.000000    7.491615 ^ _0986_/B1 (sky130_fd_sc_hd__o21a_2)
     1    0.003617    0.059181   -0.066429    7.425186 ^ _0986_/X (sky130_fd_sc_hd__o21a_2)
                                                         _0111_ (net)
                      0.059181    0.000000    7.425186 ^ _1138_/RESET_B (sky130_fd_sc_hd__dfrtp_2)
                                              7.425186   data arrival time

                      0.150000   32.000000   32.000000   clock i_clk (rise edge)
                                  0.000000   32.000000   clock network delay (ideal)
                                 -0.250000   31.750000   clock uncertainty
                                  0.000000   31.750000   clock reconvergence pessimism
                                             31.750000 ^ _1138_/CLK (sky130_fd_sc_hd__dfrtp_2)
                                  0.144708   31.894709   library recovery time
                                             31.894709   data required time
---------------------------------------------------------------------------------------------
                                             31.894709   data required time
                                             -7.425186   data arrival time
---------------------------------------------------------------------------------------------
                                             24.469522   slack (MET)


Startpoint: i_rst_n (input port clocked by i_clk)
Endpoint: _1139_ (recovery check against rising-edge clock i_clk)
Path Group: asynchronous
Path Type: max

Fanout         Cap        Slew       Delay        Time   Description
---------------------------------------------------------------------------------------------
                      0.150000    0.000000    0.000000   clock i_clk (rise edge)
                                  0.000000    0.000000   clock network delay (ideal)
                                  6.000000    6.000000 ^ input external delay
   203    0.637442    2.137063    1.491615    7.491615 ^ i_rst_n (in)
                                                         i_rst_n (net)
                      2.137063    0.000000    7.491615 ^ _0987_/B1 (sky130_fd_sc_hd__o21a_2)
     1    0.003617    0.059181   -0.066429    7.425186 ^ _0987_/X (sky130_fd_sc_hd__o21a_2)
                                                         _0112_ (net)
                      0.059181    0.000000    7.425186 ^ _1139_/RESET_B (sky130_fd_sc_hd__dfrtp_2)
                                              7.425186   data arrival time

                      0.150000   32.000000   32.000000   clock i_clk (rise edge)
                                  0.000000   32.000000   clock network delay (ideal)
                                 -0.250000   31.750000   clock uncertainty
                                  0.000000   31.750000   clock reconvergence pessimism
                                             31.750000 ^ _1139_/CLK (sky130_fd_sc_hd__dfrtp_2)
                                  0.144708   31.894709   library recovery time
                                             31.894709   data required time
---------------------------------------------------------------------------------------------
                                             31.894709   data required time
                                             -7.425186   data arrival time
---------------------------------------------------------------------------------------------
                                             24.469522   slack (MET)


Startpoint: i_rst_n (input port clocked by i_clk)
Endpoint: _1140_ (recovery check against rising-edge clock i_clk)
Path Group: asynchronous
Path Type: max

Fanout         Cap        Slew       Delay        Time   Description
---------------------------------------------------------------------------------------------
                      0.150000    0.000000    0.000000   clock i_clk (rise edge)
                                  0.000000    0.000000   clock network delay (ideal)
                                  6.000000    6.000000 ^ input external delay
   203    0.637442    2.137063    1.491615    7.491615 ^ i_rst_n (in)
                                                         i_rst_n (net)
                      2.137063    0.000000    7.491615 ^ _0988_/B1 (sky130_fd_sc_hd__o21a_2)
     1    0.003617    0.059181   -0.066429    7.425186 ^ _0988_/X (sky130_fd_sc_hd__o21a_2)
                                                         _0113_ (net)
                      0.059181    0.000000    7.425186 ^ _1140_/RESET_B (sky130_fd_sc_hd__dfrtp_2)
                                              7.425186   data arrival time

                      0.150000   32.000000   32.000000   clock i_clk (rise edge)
                                  0.000000   32.000000   clock network delay (ideal)
                                 -0.250000   31.750000   clock uncertainty
                                  0.000000   31.750000   clock reconvergence pessimism
                                             31.750000 ^ _1140_/CLK (sky130_fd_sc_hd__dfrtp_2)
                                  0.144708   31.894709   library recovery time
                                             31.894709   data required time
---------------------------------------------------------------------------------------------
                                             31.894709   data required time
                                             -7.425186   data arrival time
---------------------------------------------------------------------------------------------
                                             24.469522   slack (MET)


Startpoint: i_rst_n (input port clocked by i_clk)
Endpoint: _1141_ (recovery check against rising-edge clock i_clk)
Path Group: asynchronous
Path Type: max

Fanout         Cap        Slew       Delay        Time   Description
---------------------------------------------------------------------------------------------
                      0.150000    0.000000    0.000000   clock i_clk (rise edge)
                                  0.000000    0.000000   clock network delay (ideal)
                                  6.000000    6.000000 ^ input external delay
   203    0.637442    2.137063    1.491615    7.491615 ^ i_rst_n (in)
                                                         i_rst_n (net)
                      2.137063    0.000000    7.491615 ^ _0989_/B1 (sky130_fd_sc_hd__o21a_2)
     1    0.003617    0.059181   -0.066429    7.425186 ^ _0989_/X (sky130_fd_sc_hd__o21a_2)
                                                         _0114_ (net)
                      0.059181    0.000000    7.425186 ^ _1141_/RESET_B (sky130_fd_sc_hd__dfrtp_2)
                                              7.425186   data arrival time

                      0.150000   32.000000   32.000000   clock i_clk (rise edge)
                                  0.000000   32.000000   clock network delay (ideal)
                                 -0.250000   31.750000   clock uncertainty
                                  0.000000   31.750000   clock reconvergence pessimism
                                             31.750000 ^ _1141_/CLK (sky130_fd_sc_hd__dfrtp_2)
                                  0.144708   31.894709   library recovery time
                                             31.894709   data required time
---------------------------------------------------------------------------------------------
                                             31.894709   data required time
                                             -7.425186   data arrival time
---------------------------------------------------------------------------------------------
                                             24.469522   slack (MET)


Startpoint: i_rst_n (input port clocked by i_clk)
Endpoint: _1143_ (recovery check against rising-edge clock i_clk)
Path Group: asynchronous
Path Type: max

Fanout         Cap        Slew       Delay        Time   Description
---------------------------------------------------------------------------------------------
                      0.150000    0.000000    0.000000   clock i_clk (rise edge)
                                  0.000000    0.000000   clock network delay (ideal)
                                  6.000000    6.000000 ^ input external delay
   203    0.637442    2.137063    1.491615    7.491615 ^ i_rst_n (in)
                                                         i_rst_n (net)
                      2.137063    0.000000    7.491615 ^ _0991_/B1 (sky130_fd_sc_hd__o21a_2)
     1    0.003617    0.059181   -0.066429    7.425186 ^ _0991_/X (sky130_fd_sc_hd__o21a_2)
                                                         _0116_ (net)
                      0.059181    0.000000    7.425186 ^ _1143_/RESET_B (sky130_fd_sc_hd__dfrtp_2)
                                              7.425186   data arrival time

                      0.150000   32.000000   32.000000   clock i_clk (rise edge)
                                  0.000000   32.000000   clock network delay (ideal)
                                 -0.250000   31.750000   clock uncertainty
                                  0.000000   31.750000   clock reconvergence pessimism
                                             31.750000 ^ _1143_/CLK (sky130_fd_sc_hd__dfrtp_2)
                                  0.144708   31.894709   library recovery time
                                             31.894709   data required time
---------------------------------------------------------------------------------------------
                                             31.894709   data required time
                                             -7.425186   data arrival time
---------------------------------------------------------------------------------------------
                                             24.469522   slack (MET)


Startpoint: i_rst_n (input port clocked by i_clk)
Endpoint: _1144_ (recovery check against rising-edge clock i_clk)
Path Group: asynchronous
Path Type: max

Fanout         Cap        Slew       Delay        Time   Description
---------------------------------------------------------------------------------------------
                      0.150000    0.000000    0.000000   clock i_clk (rise edge)
                                  0.000000    0.000000   clock network delay (ideal)
                                  6.000000    6.000000 ^ input external delay
   203    0.637442    2.137063    1.491615    7.491615 ^ i_rst_n (in)
                                                         i_rst_n (net)
                      2.137063    0.000000    7.491615 ^ _0992_/B1 (sky130_fd_sc_hd__o21a_2)
     1    0.003617    0.059181   -0.066429    7.425186 ^ _0992_/X (sky130_fd_sc_hd__o21a_2)
                                                         _0117_ (net)
                      0.059181    0.000000    7.425186 ^ _1144_/RESET_B (sky130_fd_sc_hd__dfrtp_2)
                                              7.425186   data arrival time

                      0.150000   32.000000   32.000000   clock i_clk (rise edge)
                                  0.000000   32.000000   clock network delay (ideal)
                                 -0.250000   31.750000   clock uncertainty
                                  0.000000   31.750000   clock reconvergence pessimism
                                             31.750000 ^ _1144_/CLK (sky130_fd_sc_hd__dfrtp_2)
                                  0.144708   31.894709   library recovery time
                                             31.894709   data required time
---------------------------------------------------------------------------------------------
                                             31.894709   data required time
                                             -7.425186   data arrival time
---------------------------------------------------------------------------------------------
                                             24.469522   slack (MET)


Startpoint: i_rst_n (input port clocked by i_clk)
Endpoint: _1146_ (recovery check against rising-edge clock i_clk)
Path Group: asynchronous
Path Type: max

Fanout         Cap        Slew       Delay        Time   Description
---------------------------------------------------------------------------------------------
                      0.150000    0.000000    0.000000   clock i_clk (rise edge)
                                  0.000000    0.000000   clock network delay (ideal)
                                  6.000000    6.000000 ^ input external delay
   203    0.637442    2.137063    1.491615    7.491615 ^ i_rst_n (in)
                                                         i_rst_n (net)
                      2.137063    0.000000    7.491615 ^ _0994_/B1 (sky130_fd_sc_hd__o21a_2)
     1    0.003617    0.059181   -0.066429    7.425186 ^ _0994_/X (sky130_fd_sc_hd__o21a_2)
                                                         _0119_ (net)
                      0.059181    0.000000    7.425186 ^ _1146_/RESET_B (sky130_fd_sc_hd__dfrtp_2)
                                              7.425186   data arrival time

                      0.150000   32.000000   32.000000   clock i_clk (rise edge)
                                  0.000000   32.000000   clock network delay (ideal)
                                 -0.250000   31.750000   clock uncertainty
                                  0.000000   31.750000   clock reconvergence pessimism
                                             31.750000 ^ _1146_/CLK (sky130_fd_sc_hd__dfrtp_2)
                                  0.144708   31.894709   library recovery time
                                             31.894709   data required time
---------------------------------------------------------------------------------------------
                                             31.894709   data required time
                                             -7.425186   data arrival time
---------------------------------------------------------------------------------------------
                                             24.469522   slack (MET)


Startpoint: i_rst_n (input port clocked by i_clk)
Endpoint: _1147_ (recovery check against rising-edge clock i_clk)
Path Group: asynchronous
Path Type: max

Fanout         Cap        Slew       Delay        Time   Description
---------------------------------------------------------------------------------------------
                      0.150000    0.000000    0.000000   clock i_clk (rise edge)
                                  0.000000    0.000000   clock network delay (ideal)
                                  6.000000    6.000000 ^ input external delay
   203    0.637442    2.137063    1.491615    7.491615 ^ i_rst_n (in)
                                                         i_rst_n (net)
                      2.137063    0.000000    7.491615 ^ _0995_/B1 (sky130_fd_sc_hd__o21a_2)
     1    0.003617    0.059181   -0.066429    7.425186 ^ _0995_/X (sky130_fd_sc_hd__o21a_2)
                                                         _0120_ (net)
                      0.059181    0.000000    7.425186 ^ _1147_/RESET_B (sky130_fd_sc_hd__dfrtp_2)
                                              7.425186   data arrival time

                      0.150000   32.000000   32.000000   clock i_clk (rise edge)
                                  0.000000   32.000000   clock network delay (ideal)
                                 -0.250000   31.750000   clock uncertainty
                                  0.000000   31.750000   clock reconvergence pessimism
                                             31.750000 ^ _1147_/CLK (sky130_fd_sc_hd__dfrtp_2)
                                  0.144708   31.894709   library recovery time
                                             31.894709   data required time
---------------------------------------------------------------------------------------------
                                             31.894709   data required time
                                             -7.425186   data arrival time
---------------------------------------------------------------------------------------------
                                             24.469522   slack (MET)


Startpoint: i_rst_n (input port clocked by i_clk)
Endpoint: _1148_ (recovery check against rising-edge clock i_clk)
Path Group: asynchronous
Path Type: max

Fanout         Cap        Slew       Delay        Time   Description
---------------------------------------------------------------------------------------------
                      0.150000    0.000000    0.000000   clock i_clk (rise edge)
                                  0.000000    0.000000   clock network delay (ideal)
                                  6.000000    6.000000 ^ input external delay
   203    0.637442    2.137063    1.491615    7.491615 ^ i_rst_n (in)
                                                         i_rst_n (net)
                      2.137063    0.000000    7.491615 ^ _0996_/B1 (sky130_fd_sc_hd__o21a_2)
     1    0.003617    0.059181   -0.066429    7.425186 ^ _0996_/X (sky130_fd_sc_hd__o21a_2)
                                                         _0121_ (net)
                      0.059181    0.000000    7.425186 ^ _1148_/RESET_B (sky130_fd_sc_hd__dfrtp_2)
                                              7.425186   data arrival time

                      0.150000   32.000000   32.000000   clock i_clk (rise edge)
                                  0.000000   32.000000   clock network delay (ideal)
                                 -0.250000   31.750000   clock uncertainty
                                  0.000000   31.750000   clock reconvergence pessimism
                                             31.750000 ^ _1148_/CLK (sky130_fd_sc_hd__dfrtp_2)
                                  0.144708   31.894709   library recovery time
                                             31.894709   data required time
---------------------------------------------------------------------------------------------
                                             31.894709   data required time
                                             -7.425186   data arrival time
---------------------------------------------------------------------------------------------
                                             24.469522   slack (MET)


Startpoint: i_rst_n (input port clocked by i_clk)
Endpoint: _1149_ (recovery check against rising-edge clock i_clk)
Path Group: asynchronous
Path Type: max

Fanout         Cap        Slew       Delay        Time   Description
---------------------------------------------------------------------------------------------
                      0.150000    0.000000    0.000000   clock i_clk (rise edge)
                                  0.000000    0.000000   clock network delay (ideal)
                                  6.000000    6.000000 ^ input external delay
   203    0.637442    2.137063    1.491615    7.491615 ^ i_rst_n (in)
                                                         i_rst_n (net)
                      2.137063    0.000000    7.491615 ^ _0997_/B1 (sky130_fd_sc_hd__o21a_2)
     1    0.003617    0.059181   -0.066429    7.425186 ^ _0997_/X (sky130_fd_sc_hd__o21a_2)
                                                         _0122_ (net)
                      0.059181    0.000000    7.425186 ^ _1149_/RESET_B (sky130_fd_sc_hd__dfrtp_2)
                                              7.425186   data arrival time

                      0.150000   32.000000   32.000000   clock i_clk (rise edge)
                                  0.000000   32.000000   clock network delay (ideal)
                                 -0.250000   31.750000   clock uncertainty
                                  0.000000   31.750000   clock reconvergence pessimism
                                             31.750000 ^ _1149_/CLK (sky130_fd_sc_hd__dfrtp_2)
                                  0.144708   31.894709   library recovery time
                                             31.894709   data required time
---------------------------------------------------------------------------------------------
                                             31.894709   data required time
                                             -7.425186   data arrival time
---------------------------------------------------------------------------------------------
                                             24.469522   slack (MET)


Startpoint: i_rst_n (input port clocked by i_clk)
Endpoint: _1150_ (recovery check against rising-edge clock i_clk)
Path Group: asynchronous
Path Type: max

Fanout         Cap        Slew       Delay        Time   Description
---------------------------------------------------------------------------------------------
                      0.150000    0.000000    0.000000   clock i_clk (rise edge)
                                  0.000000    0.000000   clock network delay (ideal)
                                  6.000000    6.000000 ^ input external delay
   203    0.637442    2.137063    1.491615    7.491615 ^ i_rst_n (in)
                                                         i_rst_n (net)
                      2.137063    0.000000    7.491615 ^ _0998_/B1 (sky130_fd_sc_hd__o21a_2)
     1    0.003617    0.059181   -0.066429    7.425186 ^ _0998_/X (sky130_fd_sc_hd__o21a_2)
                                                         _0123_ (net)
                      0.059181    0.000000    7.425186 ^ _1150_/RESET_B (sky130_fd_sc_hd__dfrtp_2)
                                              7.425186   data arrival time

                      0.150000   32.000000   32.000000   clock i_clk (rise edge)
                                  0.000000   32.000000   clock network delay (ideal)
                                 -0.250000   31.750000   clock uncertainty
                                  0.000000   31.750000   clock reconvergence pessimism
                                             31.750000 ^ _1150_/CLK (sky130_fd_sc_hd__dfrtp_2)
                                  0.144708   31.894709   library recovery time
                                             31.894709   data required time
---------------------------------------------------------------------------------------------
                                             31.894709   data required time
                                             -7.425186   data arrival time
---------------------------------------------------------------------------------------------
                                             24.469522   slack (MET)


Startpoint: i_rst_n (input port clocked by i_clk)
Endpoint: _1151_ (recovery check against rising-edge clock i_clk)
Path Group: asynchronous
Path Type: max

Fanout         Cap        Slew       Delay        Time   Description
---------------------------------------------------------------------------------------------
                      0.150000    0.000000    0.000000   clock i_clk (rise edge)
                                  0.000000    0.000000   clock network delay (ideal)
                                  6.000000    6.000000 ^ input external delay
   203    0.637442    2.137063    1.491615    7.491615 ^ i_rst_n (in)
                                                         i_rst_n (net)
                      2.137063    0.000000    7.491615 ^ _0999_/B1 (sky130_fd_sc_hd__o21a_2)
     1    0.003617    0.059181   -0.066429    7.425186 ^ _0999_/X (sky130_fd_sc_hd__o21a_2)
                                                         _0124_ (net)
                      0.059181    0.000000    7.425186 ^ _1151_/RESET_B (sky130_fd_sc_hd__dfrtp_2)
                                              7.425186   data arrival time

                      0.150000   32.000000   32.000000   clock i_clk (rise edge)
                                  0.000000   32.000000   clock network delay (ideal)
                                 -0.250000   31.750000   clock uncertainty
                                  0.000000   31.750000   clock reconvergence pessimism
                                             31.750000 ^ _1151_/CLK (sky130_fd_sc_hd__dfrtp_2)
                                  0.144708   31.894709   library recovery time
                                             31.894709   data required time
---------------------------------------------------------------------------------------------
                                             31.894709   data required time
                                             -7.425186   data arrival time
---------------------------------------------------------------------------------------------
                                             24.469522   slack (MET)


Startpoint: i_rst_n (input port clocked by i_clk)
Endpoint: _1153_ (recovery check against rising-edge clock i_clk)
Path Group: asynchronous
Path Type: max

Fanout         Cap        Slew       Delay        Time   Description
---------------------------------------------------------------------------------------------
                      0.150000    0.000000    0.000000   clock i_clk (rise edge)
                                  0.000000    0.000000   clock network delay (ideal)
                                  6.000000    6.000000 ^ input external delay
   203    0.637442    2.137063    1.491615    7.491615 ^ i_rst_n (in)
                                                         i_rst_n (net)
                      2.137063    0.000000    7.491615 ^ _1001_/B1 (sky130_fd_sc_hd__o21a_2)
     1    0.003617    0.059181   -0.066429    7.425186 ^ _1001_/X (sky130_fd_sc_hd__o21a_2)
                                                         _0126_ (net)
                      0.059181    0.000000    7.425186 ^ _1153_/RESET_B (sky130_fd_sc_hd__dfrtp_2)
                                              7.425186   data arrival time

                      0.150000   32.000000   32.000000   clock i_clk (rise edge)
                                  0.000000   32.000000   clock network delay (ideal)
                                 -0.250000   31.750000   clock uncertainty
                                  0.000000   31.750000   clock reconvergence pessimism
                                             31.750000 ^ _1153_/CLK (sky130_fd_sc_hd__dfrtp_2)
                                  0.144708   31.894709   library recovery time
                                             31.894709   data required time
---------------------------------------------------------------------------------------------
                                             31.894709   data required time
                                             -7.425186   data arrival time
---------------------------------------------------------------------------------------------
                                             24.469522   slack (MET)


Startpoint: i_rst_n (input port clocked by i_clk)
Endpoint: _1154_ (recovery check against rising-edge clock i_clk)
Path Group: asynchronous
Path Type: max

Fanout         Cap        Slew       Delay        Time   Description
---------------------------------------------------------------------------------------------
                      0.150000    0.000000    0.000000   clock i_clk (rise edge)
                                  0.000000    0.000000   clock network delay (ideal)
                                  6.000000    6.000000 ^ input external delay
   203    0.637442    2.137063    1.491615    7.491615 ^ i_rst_n (in)
                                                         i_rst_n (net)
                      2.137063    0.000000    7.491615 ^ _1002_/B1 (sky130_fd_sc_hd__o21a_2)
     1    0.003617    0.059181   -0.066429    7.425186 ^ _1002_/X (sky130_fd_sc_hd__o21a_2)
                                                         _0127_ (net)
                      0.059181    0.000000    7.425186 ^ _1154_/RESET_B (sky130_fd_sc_hd__dfrtp_2)
                                              7.425186   data arrival time

                      0.150000   32.000000   32.000000   clock i_clk (rise edge)
                                  0.000000   32.000000   clock network delay (ideal)
                                 -0.250000   31.750000   clock uncertainty
                                  0.000000   31.750000   clock reconvergence pessimism
                                             31.750000 ^ _1154_/CLK (sky130_fd_sc_hd__dfrtp_2)
                                  0.144708   31.894709   library recovery time
                                             31.894709   data required time
---------------------------------------------------------------------------------------------
                                             31.894709   data required time
                                             -7.425186   data arrival time
---------------------------------------------------------------------------------------------
                                             24.469522   slack (MET)


Startpoint: i_rst_n (input port clocked by i_clk)
Endpoint: _1155_ (recovery check against rising-edge clock i_clk)
Path Group: asynchronous
Path Type: max

Fanout         Cap        Slew       Delay        Time   Description
---------------------------------------------------------------------------------------------
                      0.150000    0.000000    0.000000   clock i_clk (rise edge)
                                  0.000000    0.000000   clock network delay (ideal)
                                  6.000000    6.000000 ^ input external delay
   203    0.637442    2.137063    1.491615    7.491615 ^ i_rst_n (in)
                                                         i_rst_n (net)
                      2.137063    0.000000    7.491615 ^ _1003_/B1 (sky130_fd_sc_hd__o21a_2)
     1    0.003617    0.059181   -0.066429    7.425186 ^ _1003_/X (sky130_fd_sc_hd__o21a_2)
                                                         _0128_ (net)
                      0.059181    0.000000    7.425186 ^ _1155_/RESET_B (sky130_fd_sc_hd__dfrtp_2)
                                              7.425186   data arrival time

                      0.150000   32.000000   32.000000   clock i_clk (rise edge)
                                  0.000000   32.000000   clock network delay (ideal)
                                 -0.250000   31.750000   clock uncertainty
                                  0.000000   31.750000   clock reconvergence pessimism
                                             31.750000 ^ _1155_/CLK (sky130_fd_sc_hd__dfrtp_2)
                                  0.144708   31.894709   library recovery time
                                             31.894709   data required time
---------------------------------------------------------------------------------------------
                                             31.894709   data required time
                                             -7.425186   data arrival time
---------------------------------------------------------------------------------------------
                                             24.469522   slack (MET)


Startpoint: i_rst_n (input port clocked by i_clk)
Endpoint: _1157_ (recovery check against rising-edge clock i_clk)
Path Group: asynchronous
Path Type: max

Fanout         Cap        Slew       Delay        Time   Description
---------------------------------------------------------------------------------------------
                      0.150000    0.000000    0.000000   clock i_clk (rise edge)
                                  0.000000    0.000000   clock network delay (ideal)
                                  6.000000    6.000000 ^ input external delay
   203    0.637442    2.137063    1.491615    7.491615 ^ i_rst_n (in)
                                                         i_rst_n (net)
                      2.137063    0.000000    7.491615 ^ _1005_/B1 (sky130_fd_sc_hd__o21a_2)
     1    0.003617    0.059181   -0.066429    7.425186 ^ _1005_/X (sky130_fd_sc_hd__o21a_2)
                                                         _0130_ (net)
                      0.059181    0.000000    7.425186 ^ _1157_/RESET_B (sky130_fd_sc_hd__dfrtp_2)
                                              7.425186   data arrival time

                      0.150000   32.000000   32.000000   clock i_clk (rise edge)
                                  0.000000   32.000000   clock network delay (ideal)
                                 -0.250000   31.750000   clock uncertainty
                                  0.000000   31.750000   clock reconvergence pessimism
                                             31.750000 ^ _1157_/CLK (sky130_fd_sc_hd__dfrtp_2)
                                  0.144708   31.894709   library recovery time
                                             31.894709   data required time
---------------------------------------------------------------------------------------------
                                             31.894709   data required time
                                             -7.425186   data arrival time
---------------------------------------------------------------------------------------------
                                             24.469522   slack (MET)


Startpoint: i_rst_n (input port clocked by i_clk)
Endpoint: _1158_ (recovery check against rising-edge clock i_clk)
Path Group: asynchronous
Path Type: max

Fanout         Cap        Slew       Delay        Time   Description
---------------------------------------------------------------------------------------------
                      0.150000    0.000000    0.000000   clock i_clk (rise edge)
                                  0.000000    0.000000   clock network delay (ideal)
                                  6.000000    6.000000 ^ input external delay
   203    0.637442    2.137063    1.491615    7.491615 ^ i_rst_n (in)
                                                         i_rst_n (net)
                      2.137063    0.000000    7.491615 ^ _1006_/B1 (sky130_fd_sc_hd__o21a_2)
     1    0.003617    0.059181   -0.066429    7.425186 ^ _1006_/X (sky130_fd_sc_hd__o21a_2)
                                                         _0131_ (net)
                      0.059181    0.000000    7.425186 ^ _1158_/RESET_B (sky130_fd_sc_hd__dfrtp_2)
                                              7.425186   data arrival time

                      0.150000   32.000000   32.000000   clock i_clk (rise edge)
                                  0.000000   32.000000   clock network delay (ideal)
                                 -0.250000   31.750000   clock uncertainty
                                  0.000000   31.750000   clock reconvergence pessimism
                                             31.750000 ^ _1158_/CLK (sky130_fd_sc_hd__dfrtp_2)
                                  0.144708   31.894709   library recovery time
                                             31.894709   data required time
---------------------------------------------------------------------------------------------
                                             31.894709   data required time
                                             -7.425186   data arrival time
---------------------------------------------------------------------------------------------
                                             24.469522   slack (MET)


Startpoint: i_rst_n (input port clocked by i_clk)
Endpoint: _1199_ (recovery check against rising-edge clock i_clk)
Path Group: asynchronous
Path Type: max

Fanout         Cap        Slew       Delay        Time   Description
---------------------------------------------------------------------------------------------
                      0.150000    0.000000    0.000000   clock i_clk (rise edge)
                                  0.000000    0.000000   clock network delay (ideal)
                                  6.000000    6.000000 ^ input external delay
   203    0.637442    2.137063    1.491615    7.491615 ^ i_rst_n (in)
                                                         i_rst_n (net)
                      2.137063    0.000000    7.491615 ^ _1007_/B1 (sky130_fd_sc_hd__o21a_2)
     1    0.003617    0.059181   -0.066429    7.425186 ^ _1007_/X (sky130_fd_sc_hd__o21a_2)
                                                         _0132_ (net)
                      0.059181    0.000000    7.425186 ^ _1199_/RESET_B (sky130_fd_sc_hd__dfrtp_2)
                                              7.425186   data arrival time

                      0.150000   32.000000   32.000000   clock i_clk (rise edge)
                                  0.000000   32.000000   clock network delay (ideal)
                                 -0.250000   31.750000   clock uncertainty
                                  0.000000   31.750000   clock reconvergence pessimism
                                             31.750000 ^ _1199_/CLK (sky130_fd_sc_hd__dfrtp_2)
                                  0.144708   31.894709   library recovery time
                                             31.894709   data required time
---------------------------------------------------------------------------------------------
                                             31.894709   data required time
                                             -7.425186   data arrival time
---------------------------------------------------------------------------------------------
                                             24.469522   slack (MET)


Startpoint: i_rst_n (input port clocked by i_clk)
Endpoint: _1200_ (recovery check against rising-edge clock i_clk)
Path Group: asynchronous
Path Type: max

Fanout         Cap        Slew       Delay        Time   Description
---------------------------------------------------------------------------------------------
                      0.150000    0.000000    0.000000   clock i_clk (rise edge)
                                  0.000000    0.000000   clock network delay (ideal)
                                  6.000000    6.000000 ^ input external delay
   203    0.637442    2.137063    1.491615    7.491615 ^ i_rst_n (in)
                                                         i_rst_n (net)
                      2.137063    0.000000    7.491615 ^ _1008_/B1 (sky130_fd_sc_hd__o21a_2)
     1    0.003617    0.059181   -0.066429    7.425186 ^ _1008_/X (sky130_fd_sc_hd__o21a_2)
                                                         _0133_ (net)
                      0.059181    0.000000    7.425186 ^ _1200_/RESET_B (sky130_fd_sc_hd__dfrtp_2)
                                              7.425186   data arrival time

                      0.150000   32.000000   32.000000   clock i_clk (rise edge)
                                  0.000000   32.000000   clock network delay (ideal)
                                 -0.250000   31.750000   clock uncertainty
                                  0.000000   31.750000   clock reconvergence pessimism
                                             31.750000 ^ _1200_/CLK (sky130_fd_sc_hd__dfrtp_2)
                                  0.144708   31.894709   library recovery time
                                             31.894709   data required time
---------------------------------------------------------------------------------------------
                                             31.894709   data required time
                                             -7.425186   data arrival time
---------------------------------------------------------------------------------------------
                                             24.469522   slack (MET)


Startpoint: i_rst_n (input port clocked by i_clk)
Endpoint: _1201_ (recovery check against rising-edge clock i_clk)
Path Group: asynchronous
Path Type: max

Fanout         Cap        Slew       Delay        Time   Description
---------------------------------------------------------------------------------------------
                      0.150000    0.000000    0.000000   clock i_clk (rise edge)
                                  0.000000    0.000000   clock network delay (ideal)
                                  6.000000    6.000000 ^ input external delay
   203    0.637442    2.137063    1.491615    7.491615 ^ i_rst_n (in)
                                                         i_rst_n (net)
                      2.137063    0.000000    7.491615 ^ _1009_/B1 (sky130_fd_sc_hd__o21a_2)
     1    0.003617    0.059181   -0.066429    7.425186 ^ _1009_/X (sky130_fd_sc_hd__o21a_2)
                                                         _0134_ (net)
                      0.059181    0.000000    7.425186 ^ _1201_/RESET_B (sky130_fd_sc_hd__dfrtp_2)
                                              7.425186   data arrival time

                      0.150000   32.000000   32.000000   clock i_clk (rise edge)
                                  0.000000   32.000000   clock network delay (ideal)
                                 -0.250000   31.750000   clock uncertainty
                                  0.000000   31.750000   clock reconvergence pessimism
                                             31.750000 ^ _1201_/CLK (sky130_fd_sc_hd__dfrtp_2)
                                  0.144708   31.894709   library recovery time
                                             31.894709   data required time
---------------------------------------------------------------------------------------------
                                             31.894709   data required time
                                             -7.425186   data arrival time
---------------------------------------------------------------------------------------------
                                             24.469522   slack (MET)


Startpoint: i_rst_n (input port clocked by i_clk)
Endpoint: _1202_ (recovery check against rising-edge clock i_clk)
Path Group: asynchronous
Path Type: max

Fanout         Cap        Slew       Delay        Time   Description
---------------------------------------------------------------------------------------------
                      0.150000    0.000000    0.000000   clock i_clk (rise edge)
                                  0.000000    0.000000   clock network delay (ideal)
                                  6.000000    6.000000 ^ input external delay
   203    0.637442    2.137063    1.491615    7.491615 ^ i_rst_n (in)
                                                         i_rst_n (net)
                      2.137063    0.000000    7.491615 ^ _1010_/B1 (sky130_fd_sc_hd__o21a_2)
     1    0.003617    0.059181   -0.066429    7.425186 ^ _1010_/X (sky130_fd_sc_hd__o21a_2)
                                                         _0135_ (net)
                      0.059181    0.000000    7.425186 ^ _1202_/RESET_B (sky130_fd_sc_hd__dfrtp_2)
                                              7.425186   data arrival time

                      0.150000   32.000000   32.000000   clock i_clk (rise edge)
                                  0.000000   32.000000   clock network delay (ideal)
                                 -0.250000   31.750000   clock uncertainty
                                  0.000000   31.750000   clock reconvergence pessimism
                                             31.750000 ^ _1202_/CLK (sky130_fd_sc_hd__dfrtp_2)
                                  0.144708   31.894709   library recovery time
                                             31.894709   data required time
---------------------------------------------------------------------------------------------
                                             31.894709   data required time
                                             -7.425186   data arrival time
---------------------------------------------------------------------------------------------
                                             24.469522   slack (MET)


Startpoint: i_rst_n (input port clocked by i_clk)
Endpoint: _1203_ (recovery check against rising-edge clock i_clk)
Path Group: asynchronous
Path Type: max

Fanout         Cap        Slew       Delay        Time   Description
---------------------------------------------------------------------------------------------
                      0.150000    0.000000    0.000000   clock i_clk (rise edge)
                                  0.000000    0.000000   clock network delay (ideal)
                                  6.000000    6.000000 ^ input external delay
   203    0.637442    2.137063    1.491615    7.491615 ^ i_rst_n (in)
                                                         i_rst_n (net)
                      2.137063    0.000000    7.491615 ^ _1011_/B1 (sky130_fd_sc_hd__o21a_2)
     1    0.003617    0.059181   -0.066429    7.425186 ^ _1011_/X (sky130_fd_sc_hd__o21a_2)
                                                         _0136_ (net)
                      0.059181    0.000000    7.425186 ^ _1203_/RESET_B (sky130_fd_sc_hd__dfrtp_2)
                                              7.425186   data arrival time

                      0.150000   32.000000   32.000000   clock i_clk (rise edge)
                                  0.000000   32.000000   clock network delay (ideal)
                                 -0.250000   31.750000   clock uncertainty
                                  0.000000   31.750000   clock reconvergence pessimism
                                             31.750000 ^ _1203_/CLK (sky130_fd_sc_hd__dfrtp_2)
                                  0.144708   31.894709   library recovery time
                                             31.894709   data required time
---------------------------------------------------------------------------------------------
                                             31.894709   data required time
                                             -7.425186   data arrival time
---------------------------------------------------------------------------------------------
                                             24.469522   slack (MET)


Startpoint: i_rst_n (input port clocked by i_clk)
Endpoint: _1204_ (recovery check against rising-edge clock i_clk)
Path Group: asynchronous
Path Type: max

Fanout         Cap        Slew       Delay        Time   Description
---------------------------------------------------------------------------------------------
                      0.150000    0.000000    0.000000   clock i_clk (rise edge)
                                  0.000000    0.000000   clock network delay (ideal)
                                  6.000000    6.000000 ^ input external delay
   203    0.637442    2.137063    1.491615    7.491615 ^ i_rst_n (in)
                                                         i_rst_n (net)
                      2.137063    0.000000    7.491615 ^ _1012_/B1 (sky130_fd_sc_hd__o21a_2)
     1    0.003617    0.059181   -0.066429    7.425186 ^ _1012_/X (sky130_fd_sc_hd__o21a_2)
                                                         _0137_ (net)
                      0.059181    0.000000    7.425186 ^ _1204_/RESET_B (sky130_fd_sc_hd__dfrtp_2)
                                              7.425186   data arrival time

                      0.150000   32.000000   32.000000   clock i_clk (rise edge)
                                  0.000000   32.000000   clock network delay (ideal)
                                 -0.250000   31.750000   clock uncertainty
                                  0.000000   31.750000   clock reconvergence pessimism
                                             31.750000 ^ _1204_/CLK (sky130_fd_sc_hd__dfrtp_2)
                                  0.144708   31.894709   library recovery time
                                             31.894709   data required time
---------------------------------------------------------------------------------------------
                                             31.894709   data required time
                                             -7.425186   data arrival time
---------------------------------------------------------------------------------------------
                                             24.469522   slack (MET)


Startpoint: i_rst_n (input port clocked by i_clk)
Endpoint: _1205_ (recovery check against rising-edge clock i_clk)
Path Group: asynchronous
Path Type: max

Fanout         Cap        Slew       Delay        Time   Description
---------------------------------------------------------------------------------------------
                      0.150000    0.000000    0.000000   clock i_clk (rise edge)
                                  0.000000    0.000000   clock network delay (ideal)
                                  6.000000    6.000000 ^ input external delay
   203    0.637442    2.137063    1.491615    7.491615 ^ i_rst_n (in)
                                                         i_rst_n (net)
                      2.137063    0.000000    7.491615 ^ _1013_/B1 (sky130_fd_sc_hd__o21a_2)
     1    0.003617    0.059181   -0.066429    7.425186 ^ _1013_/X (sky130_fd_sc_hd__o21a_2)
                                                         _0138_ (net)
                      0.059181    0.000000    7.425186 ^ _1205_/RESET_B (sky130_fd_sc_hd__dfrtp_2)
                                              7.425186   data arrival time

                      0.150000   32.000000   32.000000   clock i_clk (rise edge)
                                  0.000000   32.000000   clock network delay (ideal)
                                 -0.250000   31.750000   clock uncertainty
                                  0.000000   31.750000   clock reconvergence pessimism
                                             31.750000 ^ _1205_/CLK (sky130_fd_sc_hd__dfrtp_2)
                                  0.144708   31.894709   library recovery time
                                             31.894709   data required time
---------------------------------------------------------------------------------------------
                                             31.894709   data required time
                                             -7.425186   data arrival time
---------------------------------------------------------------------------------------------
                                             24.469522   slack (MET)


Startpoint: i_rst_n (input port clocked by i_clk)
Endpoint: _1206_ (recovery check against rising-edge clock i_clk)
Path Group: asynchronous
Path Type: max

Fanout         Cap        Slew       Delay        Time   Description
---------------------------------------------------------------------------------------------
                      0.150000    0.000000    0.000000   clock i_clk (rise edge)
                                  0.000000    0.000000   clock network delay (ideal)
                                  6.000000    6.000000 ^ input external delay
   203    0.637442    2.137063    1.491615    7.491615 ^ i_rst_n (in)
                                                         i_rst_n (net)
                      2.137063    0.000000    7.491615 ^ _1014_/B1 (sky130_fd_sc_hd__o21a_2)
     1    0.003617    0.059181   -0.066429    7.425186 ^ _1014_/X (sky130_fd_sc_hd__o21a_2)
                                                         _0139_ (net)
                      0.059181    0.000000    7.425186 ^ _1206_/RESET_B (sky130_fd_sc_hd__dfrtp_2)
                                              7.425186   data arrival time

                      0.150000   32.000000   32.000000   clock i_clk (rise edge)
                                  0.000000   32.000000   clock network delay (ideal)
                                 -0.250000   31.750000   clock uncertainty
                                  0.000000   31.750000   clock reconvergence pessimism
                                             31.750000 ^ _1206_/CLK (sky130_fd_sc_hd__dfrtp_2)
                                  0.144708   31.894709   library recovery time
                                             31.894709   data required time
---------------------------------------------------------------------------------------------
                                             31.894709   data required time
                                             -7.425186   data arrival time
---------------------------------------------------------------------------------------------
                                             24.469522   slack (MET)


Startpoint: i_rst_n (input port clocked by i_clk)
Endpoint: _1207_ (recovery check against rising-edge clock i_clk)
Path Group: asynchronous
Path Type: max

Fanout         Cap        Slew       Delay        Time   Description
---------------------------------------------------------------------------------------------
                      0.150000    0.000000    0.000000   clock i_clk (rise edge)
                                  0.000000    0.000000   clock network delay (ideal)
                                  6.000000    6.000000 ^ input external delay
   203    0.637442    2.137063    1.491615    7.491615 ^ i_rst_n (in)
                                                         i_rst_n (net)
                      2.137063    0.000000    7.491615 ^ _1015_/B1 (sky130_fd_sc_hd__o21a_2)
     1    0.003617    0.059181   -0.066429    7.425186 ^ _1015_/X (sky130_fd_sc_hd__o21a_2)
                                                         _0140_ (net)
                      0.059181    0.000000    7.425186 ^ _1207_/RESET_B (sky130_fd_sc_hd__dfrtp_2)
                                              7.425186   data arrival time

                      0.150000   32.000000   32.000000   clock i_clk (rise edge)
                                  0.000000   32.000000   clock network delay (ideal)
                                 -0.250000   31.750000   clock uncertainty
                                  0.000000   31.750000   clock reconvergence pessimism
                                             31.750000 ^ _1207_/CLK (sky130_fd_sc_hd__dfrtp_2)
                                  0.144708   31.894709   library recovery time
                                             31.894709   data required time
---------------------------------------------------------------------------------------------
                                             31.894709   data required time
                                             -7.425186   data arrival time
---------------------------------------------------------------------------------------------
                                             24.469522   slack (MET)


Startpoint: i_rst_n (input port clocked by i_clk)
Endpoint: _1208_ (recovery check against rising-edge clock i_clk)
Path Group: asynchronous
Path Type: max

Fanout         Cap        Slew       Delay        Time   Description
---------------------------------------------------------------------------------------------
                      0.150000    0.000000    0.000000   clock i_clk (rise edge)
                                  0.000000    0.000000   clock network delay (ideal)
                                  6.000000    6.000000 ^ input external delay
   203    0.637442    2.137063    1.491615    7.491615 ^ i_rst_n (in)
                                                         i_rst_n (net)
                      2.137063    0.000000    7.491615 ^ _1016_/B1 (sky130_fd_sc_hd__o21a_2)
     1    0.003617    0.059181   -0.066429    7.425186 ^ _1016_/X (sky130_fd_sc_hd__o21a_2)
                                                         _0141_ (net)
                      0.059181    0.000000    7.425186 ^ _1208_/RESET_B (sky130_fd_sc_hd__dfrtp_2)
                                              7.425186   data arrival time

                      0.150000   32.000000   32.000000   clock i_clk (rise edge)
                                  0.000000   32.000000   clock network delay (ideal)
                                 -0.250000   31.750000   clock uncertainty
                                  0.000000   31.750000   clock reconvergence pessimism
                                             31.750000 ^ _1208_/CLK (sky130_fd_sc_hd__dfrtp_2)
                                  0.144708   31.894709   library recovery time
                                             31.894709   data required time
---------------------------------------------------------------------------------------------
                                             31.894709   data required time
                                             -7.425186   data arrival time
---------------------------------------------------------------------------------------------
                                             24.469522   slack (MET)


Startpoint: i_rst_n (input port clocked by i_clk)
Endpoint: _1209_ (recovery check against rising-edge clock i_clk)
Path Group: asynchronous
Path Type: max

Fanout         Cap        Slew       Delay        Time   Description
---------------------------------------------------------------------------------------------
                      0.150000    0.000000    0.000000   clock i_clk (rise edge)
                                  0.000000    0.000000   clock network delay (ideal)
                                  6.000000    6.000000 ^ input external delay
   203    0.637442    2.137063    1.491615    7.491615 ^ i_rst_n (in)
                                                         i_rst_n (net)
                      2.137063    0.000000    7.491615 ^ _1017_/B1 (sky130_fd_sc_hd__o21a_2)
     1    0.003617    0.059181   -0.066429    7.425186 ^ _1017_/X (sky130_fd_sc_hd__o21a_2)
                                                         _0142_ (net)
                      0.059181    0.000000    7.425186 ^ _1209_/RESET_B (sky130_fd_sc_hd__dfrtp_2)
                                              7.425186   data arrival time

                      0.150000   32.000000   32.000000   clock i_clk (rise edge)
                                  0.000000   32.000000   clock network delay (ideal)
                                 -0.250000   31.750000   clock uncertainty
                                  0.000000   31.750000   clock reconvergence pessimism
                                             31.750000 ^ _1209_/CLK (sky130_fd_sc_hd__dfrtp_2)
                                  0.144708   31.894709   library recovery time
                                             31.894709   data required time
---------------------------------------------------------------------------------------------
                                             31.894709   data required time
                                             -7.425186   data arrival time
---------------------------------------------------------------------------------------------
                                             24.469522   slack (MET)


Startpoint: i_rst_n (input port clocked by i_clk)
Endpoint: _1211_ (recovery check against rising-edge clock i_clk)
Path Group: asynchronous
Path Type: max

Fanout         Cap        Slew       Delay        Time   Description
---------------------------------------------------------------------------------------------
                      0.150000    0.000000    0.000000   clock i_clk (rise edge)
                                  0.000000    0.000000   clock network delay (ideal)
                                  6.000000    6.000000 ^ input external delay
   203    0.637442    2.137063    1.491615    7.491615 ^ i_rst_n (in)
                                                         i_rst_n (net)
                      2.137063    0.000000    7.491615 ^ _1019_/B1 (sky130_fd_sc_hd__o21a_2)
     1    0.003617    0.059181   -0.066429    7.425186 ^ _1019_/X (sky130_fd_sc_hd__o21a_2)
                                                         _0144_ (net)
                      0.059181    0.000000    7.425186 ^ _1211_/RESET_B (sky130_fd_sc_hd__dfrtp_2)
                                              7.425186   data arrival time

                      0.150000   32.000000   32.000000   clock i_clk (rise edge)
                                  0.000000   32.000000   clock network delay (ideal)
                                 -0.250000   31.750000   clock uncertainty
                                  0.000000   31.750000   clock reconvergence pessimism
                                             31.750000 ^ _1211_/CLK (sky130_fd_sc_hd__dfrtp_2)
                                  0.144708   31.894709   library recovery time
                                             31.894709   data required time
---------------------------------------------------------------------------------------------
                                             31.894709   data required time
                                             -7.425186   data arrival time
---------------------------------------------------------------------------------------------
                                             24.469522   slack (MET)


Startpoint: i_rst_n (input port clocked by i_clk)
Endpoint: _1212_ (recovery check against rising-edge clock i_clk)
Path Group: asynchronous
Path Type: max

Fanout         Cap        Slew       Delay        Time   Description
---------------------------------------------------------------------------------------------
                      0.150000    0.000000    0.000000   clock i_clk (rise edge)
                                  0.000000    0.000000   clock network delay (ideal)
                                  6.000000    6.000000 ^ input external delay
   203    0.637442    2.137063    1.491615    7.491615 ^ i_rst_n (in)
                                                         i_rst_n (net)
                      2.137063    0.000000    7.491615 ^ _1020_/B1 (sky130_fd_sc_hd__o21a_2)
     1    0.003617    0.059181   -0.066429    7.425186 ^ _1020_/X (sky130_fd_sc_hd__o21a_2)
                                                         _0145_ (net)
                      0.059181    0.000000    7.425186 ^ _1212_/RESET_B (sky130_fd_sc_hd__dfrtp_2)
                                              7.425186   data arrival time

                      0.150000   32.000000   32.000000   clock i_clk (rise edge)
                                  0.000000   32.000000   clock network delay (ideal)
                                 -0.250000   31.750000   clock uncertainty
                                  0.000000   31.750000   clock reconvergence pessimism
                                             31.750000 ^ _1212_/CLK (sky130_fd_sc_hd__dfrtp_2)
                                  0.144708   31.894709   library recovery time
                                             31.894709   data required time
---------------------------------------------------------------------------------------------
                                             31.894709   data required time
                                             -7.425186   data arrival time
---------------------------------------------------------------------------------------------
                                             24.469522   slack (MET)


Startpoint: i_rst_n (input port clocked by i_clk)
Endpoint: _1213_ (recovery check against rising-edge clock i_clk)
Path Group: asynchronous
Path Type: max

Fanout         Cap        Slew       Delay        Time   Description
---------------------------------------------------------------------------------------------
                      0.150000    0.000000    0.000000   clock i_clk (rise edge)
                                  0.000000    0.000000   clock network delay (ideal)
                                  6.000000    6.000000 ^ input external delay
   203    0.637442    2.137063    1.491615    7.491615 ^ i_rst_n (in)
                                                         i_rst_n (net)
                      2.137063    0.000000    7.491615 ^ _1021_/B1 (sky130_fd_sc_hd__o21a_2)
     1    0.003617    0.059181   -0.066429    7.425186 ^ _1021_/X (sky130_fd_sc_hd__o21a_2)
                                                         _0146_ (net)
                      0.059181    0.000000    7.425186 ^ _1213_/RESET_B (sky130_fd_sc_hd__dfrtp_2)
                                              7.425186   data arrival time

                      0.150000   32.000000   32.000000   clock i_clk (rise edge)
                                  0.000000   32.000000   clock network delay (ideal)
                                 -0.250000   31.750000   clock uncertainty
                                  0.000000   31.750000   clock reconvergence pessimism
                                             31.750000 ^ _1213_/CLK (sky130_fd_sc_hd__dfrtp_2)
                                  0.144708   31.894709   library recovery time
                                             31.894709   data required time
---------------------------------------------------------------------------------------------
                                             31.894709   data required time
                                             -7.425186   data arrival time
---------------------------------------------------------------------------------------------
                                             24.469522   slack (MET)


Startpoint: i_rst_n (input port clocked by i_clk)
Endpoint: _1214_ (recovery check against rising-edge clock i_clk)
Path Group: asynchronous
Path Type: max

Fanout         Cap        Slew       Delay        Time   Description
---------------------------------------------------------------------------------------------
                      0.150000    0.000000    0.000000   clock i_clk (rise edge)
                                  0.000000    0.000000   clock network delay (ideal)
                                  6.000000    6.000000 ^ input external delay
   203    0.637442    2.137063    1.491615    7.491615 ^ i_rst_n (in)
                                                         i_rst_n (net)
                      2.137063    0.000000    7.491615 ^ _1022_/B1 (sky130_fd_sc_hd__o21a_2)
     1    0.003617    0.059181   -0.066429    7.425186 ^ _1022_/X (sky130_fd_sc_hd__o21a_2)
                                                         _0147_ (net)
                      0.059181    0.000000    7.425186 ^ _1214_/RESET_B (sky130_fd_sc_hd__dfrtp_2)
                                              7.425186   data arrival time

                      0.150000   32.000000   32.000000   clock i_clk (rise edge)
                                  0.000000   32.000000   clock network delay (ideal)
                                 -0.250000   31.750000   clock uncertainty
                                  0.000000   31.750000   clock reconvergence pessimism
                                             31.750000 ^ _1214_/CLK (sky130_fd_sc_hd__dfrtp_2)
                                  0.144708   31.894709   library recovery time
                                             31.894709   data required time
---------------------------------------------------------------------------------------------
                                             31.894709   data required time
                                             -7.425186   data arrival time
---------------------------------------------------------------------------------------------
                                             24.469522   slack (MET)


Startpoint: i_rst_n (input port clocked by i_clk)
Endpoint: _1215_ (recovery check against rising-edge clock i_clk)
Path Group: asynchronous
Path Type: max

Fanout         Cap        Slew       Delay        Time   Description
---------------------------------------------------------------------------------------------
                      0.150000    0.000000    0.000000   clock i_clk (rise edge)
                                  0.000000    0.000000   clock network delay (ideal)
                                  6.000000    6.000000 ^ input external delay
   203    0.637442    2.137063    1.491615    7.491615 ^ i_rst_n (in)
                                                         i_rst_n (net)
                      2.137063    0.000000    7.491615 ^ _1023_/B1 (sky130_fd_sc_hd__o21a_2)
     1    0.003617    0.059181   -0.066429    7.425186 ^ _1023_/X (sky130_fd_sc_hd__o21a_2)
                                                         _0148_ (net)
                      0.059181    0.000000    7.425186 ^ _1215_/RESET_B (sky130_fd_sc_hd__dfrtp_2)
                                              7.425186   data arrival time

                      0.150000   32.000000   32.000000   clock i_clk (rise edge)
                                  0.000000   32.000000   clock network delay (ideal)
                                 -0.250000   31.750000   clock uncertainty
                                  0.000000   31.750000   clock reconvergence pessimism
                                             31.750000 ^ _1215_/CLK (sky130_fd_sc_hd__dfrtp_2)
                                  0.144708   31.894709   library recovery time
                                             31.894709   data required time
---------------------------------------------------------------------------------------------
                                             31.894709   data required time
                                             -7.425186   data arrival time
---------------------------------------------------------------------------------------------
                                             24.469522   slack (MET)


Startpoint: i_rst_n (input port clocked by i_clk)
Endpoint: _1216_ (recovery check against rising-edge clock i_clk)
Path Group: asynchronous
Path Type: max

Fanout         Cap        Slew       Delay        Time   Description
---------------------------------------------------------------------------------------------
                      0.150000    0.000000    0.000000   clock i_clk (rise edge)
                                  0.000000    0.000000   clock network delay (ideal)
                                  6.000000    6.000000 ^ input external delay
   203    0.637442    2.137063    1.491615    7.491615 ^ i_rst_n (in)
                                                         i_rst_n (net)
                      2.137063    0.000000    7.491615 ^ _1024_/B1 (sky130_fd_sc_hd__o21a_2)
     1    0.003617    0.059181   -0.066429    7.425186 ^ _1024_/X (sky130_fd_sc_hd__o21a_2)
                                                         _0149_ (net)
                      0.059181    0.000000    7.425186 ^ _1216_/RESET_B (sky130_fd_sc_hd__dfrtp_2)
                                              7.425186   data arrival time

                      0.150000   32.000000   32.000000   clock i_clk (rise edge)
                                  0.000000   32.000000   clock network delay (ideal)
                                 -0.250000   31.750000   clock uncertainty
                                  0.000000   31.750000   clock reconvergence pessimism
                                             31.750000 ^ _1216_/CLK (sky130_fd_sc_hd__dfrtp_2)
                                  0.144708   31.894709   library recovery time
                                             31.894709   data required time
---------------------------------------------------------------------------------------------
                                             31.894709   data required time
                                             -7.425186   data arrival time
---------------------------------------------------------------------------------------------
                                             24.469522   slack (MET)


Startpoint: i_rst_n (input port clocked by i_clk)
Endpoint: _1217_ (recovery check against rising-edge clock i_clk)
Path Group: asynchronous
Path Type: max

Fanout         Cap        Slew       Delay        Time   Description
---------------------------------------------------------------------------------------------
                      0.150000    0.000000    0.000000   clock i_clk (rise edge)
                                  0.000000    0.000000   clock network delay (ideal)
                                  6.000000    6.000000 ^ input external delay
   203    0.637442    2.137063    1.491615    7.491615 ^ i_rst_n (in)
                                                         i_rst_n (net)
                      2.137063    0.000000    7.491615 ^ _1025_/B1 (sky130_fd_sc_hd__o21a_2)
     1    0.003617    0.059181   -0.066429    7.425186 ^ _1025_/X (sky130_fd_sc_hd__o21a_2)
                                                         _0150_ (net)
                      0.059181    0.000000    7.425186 ^ _1217_/RESET_B (sky130_fd_sc_hd__dfrtp_2)
                                              7.425186   data arrival time

                      0.150000   32.000000   32.000000   clock i_clk (rise edge)
                                  0.000000   32.000000   clock network delay (ideal)
                                 -0.250000   31.750000   clock uncertainty
                                  0.000000   31.750000   clock reconvergence pessimism
                                             31.750000 ^ _1217_/CLK (sky130_fd_sc_hd__dfrtp_2)
                                  0.144708   31.894709   library recovery time
                                             31.894709   data required time
---------------------------------------------------------------------------------------------
                                             31.894709   data required time
                                             -7.425186   data arrival time
---------------------------------------------------------------------------------------------
                                             24.469522   slack (MET)


Startpoint: i_rst_n (input port clocked by i_clk)
Endpoint: _1218_ (recovery check against rising-edge clock i_clk)
Path Group: asynchronous
Path Type: max

Fanout         Cap        Slew       Delay        Time   Description
---------------------------------------------------------------------------------------------
                      0.150000    0.000000    0.000000   clock i_clk (rise edge)
                                  0.000000    0.000000   clock network delay (ideal)
                                  6.000000    6.000000 ^ input external delay
   203    0.637442    2.137063    1.491615    7.491615 ^ i_rst_n (in)
                                                         i_rst_n (net)
                      2.137063    0.000000    7.491615 ^ _1026_/B1 (sky130_fd_sc_hd__o21a_2)
     1    0.003617    0.059181   -0.066429    7.425186 ^ _1026_/X (sky130_fd_sc_hd__o21a_2)
                                                         _0151_ (net)
                      0.059181    0.000000    7.425186 ^ _1218_/RESET_B (sky130_fd_sc_hd__dfrtp_2)
                                              7.425186   data arrival time

                      0.150000   32.000000   32.000000   clock i_clk (rise edge)
                                  0.000000   32.000000   clock network delay (ideal)
                                 -0.250000   31.750000   clock uncertainty
                                  0.000000   31.750000   clock reconvergence pessimism
                                             31.750000 ^ _1218_/CLK (sky130_fd_sc_hd__dfrtp_2)
                                  0.144708   31.894709   library recovery time
                                             31.894709   data required time
---------------------------------------------------------------------------------------------
                                             31.894709   data required time
                                             -7.425186   data arrival time
---------------------------------------------------------------------------------------------
                                             24.469522   slack (MET)


Startpoint: i_rst_n (input port clocked by i_clk)
Endpoint: _1219_ (recovery check against rising-edge clock i_clk)
Path Group: asynchronous
Path Type: max

Fanout         Cap        Slew       Delay        Time   Description
---------------------------------------------------------------------------------------------
                      0.150000    0.000000    0.000000   clock i_clk (rise edge)
                                  0.000000    0.000000   clock network delay (ideal)
                                  6.000000    6.000000 ^ input external delay
   203    0.637442    2.137063    1.491615    7.491615 ^ i_rst_n (in)
                                                         i_rst_n (net)
                      2.137063    0.000000    7.491615 ^ _1027_/B1 (sky130_fd_sc_hd__o21a_2)
     1    0.003617    0.059181   -0.066429    7.425186 ^ _1027_/X (sky130_fd_sc_hd__o21a_2)
                                                         _0152_ (net)
                      0.059181    0.000000    7.425186 ^ _1219_/RESET_B (sky130_fd_sc_hd__dfrtp_2)
                                              7.425186   data arrival time

                      0.150000   32.000000   32.000000   clock i_clk (rise edge)
                                  0.000000   32.000000   clock network delay (ideal)
                                 -0.250000   31.750000   clock uncertainty
                                  0.000000   31.750000   clock reconvergence pessimism
                                             31.750000 ^ _1219_/CLK (sky130_fd_sc_hd__dfrtp_2)
                                  0.144708   31.894709   library recovery time
                                             31.894709   data required time
---------------------------------------------------------------------------------------------
                                             31.894709   data required time
                                             -7.425186   data arrival time
---------------------------------------------------------------------------------------------
                                             24.469522   slack (MET)


Startpoint: i_rst_n (input port clocked by i_clk)
Endpoint: _1220_ (recovery check against rising-edge clock i_clk)
Path Group: asynchronous
Path Type: max

Fanout         Cap        Slew       Delay        Time   Description
---------------------------------------------------------------------------------------------
                      0.150000    0.000000    0.000000   clock i_clk (rise edge)
                                  0.000000    0.000000   clock network delay (ideal)
                                  6.000000    6.000000 ^ input external delay
   203    0.637442    2.137063    1.491615    7.491615 ^ i_rst_n (in)
                                                         i_rst_n (net)
                      2.137063    0.000000    7.491615 ^ _1028_/B1 (sky130_fd_sc_hd__o21a_2)
     1    0.003617    0.059181   -0.066429    7.425186 ^ _1028_/X (sky130_fd_sc_hd__o21a_2)
                                                         _0153_ (net)
                      0.059181    0.000000    7.425186 ^ _1220_/RESET_B (sky130_fd_sc_hd__dfrtp_2)
                                              7.425186   data arrival time

                      0.150000   32.000000   32.000000   clock i_clk (rise edge)
                                  0.000000   32.000000   clock network delay (ideal)
                                 -0.250000   31.750000   clock uncertainty
                                  0.000000   31.750000   clock reconvergence pessimism
                                             31.750000 ^ _1220_/CLK (sky130_fd_sc_hd__dfrtp_2)
                                  0.144708   31.894709   library recovery time
                                             31.894709   data required time
---------------------------------------------------------------------------------------------
                                             31.894709   data required time
                                             -7.425186   data arrival time
---------------------------------------------------------------------------------------------
                                             24.469522   slack (MET)


Startpoint: i_rst_n (input port clocked by i_clk)
Endpoint: _1221_ (recovery check against rising-edge clock i_clk)
Path Group: asynchronous
Path Type: max

Fanout         Cap        Slew       Delay        Time   Description
---------------------------------------------------------------------------------------------
                      0.150000    0.000000    0.000000   clock i_clk (rise edge)
                                  0.000000    0.000000   clock network delay (ideal)
                                  6.000000    6.000000 ^ input external delay
   203    0.637442    2.137063    1.491615    7.491615 ^ i_rst_n (in)
                                                         i_rst_n (net)
                      2.137063    0.000000    7.491615 ^ _1029_/B1 (sky130_fd_sc_hd__o21a_2)
     1    0.003617    0.059181   -0.066429    7.425186 ^ _1029_/X (sky130_fd_sc_hd__o21a_2)
                                                         _0154_ (net)
                      0.059181    0.000000    7.425186 ^ _1221_/RESET_B (sky130_fd_sc_hd__dfrtp_2)
                                              7.425186   data arrival time

                      0.150000   32.000000   32.000000   clock i_clk (rise edge)
                                  0.000000   32.000000   clock network delay (ideal)
                                 -0.250000   31.750000   clock uncertainty
                                  0.000000   31.750000   clock reconvergence pessimism
                                             31.750000 ^ _1221_/CLK (sky130_fd_sc_hd__dfrtp_2)
                                  0.144708   31.894709   library recovery time
                                             31.894709   data required time
---------------------------------------------------------------------------------------------
                                             31.894709   data required time
                                             -7.425186   data arrival time
---------------------------------------------------------------------------------------------
                                             24.469522   slack (MET)


Startpoint: i_rst_n (input port clocked by i_clk)
Endpoint: _1222_ (recovery check against rising-edge clock i_clk)
Path Group: asynchronous
Path Type: max

Fanout         Cap        Slew       Delay        Time   Description
---------------------------------------------------------------------------------------------
                      0.150000    0.000000    0.000000   clock i_clk (rise edge)
                                  0.000000    0.000000   clock network delay (ideal)
                                  6.000000    6.000000 ^ input external delay
   203    0.637442    2.137063    1.491615    7.491615 ^ i_rst_n (in)
                                                         i_rst_n (net)
                      2.137063    0.000000    7.491615 ^ _1030_/B1 (sky130_fd_sc_hd__o21a_2)
     1    0.003617    0.059181   -0.066429    7.425186 ^ _1030_/X (sky130_fd_sc_hd__o21a_2)
                                                         _0155_ (net)
                      0.059181    0.000000    7.425186 ^ _1222_/RESET_B (sky130_fd_sc_hd__dfrtp_2)
                                              7.425186   data arrival time

                      0.150000   32.000000   32.000000   clock i_clk (rise edge)
                                  0.000000   32.000000   clock network delay (ideal)
                                 -0.250000   31.750000   clock uncertainty
                                  0.000000   31.750000   clock reconvergence pessimism
                                             31.750000 ^ _1222_/CLK (sky130_fd_sc_hd__dfrtp_2)
                                  0.144708   31.894709   library recovery time
                                             31.894709   data required time
---------------------------------------------------------------------------------------------
                                             31.894709   data required time
                                             -7.425186   data arrival time
---------------------------------------------------------------------------------------------
                                             24.469522   slack (MET)


Startpoint: i_rst_n (input port clocked by i_clk)
Endpoint: _1223_ (recovery check against rising-edge clock i_clk)
Path Group: asynchronous
Path Type: max

Fanout         Cap        Slew       Delay        Time   Description
---------------------------------------------------------------------------------------------
                      0.150000    0.000000    0.000000   clock i_clk (rise edge)
                                  0.000000    0.000000   clock network delay (ideal)
                                  6.000000    6.000000 ^ input external delay
   203    0.637442    2.137063    1.491615    7.491615 ^ i_rst_n (in)
                                                         i_rst_n (net)
                      2.137063    0.000000    7.491615 ^ _1031_/B1 (sky130_fd_sc_hd__o21a_2)
     1    0.003617    0.059181   -0.066429    7.425186 ^ _1031_/X (sky130_fd_sc_hd__o21a_2)
                                                         _0156_ (net)
                      0.059181    0.000000    7.425186 ^ _1223_/RESET_B (sky130_fd_sc_hd__dfrtp_2)
                                              7.425186   data arrival time

                      0.150000   32.000000   32.000000   clock i_clk (rise edge)
                                  0.000000   32.000000   clock network delay (ideal)
                                 -0.250000   31.750000   clock uncertainty
                                  0.000000   31.750000   clock reconvergence pessimism
                                             31.750000 ^ _1223_/CLK (sky130_fd_sc_hd__dfrtp_2)
                                  0.144708   31.894709   library recovery time
                                             31.894709   data required time
---------------------------------------------------------------------------------------------
                                             31.894709   data required time
                                             -7.425186   data arrival time
---------------------------------------------------------------------------------------------
                                             24.469522   slack (MET)


Startpoint: i_rst_n (input port clocked by i_clk)
Endpoint: _1224_ (recovery check against rising-edge clock i_clk)
Path Group: asynchronous
Path Type: max

Fanout         Cap        Slew       Delay        Time   Description
---------------------------------------------------------------------------------------------
                      0.150000    0.000000    0.000000   clock i_clk (rise edge)
                                  0.000000    0.000000   clock network delay (ideal)
                                  6.000000    6.000000 ^ input external delay
   203    0.637442    2.137063    1.491615    7.491615 ^ i_rst_n (in)
                                                         i_rst_n (net)
                      2.137063    0.000000    7.491615 ^ _1032_/B1 (sky130_fd_sc_hd__o21a_2)
     1    0.003617    0.059181   -0.066429    7.425186 ^ _1032_/X (sky130_fd_sc_hd__o21a_2)
                                                         _0157_ (net)
                      0.059181    0.000000    7.425186 ^ _1224_/RESET_B (sky130_fd_sc_hd__dfrtp_2)
                                              7.425186   data arrival time

                      0.150000   32.000000   32.000000   clock i_clk (rise edge)
                                  0.000000   32.000000   clock network delay (ideal)
                                 -0.250000   31.750000   clock uncertainty
                                  0.000000   31.750000   clock reconvergence pessimism
                                             31.750000 ^ _1224_/CLK (sky130_fd_sc_hd__dfrtp_2)
                                  0.144708   31.894709   library recovery time
                                             31.894709   data required time
---------------------------------------------------------------------------------------------
                                             31.894709   data required time
                                             -7.425186   data arrival time
---------------------------------------------------------------------------------------------
                                             24.469522   slack (MET)


Startpoint: i_rst_n (input port clocked by i_clk)
Endpoint: _1225_ (recovery check against rising-edge clock i_clk)
Path Group: asynchronous
Path Type: max

Fanout         Cap        Slew       Delay        Time   Description
---------------------------------------------------------------------------------------------
                      0.150000    0.000000    0.000000   clock i_clk (rise edge)
                                  0.000000    0.000000   clock network delay (ideal)
                                  6.000000    6.000000 ^ input external delay
   203    0.637442    2.137063    1.491615    7.491615 ^ i_rst_n (in)
                                                         i_rst_n (net)
                      2.137063    0.000000    7.491615 ^ _1033_/B1 (sky130_fd_sc_hd__o21a_2)
     1    0.003617    0.059181   -0.066429    7.425186 ^ _1033_/X (sky130_fd_sc_hd__o21a_2)
                                                         _0158_ (net)
                      0.059181    0.000000    7.425186 ^ _1225_/RESET_B (sky130_fd_sc_hd__dfrtp_2)
                                              7.425186   data arrival time

                      0.150000   32.000000   32.000000   clock i_clk (rise edge)
                                  0.000000   32.000000   clock network delay (ideal)
                                 -0.250000   31.750000   clock uncertainty
                                  0.000000   31.750000   clock reconvergence pessimism
                                             31.750000 ^ _1225_/CLK (sky130_fd_sc_hd__dfrtp_2)
                                  0.144708   31.894709   library recovery time
                                             31.894709   data required time
---------------------------------------------------------------------------------------------
                                             31.894709   data required time
                                             -7.425186   data arrival time
---------------------------------------------------------------------------------------------
                                             24.469522   slack (MET)


Startpoint: i_rst_n (input port clocked by i_clk)
Endpoint: _1226_ (recovery check against rising-edge clock i_clk)
Path Group: asynchronous
Path Type: max

Fanout         Cap        Slew       Delay        Time   Description
---------------------------------------------------------------------------------------------
                      0.150000    0.000000    0.000000   clock i_clk (rise edge)
                                  0.000000    0.000000   clock network delay (ideal)
                                  6.000000    6.000000 ^ input external delay
   203    0.637442    2.137063    1.491615    7.491615 ^ i_rst_n (in)
                                                         i_rst_n (net)
                      2.137063    0.000000    7.491615 ^ _1034_/B1 (sky130_fd_sc_hd__o21a_2)
     1    0.003617    0.059181   -0.066429    7.425186 ^ _1034_/X (sky130_fd_sc_hd__o21a_2)
                                                         _0159_ (net)
                      0.059181    0.000000    7.425186 ^ _1226_/RESET_B (sky130_fd_sc_hd__dfrtp_2)
                                              7.425186   data arrival time

                      0.150000   32.000000   32.000000   clock i_clk (rise edge)
                                  0.000000   32.000000   clock network delay (ideal)
                                 -0.250000   31.750000   clock uncertainty
                                  0.000000   31.750000   clock reconvergence pessimism
                                             31.750000 ^ _1226_/CLK (sky130_fd_sc_hd__dfrtp_2)
                                  0.144708   31.894709   library recovery time
                                             31.894709   data required time
---------------------------------------------------------------------------------------------
                                             31.894709   data required time
                                             -7.425186   data arrival time
---------------------------------------------------------------------------------------------
                                             24.469522   slack (MET)


Startpoint: i_rst_n (input port clocked by i_clk)
Endpoint: _1227_ (recovery check against rising-edge clock i_clk)
Path Group: asynchronous
Path Type: max

Fanout         Cap        Slew       Delay        Time   Description
---------------------------------------------------------------------------------------------
                      0.150000    0.000000    0.000000   clock i_clk (rise edge)
                                  0.000000    0.000000   clock network delay (ideal)
                                  6.000000    6.000000 ^ input external delay
   203    0.637442    2.137063    1.491615    7.491615 ^ i_rst_n (in)
                                                         i_rst_n (net)
                      2.137063    0.000000    7.491615 ^ _1035_/B1 (sky130_fd_sc_hd__o21a_2)
     1    0.003617    0.059181   -0.066429    7.425186 ^ _1035_/X (sky130_fd_sc_hd__o21a_2)
                                                         _0160_ (net)
                      0.059181    0.000000    7.425186 ^ _1227_/RESET_B (sky130_fd_sc_hd__dfrtp_2)
                                              7.425186   data arrival time

                      0.150000   32.000000   32.000000   clock i_clk (rise edge)
                                  0.000000   32.000000   clock network delay (ideal)
                                 -0.250000   31.750000   clock uncertainty
                                  0.000000   31.750000   clock reconvergence pessimism
                                             31.750000 ^ _1227_/CLK (sky130_fd_sc_hd__dfrtp_2)
                                  0.144708   31.894709   library recovery time
                                             31.894709   data required time
---------------------------------------------------------------------------------------------
                                             31.894709   data required time
                                             -7.425186   data arrival time
---------------------------------------------------------------------------------------------
                                             24.469522   slack (MET)


Startpoint: i_rst_n (input port clocked by i_clk)
Endpoint: _1228_ (recovery check against rising-edge clock i_clk)
Path Group: asynchronous
Path Type: max

Fanout         Cap        Slew       Delay        Time   Description
---------------------------------------------------------------------------------------------
                      0.150000    0.000000    0.000000   clock i_clk (rise edge)
                                  0.000000    0.000000   clock network delay (ideal)
                                  6.000000    6.000000 ^ input external delay
   203    0.637442    2.137063    1.491615    7.491615 ^ i_rst_n (in)
                                                         i_rst_n (net)
                      2.137063    0.000000    7.491615 ^ _1036_/B1 (sky130_fd_sc_hd__o21a_2)
     1    0.003617    0.059181   -0.066429    7.425186 ^ _1036_/X (sky130_fd_sc_hd__o21a_2)
                                                         _0161_ (net)
                      0.059181    0.000000    7.425186 ^ _1228_/RESET_B (sky130_fd_sc_hd__dfrtp_2)
                                              7.425186   data arrival time

                      0.150000   32.000000   32.000000   clock i_clk (rise edge)
                                  0.000000   32.000000   clock network delay (ideal)
                                 -0.250000   31.750000   clock uncertainty
                                  0.000000   31.750000   clock reconvergence pessimism
                                             31.750000 ^ _1228_/CLK (sky130_fd_sc_hd__dfrtp_2)
                                  0.144708   31.894709   library recovery time
                                             31.894709   data required time
---------------------------------------------------------------------------------------------
                                             31.894709   data required time
                                             -7.425186   data arrival time
---------------------------------------------------------------------------------------------
                                             24.469522   slack (MET)


Startpoint: i_rst_n (input port clocked by i_clk)
Endpoint: _1229_ (recovery check against rising-edge clock i_clk)
Path Group: asynchronous
Path Type: max

Fanout         Cap        Slew       Delay        Time   Description
---------------------------------------------------------------------------------------------
                      0.150000    0.000000    0.000000   clock i_clk (rise edge)
                                  0.000000    0.000000   clock network delay (ideal)
                                  6.000000    6.000000 ^ input external delay
   203    0.637442    2.137063    1.491615    7.491615 ^ i_rst_n (in)
                                                         i_rst_n (net)
                      2.137063    0.000000    7.491615 ^ _1037_/B1 (sky130_fd_sc_hd__o21a_2)
     1    0.003617    0.059181   -0.066429    7.425186 ^ _1037_/X (sky130_fd_sc_hd__o21a_2)
                                                         _0162_ (net)
                      0.059181    0.000000    7.425186 ^ _1229_/RESET_B (sky130_fd_sc_hd__dfrtp_2)
                                              7.425186   data arrival time

                      0.150000   32.000000   32.000000   clock i_clk (rise edge)
                                  0.000000   32.000000   clock network delay (ideal)
                                 -0.250000   31.750000   clock uncertainty
                                  0.000000   31.750000   clock reconvergence pessimism
                                             31.750000 ^ _1229_/CLK (sky130_fd_sc_hd__dfrtp_2)
                                  0.144708   31.894709   library recovery time
                                             31.894709   data required time
---------------------------------------------------------------------------------------------
                                             31.894709   data required time
                                             -7.425186   data arrival time
---------------------------------------------------------------------------------------------
                                             24.469522   slack (MET)


Startpoint: i_rst_n (input port clocked by i_clk)
Endpoint: _1231_ (recovery check against rising-edge clock i_clk)
Path Group: asynchronous
Path Type: max

Fanout         Cap        Slew       Delay        Time   Description
---------------------------------------------------------------------------------------------
                      0.150000    0.000000    0.000000   clock i_clk (rise edge)
                                  0.000000    0.000000   clock network delay (ideal)
                                  6.000000    6.000000 ^ input external delay
   203    0.637442    2.137063    1.491615    7.491615 ^ i_rst_n (in)
                                                         i_rst_n (net)
                      2.137063    0.000000    7.491615 ^ _1039_/B1 (sky130_fd_sc_hd__o21a_2)
     1    0.003617    0.059181   -0.066429    7.425186 ^ _1039_/X (sky130_fd_sc_hd__o21a_2)
                                                         _0164_ (net)
                      0.059181    0.000000    7.425186 ^ _1231_/RESET_B (sky130_fd_sc_hd__dfrtp_2)
                                              7.425186   data arrival time

                      0.150000   32.000000   32.000000   clock i_clk (rise edge)
                                  0.000000   32.000000   clock network delay (ideal)
                                 -0.250000   31.750000   clock uncertainty
                                  0.000000   31.750000   clock reconvergence pessimism
                                             31.750000 ^ _1231_/CLK (sky130_fd_sc_hd__dfrtp_2)
                                  0.144708   31.894709   library recovery time
                                             31.894709   data required time
---------------------------------------------------------------------------------------------
                                             31.894709   data required time
                                             -7.425186   data arrival time
---------------------------------------------------------------------------------------------
                                             24.469522   slack (MET)


Startpoint: i_rst_n (input port clocked by i_clk)
Endpoint: _1232_ (recovery check against rising-edge clock i_clk)
Path Group: asynchronous
Path Type: max

Fanout         Cap        Slew       Delay        Time   Description
---------------------------------------------------------------------------------------------
                      0.150000    0.000000    0.000000   clock i_clk (rise edge)
                                  0.000000    0.000000   clock network delay (ideal)
                                  6.000000    6.000000 ^ input external delay
   203    0.637442    2.137063    1.491615    7.491615 ^ i_rst_n (in)
                                                         i_rst_n (net)
                      2.137063    0.000000    7.491615 ^ _1040_/B1 (sky130_fd_sc_hd__o21a_2)
     1    0.003617    0.059181   -0.066429    7.425186 ^ _1040_/X (sky130_fd_sc_hd__o21a_2)
                                                         _0165_ (net)
                      0.059181    0.000000    7.425186 ^ _1232_/RESET_B (sky130_fd_sc_hd__dfrtp_2)
                                              7.425186   data arrival time

                      0.150000   32.000000   32.000000   clock i_clk (rise edge)
                                  0.000000   32.000000   clock network delay (ideal)
                                 -0.250000   31.750000   clock uncertainty
                                  0.000000   31.750000   clock reconvergence pessimism
                                             31.750000 ^ _1232_/CLK (sky130_fd_sc_hd__dfrtp_2)
                                  0.144708   31.894709   library recovery time
                                             31.894709   data required time
---------------------------------------------------------------------------------------------
                                             31.894709   data required time
                                             -7.425186   data arrival time
---------------------------------------------------------------------------------------------
                                             24.469522   slack (MET)


Startpoint: i_rst_n (input port clocked by i_clk)
Endpoint: _1233_ (recovery check against rising-edge clock i_clk)
Path Group: asynchronous
Path Type: max

Fanout         Cap        Slew       Delay        Time   Description
---------------------------------------------------------------------------------------------
                      0.150000    0.000000    0.000000   clock i_clk (rise edge)
                                  0.000000    0.000000   clock network delay (ideal)
                                  6.000000    6.000000 ^ input external delay
   203    0.637442    2.137063    1.491615    7.491615 ^ i_rst_n (in)
                                                         i_rst_n (net)
                      2.137063    0.000000    7.491615 ^ _1041_/B1 (sky130_fd_sc_hd__o21a_2)
     1    0.003617    0.059181   -0.066429    7.425186 ^ _1041_/X (sky130_fd_sc_hd__o21a_2)
                                                         _0166_ (net)
                      0.059181    0.000000    7.425186 ^ _1233_/RESET_B (sky130_fd_sc_hd__dfrtp_2)
                                              7.425186   data arrival time

                      0.150000   32.000000   32.000000   clock i_clk (rise edge)
                                  0.000000   32.000000   clock network delay (ideal)
                                 -0.250000   31.750000   clock uncertainty
                                  0.000000   31.750000   clock reconvergence pessimism
                                             31.750000 ^ _1233_/CLK (sky130_fd_sc_hd__dfrtp_2)
                                  0.144708   31.894709   library recovery time
                                             31.894709   data required time
---------------------------------------------------------------------------------------------
                                             31.894709   data required time
                                             -7.425186   data arrival time
---------------------------------------------------------------------------------------------
                                             24.469522   slack (MET)


Startpoint: i_rst_n (input port clocked by i_clk)
Endpoint: _1234_ (recovery check against rising-edge clock i_clk)
Path Group: asynchronous
Path Type: max

Fanout         Cap        Slew       Delay        Time   Description
---------------------------------------------------------------------------------------------
                      0.150000    0.000000    0.000000   clock i_clk (rise edge)
                                  0.000000    0.000000   clock network delay (ideal)
                                  6.000000    6.000000 ^ input external delay
   203    0.637442    2.137063    1.491615    7.491615 ^ i_rst_n (in)
                                                         i_rst_n (net)
                      2.137063    0.000000    7.491615 ^ _1042_/B1 (sky130_fd_sc_hd__o21a_2)
     1    0.003617    0.059181   -0.066429    7.425186 ^ _1042_/X (sky130_fd_sc_hd__o21a_2)
                                                         _0167_ (net)
                      0.059181    0.000000    7.425186 ^ _1234_/RESET_B (sky130_fd_sc_hd__dfrtp_2)
                                              7.425186   data arrival time

                      0.150000   32.000000   32.000000   clock i_clk (rise edge)
                                  0.000000   32.000000   clock network delay (ideal)
                                 -0.250000   31.750000   clock uncertainty
                                  0.000000   31.750000   clock reconvergence pessimism
                                             31.750000 ^ _1234_/CLK (sky130_fd_sc_hd__dfrtp_2)
                                  0.144708   31.894709   library recovery time
                                             31.894709   data required time
---------------------------------------------------------------------------------------------
                                             31.894709   data required time
                                             -7.425186   data arrival time
---------------------------------------------------------------------------------------------
                                             24.469522   slack (MET)


Startpoint: i_rst_n (input port clocked by i_clk)
Endpoint: _1235_ (recovery check against rising-edge clock i_clk)
Path Group: asynchronous
Path Type: max

Fanout         Cap        Slew       Delay        Time   Description
---------------------------------------------------------------------------------------------
                      0.150000    0.000000    0.000000   clock i_clk (rise edge)
                                  0.000000    0.000000   clock network delay (ideal)
                                  6.000000    6.000000 ^ input external delay
   203    0.637442    2.137063    1.491615    7.491615 ^ i_rst_n (in)
                                                         i_rst_n (net)
                      2.137063    0.000000    7.491615 ^ _1043_/B1 (sky130_fd_sc_hd__o21a_2)
     1    0.003617    0.059181   -0.066429    7.425186 ^ _1043_/X (sky130_fd_sc_hd__o21a_2)
                                                         _0168_ (net)
                      0.059181    0.000000    7.425186 ^ _1235_/RESET_B (sky130_fd_sc_hd__dfrtp_2)
                                              7.425186   data arrival time

                      0.150000   32.000000   32.000000   clock i_clk (rise edge)
                                  0.000000   32.000000   clock network delay (ideal)
                                 -0.250000   31.750000   clock uncertainty
                                  0.000000   31.750000   clock reconvergence pessimism
                                             31.750000 ^ _1235_/CLK (sky130_fd_sc_hd__dfrtp_2)
                                  0.144708   31.894709   library recovery time
                                             31.894709   data required time
---------------------------------------------------------------------------------------------
                                             31.894709   data required time
                                             -7.425186   data arrival time
---------------------------------------------------------------------------------------------
                                             24.469522   slack (MET)


Startpoint: i_rst_n (input port clocked by i_clk)
Endpoint: _1236_ (recovery check against rising-edge clock i_clk)
Path Group: asynchronous
Path Type: max

Fanout         Cap        Slew       Delay        Time   Description
---------------------------------------------------------------------------------------------
                      0.150000    0.000000    0.000000   clock i_clk (rise edge)
                                  0.000000    0.000000   clock network delay (ideal)
                                  6.000000    6.000000 ^ input external delay
   203    0.637442    2.137063    1.491615    7.491615 ^ i_rst_n (in)
                                                         i_rst_n (net)
                      2.137063    0.000000    7.491615 ^ _1044_/B1 (sky130_fd_sc_hd__o21a_2)
     1    0.003617    0.059181   -0.066429    7.425186 ^ _1044_/X (sky130_fd_sc_hd__o21a_2)
                                                         _0169_ (net)
                      0.059181    0.000000    7.425186 ^ _1236_/RESET_B (sky130_fd_sc_hd__dfrtp_2)
                                              7.425186   data arrival time

                      0.150000   32.000000   32.000000   clock i_clk (rise edge)
                                  0.000000   32.000000   clock network delay (ideal)
                                 -0.250000   31.750000   clock uncertainty
                                  0.000000   31.750000   clock reconvergence pessimism
                                             31.750000 ^ _1236_/CLK (sky130_fd_sc_hd__dfrtp_2)
                                  0.144708   31.894709   library recovery time
                                             31.894709   data required time
---------------------------------------------------------------------------------------------
                                             31.894709   data required time
                                             -7.425186   data arrival time
---------------------------------------------------------------------------------------------
                                             24.469522   slack (MET)


Startpoint: i_rst_n (input port clocked by i_clk)
Endpoint: _1237_ (recovery check against rising-edge clock i_clk)
Path Group: asynchronous
Path Type: max

Fanout         Cap        Slew       Delay        Time   Description
---------------------------------------------------------------------------------------------
                      0.150000    0.000000    0.000000   clock i_clk (rise edge)
                                  0.000000    0.000000   clock network delay (ideal)
                                  6.000000    6.000000 ^ input external delay
   203    0.637442    2.137063    1.491615    7.491615 ^ i_rst_n (in)
                                                         i_rst_n (net)
                      2.137063    0.000000    7.491615 ^ _1045_/B1 (sky130_fd_sc_hd__o21a_2)
     1    0.003617    0.059181   -0.066429    7.425186 ^ _1045_/X (sky130_fd_sc_hd__o21a_2)
                                                         _0170_ (net)
                      0.059181    0.000000    7.425186 ^ _1237_/RESET_B (sky130_fd_sc_hd__dfrtp_2)
                                              7.425186   data arrival time

                      0.150000   32.000000   32.000000   clock i_clk (rise edge)
                                  0.000000   32.000000   clock network delay (ideal)
                                 -0.250000   31.750000   clock uncertainty
                                  0.000000   31.750000   clock reconvergence pessimism
                                             31.750000 ^ _1237_/CLK (sky130_fd_sc_hd__dfrtp_2)
                                  0.144708   31.894709   library recovery time
                                             31.894709   data required time
---------------------------------------------------------------------------------------------
                                             31.894709   data required time
                                             -7.425186   data arrival time
---------------------------------------------------------------------------------------------
                                             24.469522   slack (MET)


Startpoint: i_rst_n (input port clocked by i_clk)
Endpoint: _1238_ (recovery check against rising-edge clock i_clk)
Path Group: asynchronous
Path Type: max

Fanout         Cap        Slew       Delay        Time   Description
---------------------------------------------------------------------------------------------
                      0.150000    0.000000    0.000000   clock i_clk (rise edge)
                                  0.000000    0.000000   clock network delay (ideal)
                                  6.000000    6.000000 ^ input external delay
   203    0.637442    2.137063    1.491615    7.491615 ^ i_rst_n (in)
                                                         i_rst_n (net)
                      2.137063    0.000000    7.491615 ^ _1046_/B1 (sky130_fd_sc_hd__o21a_2)
     1    0.003617    0.059181   -0.066429    7.425186 ^ _1046_/X (sky130_fd_sc_hd__o21a_2)
                                                         _0171_ (net)
                      0.059181    0.000000    7.425186 ^ _1238_/RESET_B (sky130_fd_sc_hd__dfrtp_2)
                                              7.425186   data arrival time

                      0.150000   32.000000   32.000000   clock i_clk (rise edge)
                                  0.000000   32.000000   clock network delay (ideal)
                                 -0.250000   31.750000   clock uncertainty
                                  0.000000   31.750000   clock reconvergence pessimism
                                             31.750000 ^ _1238_/CLK (sky130_fd_sc_hd__dfrtp_2)
                                  0.144708   31.894709   library recovery time
                                             31.894709   data required time
---------------------------------------------------------------------------------------------
                                             31.894709   data required time
                                             -7.425186   data arrival time
---------------------------------------------------------------------------------------------
                                             24.469522   slack (MET)


Startpoint: i_rst_n (input port clocked by i_clk)
Endpoint: _1239_ (recovery check against rising-edge clock i_clk)
Path Group: asynchronous
Path Type: max

Fanout         Cap        Slew       Delay        Time   Description
---------------------------------------------------------------------------------------------
                      0.150000    0.000000    0.000000   clock i_clk (rise edge)
                                  0.000000    0.000000   clock network delay (ideal)
                                  6.000000    6.000000 ^ input external delay
   203    0.637442    2.137063    1.491615    7.491615 ^ i_rst_n (in)
                                                         i_rst_n (net)
                      2.137063    0.000000    7.491615 ^ _1047_/B1 (sky130_fd_sc_hd__o21a_2)
     1    0.003617    0.059181   -0.066429    7.425186 ^ _1047_/X (sky130_fd_sc_hd__o21a_2)
                                                         _0172_ (net)
                      0.059181    0.000000    7.425186 ^ _1239_/RESET_B (sky130_fd_sc_hd__dfrtp_2)
                                              7.425186   data arrival time

                      0.150000   32.000000   32.000000   clock i_clk (rise edge)
                                  0.000000   32.000000   clock network delay (ideal)
                                 -0.250000   31.750000   clock uncertainty
                                  0.000000   31.750000   clock reconvergence pessimism
                                             31.750000 ^ _1239_/CLK (sky130_fd_sc_hd__dfrtp_2)
                                  0.144708   31.894709   library recovery time
                                             31.894709   data required time
---------------------------------------------------------------------------------------------
                                             31.894709   data required time
                                             -7.425186   data arrival time
---------------------------------------------------------------------------------------------
                                             24.469522   slack (MET)


Startpoint: i_rst_n (input port clocked by i_clk)
Endpoint: _1240_ (recovery check against rising-edge clock i_clk)
Path Group: asynchronous
Path Type: max

Fanout         Cap        Slew       Delay        Time   Description
---------------------------------------------------------------------------------------------
                      0.150000    0.000000    0.000000   clock i_clk (rise edge)
                                  0.000000    0.000000   clock network delay (ideal)
                                  6.000000    6.000000 ^ input external delay
   203    0.637442    2.137063    1.491615    7.491615 ^ i_rst_n (in)
                                                         i_rst_n (net)
                      2.137063    0.000000    7.491615 ^ _1048_/B1 (sky130_fd_sc_hd__o21a_2)
     1    0.003617    0.059181   -0.066429    7.425186 ^ _1048_/X (sky130_fd_sc_hd__o21a_2)
                                                         _0173_ (net)
                      0.059181    0.000000    7.425186 ^ _1240_/RESET_B (sky130_fd_sc_hd__dfrtp_2)
                                              7.425186   data arrival time

                      0.150000   32.000000   32.000000   clock i_clk (rise edge)
                                  0.000000   32.000000   clock network delay (ideal)
                                 -0.250000   31.750000   clock uncertainty
                                  0.000000   31.750000   clock reconvergence pessimism
                                             31.750000 ^ _1240_/CLK (sky130_fd_sc_hd__dfrtp_2)
                                  0.144708   31.894709   library recovery time
                                             31.894709   data required time
---------------------------------------------------------------------------------------------
                                             31.894709   data required time
                                             -7.425186   data arrival time
---------------------------------------------------------------------------------------------
                                             24.469522   slack (MET)


Startpoint: i_rst_n (input port clocked by i_clk)
Endpoint: _1241_ (recovery check against rising-edge clock i_clk)
Path Group: asynchronous
Path Type: max

Fanout         Cap        Slew       Delay        Time   Description
---------------------------------------------------------------------------------------------
                      0.150000    0.000000    0.000000   clock i_clk (rise edge)
                                  0.000000    0.000000   clock network delay (ideal)
                                  6.000000    6.000000 ^ input external delay
   203    0.637442    2.137063    1.491615    7.491615 ^ i_rst_n (in)
                                                         i_rst_n (net)
                      2.137063    0.000000    7.491615 ^ _1049_/B1 (sky130_fd_sc_hd__o21a_2)
     1    0.003617    0.059181   -0.066429    7.425186 ^ _1049_/X (sky130_fd_sc_hd__o21a_2)
                                                         _0174_ (net)
                      0.059181    0.000000    7.425186 ^ _1241_/RESET_B (sky130_fd_sc_hd__dfrtp_2)
                                              7.425186   data arrival time

                      0.150000   32.000000   32.000000   clock i_clk (rise edge)
                                  0.000000   32.000000   clock network delay (ideal)
                                 -0.250000   31.750000   clock uncertainty
                                  0.000000   31.750000   clock reconvergence pessimism
                                             31.750000 ^ _1241_/CLK (sky130_fd_sc_hd__dfrtp_2)
                                  0.144708   31.894709   library recovery time
                                             31.894709   data required time
---------------------------------------------------------------------------------------------
                                             31.894709   data required time
                                             -7.425186   data arrival time
---------------------------------------------------------------------------------------------
                                             24.469522   slack (MET)


Startpoint: i_rst_n (input port clocked by i_clk)
Endpoint: _1242_ (recovery check against rising-edge clock i_clk)
Path Group: asynchronous
Path Type: max

Fanout         Cap        Slew       Delay        Time   Description
---------------------------------------------------------------------------------------------
                      0.150000    0.000000    0.000000   clock i_clk (rise edge)
                                  0.000000    0.000000   clock network delay (ideal)
                                  6.000000    6.000000 ^ input external delay
   203    0.637442    2.137063    1.491615    7.491615 ^ i_rst_n (in)
                                                         i_rst_n (net)
                      2.137063    0.000000    7.491615 ^ _1050_/B1 (sky130_fd_sc_hd__o21a_2)
     1    0.003617    0.059181   -0.066429    7.425186 ^ _1050_/X (sky130_fd_sc_hd__o21a_2)
                                                         _0175_ (net)
                      0.059181    0.000000    7.425186 ^ _1242_/RESET_B (sky130_fd_sc_hd__dfrtp_2)
                                              7.425186   data arrival time

                      0.150000   32.000000   32.000000   clock i_clk (rise edge)
                                  0.000000   32.000000   clock network delay (ideal)
                                 -0.250000   31.750000   clock uncertainty
                                  0.000000   31.750000   clock reconvergence pessimism
                                             31.750000 ^ _1242_/CLK (sky130_fd_sc_hd__dfrtp_2)
                                  0.144708   31.894709   library recovery time
                                             31.894709   data required time
---------------------------------------------------------------------------------------------
                                             31.894709   data required time
                                             -7.425186   data arrival time
---------------------------------------------------------------------------------------------
                                             24.469522   slack (MET)


Startpoint: i_rst_n (input port clocked by i_clk)
Endpoint: _1243_ (recovery check against rising-edge clock i_clk)
Path Group: asynchronous
Path Type: max

Fanout         Cap        Slew       Delay        Time   Description
---------------------------------------------------------------------------------------------
                      0.150000    0.000000    0.000000   clock i_clk (rise edge)
                                  0.000000    0.000000   clock network delay (ideal)
                                  6.000000    6.000000 ^ input external delay
   203    0.637442    2.137063    1.491615    7.491615 ^ i_rst_n (in)
                                                         i_rst_n (net)
                      2.137063    0.000000    7.491615 ^ _1051_/B1 (sky130_fd_sc_hd__o21a_2)
     1    0.003617    0.059181   -0.066429    7.425186 ^ _1051_/X (sky130_fd_sc_hd__o21a_2)
                                                         _0176_ (net)
                      0.059181    0.000000    7.425186 ^ _1243_/RESET_B (sky130_fd_sc_hd__dfrtp_2)
                                              7.425186   data arrival time

                      0.150000   32.000000   32.000000   clock i_clk (rise edge)
                                  0.000000   32.000000   clock network delay (ideal)
                                 -0.250000   31.750000   clock uncertainty
                                  0.000000   31.750000   clock reconvergence pessimism
                                             31.750000 ^ _1243_/CLK (sky130_fd_sc_hd__dfrtp_2)
                                  0.144708   31.894709   library recovery time
                                             31.894709   data required time
---------------------------------------------------------------------------------------------
                                             31.894709   data required time
                                             -7.425186   data arrival time
---------------------------------------------------------------------------------------------
                                             24.469522   slack (MET)


Startpoint: i_rst_n (input port clocked by i_clk)
Endpoint: _1244_ (recovery check against rising-edge clock i_clk)
Path Group: asynchronous
Path Type: max

Fanout         Cap        Slew       Delay        Time   Description
---------------------------------------------------------------------------------------------
                      0.150000    0.000000    0.000000   clock i_clk (rise edge)
                                  0.000000    0.000000   clock network delay (ideal)
                                  6.000000    6.000000 ^ input external delay
   203    0.637442    2.137063    1.491615    7.491615 ^ i_rst_n (in)
                                                         i_rst_n (net)
                      2.137063    0.000000    7.491615 ^ _1052_/B1 (sky130_fd_sc_hd__o21a_2)
     1    0.003617    0.059181   -0.066429    7.425186 ^ _1052_/X (sky130_fd_sc_hd__o21a_2)
                                                         _0177_ (net)
                      0.059181    0.000000    7.425186 ^ _1244_/RESET_B (sky130_fd_sc_hd__dfrtp_2)
                                              7.425186   data arrival time

                      0.150000   32.000000   32.000000   clock i_clk (rise edge)
                                  0.000000   32.000000   clock network delay (ideal)
                                 -0.250000   31.750000   clock uncertainty
                                  0.000000   31.750000   clock reconvergence pessimism
                                             31.750000 ^ _1244_/CLK (sky130_fd_sc_hd__dfrtp_2)
                                  0.144708   31.894709   library recovery time
                                             31.894709   data required time
---------------------------------------------------------------------------------------------
                                             31.894709   data required time
                                             -7.425186   data arrival time
---------------------------------------------------------------------------------------------
                                             24.469522   slack (MET)


Startpoint: i_rst_n (input port clocked by i_clk)
Endpoint: _1245_ (recovery check against rising-edge clock i_clk)
Path Group: asynchronous
Path Type: max

Fanout         Cap        Slew       Delay        Time   Description
---------------------------------------------------------------------------------------------
                      0.150000    0.000000    0.000000   clock i_clk (rise edge)
                                  0.000000    0.000000   clock network delay (ideal)
                                  6.000000    6.000000 ^ input external delay
   203    0.637442    2.137063    1.491615    7.491615 ^ i_rst_n (in)
                                                         i_rst_n (net)
                      2.137063    0.000000    7.491615 ^ _1053_/B1 (sky130_fd_sc_hd__o21a_2)
     1    0.003617    0.059181   -0.066429    7.425186 ^ _1053_/X (sky130_fd_sc_hd__o21a_2)
                                                         _0178_ (net)
                      0.059181    0.000000    7.425186 ^ _1245_/RESET_B (sky130_fd_sc_hd__dfrtp_2)
                                              7.425186   data arrival time

                      0.150000   32.000000   32.000000   clock i_clk (rise edge)
                                  0.000000   32.000000   clock network delay (ideal)
                                 -0.250000   31.750000   clock uncertainty
                                  0.000000   31.750000   clock reconvergence pessimism
                                             31.750000 ^ _1245_/CLK (sky130_fd_sc_hd__dfrtp_2)
                                  0.144708   31.894709   library recovery time
                                             31.894709   data required time
---------------------------------------------------------------------------------------------
                                             31.894709   data required time
                                             -7.425186   data arrival time
---------------------------------------------------------------------------------------------
                                             24.469522   slack (MET)


Startpoint: i_rst_n (input port clocked by i_clk)
Endpoint: _1246_ (recovery check against rising-edge clock i_clk)
Path Group: asynchronous
Path Type: max

Fanout         Cap        Slew       Delay        Time   Description
---------------------------------------------------------------------------------------------
                      0.150000    0.000000    0.000000   clock i_clk (rise edge)
                                  0.000000    0.000000   clock network delay (ideal)
                                  6.000000    6.000000 ^ input external delay
   203    0.637442    2.137063    1.491615    7.491615 ^ i_rst_n (in)
                                                         i_rst_n (net)
                      2.137063    0.000000    7.491615 ^ _1054_/B1 (sky130_fd_sc_hd__o21a_2)
     1    0.003617    0.059181   -0.066429    7.425186 ^ _1054_/X (sky130_fd_sc_hd__o21a_2)
                                                         _0179_ (net)
                      0.059181    0.000000    7.425186 ^ _1246_/RESET_B (sky130_fd_sc_hd__dfrtp_2)
                                              7.425186   data arrival time

                      0.150000   32.000000   32.000000   clock i_clk (rise edge)
                                  0.000000   32.000000   clock network delay (ideal)
                                 -0.250000   31.750000   clock uncertainty
                                  0.000000   31.750000   clock reconvergence pessimism
                                             31.750000 ^ _1246_/CLK (sky130_fd_sc_hd__dfrtp_2)
                                  0.144708   31.894709   library recovery time
                                             31.894709   data required time
---------------------------------------------------------------------------------------------
                                             31.894709   data required time
                                             -7.425186   data arrival time
---------------------------------------------------------------------------------------------
                                             24.469522   slack (MET)


Startpoint: i_rst_n (input port clocked by i_clk)
Endpoint: _1247_ (recovery check against rising-edge clock i_clk)
Path Group: asynchronous
Path Type: max

Fanout         Cap        Slew       Delay        Time   Description
---------------------------------------------------------------------------------------------
                      0.150000    0.000000    0.000000   clock i_clk (rise edge)
                                  0.000000    0.000000   clock network delay (ideal)
                                  6.000000    6.000000 ^ input external delay
   203    0.637442    2.137063    1.491615    7.491615 ^ i_rst_n (in)
                                                         i_rst_n (net)
                      2.137063    0.000000    7.491615 ^ _1055_/B1 (sky130_fd_sc_hd__o21a_2)
     1    0.003617    0.059181   -0.066429    7.425186 ^ _1055_/X (sky130_fd_sc_hd__o21a_2)
                                                         _0180_ (net)
                      0.059181    0.000000    7.425186 ^ _1247_/RESET_B (sky130_fd_sc_hd__dfrtp_2)
                                              7.425186   data arrival time

                      0.150000   32.000000   32.000000   clock i_clk (rise edge)
                                  0.000000   32.000000   clock network delay (ideal)
                                 -0.250000   31.750000   clock uncertainty
                                  0.000000   31.750000   clock reconvergence pessimism
                                             31.750000 ^ _1247_/CLK (sky130_fd_sc_hd__dfrtp_2)
                                  0.144708   31.894709   library recovery time
                                             31.894709   data required time
---------------------------------------------------------------------------------------------
                                             31.894709   data required time
                                             -7.425186   data arrival time
---------------------------------------------------------------------------------------------
                                             24.469522   slack (MET)


Startpoint: i_rst_n (input port clocked by i_clk)
Endpoint: _1248_ (recovery check against rising-edge clock i_clk)
Path Group: asynchronous
Path Type: max

Fanout         Cap        Slew       Delay        Time   Description
---------------------------------------------------------------------------------------------
                      0.150000    0.000000    0.000000   clock i_clk (rise edge)
                                  0.000000    0.000000   clock network delay (ideal)
                                  6.000000    6.000000 ^ input external delay
   203    0.637442    2.137063    1.491615    7.491615 ^ i_rst_n (in)
                                                         i_rst_n (net)
                      2.137063    0.000000    7.491615 ^ _1056_/B1 (sky130_fd_sc_hd__o21a_2)
     1    0.003617    0.059181   -0.066429    7.425186 ^ _1056_/X (sky130_fd_sc_hd__o21a_2)
                                                         _0181_ (net)
                      0.059181    0.000000    7.425186 ^ _1248_/RESET_B (sky130_fd_sc_hd__dfrtp_2)
                                              7.425186   data arrival time

                      0.150000   32.000000   32.000000   clock i_clk (rise edge)
                                  0.000000   32.000000   clock network delay (ideal)
                                 -0.250000   31.750000   clock uncertainty
                                  0.000000   31.750000   clock reconvergence pessimism
                                             31.750000 ^ _1248_/CLK (sky130_fd_sc_hd__dfrtp_2)
                                  0.144708   31.894709   library recovery time
                                             31.894709   data required time
---------------------------------------------------------------------------------------------
                                             31.894709   data required time
                                             -7.425186   data arrival time
---------------------------------------------------------------------------------------------
                                             24.469522   slack (MET)


Startpoint: i_rst_n (input port clocked by i_clk)
Endpoint: _1249_ (recovery check against rising-edge clock i_clk)
Path Group: asynchronous
Path Type: max

Fanout         Cap        Slew       Delay        Time   Description
---------------------------------------------------------------------------------------------
                      0.150000    0.000000    0.000000   clock i_clk (rise edge)
                                  0.000000    0.000000   clock network delay (ideal)
                                  6.000000    6.000000 ^ input external delay
   203    0.637442    2.137063    1.491615    7.491615 ^ i_rst_n (in)
                                                         i_rst_n (net)
                      2.137063    0.000000    7.491615 ^ _1057_/B1 (sky130_fd_sc_hd__o21a_2)
     1    0.003617    0.059181   -0.066429    7.425186 ^ _1057_/X (sky130_fd_sc_hd__o21a_2)
                                                         _0182_ (net)
                      0.059181    0.000000    7.425186 ^ _1249_/RESET_B (sky130_fd_sc_hd__dfrtp_2)
                                              7.425186   data arrival time

                      0.150000   32.000000   32.000000   clock i_clk (rise edge)
                                  0.000000   32.000000   clock network delay (ideal)
                                 -0.250000   31.750000   clock uncertainty
                                  0.000000   31.750000   clock reconvergence pessimism
                                             31.750000 ^ _1249_/CLK (sky130_fd_sc_hd__dfrtp_2)
                                  0.144708   31.894709   library recovery time
                                             31.894709   data required time
---------------------------------------------------------------------------------------------
                                             31.894709   data required time
                                             -7.425186   data arrival time
---------------------------------------------------------------------------------------------
                                             24.469522   slack (MET)


Startpoint: i_rst_n (input port clocked by i_clk)
Endpoint: _1250_ (recovery check against rising-edge clock i_clk)
Path Group: asynchronous
Path Type: max

Fanout         Cap        Slew       Delay        Time   Description
---------------------------------------------------------------------------------------------
                      0.150000    0.000000    0.000000   clock i_clk (rise edge)
                                  0.000000    0.000000   clock network delay (ideal)
                                  6.000000    6.000000 ^ input external delay
   203    0.637442    2.137063    1.491615    7.491615 ^ i_rst_n (in)
                                                         i_rst_n (net)
                      2.137063    0.000000    7.491615 ^ _1058_/B1 (sky130_fd_sc_hd__o21a_2)
     1    0.003617    0.059181   -0.066429    7.425186 ^ _1058_/X (sky130_fd_sc_hd__o21a_2)
                                                         _0183_ (net)
                      0.059181    0.000000    7.425186 ^ _1250_/RESET_B (sky130_fd_sc_hd__dfrtp_2)
                                              7.425186   data arrival time

                      0.150000   32.000000   32.000000   clock i_clk (rise edge)
                                  0.000000   32.000000   clock network delay (ideal)
                                 -0.250000   31.750000   clock uncertainty
                                  0.000000   31.750000   clock reconvergence pessimism
                                             31.750000 ^ _1250_/CLK (sky130_fd_sc_hd__dfrtp_2)
                                  0.144708   31.894709   library recovery time
                                             31.894709   data required time
---------------------------------------------------------------------------------------------
                                             31.894709   data required time
                                             -7.425186   data arrival time
---------------------------------------------------------------------------------------------
                                             24.469522   slack (MET)


Startpoint: i_rst_n (input port clocked by i_clk)
Endpoint: _1251_ (recovery check against rising-edge clock i_clk)
Path Group: asynchronous
Path Type: max

Fanout         Cap        Slew       Delay        Time   Description
---------------------------------------------------------------------------------------------
                      0.150000    0.000000    0.000000   clock i_clk (rise edge)
                                  0.000000    0.000000   clock network delay (ideal)
                                  6.000000    6.000000 ^ input external delay
   203    0.637442    2.137063    1.491615    7.491615 ^ i_rst_n (in)
                                                         i_rst_n (net)
                      2.137063    0.000000    7.491615 ^ _1059_/B1 (sky130_fd_sc_hd__o21a_2)
     1    0.003617    0.059181   -0.066429    7.425186 ^ _1059_/X (sky130_fd_sc_hd__o21a_2)
                                                         _0184_ (net)
                      0.059181    0.000000    7.425186 ^ _1251_/RESET_B (sky130_fd_sc_hd__dfrtp_2)
                                              7.425186   data arrival time

                      0.150000   32.000000   32.000000   clock i_clk (rise edge)
                                  0.000000   32.000000   clock network delay (ideal)
                                 -0.250000   31.750000   clock uncertainty
                                  0.000000   31.750000   clock reconvergence pessimism
                                             31.750000 ^ _1251_/CLK (sky130_fd_sc_hd__dfrtp_2)
                                  0.144708   31.894709   library recovery time
                                             31.894709   data required time
---------------------------------------------------------------------------------------------
                                             31.894709   data required time
                                             -7.425186   data arrival time
---------------------------------------------------------------------------------------------
                                             24.469522   slack (MET)


Startpoint: i_rst_n (input port clocked by i_clk)
Endpoint: _1253_ (recovery check against rising-edge clock i_clk)
Path Group: asynchronous
Path Type: max

Fanout         Cap        Slew       Delay        Time   Description
---------------------------------------------------------------------------------------------
                      0.150000    0.000000    0.000000   clock i_clk (rise edge)
                                  0.000000    0.000000   clock network delay (ideal)
                                  6.000000    6.000000 ^ input external delay
   203    0.637442    2.137063    1.491615    7.491615 ^ i_rst_n (in)
                                                         i_rst_n (net)
                      2.137063    0.000000    7.491615 ^ _1061_/B1 (sky130_fd_sc_hd__o21a_2)
     1    0.003617    0.059181   -0.066429    7.425186 ^ _1061_/X (sky130_fd_sc_hd__o21a_2)
                                                         _0186_ (net)
                      0.059181    0.000000    7.425186 ^ _1253_/RESET_B (sky130_fd_sc_hd__dfrtp_2)
                                              7.425186   data arrival time

                      0.150000   32.000000   32.000000   clock i_clk (rise edge)
                                  0.000000   32.000000   clock network delay (ideal)
                                 -0.250000   31.750000   clock uncertainty
                                  0.000000   31.750000   clock reconvergence pessimism
                                             31.750000 ^ _1253_/CLK (sky130_fd_sc_hd__dfrtp_2)
                                  0.144708   31.894709   library recovery time
                                             31.894709   data required time
---------------------------------------------------------------------------------------------
                                             31.894709   data required time
                                             -7.425186   data arrival time
---------------------------------------------------------------------------------------------
                                             24.469522   slack (MET)


Startpoint: i_rst_n (input port clocked by i_clk)
Endpoint: _1254_ (recovery check against rising-edge clock i_clk)
Path Group: asynchronous
Path Type: max

Fanout         Cap        Slew       Delay        Time   Description
---------------------------------------------------------------------------------------------
                      0.150000    0.000000    0.000000   clock i_clk (rise edge)
                                  0.000000    0.000000   clock network delay (ideal)
                                  6.000000    6.000000 ^ input external delay
   203    0.637442    2.137063    1.491615    7.491615 ^ i_rst_n (in)
                                                         i_rst_n (net)
                      2.137063    0.000000    7.491615 ^ _1062_/B1 (sky130_fd_sc_hd__o21a_2)
     1    0.003617    0.059181   -0.066429    7.425186 ^ _1062_/X (sky130_fd_sc_hd__o21a_2)
                                                         _0187_ (net)
                      0.059181    0.000000    7.425186 ^ _1254_/RESET_B (sky130_fd_sc_hd__dfrtp_2)
                                              7.425186   data arrival time

                      0.150000   32.000000   32.000000   clock i_clk (rise edge)
                                  0.000000   32.000000   clock network delay (ideal)
                                 -0.250000   31.750000   clock uncertainty
                                  0.000000   31.750000   clock reconvergence pessimism
                                             31.750000 ^ _1254_/CLK (sky130_fd_sc_hd__dfrtp_2)
                                  0.144708   31.894709   library recovery time
                                             31.894709   data required time
---------------------------------------------------------------------------------------------
                                             31.894709   data required time
                                             -7.425186   data arrival time
---------------------------------------------------------------------------------------------
                                             24.469522   slack (MET)


Startpoint: i_rst_n (input port clocked by i_clk)
Endpoint: _1255_ (recovery check against rising-edge clock i_clk)
Path Group: asynchronous
Path Type: max

Fanout         Cap        Slew       Delay        Time   Description
---------------------------------------------------------------------------------------------
                      0.150000    0.000000    0.000000   clock i_clk (rise edge)
                                  0.000000    0.000000   clock network delay (ideal)
                                  6.000000    6.000000 ^ input external delay
   203    0.637442    2.137063    1.491615    7.491615 ^ i_rst_n (in)
                                                         i_rst_n (net)
                      2.137063    0.000000    7.491615 ^ _1063_/B1 (sky130_fd_sc_hd__o21a_2)
     1    0.003617    0.059181   -0.066429    7.425186 ^ _1063_/X (sky130_fd_sc_hd__o21a_2)
                                                         _0188_ (net)
                      0.059181    0.000000    7.425186 ^ _1255_/RESET_B (sky130_fd_sc_hd__dfrtp_2)
                                              7.425186   data arrival time

                      0.150000   32.000000   32.000000   clock i_clk (rise edge)
                                  0.000000   32.000000   clock network delay (ideal)
                                 -0.250000   31.750000   clock uncertainty
                                  0.000000   31.750000   clock reconvergence pessimism
                                             31.750000 ^ _1255_/CLK (sky130_fd_sc_hd__dfrtp_2)
                                  0.144708   31.894709   library recovery time
                                             31.894709   data required time
---------------------------------------------------------------------------------------------
                                             31.894709   data required time
                                             -7.425186   data arrival time
---------------------------------------------------------------------------------------------
                                             24.469522   slack (MET)


Startpoint: i_rst_n (input port clocked by i_clk)
Endpoint: _1256_ (recovery check against rising-edge clock i_clk)
Path Group: asynchronous
Path Type: max

Fanout         Cap        Slew       Delay        Time   Description
---------------------------------------------------------------------------------------------
                      0.150000    0.000000    0.000000   clock i_clk (rise edge)
                                  0.000000    0.000000   clock network delay (ideal)
                                  6.000000    6.000000 ^ input external delay
   203    0.637442    2.137063    1.491615    7.491615 ^ i_rst_n (in)
                                                         i_rst_n (net)
                      2.137063    0.000000    7.491615 ^ _1064_/B1 (sky130_fd_sc_hd__o21a_2)
     1    0.003617    0.059181   -0.066429    7.425186 ^ _1064_/X (sky130_fd_sc_hd__o21a_2)
                                                         _0189_ (net)
                      0.059181    0.000000    7.425186 ^ _1256_/RESET_B (sky130_fd_sc_hd__dfrtp_2)
                                              7.425186   data arrival time

                      0.150000   32.000000   32.000000   clock i_clk (rise edge)
                                  0.000000   32.000000   clock network delay (ideal)
                                 -0.250000   31.750000   clock uncertainty
                                  0.000000   31.750000   clock reconvergence pessimism
                                             31.750000 ^ _1256_/CLK (sky130_fd_sc_hd__dfrtp_2)
                                  0.144708   31.894709   library recovery time
                                             31.894709   data required time
---------------------------------------------------------------------------------------------
                                             31.894709   data required time
                                             -7.425186   data arrival time
---------------------------------------------------------------------------------------------
                                             24.469522   slack (MET)


Startpoint: i_rst_n (input port clocked by i_clk)
Endpoint: _1257_ (recovery check against rising-edge clock i_clk)
Path Group: asynchronous
Path Type: max

Fanout         Cap        Slew       Delay        Time   Description
---------------------------------------------------------------------------------------------
                      0.150000    0.000000    0.000000   clock i_clk (rise edge)
                                  0.000000    0.000000   clock network delay (ideal)
                                  6.000000    6.000000 ^ input external delay
   203    0.637442    2.137063    1.491615    7.491615 ^ i_rst_n (in)
                                                         i_rst_n (net)
                      2.137063    0.000000    7.491615 ^ _1065_/B1 (sky130_fd_sc_hd__o21a_2)
     1    0.003617    0.059181   -0.066429    7.425186 ^ _1065_/X (sky130_fd_sc_hd__o21a_2)
                                                         _0190_ (net)
                      0.059181    0.000000    7.425186 ^ _1257_/RESET_B (sky130_fd_sc_hd__dfrtp_2)
                                              7.425186   data arrival time

                      0.150000   32.000000   32.000000   clock i_clk (rise edge)
                                  0.000000   32.000000   clock network delay (ideal)
                                 -0.250000   31.750000   clock uncertainty
                                  0.000000   31.750000   clock reconvergence pessimism
                                             31.750000 ^ _1257_/CLK (sky130_fd_sc_hd__dfrtp_2)
                                  0.144708   31.894709   library recovery time
                                             31.894709   data required time
---------------------------------------------------------------------------------------------
                                             31.894709   data required time
                                             -7.425186   data arrival time
---------------------------------------------------------------------------------------------
                                             24.469522   slack (MET)


Startpoint: i_rst_n (input port clocked by i_clk)
Endpoint: _1258_ (recovery check against rising-edge clock i_clk)
Path Group: asynchronous
Path Type: max

Fanout         Cap        Slew       Delay        Time   Description
---------------------------------------------------------------------------------------------
                      0.150000    0.000000    0.000000   clock i_clk (rise edge)
                                  0.000000    0.000000   clock network delay (ideal)
                                  6.000000    6.000000 ^ input external delay
   203    0.637442    2.137063    1.491615    7.491615 ^ i_rst_n (in)
                                                         i_rst_n (net)
                      2.137063    0.000000    7.491615 ^ _1066_/B1 (sky130_fd_sc_hd__o21a_2)
     1    0.003617    0.059181   -0.066429    7.425186 ^ _1066_/X (sky130_fd_sc_hd__o21a_2)
                                                         _0191_ (net)
                      0.059181    0.000000    7.425186 ^ _1258_/RESET_B (sky130_fd_sc_hd__dfrtp_2)
                                              7.425186   data arrival time

                      0.150000   32.000000   32.000000   clock i_clk (rise edge)
                                  0.000000   32.000000   clock network delay (ideal)
                                 -0.250000   31.750000   clock uncertainty
                                  0.000000   31.750000   clock reconvergence pessimism
                                             31.750000 ^ _1258_/CLK (sky130_fd_sc_hd__dfrtp_2)
                                  0.144708   31.894709   library recovery time
                                             31.894709   data required time
---------------------------------------------------------------------------------------------
                                             31.894709   data required time
                                             -7.425186   data arrival time
---------------------------------------------------------------------------------------------
                                             24.469522   slack (MET)


Startpoint: i_rst_n (input port clocked by i_clk)
Endpoint: _1259_ (recovery check against rising-edge clock i_clk)
Path Group: asynchronous
Path Type: max

Fanout         Cap        Slew       Delay        Time   Description
---------------------------------------------------------------------------------------------
                      0.150000    0.000000    0.000000   clock i_clk (rise edge)
                                  0.000000    0.000000   clock network delay (ideal)
                                  6.000000    6.000000 ^ input external delay
   203    0.637442    2.137063    1.491615    7.491615 ^ i_rst_n (in)
                                                         i_rst_n (net)
                      2.137063    0.000000    7.491615 ^ _1067_/B1 (sky130_fd_sc_hd__o21a_2)
     1    0.003617    0.059181   -0.066429    7.425186 ^ _1067_/X (sky130_fd_sc_hd__o21a_2)
                                                         _0192_ (net)
                      0.059181    0.000000    7.425186 ^ _1259_/RESET_B (sky130_fd_sc_hd__dfrtp_2)
                                              7.425186   data arrival time

                      0.150000   32.000000   32.000000   clock i_clk (rise edge)
                                  0.000000   32.000000   clock network delay (ideal)
                                 -0.250000   31.750000   clock uncertainty
                                  0.000000   31.750000   clock reconvergence pessimism
                                             31.750000 ^ _1259_/CLK (sky130_fd_sc_hd__dfrtp_2)
                                  0.144708   31.894709   library recovery time
                                             31.894709   data required time
---------------------------------------------------------------------------------------------
                                             31.894709   data required time
                                             -7.425186   data arrival time
---------------------------------------------------------------------------------------------
                                             24.469522   slack (MET)


Startpoint: i_rst_n (input port clocked by i_clk)
Endpoint: _1097_ (recovery check against rising-edge clock i_clk)
Path Group: asynchronous
Path Type: max

Fanout         Cap        Slew       Delay        Time   Description
---------------------------------------------------------------------------------------------
                      0.150000    0.000000    0.000000   clock i_clk (rise edge)
                                  0.000000    0.000000   clock network delay (ideal)
                                  6.000000    6.000000 ^ input external delay
   203    0.637442    2.137063    1.491615    7.491615 ^ i_rst_n (in)
                                                         i_rst_n (net)
                      2.137063    0.000000    7.491615 ^ _1097_/SET_B (sky130_fd_sc_hd__dfstp_2)
                                              7.491615   data arrival time

                      0.150000   32.000000   32.000000   clock i_clk (rise edge)
                                  0.000000   32.000000   clock network delay (ideal)
                                 -0.250000   31.750000   clock uncertainty
                                  0.000000   31.750000   clock reconvergence pessimism
                                             31.750000 ^ _1097_/CLK (sky130_fd_sc_hd__dfstp_2)
                                  0.275883   32.025883   library recovery time
                                             32.025883   data required time
---------------------------------------------------------------------------------------------
                                             32.025883   data required time
                                             -7.491615   data arrival time
---------------------------------------------------------------------------------------------
                                             24.534267   slack (MET)


Startpoint: i_rst_n (input port clocked by i_clk)
Endpoint: _1159_ (recovery check against rising-edge clock i_clk)
Path Group: asynchronous
Path Type: max

Fanout         Cap        Slew       Delay        Time   Description
---------------------------------------------------------------------------------------------
                      0.150000    0.000000    0.000000   clock i_clk (rise edge)
                                  0.000000    0.000000   clock network delay (ideal)
                                  6.000000    6.000000 ^ input external delay
   203    0.637442    2.137063    1.491615    7.491615 ^ i_rst_n (in)
                                                         i_rst_n (net)
                      2.137063    0.000000    7.491615 ^ _1159_/SET_B (sky130_fd_sc_hd__dfstp_2)
                                              7.491615   data arrival time

                      0.150000   32.000000   32.000000   clock i_clk (rise edge)
                                  0.000000   32.000000   clock network delay (ideal)
                                 -0.250000   31.750000   clock uncertainty
                                  0.000000   31.750000   clock reconvergence pessimism
                                             31.750000 ^ _1159_/CLK (sky130_fd_sc_hd__dfstp_2)
                                  0.275883   32.025883   library recovery time
                                             32.025883   data required time
---------------------------------------------------------------------------------------------
                                             32.025883   data required time
                                             -7.491615   data arrival time
---------------------------------------------------------------------------------------------
                                             24.534267   slack (MET)


Startpoint: i_rst_n (input port clocked by i_clk)
Endpoint: _1169_ (recovery check against rising-edge clock i_clk)
Path Group: asynchronous
Path Type: max

Fanout         Cap        Slew       Delay        Time   Description
---------------------------------------------------------------------------------------------
                      0.150000    0.000000    0.000000   clock i_clk (rise edge)
                                  0.000000    0.000000   clock network delay (ideal)
                                  6.000000    6.000000 ^ input external delay
   203    0.637442    2.137063    1.491615    7.491615 ^ i_rst_n (in)
                                                         i_rst_n (net)
                      2.137063    0.000000    7.491615 ^ _1169_/SET_B (sky130_fd_sc_hd__dfstp_2)
                                              7.491615   data arrival time

                      0.150000   32.000000   32.000000   clock i_clk (rise edge)
                                  0.000000   32.000000   clock network delay (ideal)
                                 -0.250000   31.750000   clock uncertainty
                                  0.000000   31.750000   clock reconvergence pessimism
                                             31.750000 ^ _1169_/CLK (sky130_fd_sc_hd__dfstp_2)
                                  0.275883   32.025883   library recovery time
                                             32.025883   data required time
---------------------------------------------------------------------------------------------
                                             32.025883   data required time
                                             -7.491615   data arrival time
---------------------------------------------------------------------------------------------
                                             24.534267   slack (MET)


Startpoint: i_rst_n (input port clocked by i_clk)
Endpoint: _1171_ (recovery check against rising-edge clock i_clk)
Path Group: asynchronous
Path Type: max

Fanout         Cap        Slew       Delay        Time   Description
---------------------------------------------------------------------------------------------
                      0.150000    0.000000    0.000000   clock i_clk (rise edge)
                                  0.000000    0.000000   clock network delay (ideal)
                                  6.000000    6.000000 ^ input external delay
   203    0.637442    2.137063    1.491615    7.491615 ^ i_rst_n (in)
                                                         i_rst_n (net)
                      2.137063    0.000000    7.491615 ^ _1171_/SET_B (sky130_fd_sc_hd__dfstp_2)
                                              7.491615   data arrival time

                      0.150000   32.000000   32.000000   clock i_clk (rise edge)
                                  0.000000   32.000000   clock network delay (ideal)
                                 -0.250000   31.750000   clock uncertainty
                                  0.000000   31.750000   clock reconvergence pessimism
                                             31.750000 ^ _1171_/CLK (sky130_fd_sc_hd__dfstp_2)
                                  0.275883   32.025883   library recovery time
                                             32.025883   data required time
---------------------------------------------------------------------------------------------
                                             32.025883   data required time
                                             -7.491615   data arrival time
---------------------------------------------------------------------------------------------
                                             24.534267   slack (MET)


Startpoint: i_rst_n (input port clocked by i_clk)
Endpoint: _1196_ (recovery check against rising-edge clock i_clk)
Path Group: asynchronous
Path Type: max

Fanout         Cap        Slew       Delay        Time   Description
---------------------------------------------------------------------------------------------
                      0.150000    0.000000    0.000000   clock i_clk (rise edge)
                                  0.000000    0.000000   clock network delay (ideal)
                                  6.000000    6.000000 ^ input external delay
   203    0.637442    2.137063    1.491615    7.491615 ^ i_rst_n (in)
                                                         i_rst_n (net)
                      2.137063    0.000000    7.491615 ^ _1196_/SET_B (sky130_fd_sc_hd__dfstp_2)
                                              7.491615   data arrival time

                      0.150000   32.000000   32.000000   clock i_clk (rise edge)
                                  0.000000   32.000000   clock network delay (ideal)
                                 -0.250000   31.750000   clock uncertainty
                                  0.000000   31.750000   clock reconvergence pessimism
                                             31.750000 ^ _1196_/CLK (sky130_fd_sc_hd__dfstp_2)
                                  0.275883   32.025883   library recovery time
                                             32.025883   data required time
---------------------------------------------------------------------------------------------
                                             32.025883   data required time
                                             -7.491615   data arrival time
---------------------------------------------------------------------------------------------
                                             24.534267   slack (MET)


Startpoint: i_clk_div_lsb[2] (input port clocked by i_clk)
Endpoint: _1209_ (rising edge-triggered flip-flop clocked by i_clk)
Path Group: i_clk
Path Type: max

Fanout         Cap        Slew       Delay        Time   Description
---------------------------------------------------------------------------------------------
                      0.150000    0.000000    0.000000   clock i_clk (rise edge)
                                  0.000000    0.000000   clock network delay (ideal)
                                  6.000000    6.000000 v input external delay
     4    0.016529    0.026863    0.017141    6.017141 v i_clk_div_lsb[2] (in)
                                                         i_clk_div_lsb[2] (net)
                      0.026863    0.000000    6.017141 v _0624_/A2 (sky130_fd_sc_hd__a2111o_2)
     4    0.017793    0.075606    0.317692    6.334833 v _0624_/X (sky130_fd_sc_hd__a2111o_2)
                                                         _0342_ (net)
                      0.075606    0.000000    6.334833 v _0628_/C (sky130_fd_sc_hd__or3_2)
     3    0.009938    0.068667    0.263964    6.598798 v _0628_/X (sky130_fd_sc_hd__or3_2)
                                                         _0344_ (net)
                      0.068667    0.000000    6.598798 v _0631_/B (sky130_fd_sc_hd__or2_2)
     2    0.012322    0.057137    0.195355    6.794153 v _0631_/X (sky130_fd_sc_hd__or2_2)
                                                         _0346_ (net)
                      0.057137    0.000000    6.794153 v _0634_/B (sky130_fd_sc_hd__xnor2_2)
     1    0.002059    0.028098    0.084373    6.878526 v _0634_/Y (sky130_fd_sc_hd__xnor2_2)
                                                         _0098_ (net)
                      0.028098    0.000000    6.878526 v _1209_/D (sky130_fd_sc_hd__dfrtp_2)
                                              6.878526   data arrival time

                      0.150000   32.000000   32.000000   clock i_clk (rise edge)
                                  0.000000   32.000000   clock network delay (ideal)
                                 -0.250000   31.750000   clock uncertainty
                                  0.000000   31.750000   clock reconvergence pessimism
                                             31.750000 ^ _1209_/CLK (sky130_fd_sc_hd__dfrtp_2)
                                 -0.060924   31.689077   library setup time
                                             31.689077   data required time
---------------------------------------------------------------------------------------------
                                             31.689077   data required time
                                             -6.878526   data arrival time
---------------------------------------------------------------------------------------------
                                             24.810551   slack (MET)


Startpoint: i_clk_div_lsb[2] (input port clocked by i_clk)
Endpoint: _1208_ (rising edge-triggered flip-flop clocked by i_clk)
Path Group: i_clk
Path Type: max

Fanout         Cap        Slew       Delay        Time   Description
---------------------------------------------------------------------------------------------
                      0.150000    0.000000    0.000000   clock i_clk (rise edge)
                                  0.000000    0.000000   clock network delay (ideal)
                                  6.000000    6.000000 v input external delay
     4    0.016529    0.026863    0.017141    6.017141 v i_clk_div_lsb[2] (in)
                                                         i_clk_div_lsb[2] (net)
                      0.026863    0.000000    6.017141 v _0624_/A2 (sky130_fd_sc_hd__a2111o_2)
     4    0.017793    0.075606    0.317692    6.334833 v _0624_/X (sky130_fd_sc_hd__a2111o_2)
                                                         _0342_ (net)
                      0.075606    0.000000    6.334833 v _0628_/C (sky130_fd_sc_hd__or3_2)
     3    0.009938    0.068667    0.263964    6.598798 v _0628_/X (sky130_fd_sc_hd__or3_2)
                                                         _0344_ (net)
                      0.068667    0.000000    6.598798 v _0631_/B (sky130_fd_sc_hd__or2_2)
     2    0.012322    0.057137    0.195355    6.794153 v _0631_/X (sky130_fd_sc_hd__or2_2)
                                                         _0346_ (net)
                      0.057137    0.000000    6.794153 v _0633_/A (sky130_fd_sc_hd__nand2_2)
     1    0.002087    0.024786    0.039868    6.834021 ^ _0633_/Y (sky130_fd_sc_hd__nand2_2)
                                                         _0097_ (net)
                      0.024786    0.000000    6.834021 ^ _1208_/D (sky130_fd_sc_hd__dfrtp_2)
                                              6.834021   data arrival time

                      0.150000   32.000000   32.000000   clock i_clk (rise edge)
                                  0.000000   32.000000   clock network delay (ideal)
                                 -0.250000   31.750000   clock uncertainty
                                  0.000000   31.750000   clock reconvergence pessimism
                                             31.750000 ^ _1208_/CLK (sky130_fd_sc_hd__dfrtp_2)
                                 -0.031317   31.718681   library setup time
                                             31.718681   data required time
---------------------------------------------------------------------------------------------
                                             31.718681   data required time
                                             -6.834021   data arrival time
---------------------------------------------------------------------------------------------
                                             24.884661   slack (MET)


Startpoint: i_slave_addr_reg[1] (input port clocked by i_clk)
Endpoint: _1179_ (rising edge-triggered flip-flop clocked by i_clk)
Path Group: i_clk
Path Type: max

Fanout         Cap        Slew       Delay        Time   Description
---------------------------------------------------------------------------------------------
                      0.150000    0.000000    0.000000   clock i_clk (rise edge)
                                  0.000000    0.000000   clock network delay (ideal)
                                  6.000000    6.000000 v input external delay
     3    0.007722    0.012728    0.007283    6.007283 v i_slave_addr_reg[1] (in)
                                                         i_slave_addr_reg[1] (net)
                      0.012728    0.000000    6.007283 v _0687_/A (sky130_fd_sc_hd__or2_2)
     1    0.002219    0.035184    0.160461    6.167744 v _0687_/X (sky130_fd_sc_hd__or2_2)
                                                         _0366_ (net)
                      0.035184    0.000000    6.167744 v _0698_/A2 (sky130_fd_sc_hd__a221o_2)
     1    0.001308    0.027809    0.187621    6.355366 v _0698_/X (sky130_fd_sc_hd__a221o_2)
                                                         _0377_ (net)
                      0.027809    0.000000    6.355366 v _0699_/D (sky130_fd_sc_hd__or4_2)
     1    0.002059    0.062743    0.287476    6.642842 v _0699_/X (sky130_fd_sc_hd__or4_2)
                                                         _0034_ (net)
                      0.062743    0.000000    6.642842 v _1179_/D (sky130_fd_sc_hd__dfrtp_2)
                                              6.642842   data arrival time

                      0.150000   32.000000   32.000000   clock i_clk (rise edge)
                                  0.000000   32.000000   clock network delay (ideal)
                                 -0.250000   31.750000   clock uncertainty
                                  0.000000   31.750000   clock reconvergence pessimism
                                             31.750000 ^ _1179_/CLK (sky130_fd_sc_hd__dfrtp_2)
                                 -0.073234   31.676764   library setup time
                                             31.676764   data required time
---------------------------------------------------------------------------------------------
                                             31.676764   data required time
                                             -6.642842   data arrival time
---------------------------------------------------------------------------------------------
                                             25.033920   slack (MET)


Startpoint: i_clk_div_lsb[2] (input port clocked by i_clk)
Endpoint: _1207_ (rising edge-triggered flip-flop clocked by i_clk)
Path Group: i_clk
Path Type: max

Fanout         Cap        Slew       Delay        Time   Description
---------------------------------------------------------------------------------------------
                      0.150000    0.000000    0.000000   clock i_clk (rise edge)
                                  0.000000    0.000000   clock network delay (ideal)
                                  6.000000    6.000000 v input external delay
     4    0.016529    0.026863    0.017141    6.017141 v i_clk_div_lsb[2] (in)
                                                         i_clk_div_lsb[2] (net)
                      0.026863    0.000000    6.017141 v _0624_/A2 (sky130_fd_sc_hd__a2111o_2)
     4    0.017793    0.075606    0.317692    6.334833 v _0624_/X (sky130_fd_sc_hd__a2111o_2)
                                                         _0342_ (net)
                      0.075606    0.000000    6.334833 v _0628_/C (sky130_fd_sc_hd__or3_2)
     3    0.009938    0.068667    0.263964    6.598798 v _0628_/X (sky130_fd_sc_hd__or3_2)
                                                         _0344_ (net)
                      0.068667    0.000000    6.598798 v _0630_/A (sky130_fd_sc_hd__nand2_2)
     1    0.002087    0.026547    0.043102    6.641900 ^ _0630_/Y (sky130_fd_sc_hd__nand2_2)
                                                         _0096_ (net)
                      0.026547    0.000000    6.641900 ^ _1207_/D (sky130_fd_sc_hd__dfrtp_2)
                                              6.641900   data arrival time

                      0.150000   32.000000   32.000000   clock i_clk (rise edge)
                                  0.000000   32.000000   clock network delay (ideal)
                                 -0.250000   31.750000   clock uncertainty
                                  0.000000   31.750000   clock reconvergence pessimism
                                             31.750000 ^ _1207_/CLK (sky130_fd_sc_hd__dfrtp_2)
                                 -0.031485   31.718515   library setup time
                                             31.718515   data required time
---------------------------------------------------------------------------------------------
                                             31.718515   data required time
                                             -6.641900   data arrival time
---------------------------------------------------------------------------------------------
                                             25.076614   slack (MET)


Startpoint: _1097_ (rising edge-triggered flip-flop clocked by i_clk)
Endpoint: io_sda (output port clocked by i_clk)
Path Group: i_clk
Path Type: max

Fanout         Cap        Slew       Delay        Time   Description
---------------------------------------------------------------------------------------------
                      0.150000    0.000000    0.000000   clock i_clk (rise edge)
                                  0.000000    0.000000   clock network delay (ideal)
                      0.150000    0.000000    0.000000 ^ _1097_/CLK (sky130_fd_sc_hd__dfstp_2)
     2    0.003762    0.017509    0.250274    0.250274 v _1097_/Q (sky130_fd_sc_hd__dfstp_2)
                                                         u_i2c_master_controller.cntrl_fsm.byte_rx_fsm.o_rx_ack_sda (net)
                      0.017509    0.000000    0.250274 v _0610_/D (sky130_fd_sc_hd__and4_2)
     1    0.003752    0.032181    0.137438    0.387712 v _0610_/X (sky130_fd_sc_hd__and4_2)
                                                         _0530_ (net)
                      0.032181    0.000000    0.387712 v _1290_/TE_B (sky130_fd_sc_hd__ebufn_2)
     2    0.040937    0.351074    0.280623    0.668335 ^ _1290_/Z (sky130_fd_sc_hd__ebufn_2)
                                                         io_sda (net)
                      0.351074    0.000000    0.668335 ^ io_sda (inout)
                                              0.668335   data arrival time

                      0.150000   32.000000   32.000000   clock i_clk (rise edge)
                                  0.000000   32.000000   clock network delay (ideal)
                                 -0.250000   31.750000   clock uncertainty
                                  0.000000   31.750000   clock reconvergence pessimism
                                 -6.000000   25.749998   output external delay
                                             25.749998   data required time
---------------------------------------------------------------------------------------------
                                             25.749998   data required time
                                             -0.668335   data arrival time
---------------------------------------------------------------------------------------------
                                             25.081663   slack (MET)


Startpoint: _1210_ (rising edge-triggered flip-flop clocked by i_clk)
Endpoint: io_scl (output port clocked by i_clk)
Path Group: i_clk
Path Type: max

Fanout         Cap        Slew       Delay        Time   Description
---------------------------------------------------------------------------------------------
                      0.150000    0.000000    0.000000   clock i_clk (rise edge)
                                  0.000000    0.000000   clock network delay (ideal)
                      0.150000    0.000000    0.000000 ^ _1210_/CLK (sky130_fd_sc_hd__dfstp_2)
     1    0.002070    0.014690    0.246387    0.246387 v _1210_/Q (sky130_fd_sc_hd__dfstp_2)
                                                         u_i2c_master_controller.i2cbus_cntrl_fsm.o_i2c_master_scl (net)
                      0.014690    0.000000    0.246387 v _0975_/A (sky130_fd_sc_hd__buf_1)
     1    0.003752    0.022461    0.053665    0.300053 v _0975_/X (sky130_fd_sc_hd__buf_1)
                                                         _0529_ (net)
                      0.022461    0.000000    0.300053 v _1289_/TE_B (sky130_fd_sc_hd__ebufn_2)
     2    0.040937    0.351166    0.276776    0.576829 ^ _1289_/Z (sky130_fd_sc_hd__ebufn_2)
                                                         io_scl (net)
                      0.351166    0.000000    0.576829 ^ io_scl (inout)
                                              0.576829   data arrival time

                      0.150000   32.000000   32.000000   clock i_clk (rise edge)
                                  0.000000   32.000000   clock network delay (ideal)
                                 -0.250000   31.750000   clock uncertainty
                                  0.000000   31.750000   clock reconvergence pessimism
                                 -6.000000   25.749998   output external delay
                                             25.749998   data required time
---------------------------------------------------------------------------------------------
                                             25.749998   data required time
                                             -0.576829   data arrival time
---------------------------------------------------------------------------------------------
                                             25.173170   slack (MET)


Startpoint: i_clk_div_lsb[2] (input port clocked by i_clk)
Endpoint: _1206_ (rising edge-triggered flip-flop clocked by i_clk)
Path Group: i_clk
Path Type: max

Fanout         Cap        Slew       Delay        Time   Description
---------------------------------------------------------------------------------------------
                      0.150000    0.000000    0.000000   clock i_clk (rise edge)
                                  0.000000    0.000000   clock network delay (ideal)
                                  6.000000    6.000000 v input external delay
     4    0.016529    0.026863    0.017141    6.017141 v i_clk_div_lsb[2] (in)
                                                         i_clk_div_lsb[2] (net)
                      0.026863    0.000000    6.017141 v _0624_/A2 (sky130_fd_sc_hd__a2111o_2)
     4    0.017793    0.075606    0.317692    6.334833 v _0624_/X (sky130_fd_sc_hd__a2111o_2)
                                                         _0342_ (net)
                      0.075606    0.000000    6.334833 v _0627_/B (sky130_fd_sc_hd__xnor2_2)
     1    0.002059    0.028294    0.091552    6.426385 v _0627_/Y (sky130_fd_sc_hd__xnor2_2)
                                                         _0095_ (net)
                      0.028294    0.000000    6.426385 v _1206_/D (sky130_fd_sc_hd__dfrtp_2)
                                              6.426385   data arrival time

                      0.150000   32.000000   32.000000   clock i_clk (rise edge)
                                  0.000000   32.000000   clock network delay (ideal)
                                 -0.250000   31.750000   clock uncertainty
                                  0.000000   31.750000   clock reconvergence pessimism
                                             31.750000 ^ _1206_/CLK (sky130_fd_sc_hd__dfrtp_2)
                                 -0.060993   31.689007   library setup time
                                             31.689007   data required time
---------------------------------------------------------------------------------------------
                                             31.689007   data required time
                                             -6.426385   data arrival time
---------------------------------------------------------------------------------------------
                                             25.262621   slack (MET)


Startpoint: i_clk_div_lsb[2] (input port clocked by i_clk)
Endpoint: _1205_ (rising edge-triggered flip-flop clocked by i_clk)
Path Group: i_clk
Path Type: max

Fanout         Cap        Slew       Delay        Time   Description
---------------------------------------------------------------------------------------------
                      0.150000    0.000000    0.000000   clock i_clk (rise edge)
                                  0.000000    0.000000   clock network delay (ideal)
                                  6.000000    6.000000 v input external delay
     4    0.016529    0.026863    0.017141    6.017141 v i_clk_div_lsb[2] (in)
                                                         i_clk_div_lsb[2] (net)
                      0.026863    0.000000    6.017141 v _0624_/A2 (sky130_fd_sc_hd__a2111o_2)
     4    0.017793    0.075606    0.317692    6.334833 v _0624_/X (sky130_fd_sc_hd__a2111o_2)
                                                         _0342_ (net)
                      0.075606    0.000000    6.334833 v _0626_/A (sky130_fd_sc_hd__nand2_2)
     1    0.002087    0.027805    0.045049    6.379882 ^ _0626_/Y (sky130_fd_sc_hd__nand2_2)
                                                         _0094_ (net)
                      0.027805    0.000000    6.379882 ^ _1205_/D (sky130_fd_sc_hd__dfrtp_2)
                                              6.379882   data arrival time

                      0.150000   32.000000   32.000000   clock i_clk (rise edge)
                                  0.000000   32.000000   clock network delay (ideal)
                                 -0.250000   31.750000   clock uncertainty
                                  0.000000   31.750000   clock reconvergence pessimism
                                             31.750000 ^ _1205_/CLK (sky130_fd_sc_hd__dfrtp_2)
                                 -0.031605   31.718393   library setup time
                                             31.718393   data required time
---------------------------------------------------------------------------------------------
                                             31.718393   data required time
                                             -6.379882   data arrival time
---------------------------------------------------------------------------------------------
                                             25.338512   slack (MET)


Startpoint: _1094_ (rising edge-triggered flip-flop clocked by i_clk)
Endpoint: o_cmd_status_reg[6] (output port clocked by i_clk)
Path Group: i_clk
Path Type: max

Fanout         Cap        Slew       Delay        Time   Description
---------------------------------------------------------------------------------------------
                      0.150000    0.000000    0.000000   clock i_clk (rise edge)
                                  0.000000    0.000000   clock network delay (ideal)
                      0.150000    0.000000    0.000000 ^ _1094_/CLK (sky130_fd_sc_hd__dfrtp_2)
     3    0.006232    0.035463    0.273897    0.273897 v _1094_/Q (sky130_fd_sc_hd__dfrtp_2)
                                                         u_i2c_master_controller.cntrl_fsm.tx_done_reg (net)
                      0.035463    0.000000    0.273897 v _1287_/A (sky130_fd_sc_hd__buf_2)
     1    0.033442    0.061562    0.118850    0.392748 v _1287_/X (sky130_fd_sc_hd__buf_2)
                                                         o_cmd_status_reg[6] (net)
                      0.061562    0.000000    0.392748 v o_cmd_status_reg[6] (out)
                                              0.392748   data arrival time

                      0.150000   32.000000   32.000000   clock i_clk (rise edge)
                                  0.000000   32.000000   clock network delay (ideal)
                                 -0.250000   31.750000   clock uncertainty
                                  0.000000   31.750000   clock reconvergence pessimism
                                 -6.000000   25.749998   output external delay
                                             25.749998   data required time
---------------------------------------------------------------------------------------------
                                             25.749998   data required time
                                             -0.392748   data arrival time
---------------------------------------------------------------------------------------------
                                             25.357252   slack (MET)


Startpoint: _1092_ (rising edge-triggered flip-flop clocked by i_clk)
Endpoint: o_cmd_status_reg[4] (output port clocked by i_clk)
Path Group: i_clk
Path Type: max

Fanout         Cap        Slew       Delay        Time   Description
---------------------------------------------------------------------------------------------
                      0.150000    0.000000    0.000000   clock i_clk (rise edge)
                                  0.000000    0.000000   clock network delay (ideal)
                      0.150000    0.000000    0.000000 ^ _1092_/CLK (sky130_fd_sc_hd__dfrtp_2)
     3    0.006187    0.035381    0.273786    0.273786 v _1092_/Q (sky130_fd_sc_hd__dfrtp_2)
                                                         u_i2c_master_controller.cntrl_fsm.tx_err_reg (net)
                      0.035381    0.000000    0.273786 v _1285_/A (sky130_fd_sc_hd__buf_2)
     1    0.033442    0.061562    0.118818    0.392604 v _1285_/X (sky130_fd_sc_hd__buf_2)
                                                         o_cmd_status_reg[4] (net)
                      0.061562    0.000000    0.392604 v o_cmd_status_reg[4] (out)
                                              0.392604   data arrival time

                      0.150000   32.000000   32.000000   clock i_clk (rise edge)
                                  0.000000   32.000000   clock network delay (ideal)
                                 -0.250000   31.750000   clock uncertainty
                                  0.000000   31.750000   clock reconvergence pessimism
                                 -6.000000   25.749998   output external delay
                                             25.749998   data required time
---------------------------------------------------------------------------------------------
                                             25.749998   data required time
                                             -0.392604   data arrival time
---------------------------------------------------------------------------------------------
                                             25.357395   slack (MET)


Startpoint: _1093_ (rising edge-triggered flip-flop clocked by i_clk)
Endpoint: o_cmd_status_reg[5] (output port clocked by i_clk)
Path Group: i_clk
Path Type: max

Fanout         Cap        Slew       Delay        Time   Description
---------------------------------------------------------------------------------------------
                      0.150000    0.000000    0.000000   clock i_clk (rise edge)
                                  0.000000    0.000000   clock network delay (ideal)
                      0.150000    0.000000    0.000000 ^ _1093_/CLK (sky130_fd_sc_hd__dfrtp_2)
     3    0.006185    0.035378    0.273781    0.273781 v _1093_/Q (sky130_fd_sc_hd__dfrtp_2)
                                                         u_i2c_master_controller.cntrl_fsm.rx_done_reg (net)
                      0.035378    0.000000    0.273781 v _1286_/A (sky130_fd_sc_hd__buf_2)
     1    0.033442    0.061562    0.118816    0.392597 v _1286_/X (sky130_fd_sc_hd__buf_2)
                                                         o_cmd_status_reg[5] (net)
                      0.061562    0.000000    0.392597 v o_cmd_status_reg[5] (out)
                                              0.392597   data arrival time

                      0.150000   32.000000   32.000000   clock i_clk (rise edge)
                                  0.000000   32.000000   clock network delay (ideal)
                                 -0.250000   31.750000   clock uncertainty
                                  0.000000   31.750000   clock reconvergence pessimism
                                 -6.000000   25.749998   output external delay
                                             25.749998   data required time
---------------------------------------------------------------------------------------------
                                             25.749998   data required time
                                             -0.392597   data arrival time
---------------------------------------------------------------------------------------------
                                             25.357401   slack (MET)


Startpoint: _1091_ (rising edge-triggered flip-flop clocked by i_clk)
Endpoint: o_cmd_status_reg[3] (output port clocked by i_clk)
Path Group: i_clk
Path Type: max

Fanout         Cap        Slew       Delay        Time   Description
---------------------------------------------------------------------------------------------
                      0.150000    0.000000    0.000000   clock i_clk (rise edge)
                                  0.000000    0.000000   clock network delay (ideal)
                      0.150000    0.000000    0.000000 ^ _1091_/CLK (sky130_fd_sc_hd__dfrtp_2)
     3    0.006097    0.035218    0.273564    0.273564 v _1091_/Q (sky130_fd_sc_hd__dfrtp_2)
                                                         u_i2c_master_controller.cntrl_fsm.rx_err_reg (net)
                      0.035218    0.000000    0.273564 v _1284_/A (sky130_fd_sc_hd__buf_2)
     1    0.033442    0.061562    0.118752    0.392316 v _1284_/X (sky130_fd_sc_hd__buf_2)
                                                         o_cmd_status_reg[3] (net)
                      0.061562    0.000000    0.392316 v o_cmd_status_reg[3] (out)
                                              0.392316   data arrival time

                      0.150000   32.000000   32.000000   clock i_clk (rise edge)
                                  0.000000   32.000000   clock network delay (ideal)
                                 -0.250000   31.750000   clock uncertainty
                                  0.000000   31.750000   clock reconvergence pessimism
                                 -6.000000   25.749998   output external delay
                                             25.749998   data required time
---------------------------------------------------------------------------------------------
                                             25.749998   data required time
                                             -0.392316   data arrival time
---------------------------------------------------------------------------------------------
                                             25.357683   slack (MET)


Startpoint: _1090_ (rising edge-triggered flip-flop clocked by i_clk)
Endpoint: o_cmd_status_reg[2] (output port clocked by i_clk)
Path Group: i_clk
Path Type: max

Fanout         Cap        Slew       Delay        Time   Description
---------------------------------------------------------------------------------------------
                      0.150000    0.000000    0.000000   clock i_clk (rise edge)
                                  0.000000    0.000000   clock network delay (ideal)
                      0.150000    0.000000    0.000000 ^ _1090_/CLK (sky130_fd_sc_hd__dfrtp_2)
     3    0.005549    0.034225    0.272211    0.272211 v _1090_/Q (sky130_fd_sc_hd__dfrtp_2)
                                                         u_i2c_master_controller.cntrl_fsm.abort_ack_reg (net)
                      0.034225    0.000000    0.272211 v _1283_/A (sky130_fd_sc_hd__buf_2)
     1    0.033442    0.061563    0.118354    0.390565 v _1283_/X (sky130_fd_sc_hd__buf_2)
                                                         o_cmd_status_reg[2] (net)
                      0.061563    0.000000    0.390565 v o_cmd_status_reg[2] (out)
                                              0.390565   data arrival time

                      0.150000   32.000000   32.000000   clock i_clk (rise edge)
                                  0.000000   32.000000   clock network delay (ideal)
                                 -0.250000   31.750000   clock uncertainty
                                  0.000000   31.750000   clock reconvergence pessimism
                                 -6.000000   25.749998   output external delay
                                             25.749998   data required time
---------------------------------------------------------------------------------------------
                                             25.749998   data required time
                                             -0.390565   data arrival time
---------------------------------------------------------------------------------------------
                                             25.359432   slack (MET)


Startpoint: _1107_ (rising edge-triggered flip-flop clocked by i_clk)
Endpoint: o_cmd_status_reg[7] (output port clocked by i_clk)
Path Group: i_clk
Path Type: max

Fanout         Cap        Slew       Delay        Time   Description
---------------------------------------------------------------------------------------------
                      0.150000    0.000000    0.000000   clock i_clk (rise edge)
                                  0.000000    0.000000   clock network delay (ideal)
                      0.150000    0.000000    0.000000 ^ _1107_/CLK (sky130_fd_sc_hd__dfrtp_2)
     3    0.004738    0.032754    0.270207    0.270207 v _1107_/Q (sky130_fd_sc_hd__dfrtp_2)
                                                         u_i2c_master_controller.cntrl_fsm.cntrl_fsm.o_i2c_busy (net)
                      0.032754    0.000000    0.270207 v _1288_/A (sky130_fd_sc_hd__buf_2)
     1    0.033442    0.061564    0.117765    0.387973 v _1288_/X (sky130_fd_sc_hd__buf_2)
                                                         o_cmd_status_reg[7] (net)
                      0.061564    0.000000    0.387973 v o_cmd_status_reg[7] (out)
                                              0.387973   data arrival time

                      0.150000   32.000000   32.000000   clock i_clk (rise edge)
                                  0.000000   32.000000   clock network delay (ideal)
                                 -0.250000   31.750000   clock uncertainty
                                  0.000000   31.750000   clock reconvergence pessimism
                                 -6.000000   25.749998   output external delay
                                             25.749998   data required time
---------------------------------------------------------------------------------------------
                                             25.749998   data required time
                                             -0.387973   data arrival time
---------------------------------------------------------------------------------------------
                                             25.362026   slack (MET)


Startpoint: _1077_ (rising edge-triggered flip-flop clocked by i_clk)
Endpoint: o_int_n (output port clocked by i_clk)
Path Group: i_clk
Path Type: max

Fanout         Cap        Slew       Delay        Time   Description
---------------------------------------------------------------------------------------------
                      0.150000    0.000000    0.000000   clock i_clk (rise edge)
                                  0.000000    0.000000   clock network delay (ideal)
                      0.150000    0.000000    0.000000 ^ _1077_/CLK (sky130_fd_sc_hd__dfrtp_2)
     2    0.005832    0.034738    0.272910    0.272910 v _1077_/Q (sky130_fd_sc_hd__dfrtp_2)
                                                         u_i2c_master_controller.cntrl_fsm.o_int_out (net)
                      0.034738    0.000000    0.272910 v _0540_/A (sky130_fd_sc_hd__inv_2)
     1    0.033442    0.118659    0.101526    0.374435 ^ _0540_/Y (sky130_fd_sc_hd__inv_2)
                                                         o_int_n (net)
                      0.118659    0.000000    0.374435 ^ o_int_n (out)
                                              0.374435   data arrival time

                      0.150000   32.000000   32.000000   clock i_clk (rise edge)
                                  0.000000   32.000000   clock network delay (ideal)
                                 -0.250000   31.750000   clock uncertainty
                                  0.000000   31.750000   clock reconvergence pessimism
                                 -6.000000   25.749998   output external delay
                                             25.749998   data required time
---------------------------------------------------------------------------------------------
                                             25.749998   data required time
                                             -0.374435   data arrival time
---------------------------------------------------------------------------------------------
                                             25.375565   slack (MET)


Startpoint: _1186_ (rising edge-triggered flip-flop clocked by i_clk)
Endpoint: o_transmit_data_request (output port clocked by i_clk)
Path Group: i_clk
Path Type: max

Fanout         Cap        Slew       Delay        Time   Description
---------------------------------------------------------------------------------------------
                      0.150000    0.000000    0.000000   clock i_clk (rise edge)
                                  0.000000    0.000000   clock network delay (ideal)
                      0.150000    0.000000    0.000000 ^ _1186_/CLK (sky130_fd_sc_hd__dfrtp_2)
     4    0.039329    0.086971    0.334815    0.334815 v _1186_/Q (sky130_fd_sc_hd__dfrtp_2)
                                                         o_transmit_data_request (net)
                      0.086971    0.000000    0.334815 v o_transmit_data_request (out)
                                              0.334815   data arrival time

                      0.150000   32.000000   32.000000   clock i_clk (rise edge)
                                  0.000000   32.000000   clock network delay (ideal)
                                 -0.250000   31.750000   clock uncertainty
                                  0.000000   31.750000   clock reconvergence pessimism
                                 -6.000000   25.749998   output external delay
                                             25.749998   data required time
---------------------------------------------------------------------------------------------
                                             25.749998   data required time
                                             -0.334815   data arrival time
---------------------------------------------------------------------------------------------
                                             25.415184   slack (MET)


Startpoint: _1191_ (rising edge-triggered flip-flop clocked by i_clk)
Endpoint: o_received_data_valid (output port clocked by i_clk)
Path Group: i_clk
Path Type: max

Fanout         Cap        Slew       Delay        Time   Description
---------------------------------------------------------------------------------------------
                      0.150000    0.000000    0.000000   clock i_clk (rise edge)
                                  0.000000    0.000000   clock network delay (ideal)
                      0.150000    0.000000    0.000000 ^ _1191_/CLK (sky130_fd_sc_hd__dfrtp_2)
     1    0.033442    0.078319    0.325229    0.325229 v _1191_/Q (sky130_fd_sc_hd__dfrtp_2)
                                                         o_received_data_valid (net)
                      0.078319    0.000000    0.325229 v o_received_data_valid (out)
                                              0.325229   data arrival time

                      0.150000   32.000000   32.000000   clock i_clk (rise edge)
                                  0.000000   32.000000   clock network delay (ideal)
                                 -0.250000   31.750000   clock uncertainty
                                  0.000000   31.750000   clock reconvergence pessimism
                                 -6.000000   25.749998   output external delay
                                             25.749998   data required time
---------------------------------------------------------------------------------------------
                                             25.749998   data required time
                                             -0.325229   data arrival time
---------------------------------------------------------------------------------------------
                                             25.424768   slack (MET)


Startpoint: _1192_ (rising edge-triggered flip-flop clocked by i_clk)
Endpoint: o_start_ack (output port clocked by i_clk)
Path Group: i_clk
Path Type: max

Fanout         Cap        Slew       Delay        Time   Description
---------------------------------------------------------------------------------------------
                      0.150000    0.000000    0.000000   clock i_clk (rise edge)
                                  0.000000    0.000000   clock network delay (ideal)
                      0.150000    0.000000    0.000000 ^ _1192_/CLK (sky130_fd_sc_hd__dfrtp_2)
     1    0.033442    0.078319    0.325229    0.325229 v _1192_/Q (sky130_fd_sc_hd__dfrtp_2)
                                                         o_start_ack (net)
                      0.078319    0.000000    0.325229 v o_start_ack (out)
                                              0.325229   data arrival time

                      0.150000   32.000000   32.000000   clock i_clk (rise edge)
                                  0.000000   32.000000   clock network delay (ideal)
                                 -0.250000   31.750000   clock uncertainty
                                  0.000000   31.750000   clock reconvergence pessimism
                                 -6.000000   25.749998   output external delay
                                             25.749998   data required time
---------------------------------------------------------------------------------------------
                                             25.749998   data required time
                                             -0.325229   data arrival time
---------------------------------------------------------------------------------------------
                                             25.424768   slack (MET)


Startpoint: i_clk_div_lsb[2] (input port clocked by i_clk)
Endpoint: _1204_ (rising edge-triggered flip-flop clocked by i_clk)
Path Group: i_clk
Path Type: max

Fanout         Cap        Slew       Delay        Time   Description
---------------------------------------------------------------------------------------------
                      0.150000    0.000000    0.000000   clock i_clk (rise edge)
                                  0.000000    0.000000   clock network delay (ideal)
                                  6.000000    6.000000 v input external delay
     4    0.016529    0.026863    0.017141    6.017141 v i_clk_div_lsb[2] (in)
                                                         i_clk_div_lsb[2] (net)
                      0.026863    0.000000    6.017141 v _0620_/A2 (sky130_fd_sc_hd__a21o_2)
     3    0.016397    0.049298    0.157901    6.175043 v _0620_/X (sky130_fd_sc_hd__a21o_2)
                                                         _0340_ (net)
                      0.049298    0.000000    6.175043 v _0623_/B (sky130_fd_sc_hd__xnor2_2)
     1    0.002059    0.028037    0.081297    6.256340 v _0623_/Y (sky130_fd_sc_hd__xnor2_2)
                                                         _0093_ (net)
                      0.028037    0.000000    6.256340 v _1204_/D (sky130_fd_sc_hd__dfrtp_2)
                                              6.256340   data arrival time

                      0.150000   32.000000   32.000000   clock i_clk (rise edge)
                                  0.000000   32.000000   clock network delay (ideal)
                                 -0.250000   31.750000   clock uncertainty
                                  0.000000   31.750000   clock reconvergence pessimism
                                             31.750000 ^ _1204_/CLK (sky130_fd_sc_hd__dfrtp_2)
                                 -0.060902   31.689098   library setup time
                                             31.689098   data required time
---------------------------------------------------------------------------------------------
                                             31.689098   data required time
                                             -6.256340   data arrival time
---------------------------------------------------------------------------------------------
                                             25.432758   slack (MET)


Startpoint: _1098_ (rising edge-triggered flip-flop clocked by i_clk)
Endpoint: o_receive_data[0] (output port clocked by i_clk)
Path Group: i_clk
Path Type: max

Fanout         Cap        Slew       Delay        Time   Description
---------------------------------------------------------------------------------------------
                      0.150000    0.000000    0.000000   clock i_clk (rise edge)
                                  0.000000    0.000000   clock network delay (ideal)
                      0.150000    0.000000    0.000000 ^ _1098_/CLK (sky130_fd_sc_hd__dfxtp_2)
     2    0.035511    0.139748    0.301423    0.301423 ^ _1098_/Q (sky130_fd_sc_hd__dfxtp_2)
                                                         o_receive_data[0] (net)
                      0.139748    0.000000    0.301423 ^ o_receive_data[0] (out)
                                              0.301423   data arrival time

                      0.150000   32.000000   32.000000   clock i_clk (rise edge)
                                  0.000000   32.000000   clock network delay (ideal)
                                 -0.250000   31.750000   clock uncertainty
                                  0.000000   31.750000   clock reconvergence pessimism
                                 -6.000000   25.749998   output external delay
                                             25.749998   data required time
---------------------------------------------------------------------------------------------
                                             25.749998   data required time
                                             -0.301423   data arrival time
---------------------------------------------------------------------------------------------
                                             25.448576   slack (MET)


Startpoint: _1099_ (rising edge-triggered flip-flop clocked by i_clk)
Endpoint: o_receive_data[1] (output port clocked by i_clk)
Path Group: i_clk
Path Type: max

Fanout         Cap        Slew       Delay        Time   Description
---------------------------------------------------------------------------------------------
                      0.150000    0.000000    0.000000   clock i_clk (rise edge)
                                  0.000000    0.000000   clock network delay (ideal)
                      0.150000    0.000000    0.000000 ^ _1099_/CLK (sky130_fd_sc_hd__dfxtp_2)
     2    0.035511    0.139748    0.301423    0.301423 ^ _1099_/Q (sky130_fd_sc_hd__dfxtp_2)
                                                         o_receive_data[1] (net)
                      0.139748    0.000000    0.301423 ^ o_receive_data[1] (out)
                                              0.301423   data arrival time

                      0.150000   32.000000   32.000000   clock i_clk (rise edge)
                                  0.000000   32.000000   clock network delay (ideal)
                                 -0.250000   31.750000   clock uncertainty
                                  0.000000   31.750000   clock reconvergence pessimism
                                 -6.000000   25.749998   output external delay
                                             25.749998   data required time
---------------------------------------------------------------------------------------------
                                             25.749998   data required time
                                             -0.301423   data arrival time
---------------------------------------------------------------------------------------------
                                             25.448576   slack (MET)


Startpoint: _1100_ (rising edge-triggered flip-flop clocked by i_clk)
Endpoint: o_receive_data[2] (output port clocked by i_clk)
Path Group: i_clk
Path Type: max

Fanout         Cap        Slew       Delay        Time   Description
---------------------------------------------------------------------------------------------
                      0.150000    0.000000    0.000000   clock i_clk (rise edge)
                                  0.000000    0.000000   clock network delay (ideal)
                      0.150000    0.000000    0.000000 ^ _1100_/CLK (sky130_fd_sc_hd__dfxtp_2)
     2    0.035511    0.139748    0.301423    0.301423 ^ _1100_/Q (sky130_fd_sc_hd__dfxtp_2)
                                                         o_receive_data[2] (net)
                      0.139748    0.000000    0.301423 ^ o_receive_data[2] (out)
                                              0.301423   data arrival time

                      0.150000   32.000000   32.000000   clock i_clk (rise edge)
                                  0.000000   32.000000   clock network delay (ideal)
                                 -0.250000   31.750000   clock uncertainty
                                  0.000000   31.750000   clock reconvergence pessimism
                                 -6.000000   25.749998   output external delay
                                             25.749998   data required time
---------------------------------------------------------------------------------------------
                                             25.749998   data required time
                                             -0.301423   data arrival time
---------------------------------------------------------------------------------------------
                                             25.448576   slack (MET)


Startpoint: _1101_ (rising edge-triggered flip-flop clocked by i_clk)
Endpoint: o_receive_data[3] (output port clocked by i_clk)
Path Group: i_clk
Path Type: max

Fanout         Cap        Slew       Delay        Time   Description
---------------------------------------------------------------------------------------------
                      0.150000    0.000000    0.000000   clock i_clk (rise edge)
                                  0.000000    0.000000   clock network delay (ideal)
                      0.150000    0.000000    0.000000 ^ _1101_/CLK (sky130_fd_sc_hd__dfxtp_2)
     2    0.035511    0.139748    0.301423    0.301423 ^ _1101_/Q (sky130_fd_sc_hd__dfxtp_2)
                                                         o_receive_data[3] (net)
                      0.139748    0.000000    0.301423 ^ o_receive_data[3] (out)
                                              0.301423   data arrival time

                      0.150000   32.000000   32.000000   clock i_clk (rise edge)
                                  0.000000   32.000000   clock network delay (ideal)
                                 -0.250000   31.750000   clock uncertainty
                                  0.000000   31.750000   clock reconvergence pessimism
                                 -6.000000   25.749998   output external delay
                                             25.749998   data required time
---------------------------------------------------------------------------------------------
                                             25.749998   data required time
                                             -0.301423   data arrival time
---------------------------------------------------------------------------------------------
                                             25.448576   slack (MET)


Startpoint: _1102_ (rising edge-triggered flip-flop clocked by i_clk)
Endpoint: o_receive_data[4] (output port clocked by i_clk)
Path Group: i_clk
Path Type: max

Fanout         Cap        Slew       Delay        Time   Description
---------------------------------------------------------------------------------------------
                      0.150000    0.000000    0.000000   clock i_clk (rise edge)
                                  0.000000    0.000000   clock network delay (ideal)
                      0.150000    0.000000    0.000000 ^ _1102_/CLK (sky130_fd_sc_hd__dfxtp_2)
     2    0.035511    0.139748    0.301423    0.301423 ^ _1102_/Q (sky130_fd_sc_hd__dfxtp_2)
                                                         o_receive_data[4] (net)
                      0.139748    0.000000    0.301423 ^ o_receive_data[4] (out)
                                              0.301423   data arrival time

                      0.150000   32.000000   32.000000   clock i_clk (rise edge)
                                  0.000000   32.000000   clock network delay (ideal)
                                 -0.250000   31.750000   clock uncertainty
                                  0.000000   31.750000   clock reconvergence pessimism
                                 -6.000000   25.749998   output external delay
                                             25.749998   data required time
---------------------------------------------------------------------------------------------
                                             25.749998   data required time
                                             -0.301423   data arrival time
---------------------------------------------------------------------------------------------
                                             25.448576   slack (MET)


Startpoint: _1103_ (rising edge-triggered flip-flop clocked by i_clk)
Endpoint: o_receive_data[5] (output port clocked by i_clk)
Path Group: i_clk
Path Type: max

Fanout         Cap        Slew       Delay        Time   Description
---------------------------------------------------------------------------------------------
                      0.150000    0.000000    0.000000   clock i_clk (rise edge)
                                  0.000000    0.000000   clock network delay (ideal)
                      0.150000    0.000000    0.000000 ^ _1103_/CLK (sky130_fd_sc_hd__dfxtp_2)
     2    0.035511    0.139748    0.301423    0.301423 ^ _1103_/Q (sky130_fd_sc_hd__dfxtp_2)
                                                         o_receive_data[5] (net)
                      0.139748    0.000000    0.301423 ^ o_receive_data[5] (out)
                                              0.301423   data arrival time

                      0.150000   32.000000   32.000000   clock i_clk (rise edge)
                                  0.000000   32.000000   clock network delay (ideal)
                                 -0.250000   31.750000   clock uncertainty
                                  0.000000   31.750000   clock reconvergence pessimism
                                 -6.000000   25.749998   output external delay
                                             25.749998   data required time
---------------------------------------------------------------------------------------------
                                             25.749998   data required time
                                             -0.301423   data arrival time
---------------------------------------------------------------------------------------------
                                             25.448576   slack (MET)


Startpoint: _1104_ (rising edge-triggered flip-flop clocked by i_clk)
Endpoint: o_receive_data[6] (output port clocked by i_clk)
Path Group: i_clk
Path Type: max

Fanout         Cap        Slew       Delay        Time   Description
---------------------------------------------------------------------------------------------
                      0.150000    0.000000    0.000000   clock i_clk (rise edge)
                                  0.000000    0.000000   clock network delay (ideal)
                      0.150000    0.000000    0.000000 ^ _1104_/CLK (sky130_fd_sc_hd__dfxtp_2)
     2    0.035511    0.139748    0.301423    0.301423 ^ _1104_/Q (sky130_fd_sc_hd__dfxtp_2)
                                                         o_receive_data[6] (net)
                      0.139748    0.000000    0.301423 ^ o_receive_data[6] (out)
                                              0.301423   data arrival time

                      0.150000   32.000000   32.000000   clock i_clk (rise edge)
                                  0.000000   32.000000   clock network delay (ideal)
                                 -0.250000   31.750000   clock uncertainty
                                  0.000000   31.750000   clock reconvergence pessimism
                                 -6.000000   25.749998   output external delay
                                             25.749998   data required time
---------------------------------------------------------------------------------------------
                                             25.749998   data required time
                                             -0.301423   data arrival time
---------------------------------------------------------------------------------------------
                                             25.448576   slack (MET)


Startpoint: _1105_ (rising edge-triggered flip-flop clocked by i_clk)
Endpoint: o_receive_data[7] (output port clocked by i_clk)
Path Group: i_clk
Path Type: max

Fanout         Cap        Slew       Delay        Time   Description
---------------------------------------------------------------------------------------------
                      0.150000    0.000000    0.000000   clock i_clk (rise edge)
                                  0.000000    0.000000   clock network delay (ideal)
                      0.150000    0.000000    0.000000 ^ _1105_/CLK (sky130_fd_sc_hd__dfxtp_2)
     2    0.035511    0.139748    0.301423    0.301423 ^ _1105_/Q (sky130_fd_sc_hd__dfxtp_2)
                                                         o_receive_data[7] (net)
                      0.139748    0.000000    0.301423 ^ o_receive_data[7] (out)
                                              0.301423   data arrival time

                      0.150000   32.000000   32.000000   clock i_clk (rise edge)
                                  0.000000   32.000000   clock network delay (ideal)
                                 -0.250000   31.750000   clock uncertainty
                                  0.000000   31.750000   clock reconvergence pessimism
                                 -6.000000   25.749998   output external delay
                                             25.749998   data required time
---------------------------------------------------------------------------------------------
                                             25.749998   data required time
                                             -0.301423   data arrival time
---------------------------------------------------------------------------------------------
                                             25.448576   slack (MET)


Startpoint: i_transmit_data[4] (input port clocked by i_clk)
Endpoint: _1115_ (rising edge-triggered flip-flop clocked by i_clk)
Path Group: i_clk
Path Type: max

Fanout         Cap        Slew       Delay        Time   Description
---------------------------------------------------------------------------------------------
                      0.150000    0.000000    0.000000   clock i_clk (rise edge)
                                  0.000000    0.000000   clock network delay (ideal)
                                  6.000000    6.000000 v input external delay
     1    0.001896    0.003535    0.001459    6.001459 v i_transmit_data[4] (in)
                                                         i_transmit_data[4] (net)
                      0.003535    0.000000    6.001459 v _0911_/A1 (sky130_fd_sc_hd__mux2_1)
     1    0.002253    0.036650    0.138074    6.139533 v _0911_/X (sky130_fd_sc_hd__mux2_1)
                                                         _0495_ (net)
                      0.036650    0.000000    6.139533 v _0912_/B2 (sky130_fd_sc_hd__o22a_2)
     1    0.002059    0.024283    0.101740    6.241273 v _0912_/X (sky130_fd_sc_hd__o22a_2)
                                                         _0238_ (net)
                      0.024283    0.000000    6.241273 v _1115_/D (sky130_fd_sc_hd__dfrtp_2)
                                              6.241273   data arrival time

                      0.150000   32.000000   32.000000   clock i_clk (rise edge)
                                  0.000000   32.000000   clock network delay (ideal)
                                 -0.250000   31.750000   clock uncertainty
                                  0.000000   31.750000   clock reconvergence pessimism
                                             31.750000 ^ _1115_/CLK (sky130_fd_sc_hd__dfrtp_2)
                                 -0.059568   31.690432   library setup time
                                             31.690432   data required time
---------------------------------------------------------------------------------------------
                                             31.690432   data required time
                                             -6.241273   data arrival time
---------------------------------------------------------------------------------------------
                                             25.449158   slack (MET)


Startpoint: i_transmit_data[5] (input port clocked by i_clk)
Endpoint: _1116_ (rising edge-triggered flip-flop clocked by i_clk)
Path Group: i_clk
Path Type: max

Fanout         Cap        Slew       Delay        Time   Description
---------------------------------------------------------------------------------------------
                      0.150000    0.000000    0.000000   clock i_clk (rise edge)
                                  0.000000    0.000000   clock network delay (ideal)
                                  6.000000    6.000000 v input external delay
     1    0.001896    0.003535    0.001459    6.001459 v i_transmit_data[5] (in)
                                                         i_transmit_data[5] (net)
                      0.003535    0.000000    6.001459 v _0913_/A1 (sky130_fd_sc_hd__mux2_1)
     1    0.002253    0.036650    0.138074    6.139533 v _0913_/X (sky130_fd_sc_hd__mux2_1)
                                                         _0496_ (net)
                      0.036650    0.000000    6.139533 v _0914_/B2 (sky130_fd_sc_hd__o22a_2)
     1    0.002059    0.024283    0.101740    6.241273 v _0914_/X (sky130_fd_sc_hd__o22a_2)
                                                         _0239_ (net)
                      0.024283    0.000000    6.241273 v _1116_/D (sky130_fd_sc_hd__dfrtp_2)
                                              6.241273   data arrival time

                      0.150000   32.000000   32.000000   clock i_clk (rise edge)
                                  0.000000   32.000000   clock network delay (ideal)
                                 -0.250000   31.750000   clock uncertainty
                                  0.000000   31.750000   clock reconvergence pessimism
                                             31.750000 ^ _1116_/CLK (sky130_fd_sc_hd__dfrtp_2)
                                 -0.059568   31.690432   library setup time
                                             31.690432   data required time
---------------------------------------------------------------------------------------------
                                             31.690432   data required time
                                             -6.241273   data arrival time
---------------------------------------------------------------------------------------------
                                             25.449158   slack (MET)


Startpoint: i_transmit_data[6] (input port clocked by i_clk)
Endpoint: _1117_ (rising edge-triggered flip-flop clocked by i_clk)
Path Group: i_clk
Path Type: max

Fanout         Cap        Slew       Delay        Time   Description
---------------------------------------------------------------------------------------------
                      0.150000    0.000000    0.000000   clock i_clk (rise edge)
                                  0.000000    0.000000   clock network delay (ideal)
                                  6.000000    6.000000 v input external delay
     1    0.001896    0.003535    0.001459    6.001459 v i_transmit_data[6] (in)
                                                         i_transmit_data[6] (net)
                      0.003535    0.000000    6.001459 v _0915_/A1 (sky130_fd_sc_hd__mux2_1)
     1    0.002253    0.036650    0.138074    6.139533 v _0915_/X (sky130_fd_sc_hd__mux2_1)
                                                         _0497_ (net)
                      0.036650    0.000000    6.139533 v _0916_/B2 (sky130_fd_sc_hd__o22a_2)
     1    0.002059    0.024283    0.101740    6.241273 v _0916_/X (sky130_fd_sc_hd__o22a_2)
                                                         _0240_ (net)
                      0.024283    0.000000    6.241273 v _1117_/D (sky130_fd_sc_hd__dfrtp_2)
                                              6.241273   data arrival time

                      0.150000   32.000000   32.000000   clock i_clk (rise edge)
                                  0.000000   32.000000   clock network delay (ideal)
                                 -0.250000   31.750000   clock uncertainty
                                  0.000000   31.750000   clock reconvergence pessimism
                                             31.750000 ^ _1117_/CLK (sky130_fd_sc_hd__dfrtp_2)
                                 -0.059568   31.690432   library setup time
                                             31.690432   data required time
---------------------------------------------------------------------------------------------
                                             31.690432   data required time
                                             -6.241273   data arrival time
---------------------------------------------------------------------------------------------
                                             25.449158   slack (MET)


Startpoint: i_transmit_data[7] (input port clocked by i_clk)
Endpoint: _1118_ (rising edge-triggered flip-flop clocked by i_clk)
Path Group: i_clk
Path Type: max

Fanout         Cap        Slew       Delay        Time   Description
---------------------------------------------------------------------------------------------
                      0.150000    0.000000    0.000000   clock i_clk (rise edge)
                                  0.000000    0.000000   clock network delay (ideal)
                                  6.000000    6.000000 v input external delay
     1    0.001896    0.003535    0.001459    6.001459 v i_transmit_data[7] (in)
                                                         i_transmit_data[7] (net)
                      0.003535    0.000000    6.001459 v _0917_/A1 (sky130_fd_sc_hd__mux2_1)
     1    0.002253    0.036650    0.138074    6.139533 v _0917_/X (sky130_fd_sc_hd__mux2_1)
                                                         _0498_ (net)
                      0.036650    0.000000    6.139533 v _0918_/B2 (sky130_fd_sc_hd__o22a_2)
     1    0.002059    0.024283    0.101740    6.241273 v _0918_/X (sky130_fd_sc_hd__o22a_2)
                                                         _0241_ (net)
                      0.024283    0.000000    6.241273 v _1118_/D (sky130_fd_sc_hd__dfrtp_2)
                                              6.241273   data arrival time

                      0.150000   32.000000   32.000000   clock i_clk (rise edge)
                                  0.000000   32.000000   clock network delay (ideal)
                                 -0.250000   31.750000   clock uncertainty
                                  0.000000   31.750000   clock reconvergence pessimism
                                             31.750000 ^ _1118_/CLK (sky130_fd_sc_hd__dfrtp_2)
                                 -0.059568   31.690432   library setup time
                                             31.690432   data required time
---------------------------------------------------------------------------------------------
                                             31.690432   data required time
                                             -6.241273   data arrival time
---------------------------------------------------------------------------------------------
                                             25.449158   slack (MET)


Startpoint: i_transmit_data[1] (input port clocked by i_clk)
Endpoint: _1112_ (rising edge-triggered flip-flop clocked by i_clk)
Path Group: i_clk
Path Type: max

Fanout         Cap        Slew       Delay        Time   Description
---------------------------------------------------------------------------------------------
                      0.150000    0.000000    0.000000   clock i_clk (rise edge)
                                  0.000000    0.000000   clock network delay (ideal)
                                  6.000000    6.000000 v input external delay
     1    0.001896    0.003535    0.001459    6.001459 v i_transmit_data[1] (in)
                                                         i_transmit_data[1] (net)
                      0.003535    0.000000    6.001459 v _0905_/A1 (sky130_fd_sc_hd__mux2_1)
     1    0.002206    0.036443    0.137784    6.139243 v _0905_/X (sky130_fd_sc_hd__mux2_1)
                                                         _0492_ (net)
                      0.036443    0.000000    6.139243 v _0906_/B2 (sky130_fd_sc_hd__a22o_2)
     1    0.002059    0.022571    0.101346    6.240589 v _0906_/X (sky130_fd_sc_hd__a22o_2)
                                                         _0235_ (net)
                      0.022571    0.000000    6.240589 v _1112_/D (sky130_fd_sc_hd__dfrtp_2)
                                              6.240589   data arrival time

                      0.150000   32.000000   32.000000   clock i_clk (rise edge)
                                  0.000000   32.000000   clock network delay (ideal)
                                 -0.250000   31.750000   clock uncertainty
                                  0.000000   31.750000   clock reconvergence pessimism
                                             31.750000 ^ _1112_/CLK (sky130_fd_sc_hd__dfrtp_2)
                                 -0.058959   31.691038   library setup time
                                             31.691038   data required time
---------------------------------------------------------------------------------------------
                                             31.691038   data required time
                                             -6.240589   data arrival time
---------------------------------------------------------------------------------------------
                                             25.450449   slack (MET)


Startpoint: i_transmit_data[2] (input port clocked by i_clk)
Endpoint: _1113_ (rising edge-triggered flip-flop clocked by i_clk)
Path Group: i_clk
Path Type: max

Fanout         Cap        Slew       Delay        Time   Description
---------------------------------------------------------------------------------------------
                      0.150000    0.000000    0.000000   clock i_clk (rise edge)
                                  0.000000    0.000000   clock network delay (ideal)
                                  6.000000    6.000000 v input external delay
     1    0.001896    0.003535    0.001459    6.001459 v i_transmit_data[2] (in)
                                                         i_transmit_data[2] (net)
                      0.003535    0.000000    6.001459 v _0907_/A1 (sky130_fd_sc_hd__mux2_1)
     1    0.002206    0.036443    0.137784    6.139243 v _0907_/X (sky130_fd_sc_hd__mux2_1)
                                                         _0493_ (net)
                      0.036443    0.000000    6.139243 v _0908_/B2 (sky130_fd_sc_hd__a22o_2)
     1    0.002059    0.022571    0.101346    6.240589 v _0908_/X (sky130_fd_sc_hd__a22o_2)
                                                         _0236_ (net)
                      0.022571    0.000000    6.240589 v _1113_/D (sky130_fd_sc_hd__dfrtp_2)
                                              6.240589   data arrival time

                      0.150000   32.000000   32.000000   clock i_clk (rise edge)
                                  0.000000   32.000000   clock network delay (ideal)
                                 -0.250000   31.750000   clock uncertainty
                                  0.000000   31.750000   clock reconvergence pessimism
                                             31.750000 ^ _1113_/CLK (sky130_fd_sc_hd__dfrtp_2)
                                 -0.058959   31.691038   library setup time
                                             31.691038   data required time
---------------------------------------------------------------------------------------------
                                             31.691038   data required time
                                             -6.240589   data arrival time
---------------------------------------------------------------------------------------------
                                             25.450449   slack (MET)


Startpoint: i_transmit_data[3] (input port clocked by i_clk)
Endpoint: _1114_ (rising edge-triggered flip-flop clocked by i_clk)
Path Group: i_clk
Path Type: max

Fanout         Cap        Slew       Delay        Time   Description
---------------------------------------------------------------------------------------------
                      0.150000    0.000000    0.000000   clock i_clk (rise edge)
                                  0.000000    0.000000   clock network delay (ideal)
                                  6.000000    6.000000 v input external delay
     1    0.001896    0.003535    0.001459    6.001459 v i_transmit_data[3] (in)
                                                         i_transmit_data[3] (net)
                      0.003535    0.000000    6.001459 v _0909_/A1 (sky130_fd_sc_hd__mux2_1)
     1    0.002206    0.036443    0.137784    6.139243 v _0909_/X (sky130_fd_sc_hd__mux2_1)
                                                         _0494_ (net)
                      0.036443    0.000000    6.139243 v _0910_/B2 (sky130_fd_sc_hd__a22o_2)
     1    0.002059    0.022571    0.101346    6.240589 v _0910_/X (sky130_fd_sc_hd__a22o_2)
                                                         _0237_ (net)
                      0.022571    0.000000    6.240589 v _1114_/D (sky130_fd_sc_hd__dfrtp_2)
                                              6.240589   data arrival time

                      0.150000   32.000000   32.000000   clock i_clk (rise edge)
                                  0.000000   32.000000   clock network delay (ideal)
                                 -0.250000   31.750000   clock uncertainty
                                  0.000000   31.750000   clock reconvergence pessimism
                                             31.750000 ^ _1114_/CLK (sky130_fd_sc_hd__dfrtp_2)
                                 -0.058959   31.691038   library setup time
                                             31.691038   data required time
---------------------------------------------------------------------------------------------
                                             31.691038   data required time
                                             -6.240589   data arrival time
---------------------------------------------------------------------------------------------
                                             25.450449   slack (MET)


Startpoint: i_transmit_data[0] (input port clocked by i_clk)
Endpoint: _1111_ (rising edge-triggered flip-flop clocked by i_clk)
Path Group: i_clk
Path Type: max

Fanout         Cap        Slew       Delay        Time   Description
---------------------------------------------------------------------------------------------
                      0.150000    0.000000    0.000000   clock i_clk (rise edge)
                                  0.000000    0.000000   clock network delay (ideal)
                                  6.000000    6.000000 v input external delay
     1    0.002266    0.004098    0.001782    6.001782 v i_transmit_data[0] (in)
                                                         i_transmit_data[0] (net)
                      0.004098    0.000000    6.001782 v _0901_/B1 (sky130_fd_sc_hd__a221o_2)
     1    0.002373    0.030761    0.147684    6.149466 v _0901_/X (sky130_fd_sc_hd__a221o_2)
                                                         _0489_ (net)
                      0.030761    0.000000    6.149466 v _0902_/B1 (sky130_fd_sc_hd__o21a_2)
     1    0.002059    0.023253    0.066018    6.215484 v _0902_/X (sky130_fd_sc_hd__o21a_2)
                                                         _0234_ (net)
                      0.023253    0.000000    6.215484 v _1111_/D (sky130_fd_sc_hd__dfrtp_2)
                                              6.215484   data arrival time

                      0.150000   32.000000   32.000000   clock i_clk (rise edge)
                                  0.000000   32.000000   clock network delay (ideal)
                                 -0.250000   31.750000   clock uncertainty
                                  0.000000   31.750000   clock reconvergence pessimism
                                             31.750000 ^ _1111_/CLK (sky130_fd_sc_hd__dfrtp_2)
                                 -0.059202   31.690796   library setup time
                                             31.690796   data required time
---------------------------------------------------------------------------------------------
                                             31.690796   data required time
                                             -6.215484   data arrival time
---------------------------------------------------------------------------------------------
                                             25.475313   slack (MET)


Startpoint: i_clk_div_lsb[2] (input port clocked by i_clk)
Endpoint: _1203_ (rising edge-triggered flip-flop clocked by i_clk)
Path Group: i_clk
Path Type: max

Fanout         Cap        Slew       Delay        Time   Description
---------------------------------------------------------------------------------------------
                      0.150000    0.000000    0.000000   clock i_clk (rise edge)
                                  0.000000    0.000000   clock network delay (ideal)
                                  6.000000    6.000000 v input external delay
     4    0.016529    0.026863    0.017141    6.017141 v i_clk_div_lsb[2] (in)
                                                         i_clk_div_lsb[2] (net)
                      0.026863    0.000000    6.017141 v _0620_/A2 (sky130_fd_sc_hd__a21o_2)
     3    0.016397    0.049298    0.157901    6.175043 v _0620_/X (sky130_fd_sc_hd__a21o_2)
                                                         _0340_ (net)
                      0.049298    0.000000    6.175043 v _0622_/B1 (sky130_fd_sc_hd__o21ai_2)
     1    0.002087    0.056225    0.037644    6.212687 ^ _0622_/Y (sky130_fd_sc_hd__o21ai_2)
                                                         _0092_ (net)
                      0.056225    0.000000    6.212687 ^ _1203_/D (sky130_fd_sc_hd__dfrtp_2)
                                              6.212687   data arrival time

                      0.150000   32.000000   32.000000   clock i_clk (rise edge)
                                  0.000000   32.000000   clock network delay (ideal)
                                 -0.250000   31.750000   clock uncertainty
                                  0.000000   31.750000   clock reconvergence pessimism
                                             31.750000 ^ _1203_/CLK (sky130_fd_sc_hd__dfrtp_2)
                                 -0.034320   31.715679   library setup time
                                             31.715679   data required time
---------------------------------------------------------------------------------------------
                                             31.715679   data required time
                                             -6.212687   data arrival time
---------------------------------------------------------------------------------------------
                                             25.502993   slack (MET)


Startpoint: i_slave_addr_reg[2] (input port clocked by i_clk)
Endpoint: _1072_ (rising edge-triggered flip-flop clocked by i_clk)
Path Group: i_clk
Path Type: max

Fanout         Cap        Slew       Delay        Time   Description
---------------------------------------------------------------------------------------------
                      0.150000    0.000000    0.000000   clock i_clk (rise edge)
                                  0.000000    0.000000   clock network delay (ideal)
                                  6.000000    6.000000 v input external delay
     2    0.010458    0.017195    0.010354    6.010354 v i_slave_addr_reg[2] (in)
                                                         i_slave_addr_reg[2] (net)
                      0.017195    0.000000    6.010354 v _0843_/A1 (sky130_fd_sc_hd__mux2_1)
     1    0.002059    0.035709    0.138802    6.149156 v _0843_/X (sky130_fd_sc_hd__mux2_1)
                                                         _0195_ (net)
                      0.035709    0.000000    6.149156 v _1072_/D (sky130_fd_sc_hd__dfrtp_2)
                                              6.149156   data arrival time

                      0.150000   32.000000   32.000000   clock i_clk (rise edge)
                                  0.000000   32.000000   clock network delay (ideal)
                                 -0.250000   31.750000   clock uncertainty
                                  0.000000   31.750000   clock reconvergence pessimism
                                             31.750000 ^ _1072_/CLK (sky130_fd_sc_hd__dfrtp_2)
                                 -0.063628   31.686371   library setup time
                                             31.686371   data required time
---------------------------------------------------------------------------------------------
                                             31.686371   data required time
                                             -6.149156   data arrival time
---------------------------------------------------------------------------------------------
                                             25.537214   slack (MET)


Startpoint: i_slave_addr_reg[3] (input port clocked by i_clk)
Endpoint: _1073_ (rising edge-triggered flip-flop clocked by i_clk)
Path Group: i_clk
Path Type: max

Fanout         Cap        Slew       Delay        Time   Description
---------------------------------------------------------------------------------------------
                      0.150000    0.000000    0.000000   clock i_clk (rise edge)
                                  0.000000    0.000000   clock network delay (ideal)
                                  6.000000    6.000000 v input external delay
     2    0.010458    0.017195    0.010354    6.010354 v i_slave_addr_reg[3] (in)
                                                         i_slave_addr_reg[3] (net)
                      0.017195    0.000000    6.010354 v _0844_/A1 (sky130_fd_sc_hd__mux2_1)
     1    0.002059    0.035709    0.138802    6.149156 v _0844_/X (sky130_fd_sc_hd__mux2_1)
                                                         _0196_ (net)
                      0.035709    0.000000    6.149156 v _1073_/D (sky130_fd_sc_hd__dfrtp_2)
                                              6.149156   data arrival time

                      0.150000   32.000000   32.000000   clock i_clk (rise edge)
                                  0.000000   32.000000   clock network delay (ideal)
                                 -0.250000   31.750000   clock uncertainty
                                  0.000000   31.750000   clock reconvergence pessimism
                                             31.750000 ^ _1073_/CLK (sky130_fd_sc_hd__dfrtp_2)
                                 -0.063628   31.686371   library setup time
                                             31.686371   data required time
---------------------------------------------------------------------------------------------
                                             31.686371   data required time
                                             -6.149156   data arrival time
---------------------------------------------------------------------------------------------
                                             25.537214   slack (MET)


Startpoint: i_slave_addr_reg[4] (input port clocked by i_clk)
Endpoint: _1074_ (rising edge-triggered flip-flop clocked by i_clk)
Path Group: i_clk
Path Type: max

Fanout         Cap        Slew       Delay        Time   Description
---------------------------------------------------------------------------------------------
                      0.150000    0.000000    0.000000   clock i_clk (rise edge)
                                  0.000000    0.000000   clock network delay (ideal)
                                  6.000000    6.000000 v input external delay
     2    0.010458    0.017195    0.010354    6.010354 v i_slave_addr_reg[4] (in)
                                                         i_slave_addr_reg[4] (net)
                      0.017195    0.000000    6.010354 v _0845_/A1 (sky130_fd_sc_hd__mux2_1)
     1    0.002059    0.035709    0.138802    6.149156 v _0845_/X (sky130_fd_sc_hd__mux2_1)
                                                         _0197_ (net)
                      0.035709    0.000000    6.149156 v _1074_/D (sky130_fd_sc_hd__dfrtp_2)
                                              6.149156   data arrival time

                      0.150000   32.000000   32.000000   clock i_clk (rise edge)
                                  0.000000   32.000000   clock network delay (ideal)
                                 -0.250000   31.750000   clock uncertainty
                                  0.000000   31.750000   clock reconvergence pessimism
                                             31.750000 ^ _1074_/CLK (sky130_fd_sc_hd__dfrtp_2)
                                 -0.063628   31.686371   library setup time
                                             31.686371   data required time
---------------------------------------------------------------------------------------------
                                             31.686371   data required time
                                             -6.149156   data arrival time
---------------------------------------------------------------------------------------------
                                             25.537214   slack (MET)


Startpoint: i_slave_addr_reg[0] (input port clocked by i_clk)
Endpoint: _1070_ (rising edge-triggered flip-flop clocked by i_clk)
Path Group: i_clk
Path Type: max

Fanout         Cap        Slew       Delay        Time   Description
---------------------------------------------------------------------------------------------
                      0.150000    0.000000    0.000000   clock i_clk (rise edge)
                                  0.000000    0.000000   clock network delay (ideal)
                                  6.000000    6.000000 v input external delay
     3    0.007722    0.012728    0.007283    6.007283 v i_slave_addr_reg[0] (in)
                                                         i_slave_addr_reg[0] (net)
                      0.012728    0.000000    6.007283 v _0841_/A1 (sky130_fd_sc_hd__mux2_1)
     1    0.002059    0.035709    0.138172    6.145455 v _0841_/X (sky130_fd_sc_hd__mux2_1)
                                                         _0193_ (net)
                      0.035709    0.000000    6.145455 v _1070_/D (sky130_fd_sc_hd__dfrtp_2)
                                              6.145455   data arrival time

                      0.150000   32.000000   32.000000   clock i_clk (rise edge)
                                  0.000000   32.000000   clock network delay (ideal)
                                 -0.250000   31.750000   clock uncertainty
                                  0.000000   31.750000   clock reconvergence pessimism
                                             31.750000 ^ _1070_/CLK (sky130_fd_sc_hd__dfrtp_2)
                                 -0.063628   31.686371   library setup time
                                             31.686371   data required time
---------------------------------------------------------------------------------------------
                                             31.686371   data required time
                                             -6.145455   data arrival time
---------------------------------------------------------------------------------------------
                                             25.540915   slack (MET)


Startpoint: i_slave_addr_reg[1] (input port clocked by i_clk)
Endpoint: _1071_ (rising edge-triggered flip-flop clocked by i_clk)
Path Group: i_clk
Path Type: max

Fanout         Cap        Slew       Delay        Time   Description
---------------------------------------------------------------------------------------------
                      0.150000    0.000000    0.000000   clock i_clk (rise edge)
                                  0.000000    0.000000   clock network delay (ideal)
                                  6.000000    6.000000 v input external delay
     3    0.007722    0.012728    0.007283    6.007283 v i_slave_addr_reg[1] (in)
                                                         i_slave_addr_reg[1] (net)
                      0.012728    0.000000    6.007283 v _0842_/A1 (sky130_fd_sc_hd__mux2_1)
     1    0.002059    0.035709    0.138172    6.145455 v _0842_/X (sky130_fd_sc_hd__mux2_1)
                                                         _0194_ (net)
                      0.035709    0.000000    6.145455 v _1071_/D (sky130_fd_sc_hd__dfrtp_2)
                                              6.145455   data arrival time

                      0.150000   32.000000   32.000000   clock i_clk (rise edge)
                                  0.000000   32.000000   clock network delay (ideal)
                                 -0.250000   31.750000   clock uncertainty
                                  0.000000   31.750000   clock reconvergence pessimism
                                             31.750000 ^ _1071_/CLK (sky130_fd_sc_hd__dfrtp_2)
                                 -0.063628   31.686371   library setup time
                                             31.686371   data required time
---------------------------------------------------------------------------------------------
                                             31.686371   data required time
                                             -6.145455   data arrival time
---------------------------------------------------------------------------------------------
                                             25.540915   slack (MET)


Startpoint: i_slave_addr_reg[5] (input port clocked by i_clk)
Endpoint: _1075_ (rising edge-triggered flip-flop clocked by i_clk)
Path Group: i_clk
Path Type: max

Fanout         Cap        Slew       Delay        Time   Description
---------------------------------------------------------------------------------------------
                      0.150000    0.000000    0.000000   clock i_clk (rise edge)
                                  0.000000    0.000000   clock network delay (ideal)
                                  6.000000    6.000000 v input external delay
     3    0.007722    0.012728    0.007283    6.007283 v i_slave_addr_reg[5] (in)
                                                         i_slave_addr_reg[5] (net)
                      0.012728    0.000000    6.007283 v _0846_/A1 (sky130_fd_sc_hd__mux2_1)
     1    0.002059    0.035709    0.138172    6.145455 v _0846_/X (sky130_fd_sc_hd__mux2_1)
                                                         _0198_ (net)
                      0.035709    0.000000    6.145455 v _1075_/D (sky130_fd_sc_hd__dfrtp_2)
                                              6.145455   data arrival time

                      0.150000   32.000000   32.000000   clock i_clk (rise edge)
                                  0.000000   32.000000   clock network delay (ideal)
                                 -0.250000   31.750000   clock uncertainty
                                  0.000000   31.750000   clock reconvergence pessimism
                                             31.750000 ^ _1075_/CLK (sky130_fd_sc_hd__dfrtp_2)
                                 -0.063628   31.686371   library setup time
                                             31.686371   data required time
---------------------------------------------------------------------------------------------
                                             31.686371   data required time
                                             -6.145455   data arrival time
---------------------------------------------------------------------------------------------
                                             25.540915   slack (MET)


Startpoint: i_slave_addr_reg[6] (input port clocked by i_clk)
Endpoint: _1076_ (rising edge-triggered flip-flop clocked by i_clk)
Path Group: i_clk
Path Type: max

Fanout         Cap        Slew       Delay        Time   Description
---------------------------------------------------------------------------------------------
                      0.150000    0.000000    0.000000   clock i_clk (rise edge)
                                  0.000000    0.000000   clock network delay (ideal)
                                  6.000000    6.000000 v input external delay
     3    0.007722    0.012728    0.007283    6.007283 v i_slave_addr_reg[6] (in)
                                                         i_slave_addr_reg[6] (net)
                      0.012728    0.000000    6.007283 v _0847_/A1 (sky130_fd_sc_hd__mux2_1)
     1    0.002059    0.035709    0.138172    6.145455 v _0847_/X (sky130_fd_sc_hd__mux2_1)
                                                         _0199_ (net)
                      0.035709    0.000000    6.145455 v _1076_/D (sky130_fd_sc_hd__dfrtp_2)
                                              6.145455   data arrival time

                      0.150000   32.000000   32.000000   clock i_clk (rise edge)
                                  0.000000   32.000000   clock network delay (ideal)
                                 -0.250000   31.750000   clock uncertainty
                                  0.000000   31.750000   clock reconvergence pessimism
                                             31.750000 ^ _1076_/CLK (sky130_fd_sc_hd__dfrtp_2)
                                 -0.063628   31.686371   library setup time
                                             31.686371   data required time
---------------------------------------------------------------------------------------------
                                             31.686371   data required time
                                             -6.145455   data arrival time
---------------------------------------------------------------------------------------------
                                             25.540915   slack (MET)


Startpoint: i_mode_reg[6] (input port clocked by i_clk)
Endpoint: _1078_ (rising edge-triggered flip-flop clocked by i_clk)
Path Group: i_clk
Path Type: max

Fanout         Cap        Slew       Delay        Time   Description
---------------------------------------------------------------------------------------------
                      0.150000    0.000000    0.000000   clock i_clk (rise edge)
                                  0.000000    0.000000   clock network delay (ideal)
                                  6.000000    6.000000 v input external delay
     1    0.001896    0.003535    0.001459    6.001459 v i_mode_reg[6] (in)
                                                         i_mode_reg[6] (net)
                      0.003535    0.000000    6.001459 v _0850_/A1 (sky130_fd_sc_hd__mux2_1)
     1    0.002059    0.035709    0.136877    6.138336 v _0850_/X (sky130_fd_sc_hd__mux2_1)
                                                         _0201_ (net)
                      0.035709    0.000000    6.138336 v _1078_/D (sky130_fd_sc_hd__dfrtp_2)
                                              6.138336   data arrival time

                      0.150000   32.000000   32.000000   clock i_clk (rise edge)
                                  0.000000   32.000000   clock network delay (ideal)
                                 -0.250000   31.750000   clock uncertainty
                                  0.000000   31.750000   clock reconvergence pessimism
                                             31.750000 ^ _1078_/CLK (sky130_fd_sc_hd__dfrtp_2)
                                 -0.063628   31.686371   library setup time
                                             31.686371   data required time
---------------------------------------------------------------------------------------------
                                             31.686371   data required time
                                             -6.138336   data arrival time
---------------------------------------------------------------------------------------------
                                             25.548035   slack (MET)


Startpoint: i_mode_reg[7] (input port clocked by i_clk)
Endpoint: _1079_ (rising edge-triggered flip-flop clocked by i_clk)
Path Group: i_clk
Path Type: max

Fanout         Cap        Slew       Delay        Time   Description
---------------------------------------------------------------------------------------------
                      0.150000    0.000000    0.000000   clock i_clk (rise edge)
                                  0.000000    0.000000   clock network delay (ideal)
                                  6.000000    6.000000 v input external delay
     1    0.001896    0.003535    0.001459    6.001459 v i_mode_reg[7] (in)
                                                         i_mode_reg[7] (net)
                      0.003535    0.000000    6.001459 v _0851_/A1 (sky130_fd_sc_hd__mux2_1)
     1    0.002059    0.035709    0.136877    6.138336 v _0851_/X (sky130_fd_sc_hd__mux2_1)
                                                         _0202_ (net)
                      0.035709    0.000000    6.138336 v _1079_/D (sky130_fd_sc_hd__dfrtp_2)
                                              6.138336   data arrival time

                      0.150000   32.000000   32.000000   clock i_clk (rise edge)
                                  0.000000   32.000000   clock network delay (ideal)
                                 -0.250000   31.750000   clock uncertainty
                                  0.000000   31.750000   clock reconvergence pessimism
                                             31.750000 ^ _1079_/CLK (sky130_fd_sc_hd__dfrtp_2)
                                 -0.063628   31.686371   library setup time
                                             31.686371   data required time
---------------------------------------------------------------------------------------------
                                             31.686371   data required time
                                             -6.138336   data arrival time
---------------------------------------------------------------------------------------------
                                             25.548035   slack (MET)


Startpoint: i_mode_reg[5] (input port clocked by i_clk)
Endpoint: _1080_ (rising edge-triggered flip-flop clocked by i_clk)
Path Group: i_clk
Path Type: max

Fanout         Cap        Slew       Delay        Time   Description
---------------------------------------------------------------------------------------------
                      0.150000    0.000000    0.000000   clock i_clk (rise edge)
                                  0.000000    0.000000   clock network delay (ideal)
                                  6.000000    6.000000 v input external delay
     1    0.001896    0.003535    0.001459    6.001459 v i_mode_reg[5] (in)
                                                         i_mode_reg[5] (net)
                      0.003535    0.000000    6.001459 v _0852_/A1 (sky130_fd_sc_hd__mux2_1)
     1    0.002059    0.035709    0.136877    6.138336 v _0852_/X (sky130_fd_sc_hd__mux2_1)
                                                         _0203_ (net)
                      0.035709    0.000000    6.138336 v _1080_/D (sky130_fd_sc_hd__dfrtp_2)
                                              6.138336   data arrival time

                      0.150000   32.000000   32.000000   clock i_clk (rise edge)
                                  0.000000   32.000000   clock network delay (ideal)
                                 -0.250000   31.750000   clock uncertainty
                                  0.000000   31.750000   clock reconvergence pessimism
                                             31.750000 ^ _1080_/CLK (sky130_fd_sc_hd__dfrtp_2)
                                 -0.063628   31.686371   library setup time
                                             31.686371   data required time
---------------------------------------------------------------------------------------------
                                             31.686371   data required time
                                             -6.138336   data arrival time
---------------------------------------------------------------------------------------------
                                             25.548035   slack (MET)


Startpoint: i_mode_reg[3] (input port clocked by i_clk)
Endpoint: _1081_ (rising edge-triggered flip-flop clocked by i_clk)
Path Group: i_clk
Path Type: max

Fanout         Cap        Slew       Delay        Time   Description
---------------------------------------------------------------------------------------------
                      0.150000    0.000000    0.000000   clock i_clk (rise edge)
                                  0.000000    0.000000   clock network delay (ideal)
                                  6.000000    6.000000 v input external delay
     1    0.001896    0.003535    0.001459    6.001459 v i_mode_reg[3] (in)
                                                         i_mode_reg[3] (net)
                      0.003535    0.000000    6.001459 v _0853_/A1 (sky130_fd_sc_hd__mux2_1)
     1    0.002059    0.035709    0.136877    6.138336 v _0853_/X (sky130_fd_sc_hd__mux2_1)
                                                         _0204_ (net)
                      0.035709    0.000000    6.138336 v _1081_/D (sky130_fd_sc_hd__dfrtp_2)
                                              6.138336   data arrival time

                      0.150000   32.000000   32.000000   clock i_clk (rise edge)
                                  0.000000   32.000000   clock network delay (ideal)
                                 -0.250000   31.750000   clock uncertainty
                                  0.000000   31.750000   clock reconvergence pessimism
                                             31.750000 ^ _1081_/CLK (sky130_fd_sc_hd__dfrtp_2)
                                 -0.063628   31.686371   library setup time
                                             31.686371   data required time
---------------------------------------------------------------------------------------------
                                             31.686371   data required time
                                             -6.138336   data arrival time
---------------------------------------------------------------------------------------------
                                             25.548035   slack (MET)


Startpoint: i_byte_cnt_reg[0] (input port clocked by i_clk)
Endpoint: _1082_ (rising edge-triggered flip-flop clocked by i_clk)
Path Group: i_clk
Path Type: max

Fanout         Cap        Slew       Delay        Time   Description
---------------------------------------------------------------------------------------------
                      0.150000    0.000000    0.000000   clock i_clk (rise edge)
                                  0.000000    0.000000   clock network delay (ideal)
                                  6.000000    6.000000 v input external delay
     1    0.001896    0.003535    0.001459    6.001459 v i_byte_cnt_reg[0] (in)
                                                         i_byte_cnt_reg[0] (net)
                      0.003535    0.000000    6.001459 v _0854_/A1 (sky130_fd_sc_hd__mux2_1)
     1    0.002059    0.035709    0.136877    6.138336 v _0854_/X (sky130_fd_sc_hd__mux2_1)
                                                         _0205_ (net)
                      0.035709    0.000000    6.138336 v _1082_/D (sky130_fd_sc_hd__dfrtp_2)
                                              6.138336   data arrival time

                      0.150000   32.000000   32.000000   clock i_clk (rise edge)
                                  0.000000   32.000000   clock network delay (ideal)
                                 -0.250000   31.750000   clock uncertainty
                                  0.000000   31.750000   clock reconvergence pessimism
                                             31.750000 ^ _1082_/CLK (sky130_fd_sc_hd__dfrtp_2)
                                 -0.063628   31.686371   library setup time
                                             31.686371   data required time
---------------------------------------------------------------------------------------------
                                             31.686371   data required time
                                             -6.138336   data arrival time
---------------------------------------------------------------------------------------------
                                             25.548035   slack (MET)


Startpoint: i_byte_cnt_reg[1] (input port clocked by i_clk)
Endpoint: _1083_ (rising edge-triggered flip-flop clocked by i_clk)
Path Group: i_clk
Path Type: max

Fanout         Cap        Slew       Delay        Time   Description
---------------------------------------------------------------------------------------------
                      0.150000    0.000000    0.000000   clock i_clk (rise edge)
                                  0.000000    0.000000   clock network delay (ideal)
                                  6.000000    6.000000 v input external delay
     1    0.001896    0.003535    0.001459    6.001459 v i_byte_cnt_reg[1] (in)
                                                         i_byte_cnt_reg[1] (net)
                      0.003535    0.000000    6.001459 v _0855_/A1 (sky130_fd_sc_hd__mux2_1)
     1    0.002059    0.035709    0.136877    6.138336 v _0855_/X (sky130_fd_sc_hd__mux2_1)
                                                         _0206_ (net)
                      0.035709    0.000000    6.138336 v _1083_/D (sky130_fd_sc_hd__dfrtp_2)
                                              6.138336   data arrival time

                      0.150000   32.000000   32.000000   clock i_clk (rise edge)
                                  0.000000   32.000000   clock network delay (ideal)
                                 -0.250000   31.750000   clock uncertainty
                                  0.000000   31.750000   clock reconvergence pessimism
                                             31.750000 ^ _1083_/CLK (sky130_fd_sc_hd__dfrtp_2)
                                 -0.063628   31.686371   library setup time
                                             31.686371   data required time
---------------------------------------------------------------------------------------------
                                             31.686371   data required time
                                             -6.138336   data arrival time
---------------------------------------------------------------------------------------------
                                             25.548035   slack (MET)


Startpoint: i_byte_cnt_reg[2] (input port clocked by i_clk)
Endpoint: _1084_ (rising edge-triggered flip-flop clocked by i_clk)
Path Group: i_clk
Path Type: max

Fanout         Cap        Slew       Delay        Time   Description
---------------------------------------------------------------------------------------------
                      0.150000    0.000000    0.000000   clock i_clk (rise edge)
                                  0.000000    0.000000   clock network delay (ideal)
                                  6.000000    6.000000 v input external delay
     1    0.001896    0.003535    0.001459    6.001459 v i_byte_cnt_reg[2] (in)
                                                         i_byte_cnt_reg[2] (net)
                      0.003535    0.000000    6.001459 v _0856_/A1 (sky130_fd_sc_hd__mux2_1)
     1    0.002059    0.035709    0.136877    6.138336 v _0856_/X (sky130_fd_sc_hd__mux2_1)
                                                         _0207_ (net)
                      0.035709    0.000000    6.138336 v _1084_/D (sky130_fd_sc_hd__dfrtp_2)
                                              6.138336   data arrival time

                      0.150000   32.000000   32.000000   clock i_clk (rise edge)
                                  0.000000   32.000000   clock network delay (ideal)
                                 -0.250000   31.750000   clock uncertainty
                                  0.000000   31.750000   clock reconvergence pessimism
                                             31.750000 ^ _1084_/CLK (sky130_fd_sc_hd__dfrtp_2)
                                 -0.063628   31.686371   library setup time
                                             31.686371   data required time
---------------------------------------------------------------------------------------------
                                             31.686371   data required time
                                             -6.138336   data arrival time
---------------------------------------------------------------------------------------------
                                             25.548035   slack (MET)


Startpoint: i_byte_cnt_reg[3] (input port clocked by i_clk)
Endpoint: _1085_ (rising edge-triggered flip-flop clocked by i_clk)
Path Group: i_clk
Path Type: max

Fanout         Cap        Slew       Delay        Time   Description
---------------------------------------------------------------------------------------------
                      0.150000    0.000000    0.000000   clock i_clk (rise edge)
                                  0.000000    0.000000   clock network delay (ideal)
                                  6.000000    6.000000 v input external delay
     1    0.001896    0.003535    0.001459    6.001459 v i_byte_cnt_reg[3] (in)
                                                         i_byte_cnt_reg[3] (net)
                      0.003535    0.000000    6.001459 v _0857_/A1 (sky130_fd_sc_hd__mux2_1)
     1    0.002059    0.035709    0.136877    6.138336 v _0857_/X (sky130_fd_sc_hd__mux2_1)
                                                         _0208_ (net)
                      0.035709    0.000000    6.138336 v _1085_/D (sky130_fd_sc_hd__dfrtp_2)
                                              6.138336   data arrival time

                      0.150000   32.000000   32.000000   clock i_clk (rise edge)
                                  0.000000   32.000000   clock network delay (ideal)
                                 -0.250000   31.750000   clock uncertainty
                                  0.000000   31.750000   clock reconvergence pessimism
                                             31.750000 ^ _1085_/CLK (sky130_fd_sc_hd__dfrtp_2)
                                 -0.063628   31.686371   library setup time
                                             31.686371   data required time
---------------------------------------------------------------------------------------------
                                             31.686371   data required time
                                             -6.138336   data arrival time
---------------------------------------------------------------------------------------------
                                             25.548035   slack (MET)


Startpoint: i_byte_cnt_reg[4] (input port clocked by i_clk)
Endpoint: _1086_ (rising edge-triggered flip-flop clocked by i_clk)
Path Group: i_clk
Path Type: max

Fanout         Cap        Slew       Delay        Time   Description
---------------------------------------------------------------------------------------------
                      0.150000    0.000000    0.000000   clock i_clk (rise edge)
                                  0.000000    0.000000   clock network delay (ideal)
                                  6.000000    6.000000 v input external delay
     1    0.001896    0.003535    0.001459    6.001459 v i_byte_cnt_reg[4] (in)
                                                         i_byte_cnt_reg[4] (net)
                      0.003535    0.000000    6.001459 v _0858_/A1 (sky130_fd_sc_hd__mux2_1)
     1    0.002059    0.035709    0.136877    6.138336 v _0858_/X (sky130_fd_sc_hd__mux2_1)
                                                         _0209_ (net)
                      0.035709    0.000000    6.138336 v _1086_/D (sky130_fd_sc_hd__dfrtp_2)
                                              6.138336   data arrival time

                      0.150000   32.000000   32.000000   clock i_clk (rise edge)
                                  0.000000   32.000000   clock network delay (ideal)
                                 -0.250000   31.750000   clock uncertainty
                                  0.000000   31.750000   clock reconvergence pessimism
                                             31.750000 ^ _1086_/CLK (sky130_fd_sc_hd__dfrtp_2)
                                 -0.063628   31.686371   library setup time
                                             31.686371   data required time
---------------------------------------------------------------------------------------------
                                             31.686371   data required time
                                             -6.138336   data arrival time
---------------------------------------------------------------------------------------------
                                             25.548035   slack (MET)


Startpoint: i_byte_cnt_reg[5] (input port clocked by i_clk)
Endpoint: _1087_ (rising edge-triggered flip-flop clocked by i_clk)
Path Group: i_clk
Path Type: max

Fanout         Cap        Slew       Delay        Time   Description
---------------------------------------------------------------------------------------------
                      0.150000    0.000000    0.000000   clock i_clk (rise edge)
                                  0.000000    0.000000   clock network delay (ideal)
                                  6.000000    6.000000 v input external delay
     1    0.001896    0.003535    0.001459    6.001459 v i_byte_cnt_reg[5] (in)
                                                         i_byte_cnt_reg[5] (net)
                      0.003535    0.000000    6.001459 v _0859_/A1 (sky130_fd_sc_hd__mux2_1)
     1    0.002059    0.035709    0.136877    6.138336 v _0859_/X (sky130_fd_sc_hd__mux2_1)
                                                         _0210_ (net)
                      0.035709    0.000000    6.138336 v _1087_/D (sky130_fd_sc_hd__dfrtp_2)
                                              6.138336   data arrival time

                      0.150000   32.000000   32.000000   clock i_clk (rise edge)
                                  0.000000   32.000000   clock network delay (ideal)
                                 -0.250000   31.750000   clock uncertainty
                                  0.000000   31.750000   clock reconvergence pessimism
                                             31.750000 ^ _1087_/CLK (sky130_fd_sc_hd__dfrtp_2)
                                 -0.063628   31.686371   library setup time
                                             31.686371   data required time
---------------------------------------------------------------------------------------------
                                             31.686371   data required time
                                             -6.138336   data arrival time
---------------------------------------------------------------------------------------------
                                             25.548035   slack (MET)


Startpoint: i_byte_cnt_reg[6] (input port clocked by i_clk)
Endpoint: _1088_ (rising edge-triggered flip-flop clocked by i_clk)
Path Group: i_clk
Path Type: max

Fanout         Cap        Slew       Delay        Time   Description
---------------------------------------------------------------------------------------------
                      0.150000    0.000000    0.000000   clock i_clk (rise edge)
                                  0.000000    0.000000   clock network delay (ideal)
                                  6.000000    6.000000 v input external delay
     1    0.001896    0.003535    0.001459    6.001459 v i_byte_cnt_reg[6] (in)
                                                         i_byte_cnt_reg[6] (net)
                      0.003535    0.000000    6.001459 v _0860_/A1 (sky130_fd_sc_hd__mux2_1)
     1    0.002059    0.035709    0.136877    6.138336 v _0860_/X (sky130_fd_sc_hd__mux2_1)
                                                         _0211_ (net)
                      0.035709    0.000000    6.138336 v _1088_/D (sky130_fd_sc_hd__dfrtp_2)
                                              6.138336   data arrival time

                      0.150000   32.000000   32.000000   clock i_clk (rise edge)
                                  0.000000   32.000000   clock network delay (ideal)
                                 -0.250000   31.750000   clock uncertainty
                                  0.000000   31.750000   clock reconvergence pessimism
                                             31.750000 ^ _1088_/CLK (sky130_fd_sc_hd__dfrtp_2)
                                 -0.063628   31.686371   library setup time
                                             31.686371   data required time
---------------------------------------------------------------------------------------------
                                             31.686371   data required time
                                             -6.138336   data arrival time
---------------------------------------------------------------------------------------------
                                             25.548035   slack (MET)


Startpoint: i_byte_cnt_reg[7] (input port clocked by i_clk)
Endpoint: _1089_ (rising edge-triggered flip-flop clocked by i_clk)
Path Group: i_clk
Path Type: max

Fanout         Cap        Slew       Delay        Time   Description
---------------------------------------------------------------------------------------------
                      0.150000    0.000000    0.000000   clock i_clk (rise edge)
                                  0.000000    0.000000   clock network delay (ideal)
                                  6.000000    6.000000 v input external delay
     1    0.001896    0.003535    0.001459    6.001459 v i_byte_cnt_reg[7] (in)
                                                         i_byte_cnt_reg[7] (net)
                      0.003535    0.000000    6.001459 v _0861_/A1 (sky130_fd_sc_hd__mux2_1)
     1    0.002059    0.035709    0.136877    6.138336 v _0861_/X (sky130_fd_sc_hd__mux2_1)
                                                         _0212_ (net)
                      0.035709    0.000000    6.138336 v _1089_/D (sky130_fd_sc_hd__dfrtp_2)
                                              6.138336   data arrival time

                      0.150000   32.000000   32.000000   clock i_clk (rise edge)
                                  0.000000   32.000000   clock network delay (ideal)
                                 -0.250000   31.750000   clock uncertainty
                                  0.000000   31.750000   clock reconvergence pessimism
                                             31.750000 ^ _1089_/CLK (sky130_fd_sc_hd__dfrtp_2)
                                 -0.063628   31.686371   library setup time
                                             31.686371   data required time
---------------------------------------------------------------------------------------------
                                             31.686371   data required time
                                             -6.138336   data arrival time
---------------------------------------------------------------------------------------------
                                             25.548035   slack (MET)


Startpoint: i_config_reg[3] (input port clocked by i_clk)
Endpoint: _1095_ (rising edge-triggered flip-flop clocked by i_clk)
Path Group: i_clk
Path Type: max

Fanout         Cap        Slew       Delay        Time   Description
---------------------------------------------------------------------------------------------
                      0.150000    0.000000    0.000000   clock i_clk (rise edge)
                                  0.000000    0.000000   clock network delay (ideal)
                                  6.000000    6.000000 v input external delay
     1    0.001896    0.003535    0.001459    6.001459 v i_config_reg[3] (in)
                                                         i_config_reg[3] (net)
                      0.003535    0.000000    6.001459 v _0873_/A1 (sky130_fd_sc_hd__mux2_1)
     1    0.002059    0.035709    0.136877    6.138336 v _0873_/X (sky130_fd_sc_hd__mux2_1)
                                                         _0218_ (net)
                      0.035709    0.000000    6.138336 v _1095_/D (sky130_fd_sc_hd__dfrtp_2)
                                              6.138336   data arrival time

                      0.150000   32.000000   32.000000   clock i_clk (rise edge)
                                  0.000000   32.000000   clock network delay (ideal)
                                 -0.250000   31.750000   clock uncertainty
                                  0.000000   31.750000   clock reconvergence pessimism
                                             31.750000 ^ _1095_/CLK (sky130_fd_sc_hd__dfrtp_2)
                                 -0.063628   31.686371   library setup time
                                             31.686371   data required time
---------------------------------------------------------------------------------------------
                                             31.686371   data required time
                                             -6.138336   data arrival time
---------------------------------------------------------------------------------------------
                                             25.548035   slack (MET)


Startpoint: i_config_reg[2] (input port clocked by i_clk)
Endpoint: _1096_ (rising edge-triggered flip-flop clocked by i_clk)
Path Group: i_clk
Path Type: max

Fanout         Cap        Slew       Delay        Time   Description
---------------------------------------------------------------------------------------------
                      0.150000    0.000000    0.000000   clock i_clk (rise edge)
                                  0.000000    0.000000   clock network delay (ideal)
                                  6.000000    6.000000 v input external delay
     1    0.001896    0.003535    0.001459    6.001459 v i_config_reg[2] (in)
                                                         i_config_reg[2] (net)
                      0.003535    0.000000    6.001459 v _0874_/A1 (sky130_fd_sc_hd__mux2_1)
     1    0.002059    0.035709    0.136877    6.138336 v _0874_/X (sky130_fd_sc_hd__mux2_1)
                                                         _0219_ (net)
                      0.035709    0.000000    6.138336 v _1096_/D (sky130_fd_sc_hd__dfrtp_2)
                                              6.138336   data arrival time

                      0.150000   32.000000   32.000000   clock i_clk (rise edge)
                                  0.000000   32.000000   clock network delay (ideal)
                                 -0.250000   31.750000   clock uncertainty
                                  0.000000   31.750000   clock reconvergence pessimism
                                             31.750000 ^ _1096_/CLK (sky130_fd_sc_hd__dfrtp_2)
                                 -0.063628   31.686371   library setup time
                                             31.686371   data required time
---------------------------------------------------------------------------------------------
                                             31.686371   data required time
                                             -6.138336   data arrival time
---------------------------------------------------------------------------------------------
                                             25.548035   slack (MET)


Startpoint: i_clk_div_lsb[1] (input port clocked by i_clk)
Endpoint: _1202_ (rising edge-triggered flip-flop clocked by i_clk)
Path Group: i_clk
Path Type: max

Fanout         Cap        Slew       Delay        Time   Description
---------------------------------------------------------------------------------------------
                      0.150000    0.000000    0.000000   clock i_clk (rise edge)
                                  0.000000    0.000000   clock network delay (ideal)
                                  6.000000    6.000000 v input external delay
     4    0.017509    0.028331    0.018226    6.018226 v i_clk_div_lsb[1] (in)
                                                         i_clk_div_lsb[1] (net)
                      0.028331    0.000000    6.018226 v _0619_/A (sky130_fd_sc_hd__xor2_2)
     1    0.002059    0.029072    0.100252    6.118478 v _0619_/X (sky130_fd_sc_hd__xor2_2)
                                                         _0091_ (net)
                      0.029072    0.000000    6.118478 v _1202_/D (sky130_fd_sc_hd__dfrtp_2)
                                              6.118478   data arrival time

                      0.150000   32.000000   32.000000   clock i_clk (rise edge)
                                  0.000000   32.000000   clock network delay (ideal)
                                 -0.250000   31.750000   clock uncertainty
                                  0.000000   31.750000   clock reconvergence pessimism
                                             31.750000 ^ _1202_/CLK (sky130_fd_sc_hd__dfrtp_2)
                                 -0.061270   31.688728   library setup time
                                             31.688728   data required time
---------------------------------------------------------------------------------------------
                                             31.688728   data required time
                                             -6.118478   data arrival time
---------------------------------------------------------------------------------------------
                                             25.570251   slack (MET)


Startpoint: io_sda (input port clocked by i_clk)
Endpoint: _1256_ (rising edge-triggered flip-flop clocked by i_clk)
Path Group: i_clk
Path Type: max

Fanout         Cap        Slew       Delay        Time   Description
---------------------------------------------------------------------------------------------
                      0.150000    0.000000    0.000000   clock i_clk (rise edge)
                                  0.000000    0.000000   clock network delay (ideal)
                                  6.000000    6.000000 ^ input external delay
     1    0.040937    0.142853    0.097358    6.097358 ^ io_sda (inout)
                                                         io_sda (net)
                      0.351074    0.000000    6.097358 ^ _0573_/A (sky130_fd_sc_hd__inv_2)
     1    0.002059    0.045090   -0.010515    6.086843 v _0573_/Y (sky130_fd_sc_hd__inv_2)
                                                         _0044_ (net)
                      0.045090    0.000000    6.086843 v _1256_/D (sky130_fd_sc_hd__dfrtp_2)
                                              6.086843   data arrival time

                      0.150000   32.000000   32.000000   clock i_clk (rise edge)
                                  0.000000   32.000000   clock network delay (ideal)
                                 -0.250000   31.750000   clock uncertainty
                                  0.000000   31.750000   clock reconvergence pessimism
                                             31.750000 ^ _1256_/CLK (sky130_fd_sc_hd__dfrtp_2)
                                 -0.066962   31.683037   library setup time
                                             31.683037   data required time
---------------------------------------------------------------------------------------------
                                             31.683037   data required time
                                             -6.086843   data arrival time
---------------------------------------------------------------------------------------------
                                             25.596195   slack (MET)


Startpoint: io_scl (input port clocked by i_clk)
Endpoint: _1259_ (rising edge-triggered flip-flop clocked by i_clk)
Path Group: i_clk
Path Type: max

Fanout         Cap        Slew       Delay        Time   Description
---------------------------------------------------------------------------------------------
                      0.150000    0.000000    0.000000   clock i_clk (rise edge)
                                  0.000000    0.000000   clock network delay (ideal)
                                  6.000000    6.000000 ^ input external delay
     1    0.040937    0.142853    0.097358    6.097358 ^ io_scl (inout)
                                                         io_scl (net)
                      0.351166    0.000000    6.097358 ^ _0574_/A (sky130_fd_sc_hd__inv_2)
     1    0.002059    0.045098   -0.010525    6.086833 v _0574_/Y (sky130_fd_sc_hd__inv_2)
                                                         _0043_ (net)
                      0.045098    0.000000    6.086833 v _1259_/D (sky130_fd_sc_hd__dfrtp_2)
                                              6.086833   data arrival time

                      0.150000   32.000000   32.000000   clock i_clk (rise edge)
                                  0.000000   32.000000   clock network delay (ideal)
                                 -0.250000   31.750000   clock uncertainty
                                  0.000000   31.750000   clock reconvergence pessimism
                                             31.750000 ^ _1259_/CLK (sky130_fd_sc_hd__dfrtp_2)
                                 -0.066964   31.683035   library setup time
                                             31.683035   data required time
---------------------------------------------------------------------------------------------
                                             31.683035   data required time
                                             -6.086833   data arrival time
---------------------------------------------------------------------------------------------
                                             25.596201   slack (MET)


Startpoint: i_clk_div_lsb[1] (input port clocked by i_clk)
Endpoint: _1201_ (rising edge-triggered flip-flop clocked by i_clk)
Path Group: i_clk
Path Type: max

Fanout         Cap        Slew       Delay        Time   Description
---------------------------------------------------------------------------------------------
                      0.150000    0.000000    0.000000   clock i_clk (rise edge)
                                  0.000000    0.000000   clock network delay (ideal)
                                  6.000000    6.000000 ^ input external delay
     4    0.019053    0.069936    0.046525    6.046525 ^ i_clk_div_lsb[1] (in)
                                                         i_clk_div_lsb[1] (net)
                      0.069936    0.000000    6.046525 ^ _0541_/A (sky130_fd_sc_hd__inv_2)
     2    0.006657    0.023917    0.023577    6.070101 v _0541_/Y (sky130_fd_sc_hd__inv_2)
                                                         _0090_ (net)
                      0.023917    0.000000    6.070101 v _1201_/D (sky130_fd_sc_hd__dfrtp_2)
                                              6.070101   data arrival time

                      0.150000   32.000000   32.000000   clock i_clk (rise edge)
                                  0.000000   32.000000   clock network delay (ideal)
                                 -0.250000   31.750000   clock uncertainty
                                  0.000000   31.750000   clock reconvergence pessimism
                                             31.750000 ^ _1201_/CLK (sky130_fd_sc_hd__dfrtp_2)
                                 -0.059438   31.690561   library setup time
                                             31.690561   data required time
---------------------------------------------------------------------------------------------
                                             31.690561   data required time
                                             -6.070101   data arrival time
---------------------------------------------------------------------------------------------
                                             25.620461   slack (MET)


Startpoint: i_config_reg[1] (input port clocked by i_clk)
Endpoint: _1183_ (rising edge-triggered flip-flop clocked by i_clk)
Path Group: i_clk
Path Type: max

Fanout         Cap        Slew       Delay        Time   Description
---------------------------------------------------------------------------------------------
                      0.150000    0.000000    0.000000   clock i_clk (rise edge)
                                  0.000000    0.000000   clock network delay (ideal)
                                  6.000000    6.000000 v input external delay
     2    0.003601    0.006130    0.002948    6.002948 v i_config_reg[1] (in)
                                                         i_config_reg[1] (net)
                      0.006130    0.000000    6.002948 v _1183_/D (sky130_fd_sc_hd__dfrtp_2)
                                              6.002948   data arrival time

                      0.150000   32.000000   32.000000   clock i_clk (rise edge)
                                  0.000000   32.000000   clock network delay (ideal)
                                 -0.250000   31.750000   clock uncertainty
                                  0.000000   31.750000   clock reconvergence pessimism
                                             31.750000 ^ _1183_/CLK (sky130_fd_sc_hd__dfrtp_2)
                                 -0.053117   31.696882   library setup time
                                             31.696882   data required time
---------------------------------------------------------------------------------------------
                                             31.696882   data required time
                                             -6.002948   data arrival time
---------------------------------------------------------------------------------------------
                                             25.693935   slack (MET)


Startpoint: i_config_reg[4] (input port clocked by i_clk)
Endpoint: _1176_ (rising edge-triggered flip-flop clocked by i_clk)
Path Group: i_clk
Path Type: max

Fanout         Cap        Slew       Delay        Time   Description
---------------------------------------------------------------------------------------------
                      0.150000    0.000000    0.000000   clock i_clk (rise edge)
                                  0.000000    0.000000   clock network delay (ideal)
                                  6.000000    6.000000 v input external delay
     1    0.002059    0.003783    0.001601    6.001601 v i_config_reg[4] (in)
                                                         i_config_reg[4] (net)
                      0.003783    0.000000    6.001601 v _1176_/D (sky130_fd_sc_hd__dfrtp_2)
                                              6.001601   data arrival time

                      0.150000   32.000000   32.000000   clock i_clk (rise edge)
                                  0.000000   32.000000   clock network delay (ideal)
                                 -0.250000   31.750000   clock uncertainty
                                  0.000000   31.750000   clock reconvergence pessimism
                                             31.750000 ^ _1176_/CLK (sky130_fd_sc_hd__dfrtp_2)
                                 -0.052284   31.697714   library setup time
                                             31.697714   data required time
---------------------------------------------------------------------------------------------
                                             31.697714   data required time
                                             -6.001601   data arrival time
---------------------------------------------------------------------------------------------
                                             25.696112   slack (MET)


Startpoint: i_config_reg[0] (input port clocked by i_clk)
Endpoint: _1184_ (rising edge-triggered flip-flop clocked by i_clk)
Path Group: i_clk
Path Type: max

Fanout         Cap        Slew       Delay        Time   Description
---------------------------------------------------------------------------------------------
                      0.150000    0.000000    0.000000   clock i_clk (rise edge)
                                  0.000000    0.000000   clock network delay (ideal)
                                  6.000000    6.000000 v input external delay
     1    0.002059    0.003783    0.001601    6.001601 v i_config_reg[0] (in)
                                                         i_config_reg[0] (net)
                      0.003783    0.000000    6.001601 v _1184_/D (sky130_fd_sc_hd__dfrtp_2)
                                              6.001601   data arrival time

                      0.150000   32.000000   32.000000   clock i_clk (rise edge)
                                  0.000000   32.000000   clock network delay (ideal)
                                 -0.250000   31.750000   clock uncertainty
                                  0.000000   31.750000   clock reconvergence pessimism
                                             31.750000 ^ _1184_/CLK (sky130_fd_sc_hd__dfrtp_2)
                                 -0.052284   31.697714   library setup time
                                             31.697714   data required time
---------------------------------------------------------------------------------------------
                                             31.697714   data required time
                                             -6.001601   data arrival time
---------------------------------------------------------------------------------------------
                                             25.696112   slack (MET)


Startpoint: i_config_reg[5] (input port clocked by i_clk)
Endpoint: _1261_ (rising edge-triggered flip-flop clocked by i_clk)
Path Group: i_clk
Path Type: max

Fanout         Cap        Slew       Delay        Time   Description
---------------------------------------------------------------------------------------------
                      0.150000    0.000000    0.000000   clock i_clk (rise edge)
                                  0.000000    0.000000   clock network delay (ideal)
                                  6.000000    6.000000 v input external delay
     1    0.002059    0.003783    0.001601    6.001601 v i_config_reg[5] (in)
                                                         i_config_reg[5] (net)
                      0.003783    0.000000    6.001601 v _1261_/D (sky130_fd_sc_hd__dfrtp_2)
                                              6.001601   data arrival time

                      0.150000   32.000000   32.000000   clock i_clk (rise edge)
                                  0.000000   32.000000   clock network delay (ideal)
                                 -0.250000   31.750000   clock uncertainty
                                  0.000000   31.750000   clock reconvergence pessimism
                                             31.750000 ^ _1261_/CLK (sky130_fd_sc_hd__dfrtp_2)
                                 -0.052284   31.697714   library setup time
                                             31.697714   data required time
---------------------------------------------------------------------------------------------
                                             31.697714   data required time
                                             -6.001601   data arrival time
---------------------------------------------------------------------------------------------
                                             25.696112   slack (MET)


Startpoint: _1215_ (rising edge-triggered flip-flop clocked by i_clk)
Endpoint: _1216_ (rising edge-triggered flip-flop clocked by i_clk)
Path Group: i_clk
Path Type: max

Fanout         Cap        Slew       Delay        Time   Description
---------------------------------------------------------------------------------------------
                      0.150000    0.000000    0.000000   clock i_clk (rise edge)
                                  0.000000    0.000000   clock network delay (ideal)
                      0.150000    0.000000    0.000000 ^ _1215_/CLK (sky130_fd_sc_hd__dfrtp_2)
     5    0.011800    0.045556    0.287645    0.287645 v _1215_/Q (sky130_fd_sc_hd__dfrtp_2)
                                                         u_i2c_master_controller.i2cbus_cntrl_fsm.start_gen.delay_gen.count[2] (net)
                      0.045556    0.000000    0.287645 v _0702_/A (sky130_fd_sc_hd__or4b_2)
     1    0.001487    0.061338    0.367970    0.655615 v _0702_/X (sky130_fd_sc_hd__or4b_2)
                                                         _0380_ (net)
                      0.061338    0.000000    0.655615 v _0704_/B (sky130_fd_sc_hd__or4b_2)
     2    0.006296    0.076570    0.376040    1.031656 v _0704_/X (sky130_fd_sc_hd__or4b_2)
                                                         _0382_ (net)
                      0.076570    0.000000    1.031656 v _0744_/A2 (sky130_fd_sc_hd__o31a_2)
     4    0.006026    0.043970    0.215103    1.246758 v _0744_/X (sky130_fd_sc_hd__o31a_2)
                                                         _0407_ (net)
                      0.043970    0.000000    1.246758 v _0752_/C (sky130_fd_sc_hd__and3b_2)
     1    0.002059    0.026450    0.127373    1.374132 v _0752_/X (sky130_fd_sc_hd__and3b_2)
                                                         _0063_ (net)
                      0.026450    0.000000    1.374132 v _1216_/D (sky130_fd_sc_hd__dfrtp_2)
                                              1.374132   data arrival time

                      0.150000   32.000000   32.000000   clock i_clk (rise edge)
                                  0.000000   32.000000   clock network delay (ideal)
                                 -0.250000   31.750000   clock uncertainty
                                  0.000000   31.750000   clock reconvergence pessimism
                                             31.750000 ^ _1216_/CLK (sky130_fd_sc_hd__dfrtp_2)
                                 -0.060338   31.689659   library setup time
                                             31.689659   data required time
---------------------------------------------------------------------------------------------
                                             31.689659   data required time
                                             -1.374132   data arrival time
---------------------------------------------------------------------------------------------
                                             30.315527   slack (MET)


Startpoint: _1237_ (rising edge-triggered flip-flop clocked by i_clk)
Endpoint: _1238_ (rising edge-triggered flip-flop clocked by i_clk)
Path Group: i_clk
Path Type: max

Fanout         Cap        Slew       Delay        Time   Description
---------------------------------------------------------------------------------------------
                      0.150000    0.000000    0.000000   clock i_clk (rise edge)
                                  0.000000    0.000000   clock network delay (ideal)
                      0.150000    0.000000    0.000000 ^ _1237_/CLK (sky130_fd_sc_hd__dfrtp_2)
     5    0.011800    0.045556    0.287645    0.287645 v _1237_/Q (sky130_fd_sc_hd__dfrtp_2)
                                                         u_i2c_master_controller.i2cbus_cntrl_fsm.stop_gen.delay_gen.count[2] (net)
                      0.045556    0.000000    0.287645 v _0712_/A (sky130_fd_sc_hd__or4b_2)
     1    0.001487    0.061338    0.367970    0.655615 v _0712_/X (sky130_fd_sc_hd__or4b_2)
                                                         _0389_ (net)
                      0.061338    0.000000    0.655615 v _0714_/B (sky130_fd_sc_hd__or4b_2)
     2    0.006296    0.076570    0.376040    1.031656 v _0714_/X (sky130_fd_sc_hd__or4b_2)
                                                         _0391_ (net)
                      0.076570    0.000000    1.031656 v _0788_/A2 (sky130_fd_sc_hd__o31a_2)
     4    0.006026    0.043970    0.215103    1.246758 v _0788_/X (sky130_fd_sc_hd__o31a_2)
                                                         _0435_ (net)
                      0.043970    0.000000    1.246758 v _0796_/C (sky130_fd_sc_hd__and3b_2)
     1    0.002059    0.026450    0.127373    1.374132 v _0796_/X (sky130_fd_sc_hd__and3b_2)
                                                         _0082_ (net)
                      0.026450    0.000000    1.374132 v _1238_/D (sky130_fd_sc_hd__dfrtp_2)
                                              1.374132   data arrival time

                      0.150000   32.000000   32.000000   clock i_clk (rise edge)
                                  0.000000   32.000000   clock network delay (ideal)
                                 -0.250000   31.750000   clock uncertainty
                                  0.000000   31.750000   clock reconvergence pessimism
                                             31.750000 ^ _1238_/CLK (sky130_fd_sc_hd__dfrtp_2)
                                 -0.060338   31.689659   library setup time
                                             31.689659   data required time
---------------------------------------------------------------------------------------------
                                             31.689659   data required time
                                             -1.374132   data arrival time
---------------------------------------------------------------------------------------------
                                             30.315527   slack (MET)


Startpoint: _1215_ (rising edge-triggered flip-flop clocked by i_clk)
Endpoint: _1214_ (rising edge-triggered flip-flop clocked by i_clk)
Path Group: i_clk
Path Type: max

Fanout         Cap        Slew       Delay        Time   Description
---------------------------------------------------------------------------------------------
                      0.150000    0.000000    0.000000   clock i_clk (rise edge)
                                  0.000000    0.000000   clock network delay (ideal)
                      0.150000    0.000000    0.000000 ^ _1215_/CLK (sky130_fd_sc_hd__dfrtp_2)
     5    0.011800    0.045556    0.287645    0.287645 v _1215_/Q (sky130_fd_sc_hd__dfrtp_2)
                                                         u_i2c_master_controller.i2cbus_cntrl_fsm.start_gen.delay_gen.count[2] (net)
                      0.045556    0.000000    0.287645 v _0702_/A (sky130_fd_sc_hd__or4b_2)
     1    0.001487    0.061338    0.367970    0.655615 v _0702_/X (sky130_fd_sc_hd__or4b_2)
                                                         _0380_ (net)
                      0.061338    0.000000    0.655615 v _0704_/B (sky130_fd_sc_hd__or4b_2)
     2    0.006296    0.076570    0.376040    1.031656 v _0704_/X (sky130_fd_sc_hd__or4b_2)
                                                         _0382_ (net)
                      0.076570    0.000000    1.031656 v _0744_/A2 (sky130_fd_sc_hd__o31a_2)
     4    0.006026    0.043970    0.215103    1.246758 v _0744_/X (sky130_fd_sc_hd__o31a_2)
                                                         _0407_ (net)
                      0.043970    0.000000    1.246758 v _0747_/A (sky130_fd_sc_hd__and3_2)
     1    0.002059    0.026252    0.105748    1.352507 v _0747_/X (sky130_fd_sc_hd__and3_2)
                                                         _0061_ (net)
                      0.026252    0.000000    1.352507 v _1214_/D (sky130_fd_sc_hd__dfrtp_2)
                                              1.352507   data arrival time

                      0.150000   32.000000   32.000000   clock i_clk (rise edge)
                                  0.000000   32.000000   clock network delay (ideal)
                                 -0.250000   31.750000   clock uncertainty
                                  0.000000   31.750000   clock reconvergence pessimism
                                             31.750000 ^ _1214_/CLK (sky130_fd_sc_hd__dfrtp_2)
                                 -0.060268   31.689732   library setup time
                                             31.689732   data required time
---------------------------------------------------------------------------------------------
                                             31.689732   data required time
                                             -1.352507   data arrival time
---------------------------------------------------------------------------------------------
                                             30.337223   slack (MET)


Startpoint: _1215_ (rising edge-triggered flip-flop clocked by i_clk)
Endpoint: _1217_ (rising edge-triggered flip-flop clocked by i_clk)
Path Group: i_clk
Path Type: max

Fanout         Cap        Slew       Delay        Time   Description
---------------------------------------------------------------------------------------------
                      0.150000    0.000000    0.000000   clock i_clk (rise edge)
                                  0.000000    0.000000   clock network delay (ideal)
                      0.150000    0.000000    0.000000 ^ _1215_/CLK (sky130_fd_sc_hd__dfrtp_2)
     5    0.011800    0.045556    0.287645    0.287645 v _1215_/Q (sky130_fd_sc_hd__dfrtp_2)
                                                         u_i2c_master_controller.i2cbus_cntrl_fsm.start_gen.delay_gen.count[2] (net)
                      0.045556    0.000000    0.287645 v _0702_/A (sky130_fd_sc_hd__or4b_2)
     1    0.001487    0.061338    0.367970    0.655615 v _0702_/X (sky130_fd_sc_hd__or4b_2)
                                                         _0380_ (net)
                      0.061338    0.000000    0.655615 v _0704_/B (sky130_fd_sc_hd__or4b_2)
     2    0.006296    0.076570    0.376040    1.031656 v _0704_/X (sky130_fd_sc_hd__or4b_2)
                                                         _0382_ (net)
                      0.076570    0.000000    1.031656 v _0744_/A2 (sky130_fd_sc_hd__o31a_2)
     4    0.006026    0.043970    0.215103    1.246758 v _0744_/X (sky130_fd_sc_hd__o31a_2)
                                                         _0407_ (net)
                      0.043970    0.000000    1.246758 v _0755_/A (sky130_fd_sc_hd__and3_2)
     1    0.002059    0.026256    0.105748    1.352507 v _0755_/X (sky130_fd_sc_hd__and3_2)
                                                         _0064_ (net)
                      0.026256    0.000000    1.352507 v _1217_/D (sky130_fd_sc_hd__dfrtp_2)
                                              1.352507   data arrival time

                      0.150000   32.000000   32.000000   clock i_clk (rise edge)
                                  0.000000   32.000000   clock network delay (ideal)
                                 -0.250000   31.750000   clock uncertainty
                                  0.000000   31.750000   clock reconvergence pessimism
                                             31.750000 ^ _1217_/CLK (sky130_fd_sc_hd__dfrtp_2)
                                 -0.060269   31.689732   library setup time
                                             31.689732   data required time
---------------------------------------------------------------------------------------------
                                             31.689732   data required time
                                             -1.352507   data arrival time
---------------------------------------------------------------------------------------------
                                             30.337223   slack (MET)


Startpoint: _1215_ (rising edge-triggered flip-flop clocked by i_clk)
Endpoint: _1219_ (rising edge-triggered flip-flop clocked by i_clk)
Path Group: i_clk
Path Type: max

Fanout         Cap        Slew       Delay        Time   Description
---------------------------------------------------------------------------------------------
                      0.150000    0.000000    0.000000   clock i_clk (rise edge)
                                  0.000000    0.000000   clock network delay (ideal)
                      0.150000    0.000000    0.000000 ^ _1215_/CLK (sky130_fd_sc_hd__dfrtp_2)
     5    0.011800    0.045556    0.287645    0.287645 v _1215_/Q (sky130_fd_sc_hd__dfrtp_2)
                                                         u_i2c_master_controller.i2cbus_cntrl_fsm.start_gen.delay_gen.count[2] (net)
                      0.045556    0.000000    0.287645 v _0702_/A (sky130_fd_sc_hd__or4b_2)
     1    0.001487    0.061338    0.367970    0.655615 v _0702_/X (sky130_fd_sc_hd__or4b_2)
                                                         _0380_ (net)
                      0.061338    0.000000    0.655615 v _0704_/B (sky130_fd_sc_hd__or4b_2)
     2    0.006296    0.076570    0.376040    1.031656 v _0704_/X (sky130_fd_sc_hd__or4b_2)
                                                         _0382_ (net)
                      0.076570    0.000000    1.031656 v _0744_/A2 (sky130_fd_sc_hd__o31a_2)
     4    0.006026    0.043970    0.215103    1.246758 v _0744_/X (sky130_fd_sc_hd__o31a_2)
                                                         _0407_ (net)
                      0.043970    0.000000    1.246758 v _0760_/A (sky130_fd_sc_hd__and3_2)
     1    0.002059    0.026256    0.105748    1.352507 v _0760_/X (sky130_fd_sc_hd__and3_2)
                                                         _0066_ (net)
                      0.026256    0.000000    1.352507 v _1219_/D (sky130_fd_sc_hd__dfrtp_2)
                                              1.352507   data arrival time

                      0.150000   32.000000   32.000000   clock i_clk (rise edge)
                                  0.000000   32.000000   clock network delay (ideal)
                                 -0.250000   31.750000   clock uncertainty
                                  0.000000   31.750000   clock reconvergence pessimism
                                             31.750000 ^ _1219_/CLK (sky130_fd_sc_hd__dfrtp_2)
                                 -0.060269   31.689732   library setup time
                                             31.689732   data required time
---------------------------------------------------------------------------------------------
                                             31.689732   data required time
                                             -1.352507   data arrival time
---------------------------------------------------------------------------------------------
                                             30.337223   slack (MET)


Startpoint: _1237_ (rising edge-triggered flip-flop clocked by i_clk)
Endpoint: _1236_ (rising edge-triggered flip-flop clocked by i_clk)
Path Group: i_clk
Path Type: max

Fanout         Cap        Slew       Delay        Time   Description
---------------------------------------------------------------------------------------------
                      0.150000    0.000000    0.000000   clock i_clk (rise edge)
                                  0.000000    0.000000   clock network delay (ideal)
                      0.150000    0.000000    0.000000 ^ _1237_/CLK (sky130_fd_sc_hd__dfrtp_2)
     5    0.011800    0.045556    0.287645    0.287645 v _1237_/Q (sky130_fd_sc_hd__dfrtp_2)
                                                         u_i2c_master_controller.i2cbus_cntrl_fsm.stop_gen.delay_gen.count[2] (net)
                      0.045556    0.000000    0.287645 v _0712_/A (sky130_fd_sc_hd__or4b_2)
     1    0.001487    0.061338    0.367970    0.655615 v _0712_/X (sky130_fd_sc_hd__or4b_2)
                                                         _0389_ (net)
                      0.061338    0.000000    0.655615 v _0714_/B (sky130_fd_sc_hd__or4b_2)
     2    0.006296    0.076570    0.376040    1.031656 v _0714_/X (sky130_fd_sc_hd__or4b_2)
                                                         _0391_ (net)
                      0.076570    0.000000    1.031656 v _0788_/A2 (sky130_fd_sc_hd__o31a_2)
     4    0.006026    0.043970    0.215103    1.246758 v _0788_/X (sky130_fd_sc_hd__o31a_2)
                                                         _0435_ (net)
                      0.043970    0.000000    1.246758 v _0791_/A (sky130_fd_sc_hd__and3_2)
     1    0.002059    0.026252    0.105748    1.352507 v _0791_/X (sky130_fd_sc_hd__and3_2)
                                                         _0080_ (net)
                      0.026252    0.000000    1.352507 v _1236_/D (sky130_fd_sc_hd__dfrtp_2)
                                              1.352507   data arrival time

                      0.150000   32.000000   32.000000   clock i_clk (rise edge)
                                  0.000000   32.000000   clock network delay (ideal)
                                 -0.250000   31.750000   clock uncertainty
                                  0.000000   31.750000   clock reconvergence pessimism
                                             31.750000 ^ _1236_/CLK (sky130_fd_sc_hd__dfrtp_2)
                                 -0.060268   31.689732   library setup time
                                             31.689732   data required time
---------------------------------------------------------------------------------------------
                                             31.689732   data required time
                                             -1.352507   data arrival time
---------------------------------------------------------------------------------------------
                                             30.337223   slack (MET)


Startpoint: _1237_ (rising edge-triggered flip-flop clocked by i_clk)
Endpoint: _1239_ (rising edge-triggered flip-flop clocked by i_clk)
Path Group: i_clk
Path Type: max

Fanout         Cap        Slew       Delay        Time   Description
---------------------------------------------------------------------------------------------
                      0.150000    0.000000    0.000000   clock i_clk (rise edge)
                                  0.000000    0.000000   clock network delay (ideal)
                      0.150000    0.000000    0.000000 ^ _1237_/CLK (sky130_fd_sc_hd__dfrtp_2)
     5    0.011800    0.045556    0.287645    0.287645 v _1237_/Q (sky130_fd_sc_hd__dfrtp_2)
                                                         u_i2c_master_controller.i2cbus_cntrl_fsm.stop_gen.delay_gen.count[2] (net)
                      0.045556    0.000000    0.287645 v _0712_/A (sky130_fd_sc_hd__or4b_2)
     1    0.001487    0.061338    0.367970    0.655615 v _0712_/X (sky130_fd_sc_hd__or4b_2)
                                                         _0389_ (net)
                      0.061338    0.000000    0.655615 v _0714_/B (sky130_fd_sc_hd__or4b_2)
     2    0.006296    0.076570    0.376040    1.031656 v _0714_/X (sky130_fd_sc_hd__or4b_2)
                                                         _0391_ (net)
                      0.076570    0.000000    1.031656 v _0788_/A2 (sky130_fd_sc_hd__o31a_2)
     4    0.006026    0.043970    0.215103    1.246758 v _0788_/X (sky130_fd_sc_hd__o31a_2)
                                                         _0435_ (net)
                      0.043970    0.000000    1.246758 v _0799_/A (sky130_fd_sc_hd__and3_2)
     1    0.002059    0.026256    0.105748    1.352507 v _0799_/X (sky130_fd_sc_hd__and3_2)
                                                         _0083_ (net)
                      0.026256    0.000000    1.352507 v _1239_/D (sky130_fd_sc_hd__dfrtp_2)
                                              1.352507   data arrival time

                      0.150000   32.000000   32.000000   clock i_clk (rise edge)
                                  0.000000   32.000000   clock network delay (ideal)
                                 -0.250000   31.750000   clock uncertainty
                                  0.000000   31.750000   clock reconvergence pessimism
                                             31.750000 ^ _1239_/CLK (sky130_fd_sc_hd__dfrtp_2)
                                 -0.060269   31.689732   library setup time
                                             31.689732   data required time
---------------------------------------------------------------------------------------------
                                             31.689732   data required time
                                             -1.352507   data arrival time
---------------------------------------------------------------------------------------------
                                             30.337223   slack (MET)


Startpoint: _1237_ (rising edge-triggered flip-flop clocked by i_clk)
Endpoint: _1241_ (rising edge-triggered flip-flop clocked by i_clk)
Path Group: i_clk
Path Type: max

Fanout         Cap        Slew       Delay        Time   Description
---------------------------------------------------------------------------------------------
                      0.150000    0.000000    0.000000   clock i_clk (rise edge)
                                  0.000000    0.000000   clock network delay (ideal)
                      0.150000    0.000000    0.000000 ^ _1237_/CLK (sky130_fd_sc_hd__dfrtp_2)
     5    0.011800    0.045556    0.287645    0.287645 v _1237_/Q (sky130_fd_sc_hd__dfrtp_2)
                                                         u_i2c_master_controller.i2cbus_cntrl_fsm.stop_gen.delay_gen.count[2] (net)
                      0.045556    0.000000    0.287645 v _0712_/A (sky130_fd_sc_hd__or4b_2)
     1    0.001487    0.061338    0.367970    0.655615 v _0712_/X (sky130_fd_sc_hd__or4b_2)
                                                         _0389_ (net)
                      0.061338    0.000000    0.655615 v _0714_/B (sky130_fd_sc_hd__or4b_2)
     2    0.006296    0.076570    0.376040    1.031656 v _0714_/X (sky130_fd_sc_hd__or4b_2)
                                                         _0391_ (net)
                      0.076570    0.000000    1.031656 v _0788_/A2 (sky130_fd_sc_hd__o31a_2)
     4    0.006026    0.043970    0.215103    1.246758 v _0788_/X (sky130_fd_sc_hd__o31a_2)
                                                         _0435_ (net)
                      0.043970    0.000000    1.246758 v _0804_/A (sky130_fd_sc_hd__and3_2)
     1    0.002059    0.026256    0.105748    1.352507 v _0804_/X (sky130_fd_sc_hd__and3_2)
                                                         _0085_ (net)
                      0.026256    0.000000    1.352507 v _1241_/D (sky130_fd_sc_hd__dfrtp_2)
                                              1.352507   data arrival time

                      0.150000   32.000000   32.000000   clock i_clk (rise edge)
                                  0.000000   32.000000   clock network delay (ideal)
                                 -0.250000   31.750000   clock uncertainty
                                  0.000000   31.750000   clock reconvergence pessimism
                                             31.750000 ^ _1241_/CLK (sky130_fd_sc_hd__dfrtp_2)
                                 -0.060269   31.689732   library setup time
                                             31.689732   data required time
---------------------------------------------------------------------------------------------
                                             31.689732   data required time
                                             -1.352507   data arrival time
---------------------------------------------------------------------------------------------
                                             30.337223   slack (MET)


Startpoint: _1215_ (rising edge-triggered flip-flop clocked by i_clk)
Endpoint: _1213_ (rising edge-triggered flip-flop clocked by i_clk)
Path Group: i_clk
Path Type: max

Fanout         Cap        Slew       Delay        Time   Description
---------------------------------------------------------------------------------------------
                      0.150000    0.000000    0.000000   clock i_clk (rise edge)
                                  0.000000    0.000000   clock network delay (ideal)
                      0.150000    0.000000    0.000000 ^ _1215_/CLK (sky130_fd_sc_hd__dfrtp_2)
     5    0.011800    0.045556    0.287645    0.287645 v _1215_/Q (sky130_fd_sc_hd__dfrtp_2)
                                                         u_i2c_master_controller.i2cbus_cntrl_fsm.start_gen.delay_gen.count[2] (net)
                      0.045556    0.000000    0.287645 v _0702_/A (sky130_fd_sc_hd__or4b_2)
     1    0.001487    0.061338    0.367970    0.655615 v _0702_/X (sky130_fd_sc_hd__or4b_2)
                                                         _0380_ (net)
                      0.061338    0.000000    0.655615 v _0704_/B (sky130_fd_sc_hd__or4b_2)
     2    0.006296    0.076570    0.376040    1.031656 v _0704_/X (sky130_fd_sc_hd__or4b_2)
                                                         _0382_ (net)
                      0.076570    0.000000    1.031656 v _0708_/B (sky130_fd_sc_hd__nor3_2)
     2    0.006808    0.126343    0.139930    1.171585 ^ _0708_/Y (sky130_fd_sc_hd__nor3_2)
                                                         _0070_ (net)
                      0.126343    0.000000    1.171585 ^ _0743_/A2 (sky130_fd_sc_hd__o21ai_2)
     1    0.002059    0.027648    0.026060    1.197645 v _0743_/Y (sky130_fd_sc_hd__o21ai_2)
                                                         _0054_ (net)
                      0.027648    0.000000    1.197645 v _1213_/D (sky130_fd_sc_hd__dfrtp_2)
                                              1.197645   data arrival time

                      0.150000   32.000000   32.000000   clock i_clk (rise edge)
                                  0.000000   32.000000   clock network delay (ideal)
                                 -0.250000   31.750000   clock uncertainty
                                  0.000000   31.750000   clock reconvergence pessimism
                                             31.750000 ^ _1213_/CLK (sky130_fd_sc_hd__dfrtp_2)
                                 -0.060764   31.689238   library setup time
                                             31.689238   data required time
---------------------------------------------------------------------------------------------
                                             31.689238   data required time
                                             -1.197645   data arrival time
---------------------------------------------------------------------------------------------
                                             30.491592   slack (MET)


Startpoint: _1237_ (rising edge-triggered flip-flop clocked by i_clk)
Endpoint: _1235_ (rising edge-triggered flip-flop clocked by i_clk)
Path Group: i_clk
Path Type: max

Fanout         Cap        Slew       Delay        Time   Description
---------------------------------------------------------------------------------------------
                      0.150000    0.000000    0.000000   clock i_clk (rise edge)
                                  0.000000    0.000000   clock network delay (ideal)
                      0.150000    0.000000    0.000000 ^ _1237_/CLK (sky130_fd_sc_hd__dfrtp_2)
     5    0.011800    0.045556    0.287645    0.287645 v _1237_/Q (sky130_fd_sc_hd__dfrtp_2)
                                                         u_i2c_master_controller.i2cbus_cntrl_fsm.stop_gen.delay_gen.count[2] (net)
                      0.045556    0.000000    0.287645 v _0712_/A (sky130_fd_sc_hd__or4b_2)
     1    0.001487    0.061338    0.367970    0.655615 v _0712_/X (sky130_fd_sc_hd__or4b_2)
                                                         _0389_ (net)
                      0.061338    0.000000    0.655615 v _0714_/B (sky130_fd_sc_hd__or4b_2)
     2    0.006296    0.076570    0.376040    1.031656 v _0714_/X (sky130_fd_sc_hd__or4b_2)
                                                         _0391_ (net)
                      0.076570    0.000000    1.031656 v _0718_/B (sky130_fd_sc_hd__nor3_2)
     2    0.006808    0.126343    0.139930    1.171585 ^ _0718_/Y (sky130_fd_sc_hd__nor3_2)
                                                         _0089_ (net)
                      0.126343    0.000000    1.171585 ^ _0787_/A2 (sky130_fd_sc_hd__o21ai_2)
     1    0.002059    0.027648    0.026060    1.197645 v _0787_/Y (sky130_fd_sc_hd__o21ai_2)
                                                         _0073_ (net)
                      0.027648    0.000000    1.197645 v _1235_/D (sky130_fd_sc_hd__dfrtp_2)
                                              1.197645   data arrival time

                      0.150000   32.000000   32.000000   clock i_clk (rise edge)
                                  0.000000   32.000000   clock network delay (ideal)
                                 -0.250000   31.750000   clock uncertainty
                                  0.000000   31.750000   clock reconvergence pessimism
                                             31.750000 ^ _1235_/CLK (sky130_fd_sc_hd__dfrtp_2)
                                 -0.060764   31.689238   library setup time
                                             31.689238   data required time
---------------------------------------------------------------------------------------------
                                             31.689238   data required time
                                             -1.197645   data arrival time
---------------------------------------------------------------------------------------------
                                             30.491592   slack (MET)


Startpoint: _1215_ (rising edge-triggered flip-flop clocked by i_clk)
Endpoint: _1229_ (rising edge-triggered flip-flop clocked by i_clk)
Path Group: i_clk
Path Type: max

Fanout         Cap        Slew       Delay        Time   Description
---------------------------------------------------------------------------------------------
                      0.150000    0.000000    0.000000   clock i_clk (rise edge)
                                  0.000000    0.000000   clock network delay (ideal)
                      0.150000    0.000000    0.000000 ^ _1215_/CLK (sky130_fd_sc_hd__dfrtp_2)
     5    0.011800    0.045556    0.287645    0.287645 v _1215_/Q (sky130_fd_sc_hd__dfrtp_2)
                                                         u_i2c_master_controller.i2cbus_cntrl_fsm.start_gen.delay_gen.count[2] (net)
                      0.045556    0.000000    0.287645 v _0702_/A (sky130_fd_sc_hd__or4b_2)
     1    0.001487    0.061338    0.367970    0.655615 v _0702_/X (sky130_fd_sc_hd__or4b_2)
                                                         _0380_ (net)
                      0.061338    0.000000    0.655615 v _0704_/B (sky130_fd_sc_hd__or4b_2)
     2    0.006296    0.076570    0.376040    1.031656 v _0704_/X (sky130_fd_sc_hd__or4b_2)
                                                         _0382_ (net)
                      0.076570    0.000000    1.031656 v _0708_/B (sky130_fd_sc_hd__nor3_2)
     2    0.006808    0.126343    0.139930    1.171585 ^ _0708_/Y (sky130_fd_sc_hd__nor3_2)
                                                         _0070_ (net)
                      0.126343    0.000000    1.171585 ^ _1229_/D (sky130_fd_sc_hd__dfrtp_2)
                                              1.171585   data arrival time

                      0.150000   32.000000   32.000000   clock i_clk (rise edge)
                                  0.000000   32.000000   clock network delay (ideal)
                                 -0.250000   31.750000   clock uncertainty
                                  0.000000   31.750000   clock reconvergence pessimism
                                             31.750000 ^ _1229_/CLK (sky130_fd_sc_hd__dfrtp_2)
                                 -0.041019   31.708979   library setup time
                                             31.708979   data required time
---------------------------------------------------------------------------------------------
                                             31.708979   data required time
                                             -1.171585   data arrival time
---------------------------------------------------------------------------------------------
                                             30.537394   slack (MET)


Startpoint: _1237_ (rising edge-triggered flip-flop clocked by i_clk)
Endpoint: _1251_ (rising edge-triggered flip-flop clocked by i_clk)
Path Group: i_clk
Path Type: max

Fanout         Cap        Slew       Delay        Time   Description
---------------------------------------------------------------------------------------------
                      0.150000    0.000000    0.000000   clock i_clk (rise edge)
                                  0.000000    0.000000   clock network delay (ideal)
                      0.150000    0.000000    0.000000 ^ _1237_/CLK (sky130_fd_sc_hd__dfrtp_2)
     5    0.011800    0.045556    0.287645    0.287645 v _1237_/Q (sky130_fd_sc_hd__dfrtp_2)
                                                         u_i2c_master_controller.i2cbus_cntrl_fsm.stop_gen.delay_gen.count[2] (net)
                      0.045556    0.000000    0.287645 v _0712_/A (sky130_fd_sc_hd__or4b_2)
     1    0.001487    0.061338    0.367970    0.655615 v _0712_/X (sky130_fd_sc_hd__or4b_2)
                                                         _0389_ (net)
                      0.061338    0.000000    0.655615 v _0714_/B (sky130_fd_sc_hd__or4b_2)
     2    0.006296    0.076570    0.376040    1.031656 v _0714_/X (sky130_fd_sc_hd__or4b_2)
                                                         _0391_ (net)
                      0.076570    0.000000    1.031656 v _0718_/B (sky130_fd_sc_hd__nor3_2)
     2    0.006808    0.126343    0.139930    1.171585 ^ _0718_/Y (sky130_fd_sc_hd__nor3_2)
                                                         _0089_ (net)
                      0.126343    0.000000    1.171585 ^ _1251_/D (sky130_fd_sc_hd__dfrtp_2)
                                              1.171585   data arrival time

                      0.150000   32.000000   32.000000   clock i_clk (rise edge)
                                  0.000000   32.000000   clock network delay (ideal)
                                 -0.250000   31.750000   clock uncertainty
                                  0.000000   31.750000   clock reconvergence pessimism
                                             31.750000 ^ _1251_/CLK (sky130_fd_sc_hd__dfrtp_2)
                                 -0.041019   31.708979   library setup time
                                             31.708979   data required time
---------------------------------------------------------------------------------------------
                                             31.708979   data required time
                                             -1.171585   data arrival time
---------------------------------------------------------------------------------------------
                                             30.537394   slack (MET)


Startpoint: _1186_ (rising edge-triggered flip-flop clocked by i_clk)
Endpoint: _1126_ (rising edge-triggered flip-flop clocked by i_clk)
Path Group: i_clk
Path Type: max

Fanout         Cap        Slew       Delay        Time   Description
---------------------------------------------------------------------------------------------
                      0.150000    0.000000    0.000000   clock i_clk (rise edge)
                                  0.000000    0.000000   clock network delay (ideal)
                      0.150000    0.000000    0.000000 ^ _1186_/CLK (sky130_fd_sc_hd__dfrtp_2)
     4    0.039329    0.086971    0.334815    0.334815 v _1186_/Q (sky130_fd_sc_hd__dfrtp_2)
                                                         o_transmit_data_request (net)
                      0.086971    0.000000    0.334815 v _0939_/A2 (sky130_fd_sc_hd__o2111a_2)
     6    0.012379    0.047719    0.194987    0.529801 v _0939_/X (sky130_fd_sc_hd__o2111a_2)
                                                         _0516_ (net)
                      0.047719    0.000000    0.529801 v _0949_/D (sky130_fd_sc_hd__and4_2)
     5    0.013558    0.049241    0.174133    0.703934 v _0949_/X (sky130_fd_sc_hd__and4_2)
                                                         _0523_ (net)
                      0.049241    0.000000    0.703934 v _0951_/B (sky130_fd_sc_hd__or2_2)
     1    0.001549    0.033323    0.155662    0.859596 v _0951_/X (sky130_fd_sc_hd__or2_2)
                                                         _0524_ (net)
                      0.033323    0.000000    0.859596 v _0953_/B (sky130_fd_sc_hd__and3_2)
     1    0.002059    0.026239    0.114496    0.974092 v _0953_/X (sky130_fd_sc_hd__and3_2)
                                                         _0249_ (net)
                      0.026239    0.000000    0.974092 v _1126_/D (sky130_fd_sc_hd__dfrtp_2)
                                              0.974092   data arrival time

                      0.150000   32.000000   32.000000   clock i_clk (rise edge)
                                  0.000000   32.000000   clock network delay (ideal)
                                 -0.250000   31.750000   clock uncertainty
                                  0.000000   31.750000   clock reconvergence pessimism
                                             31.750000 ^ _1126_/CLK (sky130_fd_sc_hd__dfrtp_2)
                                 -0.060263   31.689737   library setup time
                                             31.689737   data required time
---------------------------------------------------------------------------------------------
                                             31.689737   data required time
                                             -0.974092   data arrival time
---------------------------------------------------------------------------------------------
                                             30.715645   slack (MET)


Startpoint: _1131_ (rising edge-triggered flip-flop clocked by i_clk)
Endpoint: _1138_ (rising edge-triggered flip-flop clocked by i_clk)
Path Group: i_clk
Path Type: max

Fanout         Cap        Slew       Delay        Time   Description
---------------------------------------------------------------------------------------------
                      0.150000    0.000000    0.000000   clock i_clk (rise edge)
                                  0.000000    0.000000   clock network delay (ideal)
                      0.150000    0.000000    0.000000 ^ _1131_/CLK (sky130_fd_sc_hd__dfrtp_2)
     6    0.022613    0.062404    0.307597    0.307597 v _1131_/Q (sky130_fd_sc_hd__dfrtp_2)
                                                         u_i2c_master_controller.i2cbus_cntrl_fsm.scl_gen.count[0] (net)
                      0.062404    0.000000    0.307597 v _0579_/D (sky130_fd_sc_hd__and4_2)
     6    0.018244    0.055610    0.188029    0.495626 v _0579_/X (sky130_fd_sc_hd__and4_2)
                                                         _0320_ (net)
                      0.055610    0.000000    0.495626 v _0581_/D (sky130_fd_sc_hd__and4_2)
     7    0.026241    0.066120    0.197744    0.693370 v _0581_/X (sky130_fd_sc_hd__and4_2)
                                                         _0322_ (net)
                      0.066120    0.000000    0.693370 v _0587_/A3 (sky130_fd_sc_hd__a311o_2)
     1    0.004145    0.042463    0.246885    0.940254 v _0587_/X (sky130_fd_sc_hd__a311o_2)
                                                         _0327_ (net)
                      0.042463    0.000000    0.940254 v _0588_/B (sky130_fd_sc_hd__nor2_2)
     1    0.002087    0.039748    0.047091    0.987345 ^ _0588_/Y (sky130_fd_sc_hd__nor2_2)
                                                         _0261_ (net)
                      0.039748    0.000000    0.987345 ^ _1138_/D (sky130_fd_sc_hd__dfrtp_2)
                                              0.987345   data arrival time

                      0.150000   32.000000   32.000000   clock i_clk (rise edge)
                                  0.000000   32.000000   clock network delay (ideal)
                                 -0.250000   31.750000   clock uncertainty
                                  0.000000   31.750000   clock reconvergence pessimism
                                             31.750000 ^ _1138_/CLK (sky130_fd_sc_hd__dfrtp_2)
                                 -0.032746   31.717255   library setup time
                                             31.717255   data required time
---------------------------------------------------------------------------------------------
                                             31.717255   data required time
                                             -0.987345   data arrival time
---------------------------------------------------------------------------------------------
                                             30.729908   slack (MET)


Startpoint: _1131_ (rising edge-triggered flip-flop clocked by i_clk)
Endpoint: _1139_ (rising edge-triggered flip-flop clocked by i_clk)
Path Group: i_clk
Path Type: max

Fanout         Cap        Slew       Delay        Time   Description
---------------------------------------------------------------------------------------------
                      0.150000    0.000000    0.000000   clock i_clk (rise edge)
                                  0.000000    0.000000   clock network delay (ideal)
                      0.150000    0.000000    0.000000 ^ _1131_/CLK (sky130_fd_sc_hd__dfrtp_2)
     6    0.022613    0.062404    0.307597    0.307597 v _1131_/Q (sky130_fd_sc_hd__dfrtp_2)
                                                         u_i2c_master_controller.i2cbus_cntrl_fsm.scl_gen.count[0] (net)
                      0.062404    0.000000    0.307597 v _0579_/D (sky130_fd_sc_hd__and4_2)
     6    0.018244    0.055610    0.188029    0.495626 v _0579_/X (sky130_fd_sc_hd__and4_2)
                                                         _0320_ (net)
                      0.055610    0.000000    0.495626 v _0581_/D (sky130_fd_sc_hd__and4_2)
     7    0.026241    0.066120    0.197744    0.693370 v _0581_/X (sky130_fd_sc_hd__and4_2)
                                                         _0322_ (net)
                      0.066120    0.000000    0.693370 v _0582_/A3 (sky130_fd_sc_hd__a31o_2)
     1    0.001495    0.025004    0.157037    0.850407 v _0582_/X (sky130_fd_sc_hd__a31o_2)
                                                         _0323_ (net)
                      0.025004    0.000000    0.850407 v _0585_/A (sky130_fd_sc_hd__and3_2)
     1    0.002059    0.026267    0.098799    0.949206 v _0585_/X (sky130_fd_sc_hd__and3_2)
                                                         _0262_ (net)
                      0.026267    0.000000    0.949206 v _1139_/D (sky130_fd_sc_hd__dfrtp_2)
                                              0.949206   data arrival time

                      0.150000   32.000000   32.000000   clock i_clk (rise edge)
                                  0.000000   32.000000   clock network delay (ideal)
                                 -0.250000   31.750000   clock uncertainty
                                  0.000000   31.750000   clock reconvergence pessimism
                                             31.750000 ^ _1139_/CLK (sky130_fd_sc_hd__dfrtp_2)
                                 -0.060273   31.689728   library setup time
                                             31.689728   data required time
---------------------------------------------------------------------------------------------
                                             31.689728   data required time
                                             -0.949206   data arrival time
---------------------------------------------------------------------------------------------
                                             30.740520   slack (MET)


Startpoint: _1186_ (rising edge-triggered flip-flop clocked by i_clk)
Endpoint: _1127_ (rising edge-triggered flip-flop clocked by i_clk)
Path Group: i_clk
Path Type: max

Fanout         Cap        Slew       Delay        Time   Description
---------------------------------------------------------------------------------------------
                      0.150000    0.000000    0.000000   clock i_clk (rise edge)
                                  0.000000    0.000000   clock network delay (ideal)
                      0.150000    0.000000    0.000000 ^ _1186_/CLK (sky130_fd_sc_hd__dfrtp_2)
     4    0.039329    0.086971    0.334815    0.334815 v _1186_/Q (sky130_fd_sc_hd__dfrtp_2)
                                                         o_transmit_data_request (net)
                      0.086971    0.000000    0.334815 v _0939_/A2 (sky130_fd_sc_hd__o2111a_2)
     6    0.012379    0.047719    0.194987    0.529801 v _0939_/X (sky130_fd_sc_hd__o2111a_2)
                                                         _0516_ (net)
                      0.047719    0.000000    0.529801 v _0949_/D (sky130_fd_sc_hd__and4_2)
     5    0.013558    0.049241    0.174133    0.703934 v _0949_/X (sky130_fd_sc_hd__and4_2)
                                                         _0523_ (net)
                      0.049241    0.000000    0.703934 v _0954_/A2 (sky130_fd_sc_hd__a21o_2)
     1    0.001549    0.022119    0.130534    0.834469 v _0954_/X (sky130_fd_sc_hd__a21o_2)
                                                         _0526_ (net)
                      0.022119    0.000000    0.834469 v _0956_/B (sky130_fd_sc_hd__and3_2)
     1    0.002059    0.026252    0.110281    0.944750 v _0956_/X (sky130_fd_sc_hd__and3_2)
                                                         _0250_ (net)
                      0.026252    0.000000    0.944750 v _1127_/D (sky130_fd_sc_hd__dfrtp_2)
                                              0.944750   data arrival time

                      0.150000   32.000000   32.000000   clock i_clk (rise edge)
                                  0.000000   32.000000   clock network delay (ideal)
                                 -0.250000   31.750000   clock uncertainty
                                  0.000000   31.750000   clock reconvergence pessimism
                                             31.750000 ^ _1127_/CLK (sky130_fd_sc_hd__dfrtp_2)
                                 -0.060267   31.689732   library setup time
                                             31.689732   data required time
---------------------------------------------------------------------------------------------
                                             31.689732   data required time
                                             -0.944750   data arrival time
---------------------------------------------------------------------------------------------
                                             30.744982   slack (MET)


Startpoint: _1186_ (rising edge-triggered flip-flop clocked by i_clk)
Endpoint: _1125_ (rising edge-triggered flip-flop clocked by i_clk)
Path Group: i_clk
Path Type: max

Fanout         Cap        Slew       Delay        Time   Description
---------------------------------------------------------------------------------------------
                      0.150000    0.000000    0.000000   clock i_clk (rise edge)
                                  0.000000    0.000000   clock network delay (ideal)
                      0.150000    0.000000    0.000000 ^ _1186_/CLK (sky130_fd_sc_hd__dfrtp_2)
     4    0.039329    0.086971    0.334815    0.334815 v _1186_/Q (sky130_fd_sc_hd__dfrtp_2)
                                                         o_transmit_data_request (net)
                      0.086971    0.000000    0.334815 v _0939_/A2 (sky130_fd_sc_hd__o2111a_2)
     6    0.012379    0.047719    0.194987    0.529801 v _0939_/X (sky130_fd_sc_hd__o2111a_2)
                                                         _0516_ (net)
                      0.047719    0.000000    0.529801 v _0946_/C (sky130_fd_sc_hd__and3_2)
     2    0.002846    0.028168    0.131755    0.661556 v _0946_/X (sky130_fd_sc_hd__and3_2)
                                                         _0521_ (net)
                      0.028168    0.000000    0.661556 v _0948_/B (sky130_fd_sc_hd__or2_2)
     1    0.001541    0.033327    0.149137    0.810694 v _0948_/X (sky130_fd_sc_hd__or2_2)
                                                         _0522_ (net)
                      0.033327    0.000000    0.810694 v _0950_/C (sky130_fd_sc_hd__and3b_2)
     1    0.002059    0.026451    0.123309    0.934002 v _0950_/X (sky130_fd_sc_hd__and3b_2)
                                                         _0248_ (net)
                      0.026451    0.000000    0.934002 v _1125_/D (sky130_fd_sc_hd__dfrtp_2)
                                              0.934002   data arrival time

                      0.150000   32.000000   32.000000   clock i_clk (rise edge)
                                  0.000000   32.000000   clock network delay (ideal)
                                 -0.250000   31.750000   clock uncertainty
                                  0.000000   31.750000   clock reconvergence pessimism
                                             31.750000 ^ _1125_/CLK (sky130_fd_sc_hd__dfrtp_2)
                                 -0.060338   31.689659   library setup time
                                             31.689659   data required time
---------------------------------------------------------------------------------------------
                                             31.689659   data required time
                                             -0.934002   data arrival time
---------------------------------------------------------------------------------------------
                                             30.755659   slack (MET)


Startpoint: _1186_ (rising edge-triggered flip-flop clocked by i_clk)
Endpoint: _1122_ (rising edge-triggered flip-flop clocked by i_clk)
Path Group: i_clk
Path Type: max

Fanout         Cap        Slew       Delay        Time   Description
---------------------------------------------------------------------------------------------
                      0.150000    0.000000    0.000000   clock i_clk (rise edge)
                                  0.000000    0.000000   clock network delay (ideal)
                      0.150000    0.000000    0.000000 ^ _1186_/CLK (sky130_fd_sc_hd__dfrtp_2)
     4    0.039329    0.086971    0.334815    0.334815 v _1186_/Q (sky130_fd_sc_hd__dfrtp_2)
                                                         o_transmit_data_request (net)
                      0.086971    0.000000    0.334815 v _0932_/B (sky130_fd_sc_hd__or2_2)
     4    0.009373    0.051301    0.194011    0.528826 v _0932_/X (sky130_fd_sc_hd__or2_2)
                                                         _0511_ (net)
                      0.051301    0.000000    0.528826 v _0937_/C (sky130_fd_sc_hd__and3_2)
     2    0.002846    0.028179    0.133108    0.661933 v _0937_/X (sky130_fd_sc_hd__and3_2)
                                                         _0515_ (net)
                      0.028179    0.000000    0.661933 v _0940_/B (sky130_fd_sc_hd__or2_2)
     1    0.001544    0.033335    0.149151    0.811085 v _0940_/X (sky130_fd_sc_hd__or2_2)
                                                         _0517_ (net)
                      0.033335    0.000000    0.811085 v _0941_/B (sky130_fd_sc_hd__and3b_2)
     1    0.002059    0.026450    0.114237    0.925322 v _0941_/X (sky130_fd_sc_hd__and3b_2)
                                                         _0245_ (net)
                      0.026450    0.000000    0.925322 v _1122_/D (sky130_fd_sc_hd__dfrtp_2)
                                              0.925322   data arrival time

                      0.150000   32.000000   32.000000   clock i_clk (rise edge)
                                  0.000000   32.000000   clock network delay (ideal)
                                 -0.250000   31.750000   clock uncertainty
                                  0.000000   31.750000   clock reconvergence pessimism
                                             31.750000 ^ _1122_/CLK (sky130_fd_sc_hd__dfrtp_2)
                                 -0.060338   31.689659   library setup time
                                             31.689659   data required time
---------------------------------------------------------------------------------------------
                                             31.689659   data required time
                                             -0.925322   data arrival time
---------------------------------------------------------------------------------------------
                                             30.764338   slack (MET)


Startpoint: _1213_ (rising edge-triggered flip-flop clocked by i_clk)
Endpoint: _1224_ (rising edge-triggered flip-flop clocked by i_clk)
Path Group: i_clk
Path Type: max

Fanout         Cap        Slew       Delay        Time   Description
---------------------------------------------------------------------------------------------
                      0.150000    0.000000    0.000000   clock i_clk (rise edge)
                                  0.000000    0.000000   clock network delay (ideal)
                      0.150000    0.000000    0.000000 ^ _1213_/CLK (sky130_fd_sc_hd__dfrtp_2)
     7    0.017756    0.055266    0.299689    0.299689 v _1213_/Q (sky130_fd_sc_hd__dfrtp_2)
                                                         u_i2c_master_controller.i2cbus_cntrl_fsm.start_gen.delay_gen.count[0] (net)
                      0.055266    0.000000    0.299689 v _0750_/B (sky130_fd_sc_hd__and4_2)
     9    0.019800    0.057640    0.168400    0.468089 v _0750_/X (sky130_fd_sc_hd__and4_2)
                                                         _0411_ (net)
                      0.057640    0.000000    0.468089 v _0765_/B (sky130_fd_sc_hd__and3_2)
     5    0.017039    0.052516    0.159053    0.627142 v _0765_/X (sky130_fd_sc_hd__and3_2)
                                                         _0421_ (net)
                      0.052516    0.000000    0.627142 v _0770_/C (sky130_fd_sc_hd__and3_2)
     2    0.006265    0.035257    0.143521    0.770663 v _0770_/X (sky130_fd_sc_hd__and3_2)
                                                         _0424_ (net)
                      0.035257    0.000000    0.770663 v _0775_/A2 (sky130_fd_sc_hd__o21a_2)
     1    0.002059    0.023236    0.113300    0.883963 v _0775_/X (sky130_fd_sc_hd__o21a_2)
                                                         _0056_ (net)
                      0.023236    0.000000    0.883963 v _1224_/D (sky130_fd_sc_hd__dfrtp_2)
                                              0.883963   data arrival time

                      0.150000   32.000000   32.000000   clock i_clk (rise edge)
                                  0.000000   32.000000   clock network delay (ideal)
                                 -0.250000   31.750000   clock uncertainty
                                  0.000000   31.750000   clock reconvergence pessimism
                                             31.750000 ^ _1224_/CLK (sky130_fd_sc_hd__dfrtp_2)
                                 -0.059196   31.690804   library setup time
                                             31.690804   data required time
---------------------------------------------------------------------------------------------
                                             31.690804   data required time
                                             -0.883963   data arrival time
---------------------------------------------------------------------------------------------
                                             30.806839   slack (MET)


Startpoint: _1235_ (rising edge-triggered flip-flop clocked by i_clk)
Endpoint: _1246_ (rising edge-triggered flip-flop clocked by i_clk)
Path Group: i_clk
Path Type: max

Fanout         Cap        Slew       Delay        Time   Description
---------------------------------------------------------------------------------------------
                      0.150000    0.000000    0.000000   clock i_clk (rise edge)
                                  0.000000    0.000000   clock network delay (ideal)
                      0.150000    0.000000    0.000000 ^ _1235_/CLK (sky130_fd_sc_hd__dfrtp_2)
     7    0.017756    0.055266    0.299689    0.299689 v _1235_/Q (sky130_fd_sc_hd__dfrtp_2)
                                                         u_i2c_master_controller.i2cbus_cntrl_fsm.stop_gen.delay_gen.count[0] (net)
                      0.055266    0.000000    0.299689 v _0794_/B (sky130_fd_sc_hd__and4_2)
     9    0.019800    0.057640    0.168400    0.468089 v _0794_/X (sky130_fd_sc_hd__and4_2)
                                                         _0439_ (net)
                      0.057640    0.000000    0.468089 v _0809_/B (sky130_fd_sc_hd__and3_2)
     5    0.017039    0.052516    0.159053    0.627142 v _0809_/X (sky130_fd_sc_hd__and3_2)
                                                         _0449_ (net)
                      0.052516    0.000000    0.627142 v _0814_/C (sky130_fd_sc_hd__and3_2)
     2    0.006265    0.035257    0.143521    0.770663 v _0814_/X (sky130_fd_sc_hd__and3_2)
                                                         _0452_ (net)
                      0.035257    0.000000    0.770663 v _0819_/A2 (sky130_fd_sc_hd__o21a_2)
     1    0.002059    0.023236    0.113300    0.883963 v _0819_/X (sky130_fd_sc_hd__o21a_2)
                                                         _0075_ (net)
                      0.023236    0.000000    0.883963 v _1246_/D (sky130_fd_sc_hd__dfrtp_2)
                                              0.883963   data arrival time

                      0.150000   32.000000   32.000000   clock i_clk (rise edge)
                                  0.000000   32.000000   clock network delay (ideal)
                                 -0.250000   31.750000   clock uncertainty
                                  0.000000   31.750000   clock reconvergence pessimism
                                             31.750000 ^ _1246_/CLK (sky130_fd_sc_hd__dfrtp_2)
                                 -0.059196   31.690804   library setup time
                                             31.690804   data required time
---------------------------------------------------------------------------------------------
                                             31.690804   data required time
                                             -0.883963   data arrival time
---------------------------------------------------------------------------------------------
                                             30.806839   slack (MET)


Startpoint: _1213_ (rising edge-triggered flip-flop clocked by i_clk)
Endpoint: _1225_ (rising edge-triggered flip-flop clocked by i_clk)
Path Group: i_clk
Path Type: max

Fanout         Cap        Slew       Delay        Time   Description
---------------------------------------------------------------------------------------------
                      0.150000    0.000000    0.000000   clock i_clk (rise edge)
                                  0.000000    0.000000   clock network delay (ideal)
                      0.150000    0.000000    0.000000 ^ _1213_/CLK (sky130_fd_sc_hd__dfrtp_2)
     7    0.017756    0.055266    0.299689    0.299689 v _1213_/Q (sky130_fd_sc_hd__dfrtp_2)
                                                         u_i2c_master_controller.i2cbus_cntrl_fsm.start_gen.delay_gen.count[0] (net)
                      0.055266    0.000000    0.299689 v _0750_/B (sky130_fd_sc_hd__and4_2)
     9    0.019800    0.057640    0.168400    0.468089 v _0750_/X (sky130_fd_sc_hd__and4_2)
                                                         _0411_ (net)
                      0.057640    0.000000    0.468089 v _0773_/A (sky130_fd_sc_hd__and3_2)
     3    0.009763    0.040980    0.130308    0.598397 v _0773_/X (sky130_fd_sc_hd__and3_2)
                                                         _0426_ (net)
                      0.040980    0.000000    0.598397 v _0776_/B (sky130_fd_sc_hd__or2_2)
     1    0.001549    0.033356    0.153116    0.751513 v _0776_/X (sky130_fd_sc_hd__or2_2)
                                                         _0428_ (net)
                      0.033356    0.000000    0.751513 v _0778_/B (sky130_fd_sc_hd__and3_2)
     1    0.002059    0.026245    0.114509    0.866021 v _0778_/X (sky130_fd_sc_hd__and3_2)
                                                         _0057_ (net)
                      0.026245    0.000000    0.866021 v _1225_/D (sky130_fd_sc_hd__dfrtp_2)
                                              0.866021   data arrival time

                      0.150000   32.000000   32.000000   clock i_clk (rise edge)
                                  0.000000   32.000000   clock network delay (ideal)
                                 -0.250000   31.750000   clock uncertainty
                                  0.000000   31.750000   clock reconvergence pessimism
                                             31.750000 ^ _1225_/CLK (sky130_fd_sc_hd__dfrtp_2)
                                 -0.060265   31.689734   library setup time
                                             31.689734   data required time
---------------------------------------------------------------------------------------------
                                             31.689734   data required time
                                             -0.866021   data arrival time
---------------------------------------------------------------------------------------------
                                             30.823713   slack (MET)


Startpoint: _1235_ (rising edge-triggered flip-flop clocked by i_clk)
Endpoint: _1247_ (rising edge-triggered flip-flop clocked by i_clk)
Path Group: i_clk
Path Type: max

Fanout         Cap        Slew       Delay        Time   Description
---------------------------------------------------------------------------------------------
                      0.150000    0.000000    0.000000   clock i_clk (rise edge)
                                  0.000000    0.000000   clock network delay (ideal)
                      0.150000    0.000000    0.000000 ^ _1235_/CLK (sky130_fd_sc_hd__dfrtp_2)
     7    0.017756    0.055266    0.299689    0.299689 v _1235_/Q (sky130_fd_sc_hd__dfrtp_2)
                                                         u_i2c_master_controller.i2cbus_cntrl_fsm.stop_gen.delay_gen.count[0] (net)
                      0.055266    0.000000    0.299689 v _0794_/B (sky130_fd_sc_hd__and4_2)
     9    0.019800    0.057640    0.168400    0.468089 v _0794_/X (sky130_fd_sc_hd__and4_2)
                                                         _0439_ (net)
                      0.057640    0.000000    0.468089 v _0817_/A (sky130_fd_sc_hd__and3_2)
     3    0.009763    0.040980    0.130308    0.598397 v _0817_/X (sky130_fd_sc_hd__and3_2)
                                                         _0454_ (net)
                      0.040980    0.000000    0.598397 v _0820_/B (sky130_fd_sc_hd__or2_2)
     1    0.001549    0.033356    0.153116    0.751513 v _0820_/X (sky130_fd_sc_hd__or2_2)
                                                         _0456_ (net)
                      0.033356    0.000000    0.751513 v _0822_/B (sky130_fd_sc_hd__and3_2)
     1    0.002059    0.026245    0.114509    0.866021 v _0822_/X (sky130_fd_sc_hd__and3_2)
                                                         _0076_ (net)
                      0.026245    0.000000    0.866021 v _1247_/D (sky130_fd_sc_hd__dfrtp_2)
                                              0.866021   data arrival time

                      0.150000   32.000000   32.000000   clock i_clk (rise edge)
                                  0.000000   32.000000   clock network delay (ideal)
                                 -0.250000   31.750000   clock uncertainty
                                  0.000000   31.750000   clock reconvergence pessimism
                                             31.750000 ^ _1247_/CLK (sky130_fd_sc_hd__dfrtp_2)
                                 -0.060265   31.689734   library setup time
                                             31.689734   data required time
---------------------------------------------------------------------------------------------
                                             31.689734   data required time
                                             -0.866021   data arrival time
---------------------------------------------------------------------------------------------
                                             30.823713   slack (MET)


Startpoint: _1161_ (rising edge-triggered flip-flop clocked by i_clk)
Endpoint: _1163_ (rising edge-triggered flip-flop clocked by i_clk)
Path Group: i_clk
Path Type: max

Fanout         Cap        Slew       Delay        Time   Description
---------------------------------------------------------------------------------------------
                      0.150000    0.000000    0.000000   clock i_clk (rise edge)
                                  0.000000    0.000000   clock network delay (ideal)
                      0.150000    0.000000    0.000000 ^ _1161_/CLK (sky130_fd_sc_hd__dfrtp_2)
     8    0.022551    0.062313    0.307496    0.307496 v _1161_/Q (sky130_fd_sc_hd__dfrtp_2)
                                                         u_i2c_master_controller.cntrl_fsm.cntrl_fsm.state[2] (net)
                      0.062313    0.000000    0.307496 v _0660_/A (sky130_fd_sc_hd__or2_2)
     4    0.009360    0.051204    0.197323    0.504819 v _0660_/X (sky130_fd_sc_hd__or2_2)
                                                         _0356_ (net)
                      0.051204    0.000000    0.504819 v _0671_/A2 (sky130_fd_sc_hd__a31o_2)
     1    0.001548    0.025102    0.143833    0.648652 v _0671_/X (sky130_fd_sc_hd__a31o_2)
                                                         _0360_ (net)
                      0.025102    0.000000    0.648652 v _0672_/C (sky130_fd_sc_hd__and3_2)
     2    0.004348    0.031656    0.128324    0.776977 v _0672_/X (sky130_fd_sc_hd__and3_2)
                                                         _0041_ (net)
                      0.031656    0.000000    0.776977 v _0673_/B1 (sky130_fd_sc_hd__a21o_2)
     1    0.002059    0.023331    0.078285    0.855262 v _0673_/X (sky130_fd_sc_hd__a21o_2)
                                                         _0011_ (net)
                      0.023331    0.000000    0.855262 v _1163_/D (sky130_fd_sc_hd__dfrtp_2)
                                              0.855262   data arrival time

                      0.150000   32.000000   32.000000   clock i_clk (rise edge)
                                  0.000000   32.000000   clock network delay (ideal)
                                 -0.250000   31.750000   clock uncertainty
                                  0.000000   31.750000   clock reconvergence pessimism
                                             31.750000 ^ _1163_/CLK (sky130_fd_sc_hd__dfrtp_2)
                                 -0.059230   31.690767   library setup time
                                             31.690767   data required time
---------------------------------------------------------------------------------------------
                                             31.690767   data required time
                                             -0.855262   data arrival time
---------------------------------------------------------------------------------------------
                                             30.835506   slack (MET)


Startpoint: _1161_ (rising edge-triggered flip-flop clocked by i_clk)
Endpoint: _1168_ (rising edge-triggered flip-flop clocked by i_clk)
Path Group: i_clk
Path Type: max

Fanout         Cap        Slew       Delay        Time   Description
---------------------------------------------------------------------------------------------
                      0.150000    0.000000    0.000000   clock i_clk (rise edge)
                                  0.000000    0.000000   clock network delay (ideal)
                      0.150000    0.000000    0.000000 ^ _1161_/CLK (sky130_fd_sc_hd__dfrtp_2)
     8    0.022551    0.062313    0.307496    0.307496 v _1161_/Q (sky130_fd_sc_hd__dfrtp_2)
                                                         u_i2c_master_controller.cntrl_fsm.cntrl_fsm.state[2] (net)
                      0.062313    0.000000    0.307496 v _0660_/A (sky130_fd_sc_hd__or2_2)
     4    0.009360    0.051204    0.197323    0.504819 v _0660_/X (sky130_fd_sc_hd__or2_2)
                                                         _0356_ (net)
                      0.051204    0.000000    0.504819 v _0662_/C (sky130_fd_sc_hd__and4_2)
     1    0.002266    0.028587    0.138138    0.642958 v _0662_/X (sky130_fd_sc_hd__and4_2)
                                                         _0358_ (net)
                      0.028587    0.000000    0.642958 v _0663_/A2 (sky130_fd_sc_hd__o21a_2)
     2    0.004348    0.028539    0.118596    0.761553 v _0663_/X (sky130_fd_sc_hd__o21a_2)
                                                         _0042_ (net)
                      0.028539    0.000000    0.761553 v _0664_/B1 (sky130_fd_sc_hd__a21o_2)
     1    0.002059    0.023396    0.077114    0.838668 v _0664_/X (sky130_fd_sc_hd__a21o_2)
                                                         _0016_ (net)
                      0.023396    0.000000    0.838668 v _1168_/D (sky130_fd_sc_hd__dfrtp_2)
                                              0.838668   data arrival time

                      0.150000   32.000000   32.000000   clock i_clk (rise edge)
                                  0.000000   32.000000   clock network delay (ideal)
                                 -0.250000   31.750000   clock uncertainty
                                  0.000000   31.750000   clock reconvergence pessimism
                                             31.750000 ^ _1168_/CLK (sky130_fd_sc_hd__dfrtp_2)
                                 -0.059253   31.690746   library setup time
                                             31.690746   data required time
---------------------------------------------------------------------------------------------
                                             31.690746   data required time
                                             -0.838668   data arrival time
---------------------------------------------------------------------------------------------
                                             30.852079   slack (MET)


Startpoint: _1161_ (rising edge-triggered flip-flop clocked by i_clk)
Endpoint: _1160_ (rising edge-triggered flip-flop clocked by i_clk)
Path Group: i_clk
Path Type: max

Fanout         Cap        Slew       Delay        Time   Description
---------------------------------------------------------------------------------------------
                      0.150000    0.000000    0.000000   clock i_clk (rise edge)
                                  0.000000    0.000000   clock network delay (ideal)
                      0.150000    0.000000    0.000000 ^ _1161_/CLK (sky130_fd_sc_hd__dfrtp_2)
     8    0.022551    0.062313    0.307496    0.307496 v _1161_/Q (sky130_fd_sc_hd__dfrtp_2)
                                                         u_i2c_master_controller.cntrl_fsm.cntrl_fsm.state[2] (net)
                      0.062313    0.000000    0.307496 v _0660_/A (sky130_fd_sc_hd__or2_2)
     4    0.009360    0.051204    0.197323    0.504819 v _0660_/X (sky130_fd_sc_hd__or2_2)
                                                         _0356_ (net)
                      0.051204    0.000000    0.504819 v _0678_/B (sky130_fd_sc_hd__or2_2)
     6    0.015759    0.063467    0.196841    0.701660 v _0678_/X (sky130_fd_sc_hd__or2_2)
                                                         _0363_ (net)
                      0.063467    0.000000    0.701660 v _0679_/A2 (sky130_fd_sc_hd__a21oi_2)
     1    0.004773    0.074576    0.105928    0.807588 ^ _0679_/Y (sky130_fd_sc_hd__a21oi_2)
                                                         _0364_ (net)
                      0.074576    0.000000    0.807588 ^ _0680_/B (sky130_fd_sc_hd__nor2_2)
     1    0.002059    0.035334    0.015624    0.823212 v _0680_/Y (sky130_fd_sc_hd__nor2_2)
                                                         _0008_ (net)
                      0.035334    0.000000    0.823212 v _1160_/D (sky130_fd_sc_hd__dfrtp_2)
                                              0.823212   data arrival time

                      0.150000   32.000000   32.000000   clock i_clk (rise edge)
                                  0.000000   32.000000   clock network delay (ideal)
                                 -0.250000   31.750000   clock uncertainty
                                  0.000000   31.750000   clock reconvergence pessimism
                                             31.750000 ^ _1160_/CLK (sky130_fd_sc_hd__dfrtp_2)
                                 -0.063495   31.686504   library setup time
                                             31.686504   data required time
---------------------------------------------------------------------------------------------
                                             31.686504   data required time
                                             -0.823212   data arrival time
---------------------------------------------------------------------------------------------
                                             30.863291   slack (MET)


Startpoint: _1186_ (rising edge-triggered flip-flop clocked by i_clk)
Endpoint: _1123_ (rising edge-triggered flip-flop clocked by i_clk)
Path Group: i_clk
Path Type: max

Fanout         Cap        Slew       Delay        Time   Description
---------------------------------------------------------------------------------------------
                      0.150000    0.000000    0.000000   clock i_clk (rise edge)
                                  0.000000    0.000000   clock network delay (ideal)
                      0.150000    0.000000    0.000000 ^ _1186_/CLK (sky130_fd_sc_hd__dfrtp_2)
     4    0.039329    0.086971    0.334815    0.334815 v _1186_/Q (sky130_fd_sc_hd__dfrtp_2)
                                                         o_transmit_data_request (net)
                      0.086971    0.000000    0.334815 v _0939_/A2 (sky130_fd_sc_hd__o2111a_2)
     6    0.012379    0.047719    0.194987    0.529801 v _0939_/X (sky130_fd_sc_hd__o2111a_2)
                                                         _0516_ (net)
                      0.047719    0.000000    0.529801 v _0943_/B (sky130_fd_sc_hd__or2_2)
     1    0.001548    0.033319    0.155189    0.684990 v _0943_/X (sky130_fd_sc_hd__or2_2)
                                                         _0519_ (net)
                      0.033319    0.000000    0.684990 v _0944_/C (sky130_fd_sc_hd__and3_2)
     1    0.002059    0.026256    0.123641    0.808631 v _0944_/X (sky130_fd_sc_hd__and3_2)
                                                         _0246_ (net)
                      0.026256    0.000000    0.808631 v _1123_/D (sky130_fd_sc_hd__dfrtp_2)
                                              0.808631   data arrival time

                      0.150000   32.000000   32.000000   clock i_clk (rise edge)
                                  0.000000   32.000000   clock network delay (ideal)
                                 -0.250000   31.750000   clock uncertainty
                                  0.000000   31.750000   clock reconvergence pessimism
                                             31.750000 ^ _1123_/CLK (sky130_fd_sc_hd__dfrtp_2)
                                 -0.060269   31.689732   library setup time
                                             31.689732   data required time
---------------------------------------------------------------------------------------------
                                             31.689732   data required time
                                             -0.808631   data arrival time
---------------------------------------------------------------------------------------------
                                             30.881102   slack (MET)


Startpoint: _1213_ (rising edge-triggered flip-flop clocked by i_clk)
Endpoint: _1223_ (rising edge-triggered flip-flop clocked by i_clk)
Path Group: i_clk
Path Type: max

Fanout         Cap        Slew       Delay        Time   Description
---------------------------------------------------------------------------------------------
                      0.150000    0.000000    0.000000   clock i_clk (rise edge)
                                  0.000000    0.000000   clock network delay (ideal)
                      0.150000    0.000000    0.000000 ^ _1213_/CLK (sky130_fd_sc_hd__dfrtp_2)
     7    0.017756    0.055266    0.299689    0.299689 v _1213_/Q (sky130_fd_sc_hd__dfrtp_2)
                                                         u_i2c_master_controller.i2cbus_cntrl_fsm.start_gen.delay_gen.count[0] (net)
                      0.055266    0.000000    0.299689 v _0750_/B (sky130_fd_sc_hd__and4_2)
     9    0.019800    0.057640    0.168400    0.468089 v _0750_/X (sky130_fd_sc_hd__and4_2)
                                                         _0411_ (net)
                      0.057640    0.000000    0.468089 v _0765_/B (sky130_fd_sc_hd__and3_2)
     5    0.017039    0.052516    0.159053    0.627142 v _0765_/X (sky130_fd_sc_hd__and3_2)
                                                         _0421_ (net)
                      0.052516    0.000000    0.627142 v _0770_/C (sky130_fd_sc_hd__and3_2)
     2    0.006265    0.035257    0.143521    0.770663 v _0770_/X (sky130_fd_sc_hd__and3_2)
                                                         _0424_ (net)
                      0.035257    0.000000    0.770663 v _0771_/C (sky130_fd_sc_hd__nor3_2)
     1    0.002087    0.075336    0.058182    0.828845 ^ _0771_/Y (sky130_fd_sc_hd__nor3_2)
                                                         _0055_ (net)
                      0.075336    0.000000    0.828845 ^ _1223_/D (sky130_fd_sc_hd__dfrtp_2)
                                              0.828845   data arrival time

                      0.150000   32.000000   32.000000   clock i_clk (rise edge)
                                  0.000000   32.000000   clock network delay (ideal)
                                 -0.250000   31.750000   clock uncertainty
                                  0.000000   31.750000   clock reconvergence pessimism
                                             31.750000 ^ _1223_/CLK (sky130_fd_sc_hd__dfrtp_2)
                                 -0.036146   31.713854   library setup time
                                             31.713854   data required time
---------------------------------------------------------------------------------------------
                                             31.713854   data required time
                                             -0.828845   data arrival time
---------------------------------------------------------------------------------------------
                                             30.885010   slack (MET)


Startpoint: _1235_ (rising edge-triggered flip-flop clocked by i_clk)
Endpoint: _1245_ (rising edge-triggered flip-flop clocked by i_clk)
Path Group: i_clk
Path Type: max

Fanout         Cap        Slew       Delay        Time   Description
---------------------------------------------------------------------------------------------
                      0.150000    0.000000    0.000000   clock i_clk (rise edge)
                                  0.000000    0.000000   clock network delay (ideal)
                      0.150000    0.000000    0.000000 ^ _1235_/CLK (sky130_fd_sc_hd__dfrtp_2)
     7    0.017756    0.055266    0.299689    0.299689 v _1235_/Q (sky130_fd_sc_hd__dfrtp_2)
                                                         u_i2c_master_controller.i2cbus_cntrl_fsm.stop_gen.delay_gen.count[0] (net)
                      0.055266    0.000000    0.299689 v _0794_/B (sky130_fd_sc_hd__and4_2)
     9    0.019800    0.057640    0.168400    0.468089 v _0794_/X (sky130_fd_sc_hd__and4_2)
                                                         _0439_ (net)
                      0.057640    0.000000    0.468089 v _0809_/B (sky130_fd_sc_hd__and3_2)
     5    0.017039    0.052516    0.159053    0.627142 v _0809_/X (sky130_fd_sc_hd__and3_2)
                                                         _0449_ (net)
                      0.052516    0.000000    0.627142 v _0814_/C (sky130_fd_sc_hd__and3_2)
     2    0.006265    0.035257    0.143521    0.770663 v _0814_/X (sky130_fd_sc_hd__and3_2)
                                                         _0452_ (net)
                      0.035257    0.000000    0.770663 v _0815_/C (sky130_fd_sc_hd__nor3_2)
     1    0.002087    0.075336    0.058182    0.828845 ^ _0815_/Y (sky130_fd_sc_hd__nor3_2)
                                                         _0074_ (net)
                      0.075336    0.000000    0.828845 ^ _1245_/D (sky130_fd_sc_hd__dfrtp_2)
                                              0.828845   data arrival time

                      0.150000   32.000000   32.000000   clock i_clk (rise edge)
                                  0.000000   32.000000   clock network delay (ideal)
                                 -0.250000   31.750000   clock uncertainty
                                  0.000000   31.750000   clock reconvergence pessimism
                                             31.750000 ^ _1245_/CLK (sky130_fd_sc_hd__dfrtp_2)
                                 -0.036146   31.713854   library setup time
                                             31.713854   data required time
---------------------------------------------------------------------------------------------
                                             31.713854   data required time
                                             -0.828845   data arrival time
---------------------------------------------------------------------------------------------
                                             30.885010   slack (MET)


Startpoint: _1131_ (rising edge-triggered flip-flop clocked by i_clk)
Endpoint: _1137_ (rising edge-triggered flip-flop clocked by i_clk)
Path Group: i_clk
Path Type: max

Fanout         Cap        Slew       Delay        Time   Description
---------------------------------------------------------------------------------------------
                      0.150000    0.000000    0.000000   clock i_clk (rise edge)
                                  0.000000    0.000000   clock network delay (ideal)
                      0.150000    0.000000    0.000000 ^ _1131_/CLK (sky130_fd_sc_hd__dfrtp_2)
     6    0.022613    0.062404    0.307597    0.307597 v _1131_/Q (sky130_fd_sc_hd__dfrtp_2)
                                                         u_i2c_master_controller.i2cbus_cntrl_fsm.scl_gen.count[0] (net)
                      0.062404    0.000000    0.307597 v _0579_/D (sky130_fd_sc_hd__and4_2)
     6    0.018244    0.055610    0.188029    0.495626 v _0579_/X (sky130_fd_sc_hd__and4_2)
                                                         _0320_ (net)
                      0.055610    0.000000    0.495626 v _0581_/D (sky130_fd_sc_hd__and4_2)
     7    0.026241    0.066120    0.197744    0.693370 v _0581_/X (sky130_fd_sc_hd__and4_2)
                                                         _0322_ (net)
                      0.066120    0.000000    0.693370 v _0589_/A2 (sky130_fd_sc_hd__o21ai_2)
     1    0.004764    0.076934    0.090784    0.784154 ^ _0589_/Y (sky130_fd_sc_hd__o21ai_2)
                                                         _0328_ (net)
                      0.076934    0.000000    0.784154 ^ _0590_/B1 (sky130_fd_sc_hd__a21oi_2)
     1    0.002059    0.031726    0.014590    0.798744 v _0590_/Y (sky130_fd_sc_hd__a21oi_2)
                                                         _0260_ (net)
                      0.031726    0.000000    0.798744 v _1137_/D (sky130_fd_sc_hd__dfrtp_2)
                                              0.798744   data arrival time

                      0.150000   32.000000   32.000000   clock i_clk (rise edge)
                                  0.000000   32.000000   clock network delay (ideal)
                                 -0.250000   31.750000   clock uncertainty
                                  0.000000   31.750000   clock reconvergence pessimism
                                             31.750000 ^ _1137_/CLK (sky130_fd_sc_hd__dfrtp_2)
                                 -0.062213   31.687788   library setup time
                                             31.687788   data required time
---------------------------------------------------------------------------------------------
                                             31.687788   data required time
                                             -0.798744   data arrival time
---------------------------------------------------------------------------------------------
                                             30.889046   slack (MET)


Startpoint: _1186_ (rising edge-triggered flip-flop clocked by i_clk)
Endpoint: _1120_ (rising edge-triggered flip-flop clocked by i_clk)
Path Group: i_clk
Path Type: max

Fanout         Cap        Slew       Delay        Time   Description
---------------------------------------------------------------------------------------------
                      0.150000    0.000000    0.000000   clock i_clk (rise edge)
                                  0.000000    0.000000   clock network delay (ideal)
                      0.150000    0.000000    0.000000 ^ _1186_/CLK (sky130_fd_sc_hd__dfrtp_2)
     4    0.039329    0.086971    0.334815    0.334815 v _1186_/Q (sky130_fd_sc_hd__dfrtp_2)
                                                         o_transmit_data_request (net)
                      0.086971    0.000000    0.334815 v _0932_/B (sky130_fd_sc_hd__or2_2)
     4    0.009373    0.051301    0.194011    0.528826 v _0932_/X (sky130_fd_sc_hd__or2_2)
                                                         _0511_ (net)
                      0.051301    0.000000    0.528826 v _0933_/B (sky130_fd_sc_hd__or2_2)
     1    0.001549    0.033322    0.156297    0.685122 v _0933_/X (sky130_fd_sc_hd__or2_2)
                                                         _0512_ (net)
                      0.033322    0.000000    0.685122 v _0935_/B (sky130_fd_sc_hd__and3_2)
     1    0.002059    0.026238    0.114496    0.799618 v _0935_/X (sky130_fd_sc_hd__and3_2)
                                                         _0243_ (net)
                      0.026238    0.000000    0.799618 v _1120_/D (sky130_fd_sc_hd__dfrtp_2)
                                              0.799618   data arrival time

                      0.150000   32.000000   32.000000   clock i_clk (rise edge)
                                  0.000000   32.000000   clock network delay (ideal)
                                 -0.250000   31.750000   clock uncertainty
                                  0.000000   31.750000   clock reconvergence pessimism
                                             31.750000 ^ _1120_/CLK (sky130_fd_sc_hd__dfrtp_2)
                                 -0.060263   31.689737   library setup time
                                             31.689737   data required time
---------------------------------------------------------------------------------------------
                                             31.689737   data required time
                                             -0.799618   data arrival time
---------------------------------------------------------------------------------------------
                                             30.890118   slack (MET)


Startpoint: _1094_ (rising edge-triggered flip-flop clocked by i_clk)
Endpoint: _1077_ (rising edge-triggered flip-flop clocked by i_clk)
Path Group: i_clk
Path Type: max

Fanout         Cap        Slew       Delay        Time   Description
---------------------------------------------------------------------------------------------
                      0.150000    0.000000    0.000000   clock i_clk (rise edge)
                                  0.000000    0.000000   clock network delay (ideal)
                      0.150000    0.000000    0.000000 ^ _1094_/CLK (sky130_fd_sc_hd__dfrtp_2)
     3    0.006232    0.035463    0.273897    0.273897 v _1094_/Q (sky130_fd_sc_hd__dfrtp_2)
                                                         u_i2c_master_controller.cntrl_fsm.tx_done_reg (net)
                      0.035463    0.000000    0.273897 v _0607_/A1 (sky130_fd_sc_hd__o21ba_2)
     1    0.002122    0.024239    0.124469    0.398366 v _0607_/X (sky130_fd_sc_hd__o21ba_2)
                                                         _0337_ (net)
                      0.024239    0.000000    0.398366 v _0608_/A3 (sky130_fd_sc_hd__o32a_2)
     1    0.001343    0.033075    0.166665    0.565031 v _0608_/X (sky130_fd_sc_hd__o32a_2)
                                                         _0338_ (net)
                      0.033075    0.000000    0.565031 v _0609_/C (sky130_fd_sc_hd__or3_2)
     1    0.002059    0.048156    0.222414    0.787445 v _0609_/X (sky130_fd_sc_hd__or3_2)
                                                         _0200_ (net)
                      0.048156    0.000000    0.787445 v _1077_/D (sky130_fd_sc_hd__dfrtp_2)
                                              0.787445   data arrival time

                      0.150000   32.000000   32.000000   clock i_clk (rise edge)
                                  0.000000   32.000000   clock network delay (ideal)
                                 -0.250000   31.750000   clock uncertainty
                                  0.000000   31.750000   clock reconvergence pessimism
                                             31.750000 ^ _1077_/CLK (sky130_fd_sc_hd__dfrtp_2)
                                 -0.068051   31.681948   library setup time
                                             31.681948   data required time
---------------------------------------------------------------------------------------------
                                             31.681948   data required time
                                             -0.787445   data arrival time
---------------------------------------------------------------------------------------------
                                             30.894503   slack (MET)


Startpoint: _1213_ (rising edge-triggered flip-flop clocked by i_clk)
Endpoint: _1228_ (rising edge-triggered flip-flop clocked by i_clk)
Path Group: i_clk
Path Type: max

Fanout         Cap        Slew       Delay        Time   Description
---------------------------------------------------------------------------------------------
                      0.150000    0.000000    0.000000   clock i_clk (rise edge)
                                  0.000000    0.000000   clock network delay (ideal)
                      0.150000    0.000000    0.000000 ^ _1213_/CLK (sky130_fd_sc_hd__dfrtp_2)
     7    0.017756    0.055266    0.299689    0.299689 v _1213_/Q (sky130_fd_sc_hd__dfrtp_2)
                                                         u_i2c_master_controller.i2cbus_cntrl_fsm.start_gen.delay_gen.count[0] (net)
                      0.055266    0.000000    0.299689 v _0750_/B (sky130_fd_sc_hd__and4_2)
     9    0.019800    0.057640    0.168400    0.468089 v _0750_/X (sky130_fd_sc_hd__and4_2)
                                                         _0411_ (net)
                      0.057640    0.000000    0.468089 v _0780_/A (sky130_fd_sc_hd__and4_2)
     5    0.017878    0.055105    0.148301    0.616390 v _0780_/X (sky130_fd_sc_hd__and4_2)
                                                         _0431_ (net)
                      0.055105    0.000000    0.616390 v _0785_/A3 (sky130_fd_sc_hd__a31o_2)
     1    0.004145    0.031436    0.162317    0.778706 v _0785_/X (sky130_fd_sc_hd__a31o_2)
                                                         _0434_ (net)
                      0.031436    0.000000    0.778706 v _0786_/B (sky130_fd_sc_hd__nor2_2)
     1    0.002087    0.039292    0.042780    0.821486 ^ _0786_/Y (sky130_fd_sc_hd__nor2_2)
                                                         _0060_ (net)
                      0.039292    0.000000    0.821486 ^ _1228_/D (sky130_fd_sc_hd__dfrtp_2)
                                              0.821486   data arrival time

                      0.150000   32.000000   32.000000   clock i_clk (rise edge)
                                  0.000000   32.000000   clock network delay (ideal)
                                 -0.250000   31.750000   clock uncertainty
                                  0.000000   31.750000   clock reconvergence pessimism
                                             31.750000 ^ _1228_/CLK (sky130_fd_sc_hd__dfrtp_2)
                                 -0.032703   31.717297   library setup time
                                             31.717297   data required time
---------------------------------------------------------------------------------------------
                                             31.717297   data required time
                                             -0.821486   data arrival time
---------------------------------------------------------------------------------------------
                                             30.895809   slack (MET)


Startpoint: _1235_ (rising edge-triggered flip-flop clocked by i_clk)
Endpoint: _1250_ (rising edge-triggered flip-flop clocked by i_clk)
Path Group: i_clk
Path Type: max

Fanout         Cap        Slew       Delay        Time   Description
---------------------------------------------------------------------------------------------
                      0.150000    0.000000    0.000000   clock i_clk (rise edge)
                                  0.000000    0.000000   clock network delay (ideal)
                      0.150000    0.000000    0.000000 ^ _1235_/CLK (sky130_fd_sc_hd__dfrtp_2)
     7    0.017756    0.055266    0.299689    0.299689 v _1235_/Q (sky130_fd_sc_hd__dfrtp_2)
                                                         u_i2c_master_controller.i2cbus_cntrl_fsm.stop_gen.delay_gen.count[0] (net)
                      0.055266    0.000000    0.299689 v _0794_/B (sky130_fd_sc_hd__and4_2)
     9    0.019800    0.057640    0.168400    0.468089 v _0794_/X (sky130_fd_sc_hd__and4_2)
                                                         _0439_ (net)
                      0.057640    0.000000    0.468089 v _0824_/A (sky130_fd_sc_hd__and4_2)
     5    0.017878    0.055105    0.148301    0.616390 v _0824_/X (sky130_fd_sc_hd__and4_2)
                                                         _0459_ (net)
                      0.055105    0.000000    0.616390 v _0829_/A3 (sky130_fd_sc_hd__a31o_2)
     1    0.004145    0.031436    0.162317    0.778706 v _0829_/X (sky130_fd_sc_hd__a31o_2)
                                                         _0462_ (net)
                      0.031436    0.000000    0.778706 v _0830_/B (sky130_fd_sc_hd__nor2_2)
     1    0.002087    0.039292    0.042780    0.821486 ^ _0830_/Y (sky130_fd_sc_hd__nor2_2)
                                                         _0079_ (net)
                      0.039292    0.000000    0.821486 ^ _1250_/D (sky130_fd_sc_hd__dfrtp_2)
                                              0.821486   data arrival time

                      0.150000   32.000000   32.000000   clock i_clk (rise edge)
                                  0.000000   32.000000   clock network delay (ideal)
                                 -0.250000   31.750000   clock uncertainty
                                  0.000000   31.750000   clock reconvergence pessimism
                                             31.750000 ^ _1250_/CLK (sky130_fd_sc_hd__dfrtp_2)
                                 -0.032703   31.717297   library setup time
                                             31.717297   data required time
---------------------------------------------------------------------------------------------
                                             31.717297   data required time
                                             -0.821486   data arrival time
---------------------------------------------------------------------------------------------
                                             30.895809   slack (MET)


Startpoint: _1186_ (rising edge-triggered flip-flop clocked by i_clk)
Endpoint: _1121_ (rising edge-triggered flip-flop clocked by i_clk)
Path Group: i_clk
Path Type: max

Fanout         Cap        Slew       Delay        Time   Description
---------------------------------------------------------------------------------------------
                      0.150000    0.000000    0.000000   clock i_clk (rise edge)
                                  0.000000    0.000000   clock network delay (ideal)
                      0.150000    0.000000    0.000000 ^ _1186_/CLK (sky130_fd_sc_hd__dfrtp_2)
     4    0.039329    0.086971    0.334815    0.334815 v _1186_/Q (sky130_fd_sc_hd__dfrtp_2)
                                                         o_transmit_data_request (net)
                      0.086971    0.000000    0.334815 v _0932_/B (sky130_fd_sc_hd__or2_2)
     4    0.009373    0.051301    0.194011    0.528826 v _0932_/X (sky130_fd_sc_hd__or2_2)
                                                         _0511_ (net)
                      0.051301    0.000000    0.528826 v _0936_/A2 (sky130_fd_sc_hd__a21o_2)
     1    0.001541    0.022099    0.131267    0.660093 v _0936_/X (sky130_fd_sc_hd__a21o_2)
                                                         _0514_ (net)
                      0.022099    0.000000    0.660093 v _0938_/C (sky130_fd_sc_hd__and3b_2)
     1    0.002059    0.026446    0.119065    0.779158 v _0938_/X (sky130_fd_sc_hd__and3b_2)
                                                         _0244_ (net)
                      0.026446    0.000000    0.779158 v _1121_/D (sky130_fd_sc_hd__dfrtp_2)
                                              0.779158   data arrival time

                      0.150000   32.000000   32.000000   clock i_clk (rise edge)
                                  0.000000   32.000000   clock network delay (ideal)
                                 -0.250000   31.750000   clock uncertainty
                                  0.000000   31.750000   clock reconvergence pessimism
                                             31.750000 ^ _1121_/CLK (sky130_fd_sc_hd__dfrtp_2)
                                 -0.060337   31.689663   library setup time
                                             31.689663   data required time
---------------------------------------------------------------------------------------------
                                             31.689663   data required time
                                             -0.779158   data arrival time
---------------------------------------------------------------------------------------------
                                             30.910503   slack (MET)


Startpoint: _1186_ (rising edge-triggered flip-flop clocked by i_clk)
Endpoint: _1124_ (rising edge-triggered flip-flop clocked by i_clk)
Path Group: i_clk
Path Type: max

Fanout         Cap        Slew       Delay        Time   Description
---------------------------------------------------------------------------------------------
                      0.150000    0.000000    0.000000   clock i_clk (rise edge)
                                  0.000000    0.000000   clock network delay (ideal)
                      0.150000    0.000000    0.000000 ^ _1186_/CLK (sky130_fd_sc_hd__dfrtp_2)
     4    0.039329    0.086971    0.334815    0.334815 v _1186_/Q (sky130_fd_sc_hd__dfrtp_2)
                                                         o_transmit_data_request (net)
                      0.086971    0.000000    0.334815 v _0939_/A2 (sky130_fd_sc_hd__o2111a_2)
     6    0.012379    0.047719    0.194987    0.529801 v _0939_/X (sky130_fd_sc_hd__o2111a_2)
                                                         _0516_ (net)
                      0.047719    0.000000    0.529801 v _0945_/A2 (sky130_fd_sc_hd__a21o_2)
     1    0.001541    0.022102    0.129947    0.659748 v _0945_/X (sky130_fd_sc_hd__a21o_2)
                                                         _0520_ (net)
                      0.022102    0.000000    0.659748 v _0947_/C (sky130_fd_sc_hd__and3b_2)
     1    0.002059    0.026446    0.119066    0.778815 v _0947_/X (sky130_fd_sc_hd__and3b_2)
                                                         _0247_ (net)
                      0.026446    0.000000    0.778815 v _1124_/D (sky130_fd_sc_hd__dfrtp_2)
                                              0.778815   data arrival time

                      0.150000   32.000000   32.000000   clock i_clk (rise edge)
                                  0.000000   32.000000   clock network delay (ideal)
                                 -0.250000   31.750000   clock uncertainty
                                  0.000000   31.750000   clock reconvergence pessimism
                                             31.750000 ^ _1124_/CLK (sky130_fd_sc_hd__dfrtp_2)
                                 -0.060337   31.689663   library setup time
                                             31.689663   data required time
---------------------------------------------------------------------------------------------
                                             31.689663   data required time
                                             -0.778815   data arrival time
---------------------------------------------------------------------------------------------
                                             30.910849   slack (MET)


Startpoint: _1161_ (rising edge-triggered flip-flop clocked by i_clk)
Endpoint: _1186_ (rising edge-triggered flip-flop clocked by i_clk)
Path Group: i_clk
Path Type: max

Fanout         Cap        Slew       Delay        Time   Description
---------------------------------------------------------------------------------------------
                      0.150000    0.000000    0.000000   clock i_clk (rise edge)
                                  0.000000    0.000000   clock network delay (ideal)
                      0.150000    0.000000    0.000000 ^ _1161_/CLK (sky130_fd_sc_hd__dfrtp_2)
     8    0.022551    0.062313    0.307496    0.307496 v _1161_/Q (sky130_fd_sc_hd__dfrtp_2)
                                                         u_i2c_master_controller.cntrl_fsm.cntrl_fsm.state[2] (net)
                      0.062313    0.000000    0.307496 v _0660_/A (sky130_fd_sc_hd__or2_2)
     4    0.009360    0.051204    0.197323    0.504819 v _0660_/X (sky130_fd_sc_hd__or2_2)
                                                         _0356_ (net)
                      0.051204    0.000000    0.504819 v _0671_/A2 (sky130_fd_sc_hd__a31o_2)
     1    0.001548    0.025102    0.143833    0.648652 v _0671_/X (sky130_fd_sc_hd__a31o_2)
                                                         _0360_ (net)
                      0.025102    0.000000    0.648652 v _0672_/C (sky130_fd_sc_hd__and3_2)
     2    0.004348    0.031656    0.128324    0.776977 v _0672_/X (sky130_fd_sc_hd__and3_2)
                                                         _0041_ (net)
                      0.031656    0.000000    0.776977 v _1186_/D (sky130_fd_sc_hd__dfrtp_2)
                                              0.776977   data arrival time

                      0.150000   32.000000   32.000000   clock i_clk (rise edge)
                                  0.000000   32.000000   clock network delay (ideal)
                                 -0.250000   31.750000   clock uncertainty
                                  0.000000   31.750000   clock reconvergence pessimism
                                             31.750000 ^ _1186_/CLK (sky130_fd_sc_hd__dfrtp_2)
                                 -0.062188   31.687813   library setup time
                                             31.687813   data required time
---------------------------------------------------------------------------------------------
                                             31.687813   data required time
                                             -0.776977   data arrival time
---------------------------------------------------------------------------------------------
                                             30.910833   slack (MET)


Startpoint: _1161_ (rising edge-triggered flip-flop clocked by i_clk)
Endpoint: _1193_ (rising edge-triggered flip-flop clocked by i_clk)
Path Group: i_clk
Path Type: max

Fanout         Cap        Slew       Delay        Time   Description
---------------------------------------------------------------------------------------------
                      0.150000    0.000000    0.000000   clock i_clk (rise edge)
                                  0.000000    0.000000   clock network delay (ideal)
                      0.150000    0.000000    0.000000 ^ _1161_/CLK (sky130_fd_sc_hd__dfrtp_2)
     8    0.022551    0.062313    0.307496    0.307496 v _1161_/Q (sky130_fd_sc_hd__dfrtp_2)
                                                         u_i2c_master_controller.cntrl_fsm.cntrl_fsm.state[2] (net)
                      0.062313    0.000000    0.307496 v _0660_/A (sky130_fd_sc_hd__or2_2)
     4    0.009360    0.051204    0.197323    0.504819 v _0660_/X (sky130_fd_sc_hd__or2_2)
                                                         _0356_ (net)
                      0.051204    0.000000    0.504819 v _0662_/C (sky130_fd_sc_hd__and4_2)
     1    0.002266    0.028587    0.138138    0.642958 v _0662_/X (sky130_fd_sc_hd__and4_2)
                                                         _0358_ (net)
                      0.028587    0.000000    0.642958 v _0663_/A2 (sky130_fd_sc_hd__o21a_2)
     2    0.004348    0.028539    0.118596    0.761553 v _0663_/X (sky130_fd_sc_hd__o21a_2)
                                                         _0042_ (net)
                      0.028539    0.000000    0.761553 v _1193_/D (sky130_fd_sc_hd__dfrtp_2)
                                              0.761553   data arrival time

                      0.150000   32.000000   32.000000   clock i_clk (rise edge)
                                  0.000000   32.000000   clock network delay (ideal)
                                 -0.250000   31.750000   clock uncertainty
                                  0.000000   31.750000   clock reconvergence pessimism
                                             31.750000 ^ _1193_/CLK (sky130_fd_sc_hd__dfrtp_2)
                                 -0.061080   31.688917   library setup time
                                             31.688917   data required time
---------------------------------------------------------------------------------------------
                                             31.688917   data required time
                                             -0.761553   data arrival time
---------------------------------------------------------------------------------------------
                                             30.927364   slack (MET)


Startpoint: _1278_ (rising edge-triggered flip-flop clocked by i_clk)
Endpoint: _1196_ (rising edge-triggered flip-flop clocked by i_clk)
Path Group: i_clk
Path Type: max

Fanout         Cap        Slew       Delay        Time   Description
---------------------------------------------------------------------------------------------
                      0.150000    0.000000    0.000000   clock i_clk (rise edge)
                                  0.000000    0.000000   clock network delay (ideal)
                      0.150000    0.000000    0.000000 ^ _1278_/CLK (sky130_fd_sc_hd__dfrtp_2)
     4    0.007149    0.037125    0.276161    0.276161 v _1278_/Q (sky130_fd_sc_hd__dfrtp_2)
                                                         u_i2c_master_controller.cntrl_fsm.byte_tx_fsm.state[2] (net)
                      0.037125    0.000000    0.276161 v _0831_/A (sky130_fd_sc_hd__or4_2)
     1    0.004193    0.069742    0.377088    0.653249 v _0831_/X (sky130_fd_sc_hd__or4_2)
                                                         _0463_ (net)
                      0.069742    0.000000    0.653249 v _0833_/A (sky130_fd_sc_hd__nor2_2)
     1    0.001758    0.041208    0.070367    0.723617 ^ _0833_/Y (sky130_fd_sc_hd__nor2_2)
                                                         _0465_ (net)
                      0.041208    0.000000    0.723617 ^ _0838_/A (sky130_fd_sc_hd__or3_2)
     1    0.002517    0.020280    0.068446    0.792063 ^ _0838_/X (sky130_fd_sc_hd__or3_2)
                                                         _0281_ (net)
                      0.020280    0.000000    0.792063 ^ _1196_/D (sky130_fd_sc_hd__dfstp_2)
                                              0.792063   data arrival time

                      0.150000   32.000000   32.000000   clock i_clk (rise edge)
                                  0.000000   32.000000   clock network delay (ideal)
                                 -0.250000   31.750000   clock uncertainty
                                  0.000000   31.750000   clock reconvergence pessimism
                                             31.750000 ^ _1196_/CLK (sky130_fd_sc_hd__dfstp_2)
                                 -0.028197   31.721802   library setup time
                                             31.721802   data required time
---------------------------------------------------------------------------------------------
                                             31.721802   data required time
                                             -0.792063   data arrival time
---------------------------------------------------------------------------------------------
                                             30.929737   slack (MET)


Startpoint: _1131_ (rising edge-triggered flip-flop clocked by i_clk)
Endpoint: _1135_ (rising edge-triggered flip-flop clocked by i_clk)
Path Group: i_clk
Path Type: max

Fanout         Cap        Slew       Delay        Time   Description
---------------------------------------------------------------------------------------------
                      0.150000    0.000000    0.000000   clock i_clk (rise edge)
                                  0.000000    0.000000   clock network delay (ideal)
                      0.150000    0.000000    0.000000 ^ _1131_/CLK (sky130_fd_sc_hd__dfrtp_2)
     6    0.022613    0.062404    0.307597    0.307597 v _1131_/Q (sky130_fd_sc_hd__dfrtp_2)
                                                         u_i2c_master_controller.i2cbus_cntrl_fsm.scl_gen.count[0] (net)
                      0.062404    0.000000    0.307597 v _0579_/D (sky130_fd_sc_hd__and4_2)
     6    0.018244    0.055610    0.188029    0.495626 v _0579_/X (sky130_fd_sc_hd__and4_2)
                                                         _0320_ (net)
                      0.055610    0.000000    0.495626 v _0593_/A2 (sky130_fd_sc_hd__a21o_2)
     1    0.001541    0.022097    0.132797    0.628423 v _0593_/X (sky130_fd_sc_hd__a21o_2)
                                                         _0330_ (net)
                      0.022097    0.000000    0.628423 v _0594_/C (sky130_fd_sc_hd__and3b_2)
     1    0.002059    0.026446    0.119065    0.747487 v _0594_/X (sky130_fd_sc_hd__and3b_2)
                                                         _0258_ (net)
                      0.026446    0.000000    0.747487 v _1135_/D (sky130_fd_sc_hd__dfrtp_2)
                                              0.747487   data arrival time

                      0.150000   32.000000   32.000000   clock i_clk (rise edge)
                                  0.000000   32.000000   clock network delay (ideal)
                                 -0.250000   31.750000   clock uncertainty
                                  0.000000   31.750000   clock reconvergence pessimism
                                             31.750000 ^ _1135_/CLK (sky130_fd_sc_hd__dfrtp_2)
                                 -0.060337   31.689663   library setup time
                                             31.689663   data required time
---------------------------------------------------------------------------------------------
                                             31.689663   data required time
                                             -0.747487   data arrival time
---------------------------------------------------------------------------------------------
                                             30.942177   slack (MET)


Startpoint: _1213_ (rising edge-triggered flip-flop clocked by i_clk)
Endpoint: _1222_ (rising edge-triggered flip-flop clocked by i_clk)
Path Group: i_clk
Path Type: max

Fanout         Cap        Slew       Delay        Time   Description
---------------------------------------------------------------------------------------------
                      0.150000    0.000000    0.000000   clock i_clk (rise edge)
                                  0.000000    0.000000   clock network delay (ideal)
                      0.150000    0.000000    0.000000 ^ _1213_/CLK (sky130_fd_sc_hd__dfrtp_2)
     7    0.017756    0.055266    0.299689    0.299689 v _1213_/Q (sky130_fd_sc_hd__dfrtp_2)
                                                         u_i2c_master_controller.i2cbus_cntrl_fsm.start_gen.delay_gen.count[0] (net)
                      0.055266    0.000000    0.299689 v _0750_/B (sky130_fd_sc_hd__and4_2)
     9    0.019800    0.057640    0.168400    0.468089 v _0750_/X (sky130_fd_sc_hd__and4_2)
                                                         _0411_ (net)
                      0.057640    0.000000    0.468089 v _0765_/B (sky130_fd_sc_hd__and3_2)
     5    0.017039    0.052516    0.159053    0.627142 v _0765_/X (sky130_fd_sc_hd__and3_2)
                                                         _0421_ (net)
                      0.052516    0.000000    0.627142 v _0767_/A2 (sky130_fd_sc_hd__a21oi_2)
     1    0.002600    0.057596    0.089698    0.716840 ^ _0767_/Y (sky130_fd_sc_hd__a21oi_2)
                                                         _0422_ (net)
                      0.057596    0.000000    0.716840 ^ _0768_/B1 (sky130_fd_sc_hd__o21a_2)
     1    0.002087    0.020146    0.058930    0.775771 ^ _0768_/X (sky130_fd_sc_hd__o21a_2)
                                                         _0069_ (net)
                      0.020146    0.000000    0.775771 ^ _1222_/D (sky130_fd_sc_hd__dfrtp_2)
                                              0.775771   data arrival time

                      0.150000   32.000000   32.000000   clock i_clk (rise edge)
                                  0.000000   32.000000   clock network delay (ideal)
                                 -0.250000   31.750000   clock uncertainty
                                  0.000000   31.750000   clock reconvergence pessimism
                                             31.750000 ^ _1222_/CLK (sky130_fd_sc_hd__dfrtp_2)
                                 -0.030873   31.719126   library setup time
                                             31.719126   data required time
---------------------------------------------------------------------------------------------
                                             31.719126   data required time
                                             -0.775771   data arrival time
---------------------------------------------------------------------------------------------
                                             30.943356   slack (MET)


Startpoint: _1235_ (rising edge-triggered flip-flop clocked by i_clk)
Endpoint: _1244_ (rising edge-triggered flip-flop clocked by i_clk)
Path Group: i_clk
Path Type: max

Fanout         Cap        Slew       Delay        Time   Description
---------------------------------------------------------------------------------------------
                      0.150000    0.000000    0.000000   clock i_clk (rise edge)
                                  0.000000    0.000000   clock network delay (ideal)
                      0.150000    0.000000    0.000000 ^ _1235_/CLK (sky130_fd_sc_hd__dfrtp_2)
     7    0.017756    0.055266    0.299689    0.299689 v _1235_/Q (sky130_fd_sc_hd__dfrtp_2)
                                                         u_i2c_master_controller.i2cbus_cntrl_fsm.stop_gen.delay_gen.count[0] (net)
                      0.055266    0.000000    0.299689 v _0794_/B (sky130_fd_sc_hd__and4_2)
     9    0.019800    0.057640    0.168400    0.468089 v _0794_/X (sky130_fd_sc_hd__and4_2)
                                                         _0439_ (net)
                      0.057640    0.000000    0.468089 v _0809_/B (sky130_fd_sc_hd__and3_2)
     5    0.017039    0.052516    0.159053    0.627142 v _0809_/X (sky130_fd_sc_hd__and3_2)
                                                         _0449_ (net)
                      0.052516    0.000000    0.627142 v _0811_/A2 (sky130_fd_sc_hd__a21oi_2)
     1    0.002600    0.057596    0.089698    0.716840 ^ _0811_/Y (sky130_fd_sc_hd__a21oi_2)
                                                         _0450_ (net)
                      0.057596    0.000000    0.716840 ^ _0812_/B1 (sky130_fd_sc_hd__o21a_2)
     1    0.002087    0.020146    0.058930    0.775771 ^ _0812_/X (sky130_fd_sc_hd__o21a_2)
                                                         _0088_ (net)
                      0.020146    0.000000    0.775771 ^ _1244_/D (sky130_fd_sc_hd__dfrtp_2)
                                              0.775771   data arrival time

                      0.150000   32.000000   32.000000   clock i_clk (rise edge)
                                  0.000000   32.000000   clock network delay (ideal)
                                 -0.250000   31.750000   clock uncertainty
                                  0.000000   31.750000   clock reconvergence pessimism
                                             31.750000 ^ _1244_/CLK (sky130_fd_sc_hd__dfrtp_2)
                                 -0.030873   31.719126   library setup time
                                             31.719126   data required time
---------------------------------------------------------------------------------------------
                                             31.719126   data required time
                                             -0.775771   data arrival time
---------------------------------------------------------------------------------------------
                                             30.943356   slack (MET)


Startpoint: _1213_ (rising edge-triggered flip-flop clocked by i_clk)
Endpoint: _1227_ (rising edge-triggered flip-flop clocked by i_clk)
Path Group: i_clk
Path Type: max

Fanout         Cap        Slew       Delay        Time   Description
---------------------------------------------------------------------------------------------
                      0.150000    0.000000    0.000000   clock i_clk (rise edge)
                                  0.000000    0.000000   clock network delay (ideal)
                      0.150000    0.000000    0.000000 ^ _1213_/CLK (sky130_fd_sc_hd__dfrtp_2)
     7    0.019487    0.081242    0.283046    0.283046 ^ _1213_/Q (sky130_fd_sc_hd__dfrtp_2)
                                                         u_i2c_master_controller.i2cbus_cntrl_fsm.start_gen.delay_gen.count[0] (net)
                      0.081242    0.000000    0.283046 ^ _0750_/B (sky130_fd_sc_hd__and4_2)
     9    0.021318    0.097841    0.183728    0.466775 ^ _0750_/X (sky130_fd_sc_hd__and4_2)
                                                         _0411_ (net)
                      0.097841    0.000000    0.466775 ^ _0780_/A (sky130_fd_sc_hd__and4_2)
     5    0.019911    0.092914    0.178749    0.645523 ^ _0780_/X (sky130_fd_sc_hd__and4_2)
                                                         _0431_ (net)
                      0.092914    0.000000    0.645523 ^ _0782_/A2 (sky130_fd_sc_hd__a21oi_2)
     1    0.002373    0.030898    0.033500    0.679023 v _0782_/Y (sky130_fd_sc_hd__a21oi_2)
                                                         _0432_ (net)
                      0.030898    0.000000    0.679023 v _0783_/B1 (sky130_fd_sc_hd__o21a_2)
     1    0.002059    0.023257    0.066076    0.745099 v _0783_/X (sky130_fd_sc_hd__o21a_2)
                                                         _0059_ (net)
                      0.023257    0.000000    0.745099 v _1227_/D (sky130_fd_sc_hd__dfrtp_2)
                                              0.745099   data arrival time

                      0.150000   32.000000   32.000000   clock i_clk (rise edge)
                                  0.000000   32.000000   clock network delay (ideal)
                                 -0.250000   31.750000   clock uncertainty
                                  0.000000   31.750000   clock reconvergence pessimism
                                             31.750000 ^ _1227_/CLK (sky130_fd_sc_hd__dfrtp_2)
                                 -0.059203   31.690796   library setup time
                                             31.690796   data required time
---------------------------------------------------------------------------------------------
                                             31.690796   data required time
                                             -0.745099   data arrival time
---------------------------------------------------------------------------------------------
                                             30.945696   slack (MET)


Startpoint: _1235_ (rising edge-triggered flip-flop clocked by i_clk)
Endpoint: _1249_ (rising edge-triggered flip-flop clocked by i_clk)
Path Group: i_clk
Path Type: max

Fanout         Cap        Slew       Delay        Time   Description
---------------------------------------------------------------------------------------------
                      0.150000    0.000000    0.000000   clock i_clk (rise edge)
                                  0.000000    0.000000   clock network delay (ideal)
                      0.150000    0.000000    0.000000 ^ _1235_/CLK (sky130_fd_sc_hd__dfrtp_2)
     7    0.019487    0.081242    0.283046    0.283046 ^ _1235_/Q (sky130_fd_sc_hd__dfrtp_2)
                                                         u_i2c_master_controller.i2cbus_cntrl_fsm.stop_gen.delay_gen.count[0] (net)
                      0.081242    0.000000    0.283046 ^ _0794_/B (sky130_fd_sc_hd__and4_2)
     9    0.021318    0.097841    0.183728    0.466775 ^ _0794_/X (sky130_fd_sc_hd__and4_2)
                                                         _0439_ (net)
                      0.097841    0.000000    0.466775 ^ _0824_/A (sky130_fd_sc_hd__and4_2)
     5    0.019911    0.092914    0.178749    0.645523 ^ _0824_/X (sky130_fd_sc_hd__and4_2)
                                                         _0459_ (net)
                      0.092914    0.000000    0.645523 ^ _0826_/A2 (sky130_fd_sc_hd__a21oi_2)
     1    0.002373    0.030898    0.033500    0.679023 v _0826_/Y (sky130_fd_sc_hd__a21oi_2)
                                                         _0460_ (net)
                      0.030898    0.000000    0.679023 v _0827_/B1 (sky130_fd_sc_hd__o21a_2)
     1    0.002059    0.023257    0.066076    0.745099 v _0827_/X (sky130_fd_sc_hd__o21a_2)
                                                         _0078_ (net)
                      0.023257    0.000000    0.745099 v _1249_/D (sky130_fd_sc_hd__dfrtp_2)
                                              0.745099   data arrival time

                      0.150000   32.000000   32.000000   clock i_clk (rise edge)
                                  0.000000   32.000000   clock network delay (ideal)
                                 -0.250000   31.750000   clock uncertainty
                                  0.000000   31.750000   clock reconvergence pessimism
                                             31.750000 ^ _1249_/CLK (sky130_fd_sc_hd__dfrtp_2)
                                 -0.059203   31.690796   library setup time
                                             31.690796   data required time
---------------------------------------------------------------------------------------------
                                             31.690796   data required time
                                             -0.745099   data arrival time
---------------------------------------------------------------------------------------------
                                             30.945696   slack (MET)


Startpoint: _1213_ (rising edge-triggered flip-flop clocked by i_clk)
Endpoint: _1226_ (rising edge-triggered flip-flop clocked by i_clk)
Path Group: i_clk
Path Type: max

Fanout         Cap        Slew       Delay        Time   Description
---------------------------------------------------------------------------------------------
                      0.150000    0.000000    0.000000   clock i_clk (rise edge)
                                  0.000000    0.000000   clock network delay (ideal)
                      0.150000    0.000000    0.000000 ^ _1213_/CLK (sky130_fd_sc_hd__dfrtp_2)
     7    0.019487    0.081242    0.283046    0.283046 ^ _1213_/Q (sky130_fd_sc_hd__dfrtp_2)
                                                         u_i2c_master_controller.i2cbus_cntrl_fsm.start_gen.delay_gen.count[0] (net)
                      0.081242    0.000000    0.283046 ^ _0750_/B (sky130_fd_sc_hd__and4_2)
     9    0.021318    0.097841    0.183728    0.466775 ^ _0750_/X (sky130_fd_sc_hd__and4_2)
                                                         _0411_ (net)
                      0.097841    0.000000    0.466775 ^ _0773_/A (sky130_fd_sc_hd__and3_2)
     3    0.010974    0.056439    0.133115    0.599890 ^ _0773_/X (sky130_fd_sc_hd__and3_2)
                                                         _0426_ (net)
                      0.056439    0.000000    0.599890 ^ _0777_/B (sky130_fd_sc_hd__nand2_2)
     2    0.005730    0.026842    0.035555    0.635445 v _0777_/Y (sky130_fd_sc_hd__nand2_2)
                                                         _0429_ (net)
                      0.026842    0.000000    0.635445 v _0781_/A2 (sky130_fd_sc_hd__a211oi_2)
     1    0.002087    0.095859    0.127455    0.762900 ^ _0781_/Y (sky130_fd_sc_hd__a211oi_2)
                                                         _0058_ (net)
                      0.095859    0.000000    0.762900 ^ _1226_/D (sky130_fd_sc_hd__dfrtp_2)
                                              0.762900   data arrival time

                      0.150000   32.000000   32.000000   clock i_clk (rise edge)
                                  0.000000   32.000000   clock network delay (ideal)
                                 -0.250000   31.750000   clock uncertainty
                                  0.000000   31.750000   clock reconvergence pessimism
                                             31.750000 ^ _1226_/CLK (sky130_fd_sc_hd__dfrtp_2)
                                 -0.038107   31.711893   library setup time
                                             31.711893   data required time
---------------------------------------------------------------------------------------------
                                             31.711893   data required time
                                             -0.762900   data arrival time
---------------------------------------------------------------------------------------------
                                             30.948994   slack (MET)


Startpoint: _1235_ (rising edge-triggered flip-flop clocked by i_clk)
Endpoint: _1248_ (rising edge-triggered flip-flop clocked by i_clk)
Path Group: i_clk
Path Type: max

Fanout         Cap        Slew       Delay        Time   Description
---------------------------------------------------------------------------------------------
                      0.150000    0.000000    0.000000   clock i_clk (rise edge)
                                  0.000000    0.000000   clock network delay (ideal)
                      0.150000    0.000000    0.000000 ^ _1235_/CLK (sky130_fd_sc_hd__dfrtp_2)
     7    0.019487    0.081242    0.283046    0.283046 ^ _1235_/Q (sky130_fd_sc_hd__dfrtp_2)
                                                         u_i2c_master_controller.i2cbus_cntrl_fsm.stop_gen.delay_gen.count[0] (net)
                      0.081242    0.000000    0.283046 ^ _0794_/B (sky130_fd_sc_hd__and4_2)
     9    0.021318    0.097841    0.183728    0.466775 ^ _0794_/X (sky130_fd_sc_hd__and4_2)
                                                         _0439_ (net)
                      0.097841    0.000000    0.466775 ^ _0817_/A (sky130_fd_sc_hd__and3_2)
     3    0.010974    0.056439    0.133115    0.599890 ^ _0817_/X (sky130_fd_sc_hd__and3_2)
                                                         _0454_ (net)
                      0.056439    0.000000    0.599890 ^ _0821_/B (sky130_fd_sc_hd__nand2_2)
     2    0.005730    0.026842    0.035555    0.635445 v _0821_/Y (sky130_fd_sc_hd__nand2_2)
                                                         _0457_ (net)
                      0.026842    0.000000    0.635445 v _0825_/A2 (sky130_fd_sc_hd__a211oi_2)
     1    0.002087    0.095859    0.127455    0.762900 ^ _0825_/Y (sky130_fd_sc_hd__a211oi_2)
                                                         _0077_ (net)
                      0.095859    0.000000    0.762900 ^ _1248_/D (sky130_fd_sc_hd__dfrtp_2)
                                              0.762900   data arrival time

                      0.150000   32.000000   32.000000   clock i_clk (rise edge)
                                  0.000000   32.000000   clock network delay (ideal)
                                 -0.250000   31.750000   clock uncertainty
                                  0.000000   31.750000   clock reconvergence pessimism
                                             31.750000 ^ _1248_/CLK (sky130_fd_sc_hd__dfrtp_2)
                                 -0.038107   31.711893   library setup time
                                             31.711893   data required time
---------------------------------------------------------------------------------------------
                                             31.711893   data required time
                                             -0.762900   data arrival time
---------------------------------------------------------------------------------------------
                                             30.948994   slack (MET)


Startpoint: _1131_ (rising edge-triggered flip-flop clocked by i_clk)
Endpoint: _1136_ (rising edge-triggered flip-flop clocked by i_clk)
Path Group: i_clk
Path Type: max

Fanout         Cap        Slew       Delay        Time   Description
---------------------------------------------------------------------------------------------
                      0.150000    0.000000    0.000000   clock i_clk (rise edge)
                                  0.000000    0.000000   clock network delay (ideal)
                      0.150000    0.000000    0.000000 ^ _1131_/CLK (sky130_fd_sc_hd__dfrtp_2)
     6    0.022613    0.062404    0.307597    0.307597 v _1131_/Q (sky130_fd_sc_hd__dfrtp_2)
                                                         u_i2c_master_controller.i2cbus_cntrl_fsm.scl_gen.count[0] (net)
                      0.062404    0.000000    0.307597 v _0579_/D (sky130_fd_sc_hd__and4_2)
     6    0.018244    0.055610    0.188029    0.495626 v _0579_/X (sky130_fd_sc_hd__and4_2)
                                                         _0320_ (net)
                      0.055610    0.000000    0.495626 v _0581_/D (sky130_fd_sc_hd__and4_2)
     7    0.026241    0.066120    0.197744    0.693370 v _0581_/X (sky130_fd_sc_hd__and4_2)
                                                         _0322_ (net)
                      0.066120    0.000000    0.693370 v _0592_/A (sky130_fd_sc_hd__nor2_2)
     1    0.002087    0.040855    0.071052    0.764422 ^ _0592_/Y (sky130_fd_sc_hd__nor2_2)
                                                         _0259_ (net)
                      0.040855    0.000000    0.764422 ^ _1136_/D (sky130_fd_sc_hd__dfrtp_2)
                                              0.764422   data arrival time

                      0.150000   32.000000   32.000000   clock i_clk (rise edge)
                                  0.000000   32.000000   clock network delay (ideal)
                                 -0.250000   31.750000   clock uncertainty
                                  0.000000   31.750000   clock reconvergence pessimism
                                             31.750000 ^ _1136_/CLK (sky130_fd_sc_hd__dfrtp_2)
                                 -0.032852   31.717148   library setup time
                                             31.717148   data required time
---------------------------------------------------------------------------------------------
                                             31.717148   data required time
                                             -0.764422   data arrival time
---------------------------------------------------------------------------------------------
                                             30.952724   slack (MET)


Startpoint: _1129_ (rising edge-triggered flip-flop clocked by i_clk)
Endpoint: _1144_ (rising edge-triggered flip-flop clocked by i_clk)
Path Group: i_clk
Path Type: max

Fanout         Cap        Slew       Delay        Time   Description
---------------------------------------------------------------------------------------------
                      0.150000    0.000000    0.000000   clock i_clk (rise edge)
                                  0.000000    0.000000   clock network delay (ideal)
                      0.150000    0.000000    0.000000 ^ _1129_/CLK (sky130_fd_sc_hd__dfrtp_2)
    14    0.041758    0.156246    0.338087    0.338087 ^ _1129_/Q (sky130_fd_sc_hd__dfrtp_2)
                                                         u_i2c_master_controller.filter_scl.out_n (net)
                      0.156246    0.000000    0.338087 ^ _0539_/A (sky130_fd_sc_hd__inv_2)
    14    0.046204    0.091831    0.097200    0.435286 v _0539_/Y (sky130_fd_sc_hd__inv_2)
                                                         _0288_ (net)
                      0.091831    0.000000    0.435286 v _0611_/A (sky130_fd_sc_hd__and2_2)
     3    0.007879    0.036188    0.136867    0.572153 v _0611_/X (sky130_fd_sc_hd__and2_2)
                                                         _0033_ (net)
                      0.036188    0.000000    0.572153 v _0636_/B1 (sky130_fd_sc_hd__o2bb2a_2)
     1    0.002059    0.029435    0.148909    0.721062 v _0636_/X (sky130_fd_sc_hd__o2bb2a_2)
                                                         _0032_ (net)
                      0.029435    0.000000    0.721062 v _1144_/D (sky130_fd_sc_hd__dfrtp_2)
                                              0.721062   data arrival time

                      0.150000   32.000000   32.000000   clock i_clk (rise edge)
                                  0.000000   32.000000   clock network delay (ideal)
                                 -0.250000   31.750000   clock uncertainty
                                  0.000000   31.750000   clock reconvergence pessimism
                                             31.750000 ^ _1144_/CLK (sky130_fd_sc_hd__dfrtp_2)
                                 -0.061399   31.688601   library setup time
                                             31.688601   data required time
---------------------------------------------------------------------------------------------
                                             31.688601   data required time
                                             -0.721062   data arrival time
---------------------------------------------------------------------------------------------
                                             30.967539   slack (MET)


Startpoint: _1129_ (rising edge-triggered flip-flop clocked by i_clk)
Endpoint: _1232_ (rising edge-triggered flip-flop clocked by i_clk)
Path Group: i_clk
Path Type: max

Fanout         Cap        Slew       Delay        Time   Description
---------------------------------------------------------------------------------------------
                      0.150000    0.000000    0.000000   clock i_clk (rise edge)
                                  0.000000    0.000000   clock network delay (ideal)
                      0.150000    0.000000    0.000000 ^ _1129_/CLK (sky130_fd_sc_hd__dfrtp_2)
    14    0.041758    0.156246    0.338087    0.338087 ^ _1129_/Q (sky130_fd_sc_hd__dfrtp_2)
                                                         u_i2c_master_controller.filter_scl.out_n (net)
                      0.156246    0.000000    0.338087 ^ _0539_/A (sky130_fd_sc_hd__inv_2)
    14    0.046204    0.091831    0.097200    0.435286 v _0539_/Y (sky130_fd_sc_hd__inv_2)
                                                         _0288_ (net)
                      0.091831    0.000000    0.435286 v _0645_/A (sky130_fd_sc_hd__and2_2)
     2    0.003684    0.028877    0.127205    0.562492 v _0645_/X (sky130_fd_sc_hd__and2_2)
                                                         _0351_ (net)
                      0.028877    0.000000    0.562492 v _0735_/B (sky130_fd_sc_hd__or2_2)
     1    0.002059    0.034711    0.151301    0.713793 v _0735_/X (sky130_fd_sc_hd__or2_2)
                                                         _0053_ (net)
                      0.034711    0.000000    0.713793 v _1232_/D (sky130_fd_sc_hd__dfrtp_2)
                                              0.713793   data arrival time

                      0.150000   32.000000   32.000000   clock i_clk (rise edge)
                                  0.000000   32.000000   clock network delay (ideal)
                                 -0.250000   31.750000   clock uncertainty
                                  0.000000   31.750000   clock reconvergence pessimism
                                             31.750000 ^ _1232_/CLK (sky130_fd_sc_hd__dfrtp_2)
                                 -0.063273   31.686726   library setup time
                                             31.686726   data required time
---------------------------------------------------------------------------------------------
                                             31.686726   data required time
                                             -0.713793   data arrival time
---------------------------------------------------------------------------------------------
                                             30.972931   slack (MET)


Startpoint: _1213_ (rising edge-triggered flip-flop clocked by i_clk)
Endpoint: _1220_ (rising edge-triggered flip-flop clocked by i_clk)
Path Group: i_clk
Path Type: max

Fanout         Cap        Slew       Delay        Time   Description
---------------------------------------------------------------------------------------------
                      0.150000    0.000000    0.000000   clock i_clk (rise edge)
                                  0.000000    0.000000   clock network delay (ideal)
                      0.150000    0.000000    0.000000 ^ _1213_/CLK (sky130_fd_sc_hd__dfrtp_2)
     7    0.017756    0.055266    0.299689    0.299689 v _1213_/Q (sky130_fd_sc_hd__dfrtp_2)
                                                         u_i2c_master_controller.i2cbus_cntrl_fsm.start_gen.delay_gen.count[0] (net)
                      0.055266    0.000000    0.299689 v _0750_/B (sky130_fd_sc_hd__and4_2)
     9    0.019800    0.057640    0.168400    0.468089 v _0750_/X (sky130_fd_sc_hd__and4_2)
                                                         _0411_ (net)
                      0.057640    0.000000    0.468089 v _0756_/C (sky130_fd_sc_hd__and3_2)
     3    0.009744    0.041124    0.153799    0.621888 v _0756_/X (sky130_fd_sc_hd__and3_2)
                                                         _0415_ (net)
                      0.041124    0.000000    0.621888 v _0758_/B (sky130_fd_sc_hd__nand2_2)
     2    0.006682    0.042497    0.054039    0.675927 ^ _0758_/Y (sky130_fd_sc_hd__nand2_2)
                                                         _0416_ (net)
                      0.042497    0.000000    0.675927 ^ _0763_/A2 (sky130_fd_sc_hd__a21oi_2)
     1    0.002059    0.019289    0.028070    0.703997 v _0763_/Y (sky130_fd_sc_hd__a21oi_2)
                                                         _0067_ (net)
                      0.019289    0.000000    0.703997 v _1220_/D (sky130_fd_sc_hd__dfrtp_2)
                                              0.703997   data arrival time

                      0.150000   32.000000   32.000000   clock i_clk (rise edge)
                                  0.000000   32.000000   clock network delay (ideal)
                                 -0.250000   31.750000   clock uncertainty
                                  0.000000   31.750000   clock reconvergence pessimism
                                             31.750000 ^ _1220_/CLK (sky130_fd_sc_hd__dfrtp_2)
                                 -0.057793   31.692207   library setup time
                                             31.692207   data required time
---------------------------------------------------------------------------------------------
                                             31.692207   data required time
                                             -0.703997   data arrival time
---------------------------------------------------------------------------------------------
                                             30.988213   slack (MET)


Startpoint: _1235_ (rising edge-triggered flip-flop clocked by i_clk)
Endpoint: _1242_ (rising edge-triggered flip-flop clocked by i_clk)
Path Group: i_clk
Path Type: max

Fanout         Cap        Slew       Delay        Time   Description
---------------------------------------------------------------------------------------------
                      0.150000    0.000000    0.000000   clock i_clk (rise edge)
                                  0.000000    0.000000   clock network delay (ideal)
                      0.150000    0.000000    0.000000 ^ _1235_/CLK (sky130_fd_sc_hd__dfrtp_2)
     7    0.017756    0.055266    0.299689    0.299689 v _1235_/Q (sky130_fd_sc_hd__dfrtp_2)
                                                         u_i2c_master_controller.i2cbus_cntrl_fsm.stop_gen.delay_gen.count[0] (net)
                      0.055266    0.000000    0.299689 v _0794_/B (sky130_fd_sc_hd__and4_2)
     9    0.019800    0.057640    0.168400    0.468089 v _0794_/X (sky130_fd_sc_hd__and4_2)
                                                         _0439_ (net)
                      0.057640    0.000000    0.468089 v _0800_/C (sky130_fd_sc_hd__and3_2)
     3    0.009744    0.041124    0.153799    0.621888 v _0800_/X (sky130_fd_sc_hd__and3_2)
                                                         _0443_ (net)
                      0.041124    0.000000    0.621888 v _0802_/B (sky130_fd_sc_hd__nand2_2)
     2    0.006682    0.042497    0.054039    0.675927 ^ _0802_/Y (sky130_fd_sc_hd__nand2_2)
                                                         _0444_ (net)
                      0.042497    0.000000    0.675927 ^ _0807_/A2 (sky130_fd_sc_hd__a21oi_2)
     1    0.002059    0.019289    0.028070    0.703997 v _0807_/Y (sky130_fd_sc_hd__a21oi_2)
                                                         _0086_ (net)
                      0.019289    0.000000    0.703997 v _1242_/D (sky130_fd_sc_hd__dfrtp_2)
                                              0.703997   data arrival time

                      0.150000   32.000000   32.000000   clock i_clk (rise edge)
                                  0.000000   32.000000   clock network delay (ideal)
                                 -0.250000   31.750000   clock uncertainty
                                  0.000000   31.750000   clock reconvergence pessimism
                                             31.750000 ^ _1242_/CLK (sky130_fd_sc_hd__dfrtp_2)
                                 -0.057793   31.692207   library setup time
                                             31.692207   data required time
---------------------------------------------------------------------------------------------
                                             31.692207   data required time
                                             -0.703997   data arrival time
---------------------------------------------------------------------------------------------
                                             30.988213   slack (MET)


Startpoint: _1129_ (rising edge-triggered flip-flop clocked by i_clk)
Endpoint: _1098_ (rising edge-triggered flip-flop clocked by i_clk)
Path Group: i_clk
Path Type: max

Fanout         Cap        Slew       Delay        Time   Description
---------------------------------------------------------------------------------------------
                      0.150000    0.000000    0.000000   clock i_clk (rise edge)
                                  0.000000    0.000000   clock network delay (ideal)
                      0.150000    0.000000    0.000000 ^ _1129_/CLK (sky130_fd_sc_hd__dfrtp_2)
    14    0.037994    0.085009    0.332641    0.332641 v _1129_/Q (sky130_fd_sc_hd__dfrtp_2)
                                                         u_i2c_master_controller.filter_scl.out_n (net)
                      0.085009    0.000000    0.332641 v _0539_/A (sky130_fd_sc_hd__inv_2)
    14    0.049168    0.171486    0.158955    0.491596 ^ _0539_/Y (sky130_fd_sc_hd__inv_2)
                                                         _0288_ (net)
                      0.171486    0.000000    0.491596 ^ _0877_/A (sky130_fd_sc_hd__nand2_2)
     1    0.003440    0.040347    0.024262    0.515858 v _0877_/Y (sky130_fd_sc_hd__nand2_2)
                                                         _0478_ (net)
                      0.040347    0.000000    0.515858 v _0878_/S (sky130_fd_sc_hd__mux2_1)
     1    0.001783    0.034754    0.174928    0.690786 v _0878_/X (sky130_fd_sc_hd__mux2_1)
                                                         _0221_ (net)
                      0.034754    0.000000    0.690786 v _1098_/D (sky130_fd_sc_hd__dfxtp_2)
                                              0.690786   data arrival time

                      0.150000   32.000000   32.000000   clock i_clk (rise edge)
                                  0.000000   32.000000   clock network delay (ideal)
                                 -0.250000   31.750000   clock uncertainty
                                  0.000000   31.750000   clock reconvergence pessimism
                                             31.750000 ^ _1098_/CLK (sky130_fd_sc_hd__dfxtp_2)
                                 -0.060847   31.689152   library setup time
                                             31.689152   data required time
---------------------------------------------------------------------------------------------
                                             31.689152   data required time
                                             -0.690786   data arrival time
---------------------------------------------------------------------------------------------
                                             30.998365   slack (MET)


Startpoint: _1129_ (rising edge-triggered flip-flop clocked by i_clk)
Endpoint: _1099_ (rising edge-triggered flip-flop clocked by i_clk)
Path Group: i_clk
Path Type: max

Fanout         Cap        Slew       Delay        Time   Description
---------------------------------------------------------------------------------------------
                      0.150000    0.000000    0.000000   clock i_clk (rise edge)
                                  0.000000    0.000000   clock network delay (ideal)
                      0.150000    0.000000    0.000000 ^ _1129_/CLK (sky130_fd_sc_hd__dfrtp_2)
    14    0.037994    0.085009    0.332641    0.332641 v _1129_/Q (sky130_fd_sc_hd__dfrtp_2)
                                                         u_i2c_master_controller.filter_scl.out_n (net)
                      0.085009    0.000000    0.332641 v _0539_/A (sky130_fd_sc_hd__inv_2)
    14    0.049168    0.171486    0.158955    0.491596 ^ _0539_/Y (sky130_fd_sc_hd__inv_2)
                                                         _0288_ (net)
                      0.171486    0.000000    0.491596 ^ _0879_/A (sky130_fd_sc_hd__nand2_2)
     1    0.003440    0.040347    0.024262    0.515858 v _0879_/Y (sky130_fd_sc_hd__nand2_2)
                                                         _0479_ (net)
                      0.040347    0.000000    0.515858 v _0880_/S (sky130_fd_sc_hd__mux2_1)
     1    0.001783    0.034754    0.174928    0.690786 v _0880_/X (sky130_fd_sc_hd__mux2_1)
                                                         _0222_ (net)
                      0.034754    0.000000    0.690786 v _1099_/D (sky130_fd_sc_hd__dfxtp_2)
                                              0.690786   data arrival time

                      0.150000   32.000000   32.000000   clock i_clk (rise edge)
                                  0.000000   32.000000   clock network delay (ideal)
                                 -0.250000   31.750000   clock uncertainty
                                  0.000000   31.750000   clock reconvergence pessimism
                                             31.750000 ^ _1099_/CLK (sky130_fd_sc_hd__dfxtp_2)
                                 -0.060847   31.689152   library setup time
                                             31.689152   data required time
---------------------------------------------------------------------------------------------
                                             31.689152   data required time
                                             -0.690786   data arrival time
---------------------------------------------------------------------------------------------
                                             30.998365   slack (MET)


Startpoint: _1129_ (rising edge-triggered flip-flop clocked by i_clk)
Endpoint: _1100_ (rising edge-triggered flip-flop clocked by i_clk)
Path Group: i_clk
Path Type: max

Fanout         Cap        Slew       Delay        Time   Description
---------------------------------------------------------------------------------------------
                      0.150000    0.000000    0.000000   clock i_clk (rise edge)
                                  0.000000    0.000000   clock network delay (ideal)
                      0.150000    0.000000    0.000000 ^ _1129_/CLK (sky130_fd_sc_hd__dfrtp_2)
    14    0.037994    0.085009    0.332641    0.332641 v _1129_/Q (sky130_fd_sc_hd__dfrtp_2)
                                                         u_i2c_master_controller.filter_scl.out_n (net)
                      0.085009    0.000000    0.332641 v _0539_/A (sky130_fd_sc_hd__inv_2)
    14    0.049168    0.171486    0.158955    0.491596 ^ _0539_/Y (sky130_fd_sc_hd__inv_2)
                                                         _0288_ (net)
                      0.171486    0.000000    0.491596 ^ _0881_/A (sky130_fd_sc_hd__nand2_2)
     1    0.003440    0.040347    0.024262    0.515858 v _0881_/Y (sky130_fd_sc_hd__nand2_2)
                                                         _0480_ (net)
                      0.040347    0.000000    0.515858 v _0882_/S (sky130_fd_sc_hd__mux2_1)
     1    0.001783    0.034754    0.174928    0.690786 v _0882_/X (sky130_fd_sc_hd__mux2_1)
                                                         _0223_ (net)
                      0.034754    0.000000    0.690786 v _1100_/D (sky130_fd_sc_hd__dfxtp_2)
                                              0.690786   data arrival time

                      0.150000   32.000000   32.000000   clock i_clk (rise edge)
                                  0.000000   32.000000   clock network delay (ideal)
                                 -0.250000   31.750000   clock uncertainty
                                  0.000000   31.750000   clock reconvergence pessimism
                                             31.750000 ^ _1100_/CLK (sky130_fd_sc_hd__dfxtp_2)
                                 -0.060847   31.689152   library setup time
                                             31.689152   data required time
---------------------------------------------------------------------------------------------
                                             31.689152   data required time
                                             -0.690786   data arrival time
---------------------------------------------------------------------------------------------
                                             30.998365   slack (MET)


Startpoint: _1129_ (rising edge-triggered flip-flop clocked by i_clk)
Endpoint: _1101_ (rising edge-triggered flip-flop clocked by i_clk)
Path Group: i_clk
Path Type: max

Fanout         Cap        Slew       Delay        Time   Description
---------------------------------------------------------------------------------------------
                      0.150000    0.000000    0.000000   clock i_clk (rise edge)
                                  0.000000    0.000000   clock network delay (ideal)
                      0.150000    0.000000    0.000000 ^ _1129_/CLK (sky130_fd_sc_hd__dfrtp_2)
    14    0.037994    0.085009    0.332641    0.332641 v _1129_/Q (sky130_fd_sc_hd__dfrtp_2)
                                                         u_i2c_master_controller.filter_scl.out_n (net)
                      0.085009    0.000000    0.332641 v _0539_/A (sky130_fd_sc_hd__inv_2)
    14    0.049168    0.171486    0.158955    0.491596 ^ _0539_/Y (sky130_fd_sc_hd__inv_2)
                                                         _0288_ (net)
                      0.171486    0.000000    0.491596 ^ _0883_/A (sky130_fd_sc_hd__nand2_2)
     1    0.003440    0.040347    0.024262    0.515858 v _0883_/Y (sky130_fd_sc_hd__nand2_2)
                                                         _0481_ (net)
                      0.040347    0.000000    0.515858 v _0884_/S (sky130_fd_sc_hd__mux2_1)
     1    0.001783    0.034754    0.174928    0.690786 v _0884_/X (sky130_fd_sc_hd__mux2_1)
                                                         _0224_ (net)
                      0.034754    0.000000    0.690786 v _1101_/D (sky130_fd_sc_hd__dfxtp_2)
                                              0.690786   data arrival time

                      0.150000   32.000000   32.000000   clock i_clk (rise edge)
                                  0.000000   32.000000   clock network delay (ideal)
                                 -0.250000   31.750000   clock uncertainty
                                  0.000000   31.750000   clock reconvergence pessimism
                                             31.750000 ^ _1101_/CLK (sky130_fd_sc_hd__dfxtp_2)
                                 -0.060847   31.689152   library setup time
                                             31.689152   data required time
---------------------------------------------------------------------------------------------
                                             31.689152   data required time
                                             -0.690786   data arrival time
---------------------------------------------------------------------------------------------
                                             30.998365   slack (MET)


Startpoint: _1129_ (rising edge-triggered flip-flop clocked by i_clk)
Endpoint: _1102_ (rising edge-triggered flip-flop clocked by i_clk)
Path Group: i_clk
Path Type: max

Fanout         Cap        Slew       Delay        Time   Description
---------------------------------------------------------------------------------------------
                      0.150000    0.000000    0.000000   clock i_clk (rise edge)
                                  0.000000    0.000000   clock network delay (ideal)
                      0.150000    0.000000    0.000000 ^ _1129_/CLK (sky130_fd_sc_hd__dfrtp_2)
    14    0.037994    0.085009    0.332641    0.332641 v _1129_/Q (sky130_fd_sc_hd__dfrtp_2)
                                                         u_i2c_master_controller.filter_scl.out_n (net)
                      0.085009    0.000000    0.332641 v _0539_/A (sky130_fd_sc_hd__inv_2)
    14    0.049168    0.171486    0.158955    0.491596 ^ _0539_/Y (sky130_fd_sc_hd__inv_2)
                                                         _0288_ (net)
                      0.171486    0.000000    0.491596 ^ _0885_/A (sky130_fd_sc_hd__nand2_2)
     1    0.003440    0.040347    0.024262    0.515858 v _0885_/Y (sky130_fd_sc_hd__nand2_2)
                                                         _0482_ (net)
                      0.040347    0.000000    0.515858 v _0886_/S (sky130_fd_sc_hd__mux2_1)
     1    0.001783    0.034754    0.174928    0.690786 v _0886_/X (sky130_fd_sc_hd__mux2_1)
                                                         _0225_ (net)
                      0.034754    0.000000    0.690786 v _1102_/D (sky130_fd_sc_hd__dfxtp_2)
                                              0.690786   data arrival time

                      0.150000   32.000000   32.000000   clock i_clk (rise edge)
                                  0.000000   32.000000   clock network delay (ideal)
                                 -0.250000   31.750000   clock uncertainty
                                  0.000000   31.750000   clock reconvergence pessimism
                                             31.750000 ^ _1102_/CLK (sky130_fd_sc_hd__dfxtp_2)
                                 -0.060847   31.689152   library setup time
                                             31.689152   data required time
---------------------------------------------------------------------------------------------
                                             31.689152   data required time
                                             -0.690786   data arrival time
---------------------------------------------------------------------------------------------
                                             30.998365   slack (MET)


Startpoint: _1129_ (rising edge-triggered flip-flop clocked by i_clk)
Endpoint: _1103_ (rising edge-triggered flip-flop clocked by i_clk)
Path Group: i_clk
Path Type: max

Fanout         Cap        Slew       Delay        Time   Description
---------------------------------------------------------------------------------------------
                      0.150000    0.000000    0.000000   clock i_clk (rise edge)
                                  0.000000    0.000000   clock network delay (ideal)
                      0.150000    0.000000    0.000000 ^ _1129_/CLK (sky130_fd_sc_hd__dfrtp_2)
    14    0.037994    0.085009    0.332641    0.332641 v _1129_/Q (sky130_fd_sc_hd__dfrtp_2)
                                                         u_i2c_master_controller.filter_scl.out_n (net)
                      0.085009    0.000000    0.332641 v _0539_/A (sky130_fd_sc_hd__inv_2)
    14    0.049168    0.171486    0.158955    0.491596 ^ _0539_/Y (sky130_fd_sc_hd__inv_2)
                                                         _0288_ (net)
                      0.171486    0.000000    0.491596 ^ _0887_/A (sky130_fd_sc_hd__nand2_2)
     1    0.003440    0.040347    0.024262    0.515858 v _0887_/Y (sky130_fd_sc_hd__nand2_2)
                                                         _0483_ (net)
                      0.040347    0.000000    0.515858 v _0888_/S (sky130_fd_sc_hd__mux2_1)
     1    0.001783    0.034754    0.174928    0.690786 v _0888_/X (sky130_fd_sc_hd__mux2_1)
                                                         _0226_ (net)
                      0.034754    0.000000    0.690786 v _1103_/D (sky130_fd_sc_hd__dfxtp_2)
                                              0.690786   data arrival time

                      0.150000   32.000000   32.000000   clock i_clk (rise edge)
                                  0.000000   32.000000   clock network delay (ideal)
                                 -0.250000   31.750000   clock uncertainty
                                  0.000000   31.750000   clock reconvergence pessimism
                                             31.750000 ^ _1103_/CLK (sky130_fd_sc_hd__dfxtp_2)
                                 -0.060847   31.689152   library setup time
                                             31.689152   data required time
---------------------------------------------------------------------------------------------
                                             31.689152   data required time
                                             -0.690786   data arrival time
---------------------------------------------------------------------------------------------
                                             30.998365   slack (MET)


Startpoint: _1129_ (rising edge-triggered flip-flop clocked by i_clk)
Endpoint: _1104_ (rising edge-triggered flip-flop clocked by i_clk)
Path Group: i_clk
Path Type: max

Fanout         Cap        Slew       Delay        Time   Description
---------------------------------------------------------------------------------------------
                      0.150000    0.000000    0.000000   clock i_clk (rise edge)
                                  0.000000    0.000000   clock network delay (ideal)
                      0.150000    0.000000    0.000000 ^ _1129_/CLK (sky130_fd_sc_hd__dfrtp_2)
    14    0.037994    0.085009    0.332641    0.332641 v _1129_/Q (sky130_fd_sc_hd__dfrtp_2)
                                                         u_i2c_master_controller.filter_scl.out_n (net)
                      0.085009    0.000000    0.332641 v _0539_/A (sky130_fd_sc_hd__inv_2)
    14    0.049168    0.171486    0.158955    0.491596 ^ _0539_/Y (sky130_fd_sc_hd__inv_2)
                                                         _0288_ (net)
                      0.171486    0.000000    0.491596 ^ _0889_/A (sky130_fd_sc_hd__nand2_2)
     1    0.003440    0.040347    0.024262    0.515858 v _0889_/Y (sky130_fd_sc_hd__nand2_2)
                                                         _0484_ (net)
                      0.040347    0.000000    0.515858 v _0890_/S (sky130_fd_sc_hd__mux2_1)
     1    0.001783    0.034754    0.174928    0.690786 v _0890_/X (sky130_fd_sc_hd__mux2_1)
                                                         _0227_ (net)
                      0.034754    0.000000    0.690786 v _1104_/D (sky130_fd_sc_hd__dfxtp_2)
                                              0.690786   data arrival time

                      0.150000   32.000000   32.000000   clock i_clk (rise edge)
                                  0.000000   32.000000   clock network delay (ideal)
                                 -0.250000   31.750000   clock uncertainty
                                  0.000000   31.750000   clock reconvergence pessimism
                                             31.750000 ^ _1104_/CLK (sky130_fd_sc_hd__dfxtp_2)
                                 -0.060847   31.689152   library setup time
                                             31.689152   data required time
---------------------------------------------------------------------------------------------
                                             31.689152   data required time
                                             -0.690786   data arrival time
---------------------------------------------------------------------------------------------
                                             30.998365   slack (MET)


Startpoint: _1129_ (rising edge-triggered flip-flop clocked by i_clk)
Endpoint: _1105_ (rising edge-triggered flip-flop clocked by i_clk)
Path Group: i_clk
Path Type: max

Fanout         Cap        Slew       Delay        Time   Description
---------------------------------------------------------------------------------------------
                      0.150000    0.000000    0.000000   clock i_clk (rise edge)
                                  0.000000    0.000000   clock network delay (ideal)
                      0.150000    0.000000    0.000000 ^ _1129_/CLK (sky130_fd_sc_hd__dfrtp_2)
    14    0.037994    0.085009    0.332641    0.332641 v _1129_/Q (sky130_fd_sc_hd__dfrtp_2)
                                                         u_i2c_master_controller.filter_scl.out_n (net)
                      0.085009    0.000000    0.332641 v _0539_/A (sky130_fd_sc_hd__inv_2)
    14    0.049168    0.171486    0.158955    0.491596 ^ _0539_/Y (sky130_fd_sc_hd__inv_2)
                                                         _0288_ (net)
                      0.171486    0.000000    0.491596 ^ _0891_/A (sky130_fd_sc_hd__nand2_2)
     1    0.003440    0.040347    0.024262    0.515858 v _0891_/Y (sky130_fd_sc_hd__nand2_2)
                                                         _0485_ (net)
                      0.040347    0.000000    0.515858 v _0892_/S (sky130_fd_sc_hd__mux2_1)
     1    0.001783    0.034754    0.174928    0.690786 v _0892_/X (sky130_fd_sc_hd__mux2_1)
                                                         _0228_ (net)
                      0.034754    0.000000    0.690786 v _1105_/D (sky130_fd_sc_hd__dfxtp_2)
                                              0.690786   data arrival time

                      0.150000   32.000000   32.000000   clock i_clk (rise edge)
                                  0.000000   32.000000   clock network delay (ideal)
                                 -0.250000   31.750000   clock uncertainty
                                  0.000000   31.750000   clock reconvergence pessimism
                                             31.750000 ^ _1105_/CLK (sky130_fd_sc_hd__dfxtp_2)
                                 -0.060847   31.689152   library setup time
                                             31.689152   data required time
---------------------------------------------------------------------------------------------
                                             31.689152   data required time
                                             -0.690786   data arrival time
---------------------------------------------------------------------------------------------
                                             30.998365   slack (MET)


Startpoint: _1134_ (rising edge-triggered flip-flop clocked by i_clk)
Endpoint: _1211_ (rising edge-triggered flip-flop clocked by i_clk)
Path Group: i_clk
Path Type: max

Fanout         Cap        Slew       Delay        Time   Description
---------------------------------------------------------------------------------------------
                      0.150000    0.000000    0.000000   clock i_clk (rise edge)
                                  0.000000    0.000000   clock network delay (ideal)
                      0.150000    0.000000    0.000000 ^ _1134_/CLK (sky130_fd_sc_hd__dfrtp_2)
     6    0.020071    0.083208    0.284490    0.284490 ^ _1134_/Q (sky130_fd_sc_hd__dfrtp_2)
                                                         u_i2c_master_controller.i2cbus_cntrl_fsm.scl_gen.count[3] (net)
                      0.083208    0.000000    0.284490 ^ _0537_/A (sky130_fd_sc_hd__inv_2)
     2    0.004509    0.023042    0.019339    0.303828 v _0537_/Y (sky130_fd_sc_hd__inv_2)
                                                         _0286_ (net)
                      0.023042    0.000000    0.303828 v _0723_/A1 (sky130_fd_sc_hd__o221a_2)
     1    0.001549    0.028528    0.156197    0.460025 v _0723_/X (sky130_fd_sc_hd__o221a_2)
                                                         _0399_ (net)
                      0.028528    0.000000    0.460025 v _0728_/B (sky130_fd_sc_hd__and3_2)
     1    0.001541    0.025016    0.110950    0.570975 v _0728_/X (sky130_fd_sc_hd__and3_2)
                                                         _0404_ (net)
                      0.025016    0.000000    0.570975 v _0729_/C (sky130_fd_sc_hd__and3b_2)
     1    0.002059    0.026451    0.120135    0.691110 v _0729_/X (sky130_fd_sc_hd__and3b_2)
                                                         _0045_ (net)
                      0.026451    0.000000    0.691110 v _1211_/D (sky130_fd_sc_hd__dfrtp_2)
                                              0.691110   data arrival time

                      0.150000   32.000000   32.000000   clock i_clk (rise edge)
                                  0.000000   32.000000   clock network delay (ideal)
                                 -0.250000   31.750000   clock uncertainty
                                  0.000000   31.750000   clock reconvergence pessimism
                                             31.750000 ^ _1211_/CLK (sky130_fd_sc_hd__dfrtp_2)
                                 -0.060338   31.689659   library setup time
                                             31.689659   data required time
---------------------------------------------------------------------------------------------
                                             31.689659   data required time
                                             -0.691110   data arrival time
---------------------------------------------------------------------------------------------
                                             30.998550   slack (MET)


Startpoint: _1213_ (rising edge-triggered flip-flop clocked by i_clk)
Endpoint: _1218_ (rising edge-triggered flip-flop clocked by i_clk)
Path Group: i_clk
Path Type: max

Fanout         Cap        Slew       Delay        Time   Description
---------------------------------------------------------------------------------------------
                      0.150000    0.000000    0.000000   clock i_clk (rise edge)
                                  0.000000    0.000000   clock network delay (ideal)
                      0.150000    0.000000    0.000000 ^ _1213_/CLK (sky130_fd_sc_hd__dfrtp_2)
     7    0.017756    0.055266    0.299689    0.299689 v _1213_/Q (sky130_fd_sc_hd__dfrtp_2)
                                                         u_i2c_master_controller.i2cbus_cntrl_fsm.start_gen.delay_gen.count[0] (net)
                      0.055266    0.000000    0.299689 v _0750_/B (sky130_fd_sc_hd__and4_2)
     9    0.019800    0.057640    0.168400    0.468089 v _0750_/X (sky130_fd_sc_hd__and4_2)
                                                         _0411_ (net)
                      0.057640    0.000000    0.468089 v _0756_/C (sky130_fd_sc_hd__and3_2)
     3    0.009744    0.041124    0.153799    0.621888 v _0756_/X (sky130_fd_sc_hd__and3_2)
                                                         _0415_ (net)
                      0.041124    0.000000    0.621888 v _0757_/B1 (sky130_fd_sc_hd__a211oi_2)
     1    0.002087    0.095859    0.080514    0.702402 ^ _0757_/Y (sky130_fd_sc_hd__a211oi_2)
                                                         _0065_ (net)
                      0.095859    0.000000    0.702402 ^ _1218_/D (sky130_fd_sc_hd__dfrtp_2)
                                              0.702402   data arrival time

                      0.150000   32.000000   32.000000   clock i_clk (rise edge)
                                  0.000000   32.000000   clock network delay (ideal)
                                 -0.250000   31.750000   clock uncertainty
                                  0.000000   31.750000   clock reconvergence pessimism
                                             31.750000 ^ _1218_/CLK (sky130_fd_sc_hd__dfrtp_2)
                                 -0.038107   31.711893   library setup time
                                             31.711893   data required time
---------------------------------------------------------------------------------------------
                                             31.711893   data required time
                                             -0.702402   data arrival time
---------------------------------------------------------------------------------------------
                                             31.009489   slack (MET)


Startpoint: _1235_ (rising edge-triggered flip-flop clocked by i_clk)
Endpoint: _1240_ (rising edge-triggered flip-flop clocked by i_clk)
Path Group: i_clk
Path Type: max

Fanout         Cap        Slew       Delay        Time   Description
---------------------------------------------------------------------------------------------
                      0.150000    0.000000    0.000000   clock i_clk (rise edge)
                                  0.000000    0.000000   clock network delay (ideal)
                      0.150000    0.000000    0.000000 ^ _1235_/CLK (sky130_fd_sc_hd__dfrtp_2)
     7    0.017756    0.055266    0.299689    0.299689 v _1235_/Q (sky130_fd_sc_hd__dfrtp_2)
                                                         u_i2c_master_controller.i2cbus_cntrl_fsm.stop_gen.delay_gen.count[0] (net)
                      0.055266    0.000000    0.299689 v _0794_/B (sky130_fd_sc_hd__and4_2)
     9    0.019800    0.057640    0.168400    0.468089 v _0794_/X (sky130_fd_sc_hd__and4_2)
                                                         _0439_ (net)
                      0.057640    0.000000    0.468089 v _0800_/C (sky130_fd_sc_hd__and3_2)
     3    0.009744    0.041124    0.153799    0.621888 v _0800_/X (sky130_fd_sc_hd__and3_2)
                                                         _0443_ (net)
                      0.041124    0.000000    0.621888 v _0801_/B1 (sky130_fd_sc_hd__a211oi_2)
     1    0.002087    0.095859    0.080514    0.702402 ^ _0801_/Y (sky130_fd_sc_hd__a211oi_2)
                                                         _0084_ (net)
                      0.095859    0.000000    0.702402 ^ _1240_/D (sky130_fd_sc_hd__dfrtp_2)
                                              0.702402   data arrival time

                      0.150000   32.000000   32.000000   clock i_clk (rise edge)
                                  0.000000   32.000000   clock network delay (ideal)
                                 -0.250000   31.750000   clock uncertainty
                                  0.000000   31.750000   clock reconvergence pessimism
                                             31.750000 ^ _1240_/CLK (sky130_fd_sc_hd__dfrtp_2)
                                 -0.038107   31.711893   library setup time
                                             31.711893   data required time
---------------------------------------------------------------------------------------------
                                             31.711893   data required time
                                             -0.702402   data arrival time
---------------------------------------------------------------------------------------------
                                             31.009489   slack (MET)


Startpoint: _1213_ (rising edge-triggered flip-flop clocked by i_clk)
Endpoint: _1221_ (rising edge-triggered flip-flop clocked by i_clk)
Path Group: i_clk
Path Type: max

Fanout         Cap        Slew       Delay        Time   Description
---------------------------------------------------------------------------------------------
                      0.150000    0.000000    0.000000   clock i_clk (rise edge)
                                  0.000000    0.000000   clock network delay (ideal)
                      0.150000    0.000000    0.000000 ^ _1213_/CLK (sky130_fd_sc_hd__dfrtp_2)
     7    0.017756    0.055266    0.299689    0.299689 v _1213_/Q (sky130_fd_sc_hd__dfrtp_2)
                                                         u_i2c_master_controller.i2cbus_cntrl_fsm.start_gen.delay_gen.count[0] (net)
                      0.055266    0.000000    0.299689 v _0750_/B (sky130_fd_sc_hd__and4_2)
     9    0.019800    0.057640    0.168400    0.468089 v _0750_/X (sky130_fd_sc_hd__and4_2)
                                                         _0411_ (net)
                      0.057640    0.000000    0.468089 v _0765_/B (sky130_fd_sc_hd__and3_2)
     5    0.017039    0.052516    0.159053    0.627142 v _0765_/X (sky130_fd_sc_hd__and3_2)
                                                         _0421_ (net)
                      0.052516    0.000000    0.627142 v _0766_/C (sky130_fd_sc_hd__nor3_2)
     1    0.002087    0.075336    0.064102    0.691244 ^ _0766_/Y (sky130_fd_sc_hd__nor3_2)
                                                         _0068_ (net)
                      0.075336    0.000000    0.691244 ^ _1221_/D (sky130_fd_sc_hd__dfrtp_2)
                                              0.691244   data arrival time

                      0.150000   32.000000   32.000000   clock i_clk (rise edge)
                                  0.000000   32.000000   clock network delay (ideal)
                                 -0.250000   31.750000   clock uncertainty
                                  0.000000   31.750000   clock reconvergence pessimism
                                             31.750000 ^ _1221_/CLK (sky130_fd_sc_hd__dfrtp_2)
                                 -0.036146   31.713854   library setup time
                                             31.713854   data required time
---------------------------------------------------------------------------------------------
                                             31.713854   data required time
                                             -0.691244   data arrival time
---------------------------------------------------------------------------------------------
                                             31.022610   slack (MET)


Startpoint: _1235_ (rising edge-triggered flip-flop clocked by i_clk)
Endpoint: _1243_ (rising edge-triggered flip-flop clocked by i_clk)
Path Group: i_clk
Path Type: max

Fanout         Cap        Slew       Delay        Time   Description
---------------------------------------------------------------------------------------------
                      0.150000    0.000000    0.000000   clock i_clk (rise edge)
                                  0.000000    0.000000   clock network delay (ideal)
                      0.150000    0.000000    0.000000 ^ _1235_/CLK (sky130_fd_sc_hd__dfrtp_2)
     7    0.017756    0.055266    0.299689    0.299689 v _1235_/Q (sky130_fd_sc_hd__dfrtp_2)
                                                         u_i2c_master_controller.i2cbus_cntrl_fsm.stop_gen.delay_gen.count[0] (net)
                      0.055266    0.000000    0.299689 v _0794_/B (sky130_fd_sc_hd__and4_2)
     9    0.019800    0.057640    0.168400    0.468089 v _0794_/X (sky130_fd_sc_hd__and4_2)
                                                         _0439_ (net)
                      0.057640    0.000000    0.468089 v _0809_/B (sky130_fd_sc_hd__and3_2)
     5    0.017039    0.052516    0.159053    0.627142 v _0809_/X (sky130_fd_sc_hd__and3_2)
                                                         _0449_ (net)
                      0.052516    0.000000    0.627142 v _0810_/C (sky130_fd_sc_hd__nor3_2)
     1    0.002087    0.075336    0.064102    0.691244 ^ _0810_/Y (sky130_fd_sc_hd__nor3_2)
                                                         _0087_ (net)
                      0.075336    0.000000    0.691244 ^ _1243_/D (sky130_fd_sc_hd__dfrtp_2)
                                              0.691244   data arrival time

                      0.150000   32.000000   32.000000   clock i_clk (rise edge)
                                  0.000000   32.000000   clock network delay (ideal)
                                 -0.250000   31.750000   clock uncertainty
                                  0.000000   31.750000   clock reconvergence pessimism
                                             31.750000 ^ _1243_/CLK (sky130_fd_sc_hd__dfrtp_2)
                                 -0.036146   31.713854   library setup time
                                             31.713854   data required time
---------------------------------------------------------------------------------------------
                                             31.713854   data required time
                                             -0.691244   data arrival time
---------------------------------------------------------------------------------------------
                                             31.022610   slack (MET)


Startpoint: _1120_ (rising edge-triggered flip-flop clocked by i_clk)
Endpoint: _1119_ (rising edge-triggered flip-flop clocked by i_clk)
Path Group: i_clk
Path Type: max

Fanout         Cap        Slew       Delay        Time   Description
---------------------------------------------------------------------------------------------
                      0.150000    0.000000    0.000000   clock i_clk (rise edge)
                                  0.000000    0.000000   clock network delay (ideal)
                      0.150000    0.000000    0.000000 ^ _1120_/CLK (sky130_fd_sc_hd__dfrtp_2)
     6    0.019856    0.058352    0.303108    0.303108 v _1120_/Q (sky130_fd_sc_hd__dfrtp_2)
                                                         u_i2c_master_controller.cntrl_fsm.cntrl_fsm.byte_count_i[0] (net)
                      0.058352    0.000000    0.303108 v _0924_/B (sky130_fd_sc_hd__xnor2_2)
     1    0.001555    0.026793    0.083562    0.386669 v _0924_/Y (sky130_fd_sc_hd__xnor2_2)
                                                         _0504_ (net)
                      0.026793    0.000000    0.386669 v _0928_/D (sky130_fd_sc_hd__and4_2)
     2    0.009226    0.041996    0.155300    0.541969 v _0928_/X (sky130_fd_sc_hd__and4_2)
                                                         _0508_ (net)
                      0.041996    0.000000    0.541969 v _0929_/A2 (sky130_fd_sc_hd__a21oi_2)
     1    0.004773    0.074275    0.097662    0.639631 ^ _0929_/Y (sky130_fd_sc_hd__a21oi_2)
                                                         _0509_ (net)
                      0.074275    0.000000    0.639631 ^ _0930_/B (sky130_fd_sc_hd__nor2_2)
     1    0.002059    0.018494    0.015636    0.655267 v _0930_/Y (sky130_fd_sc_hd__nor2_2)
                                                         _0242_ (net)
                      0.018494    0.000000    0.655267 v _1119_/D (sky130_fd_sc_hd__dfrtp_2)
                                              0.655267   data arrival time

                      0.150000   32.000000   32.000000   clock i_clk (rise edge)
                                  0.000000   32.000000   clock network delay (ideal)
                                 -0.250000   31.750000   clock uncertainty
                                  0.000000   31.750000   clock reconvergence pessimism
                                             31.750000 ^ _1119_/CLK (sky130_fd_sc_hd__dfrtp_2)
                                 -0.057511   31.692488   library setup time
                                             31.692488   data required time
---------------------------------------------------------------------------------------------
                                             31.692488   data required time
                                             -0.655267   data arrival time
---------------------------------------------------------------------------------------------
                                             31.037222   slack (MET)


Startpoint: _1080_ (rising edge-triggered flip-flop clocked by i_clk)
Endpoint: _1188_ (rising edge-triggered flip-flop clocked by i_clk)
Path Group: i_clk
Path Type: max

Fanout         Cap        Slew       Delay        Time   Description
---------------------------------------------------------------------------------------------
                      0.150000    0.000000    0.000000   clock i_clk (rise edge)
                                  0.000000    0.000000   clock network delay (ideal)
                      0.150000    0.000000    0.000000 ^ _1080_/CLK (sky130_fd_sc_hd__dfrtp_2)
     5    0.014307    0.050100    0.293835    0.293835 v _1080_/Q (sky130_fd_sc_hd__dfrtp_2)
                                                         u_i2c_master_controller.cntrl_fsm.adr_mode (net)
                      0.050100    0.000000    0.293835 v _0666_/C (sky130_fd_sc_hd__and3_2)
     2    0.004474    0.032085    0.138197    0.432032 v _0666_/X (sky130_fd_sc_hd__and3_2)
                                                         _0359_ (net)
                      0.032085    0.000000    0.432032 v _0738_/B1 (sky130_fd_sc_hd__a31o_2)
     1    0.001577    0.025266    0.074341    0.506373 v _0738_/X (sky130_fd_sc_hd__a31o_2)
                                                         _0405_ (net)
                      0.025266    0.000000    0.506373 v _0739_/A0 (sky130_fd_sc_hd__mux2_1)
     1    0.002059    0.035908    0.134220    0.640592 v _0739_/X (sky130_fd_sc_hd__mux2_1)
                                                         _0040_ (net)
                      0.035908    0.000000    0.640592 v _1188_/D (sky130_fd_sc_hd__dfrtp_2)
                                              0.640592   data arrival time

                      0.150000   32.000000   32.000000   clock i_clk (rise edge)
                                  0.000000   32.000000   clock network delay (ideal)
                                 -0.250000   31.750000   clock uncertainty
                                  0.000000   31.750000   clock reconvergence pessimism
                                             31.750000 ^ _1188_/CLK (sky130_fd_sc_hd__dfrtp_2)
                                 -0.063699   31.686298   library setup time
                                             31.686298   data required time
---------------------------------------------------------------------------------------------
                                             31.686298   data required time
                                             -0.640592   data arrival time
---------------------------------------------------------------------------------------------
                                             31.045706   slack (MET)


Startpoint: _1129_ (rising edge-triggered flip-flop clocked by i_clk)
Endpoint: _1147_ (rising edge-triggered flip-flop clocked by i_clk)
Path Group: i_clk
Path Type: max

Fanout         Cap        Slew       Delay        Time   Description
---------------------------------------------------------------------------------------------
                      0.150000    0.000000    0.000000   clock i_clk (rise edge)
                                  0.000000    0.000000   clock network delay (ideal)
                      0.150000    0.000000    0.000000 ^ _1129_/CLK (sky130_fd_sc_hd__dfrtp_2)
    14    0.041758    0.156246    0.338087    0.338087 ^ _1129_/Q (sky130_fd_sc_hd__dfrtp_2)
                                                         u_i2c_master_controller.filter_scl.out_n (net)
                      0.156246    0.000000    0.338087 ^ _0539_/A (sky130_fd_sc_hd__inv_2)
    14    0.046204    0.091831    0.097200    0.435286 v _0539_/Y (sky130_fd_sc_hd__inv_2)
                                                         _0288_ (net)
                      0.091831    0.000000    0.435286 v _0645_/A (sky130_fd_sc_hd__and2_2)
     2    0.003684    0.028877    0.127205    0.562492 v _0645_/X (sky130_fd_sc_hd__and2_2)
                                                         _0351_ (net)
                      0.028877    0.000000    0.562492 v _0646_/B1 (sky130_fd_sc_hd__a21o_2)
     1    0.002059    0.023389    0.077242    0.639733 v _0646_/X (sky130_fd_sc_hd__a21o_2)
                                                         _0025_ (net)
                      0.023389    0.000000    0.639733 v _1147_/D (sky130_fd_sc_hd__dfrtp_2)
                                              0.639733   data arrival time

                      0.150000   32.000000   32.000000   clock i_clk (rise edge)
                                  0.000000   32.000000   clock network delay (ideal)
                                 -0.250000   31.750000   clock uncertainty
                                  0.000000   31.750000   clock reconvergence pessimism
                                             31.750000 ^ _1147_/CLK (sky130_fd_sc_hd__dfrtp_2)
                                 -0.059250   31.690750   library setup time
                                             31.690750   data required time
---------------------------------------------------------------------------------------------
                                             31.690750   data required time
                                             -0.639733   data arrival time
---------------------------------------------------------------------------------------------
                                             31.051018   slack (MET)


Startpoint: _1081_ (rising edge-triggered flip-flop clocked by i_clk)
Endpoint: _1091_ (rising edge-triggered flip-flop clocked by i_clk)
Path Group: i_clk
Path Type: max

Fanout         Cap        Slew       Delay        Time   Description
---------------------------------------------------------------------------------------------
                      0.150000    0.000000    0.000000   clock i_clk (rise edge)
                                  0.000000    0.000000   clock network delay (ideal)
                      0.150000    0.000000    0.000000 ^ _1081_/CLK (sky130_fd_sc_hd__dfrtp_2)
     6    0.013355    0.048375    0.291484    0.291484 v _1081_/Q (sky130_fd_sc_hd__dfrtp_2)
                                                         u_i2c_master_controller.cntrl_fsm.cntrl_fsm.i_rw_mode (net)
                      0.048375    0.000000    0.291484 v _0618_/B (sky130_fd_sc_hd__and2_2)
     2    0.003698    0.028865    0.122214    0.413698 v _0618_/X (sky130_fd_sc_hd__and2_2)
                                                         u_i2c_master_controller.cntrl_fsm.rx_err (net)
                      0.028865    0.000000    0.413698 v _0865_/B (sky130_fd_sc_hd__and2b_2)
     1    0.002266    0.025194    0.110555    0.524253 v _0865_/X (sky130_fd_sc_hd__and2b_2)
                                                         _0473_ (net)
                      0.025194    0.000000    0.524253 v _0866_/A2 (sky130_fd_sc_hd__o21a_2)
     1    0.002059    0.023243    0.109698    0.633951 v _0866_/X (sky130_fd_sc_hd__o21a_2)
                                                         _0214_ (net)
                      0.023243    0.000000    0.633951 v _1091_/D (sky130_fd_sc_hd__dfrtp_2)
                                              0.633951   data arrival time

                      0.150000   32.000000   32.000000   clock i_clk (rise edge)
                                  0.000000   32.000000   clock network delay (ideal)
                                 -0.250000   31.750000   clock uncertainty
                                  0.000000   31.750000   clock reconvergence pessimism
                                             31.750000 ^ _1091_/CLK (sky130_fd_sc_hd__dfrtp_2)
                                 -0.059198   31.690800   library setup time
                                             31.690800   data required time
---------------------------------------------------------------------------------------------
                                             31.690800   data required time
                                             -0.633951   data arrival time
---------------------------------------------------------------------------------------------
                                             31.056850   slack (MET)


Startpoint: _1129_ (rising edge-triggered flip-flop clocked by i_clk)
Endpoint: _1142_ (rising edge-triggered flip-flop clocked by i_clk)
Path Group: i_clk
Path Type: max

Fanout         Cap        Slew       Delay        Time   Description
---------------------------------------------------------------------------------------------
                      0.150000    0.000000    0.000000   clock i_clk (rise edge)
                                  0.000000    0.000000   clock network delay (ideal)
                      0.150000    0.000000    0.000000 ^ _1129_/CLK (sky130_fd_sc_hd__dfrtp_2)
    14    0.041758    0.156246    0.338087    0.338087 ^ _1129_/Q (sky130_fd_sc_hd__dfrtp_2)
                                                         u_i2c_master_controller.filter_scl.out_n (net)
                      0.156246    0.000000    0.338087 ^ _0539_/A (sky130_fd_sc_hd__inv_2)
    14    0.046204    0.091831    0.097200    0.435286 v _0539_/Y (sky130_fd_sc_hd__inv_2)
                                                         _0288_ (net)
                      0.091831    0.000000    0.435286 v _0611_/A (sky130_fd_sc_hd__and2_2)
     3    0.007879    0.036188    0.136867    0.572153 v _0611_/X (sky130_fd_sc_hd__and2_2)
                                                         _0033_ (net)
                      0.036188    0.000000    0.572153 v _0640_/B1 (sky130_fd_sc_hd__a211oi_2)
     1    0.002517    0.100722    0.081727    0.653880 ^ _0640_/Y (sky130_fd_sc_hd__a211oi_2)
                                                         _0030_ (net)
                      0.100722    0.000000    0.653880 ^ _1142_/D (sky130_fd_sc_hd__dfstp_2)
                                              0.653880   data arrival time

                      0.150000   32.000000   32.000000   clock i_clk (rise edge)
                                  0.000000   32.000000   clock network delay (ideal)
                                 -0.250000   31.750000   clock uncertainty
                                  0.000000   31.750000   clock reconvergence pessimism
                                             31.750000 ^ _1142_/CLK (sky130_fd_sc_hd__dfstp_2)
                                 -0.035310   31.714689   library setup time
                                             31.714689   data required time
---------------------------------------------------------------------------------------------
                                             31.714689   data required time
                                             -0.653880   data arrival time
---------------------------------------------------------------------------------------------
                                             31.060808   slack (MET)


Startpoint: _1129_ (rising edge-triggered flip-flop clocked by i_clk)
Endpoint: _1155_ (rising edge-triggered flip-flop clocked by i_clk)
Path Group: i_clk
Path Type: max

Fanout         Cap        Slew       Delay        Time   Description
---------------------------------------------------------------------------------------------
                      0.150000    0.000000    0.000000   clock i_clk (rise edge)
                                  0.000000    0.000000   clock network delay (ideal)
                      0.150000    0.000000    0.000000 ^ _1129_/CLK (sky130_fd_sc_hd__dfrtp_2)
    14    0.037994    0.085009    0.332641    0.332641 v _1129_/Q (sky130_fd_sc_hd__dfrtp_2)
                                                         u_i2c_master_controller.filter_scl.out_n (net)
                      0.085009    0.000000    0.332641 v _0648_/A (sky130_fd_sc_hd__or2_2)
     2    0.003849    0.039559    0.188828    0.521470 v _0648_/X (sky130_fd_sc_hd__or2_2)
                                                         _0352_ (net)
                      0.039559    0.000000    0.521470 v _0649_/A2_N (sky130_fd_sc_hd__a2bb2o_2)
     1    0.002087    0.023893    0.134759    0.656229 ^ _0649_/X (sky130_fd_sc_hd__a2bb2o_2)
                                                         _0023_ (net)
                      0.023893    0.000000    0.656229 ^ _1155_/D (sky130_fd_sc_hd__dfrtp_2)
                                              0.656229   data arrival time

                      0.150000   32.000000   32.000000   clock i_clk (rise edge)
                                  0.000000   32.000000   clock network delay (ideal)
                                 -0.250000   31.750000   clock uncertainty
                                  0.000000   31.750000   clock reconvergence pessimism
                                             31.750000 ^ _1155_/CLK (sky130_fd_sc_hd__dfrtp_2)
                                 -0.031231   31.718767   library setup time
                                             31.718767   data required time
---------------------------------------------------------------------------------------------
                                             31.718767   data required time
                                             -0.656229   data arrival time
---------------------------------------------------------------------------------------------
                                             31.062538   slack (MET)


Startpoint: _1081_ (rising edge-triggered flip-flop clocked by i_clk)
Endpoint: _1092_ (rising edge-triggered flip-flop clocked by i_clk)
Path Group: i_clk
Path Type: max

Fanout         Cap        Slew       Delay        Time   Description
---------------------------------------------------------------------------------------------
                      0.150000    0.000000    0.000000   clock i_clk (rise edge)
                                  0.000000    0.000000   clock network delay (ideal)
                      0.150000    0.000000    0.000000 ^ _1081_/CLK (sky130_fd_sc_hd__dfrtp_2)
     6    0.014628    0.064877    0.271038    0.271038 ^ _1081_/Q (sky130_fd_sc_hd__dfrtp_2)
                                                         u_i2c_master_controller.cntrl_fsm.cntrl_fsm.i_rw_mode (net)
                      0.064877    0.000000    0.271038 ^ _0544_/A (sky130_fd_sc_hd__inv_2)
     3    0.006005    0.022177    0.022303    0.293341 v _0544_/Y (sky130_fd_sc_hd__inv_2)
                                                         _0291_ (net)
                      0.022177    0.000000    0.293341 v _0617_/B (sky130_fd_sc_hd__and2_2)
     2    0.003698    0.028929    0.112183    0.405524 v _0617_/X (sky130_fd_sc_hd__and2_2)
                                                         u_i2c_master_controller.cntrl_fsm.tx_err (net)
                      0.028929    0.000000    0.405524 v _0867_/B (sky130_fd_sc_hd__and2b_2)
     1    0.002266    0.025194    0.110580    0.516104 v _0867_/X (sky130_fd_sc_hd__and2b_2)
                                                         _0474_ (net)
                      0.025194    0.000000    0.516104 v _0868_/A2 (sky130_fd_sc_hd__o21a_2)
     1    0.002059    0.023243    0.109698    0.625802 v _0868_/X (sky130_fd_sc_hd__o21a_2)
                                                         _0215_ (net)
                      0.023243    0.000000    0.625802 v _1092_/D (sky130_fd_sc_hd__dfrtp_2)
                                              0.625802   data arrival time

                      0.150000   32.000000   32.000000   clock i_clk (rise edge)
                                  0.000000   32.000000   clock network delay (ideal)
                                 -0.250000   31.750000   clock uncertainty
                                  0.000000   31.750000   clock reconvergence pessimism
                                             31.750000 ^ _1092_/CLK (sky130_fd_sc_hd__dfrtp_2)
                                 -0.059198   31.690800   library setup time
                                             31.690800   data required time
---------------------------------------------------------------------------------------------
                                             31.690800   data required time
                                             -0.625802   data arrival time
---------------------------------------------------------------------------------------------
                                             31.065001   slack (MET)


Startpoint: _1199_ (rising edge-triggered flip-flop clocked by i_clk)
Endpoint: _1263_ (rising edge-triggered flip-flop clocked by i_clk)
Path Group: i_clk
Path Type: max

Fanout         Cap        Slew       Delay        Time   Description
---------------------------------------------------------------------------------------------
                      0.150000    0.000000    0.000000   clock i_clk (rise edge)
                                  0.000000    0.000000   clock network delay (ideal)
                      0.150000    0.000000    0.000000 ^ _1199_/CLK (sky130_fd_sc_hd__dfrtp_2)
    21    0.071424    0.259417    0.409748    0.409748 ^ _1199_/Q (sky130_fd_sc_hd__dfrtp_2)
                                                         u_i2c_master_controller.cntrl_fsm.byte_rx_fsm.i_i2c_master_falling_scl_detect (net)
                      0.259417    0.000000    0.409748 ^ _0959_/S (sky130_fd_sc_hd__mux2_1)
     1    0.002059    0.035746    0.188401    0.598149 v _0959_/X (sky130_fd_sc_hd__mux2_1)
                                                         _0265_ (net)
                      0.035746    0.000000    0.598149 v _1263_/D (sky130_fd_sc_hd__dfrtp_2)
                                              0.598149   data arrival time

                      0.150000   32.000000   32.000000   clock i_clk (rise edge)
                                  0.000000   32.000000   clock network delay (ideal)
                                 -0.250000   31.750000   clock uncertainty
                                  0.000000   31.750000   clock reconvergence pessimism
                                             31.750000 ^ _1263_/CLK (sky130_fd_sc_hd__dfrtp_2)
                                 -0.063641   31.686359   library setup time
                                             31.686359   data required time
---------------------------------------------------------------------------------------------
                                             31.686359   data required time
                                             -0.598149   data arrival time
---------------------------------------------------------------------------------------------
                                             31.088211   slack (MET)


Startpoint: _1199_ (rising edge-triggered flip-flop clocked by i_clk)
Endpoint: _1264_ (rising edge-triggered flip-flop clocked by i_clk)
Path Group: i_clk
Path Type: max

Fanout         Cap        Slew       Delay        Time   Description
---------------------------------------------------------------------------------------------
                      0.150000    0.000000    0.000000   clock i_clk (rise edge)
                                  0.000000    0.000000   clock network delay (ideal)
                      0.150000    0.000000    0.000000 ^ _1199_/CLK (sky130_fd_sc_hd__dfrtp_2)
    21    0.071424    0.259417    0.409748    0.409748 ^ _1199_/Q (sky130_fd_sc_hd__dfrtp_2)
                                                         u_i2c_master_controller.cntrl_fsm.byte_rx_fsm.i_i2c_master_falling_scl_detect (net)
                      0.259417    0.000000    0.409748 ^ _0960_/S (sky130_fd_sc_hd__mux2_1)
     1    0.002059    0.035746    0.188401    0.598149 v _0960_/X (sky130_fd_sc_hd__mux2_1)
                                                         _0266_ (net)
                      0.035746    0.000000    0.598149 v _1264_/D (sky130_fd_sc_hd__dfrtp_2)
                                              0.598149   data arrival time

                      0.150000   32.000000   32.000000   clock i_clk (rise edge)
                                  0.000000   32.000000   clock network delay (ideal)
                                 -0.250000   31.750000   clock uncertainty
                                  0.000000   31.750000   clock reconvergence pessimism
                                             31.750000 ^ _1264_/CLK (sky130_fd_sc_hd__dfrtp_2)
                                 -0.063641   31.686359   library setup time
                                             31.686359   data required time
---------------------------------------------------------------------------------------------
                                             31.686359   data required time
                                             -0.598149   data arrival time
---------------------------------------------------------------------------------------------
                                             31.088211   slack (MET)


Startpoint: _1199_ (rising edge-triggered flip-flop clocked by i_clk)
Endpoint: _1265_ (rising edge-triggered flip-flop clocked by i_clk)
Path Group: i_clk
Path Type: max

Fanout         Cap        Slew       Delay        Time   Description
---------------------------------------------------------------------------------------------
                      0.150000    0.000000    0.000000   clock i_clk (rise edge)
                                  0.000000    0.000000   clock network delay (ideal)
                      0.150000    0.000000    0.000000 ^ _1199_/CLK (sky130_fd_sc_hd__dfrtp_2)
    21    0.071424    0.259417    0.409748    0.409748 ^ _1199_/Q (sky130_fd_sc_hd__dfrtp_2)
                                                         u_i2c_master_controller.cntrl_fsm.byte_rx_fsm.i_i2c_master_falling_scl_detect (net)
                      0.259417    0.000000    0.409748 ^ _0961_/S (sky130_fd_sc_hd__mux2_1)
     1    0.002059    0.035746    0.188401    0.598149 v _0961_/X (sky130_fd_sc_hd__mux2_1)
                                                         _0267_ (net)
                      0.035746    0.000000    0.598149 v _1265_/D (sky130_fd_sc_hd__dfrtp_2)
                                              0.598149   data arrival time

                      0.150000   32.000000   32.000000   clock i_clk (rise edge)
                                  0.000000   32.000000   clock network delay (ideal)
                                 -0.250000   31.750000   clock uncertainty
                                  0.000000   31.750000   clock reconvergence pessimism
                                             31.750000 ^ _1265_/CLK (sky130_fd_sc_hd__dfrtp_2)
                                 -0.063641   31.686359   library setup time
                                             31.686359   data required time
---------------------------------------------------------------------------------------------
                                             31.686359   data required time
                                             -0.598149   data arrival time
---------------------------------------------------------------------------------------------
                                             31.088211   slack (MET)


Startpoint: _1199_ (rising edge-triggered flip-flop clocked by i_clk)
Endpoint: _1266_ (rising edge-triggered flip-flop clocked by i_clk)
Path Group: i_clk
Path Type: max

Fanout         Cap        Slew       Delay        Time   Description
---------------------------------------------------------------------------------------------
                      0.150000    0.000000    0.000000   clock i_clk (rise edge)
                                  0.000000    0.000000   clock network delay (ideal)
                      0.150000    0.000000    0.000000 ^ _1199_/CLK (sky130_fd_sc_hd__dfrtp_2)
    21    0.071424    0.259417    0.409748    0.409748 ^ _1199_/Q (sky130_fd_sc_hd__dfrtp_2)
                                                         u_i2c_master_controller.cntrl_fsm.byte_rx_fsm.i_i2c_master_falling_scl_detect (net)
                      0.259417    0.000000    0.409748 ^ _0962_/S (sky130_fd_sc_hd__mux2_1)
     1    0.002059    0.035746    0.188401    0.598149 v _0962_/X (sky130_fd_sc_hd__mux2_1)
                                                         _0268_ (net)
                      0.035746    0.000000    0.598149 v _1266_/D (sky130_fd_sc_hd__dfrtp_2)
                                              0.598149   data arrival time

                      0.150000   32.000000   32.000000   clock i_clk (rise edge)
                                  0.000000   32.000000   clock network delay (ideal)
                                 -0.250000   31.750000   clock uncertainty
                                  0.000000   31.750000   clock reconvergence pessimism
                                             31.750000 ^ _1266_/CLK (sky130_fd_sc_hd__dfrtp_2)
                                 -0.063641   31.686359   library setup time
                                             31.686359   data required time
---------------------------------------------------------------------------------------------
                                             31.686359   data required time
                                             -0.598149   data arrival time
---------------------------------------------------------------------------------------------
                                             31.088211   slack (MET)


Startpoint: _1199_ (rising edge-triggered flip-flop clocked by i_clk)
Endpoint: _1267_ (rising edge-triggered flip-flop clocked by i_clk)
Path Group: i_clk
Path Type: max

Fanout         Cap        Slew       Delay        Time   Description
---------------------------------------------------------------------------------------------
                      0.150000    0.000000    0.000000   clock i_clk (rise edge)
                                  0.000000    0.000000   clock network delay (ideal)
                      0.150000    0.000000    0.000000 ^ _1199_/CLK (sky130_fd_sc_hd__dfrtp_2)
    21    0.071424    0.259417    0.409748    0.409748 ^ _1199_/Q (sky130_fd_sc_hd__dfrtp_2)
                                                         u_i2c_master_controller.cntrl_fsm.byte_rx_fsm.i_i2c_master_falling_scl_detect (net)
                      0.259417    0.000000    0.409748 ^ _0963_/S (sky130_fd_sc_hd__mux2_1)
     1    0.002059    0.035746    0.188401    0.598149 v _0963_/X (sky130_fd_sc_hd__mux2_1)
                                                         _0269_ (net)
                      0.035746    0.000000    0.598149 v _1267_/D (sky130_fd_sc_hd__dfrtp_2)
                                              0.598149   data arrival time

                      0.150000   32.000000   32.000000   clock i_clk (rise edge)
                                  0.000000   32.000000   clock network delay (ideal)
                                 -0.250000   31.750000   clock uncertainty
                                  0.000000   31.750000   clock reconvergence pessimism
                                             31.750000 ^ _1267_/CLK (sky130_fd_sc_hd__dfrtp_2)
                                 -0.063641   31.686359   library setup time
                                             31.686359   data required time
---------------------------------------------------------------------------------------------
                                             31.686359   data required time
                                             -0.598149   data arrival time
---------------------------------------------------------------------------------------------
                                             31.088211   slack (MET)


Startpoint: _1199_ (rising edge-triggered flip-flop clocked by i_clk)
Endpoint: _1268_ (rising edge-triggered flip-flop clocked by i_clk)
Path Group: i_clk
Path Type: max

Fanout         Cap        Slew       Delay        Time   Description
---------------------------------------------------------------------------------------------
                      0.150000    0.000000    0.000000   clock i_clk (rise edge)
                                  0.000000    0.000000   clock network delay (ideal)
                      0.150000    0.000000    0.000000 ^ _1199_/CLK (sky130_fd_sc_hd__dfrtp_2)
    21    0.071424    0.259417    0.409748    0.409748 ^ _1199_/Q (sky130_fd_sc_hd__dfrtp_2)
                                                         u_i2c_master_controller.cntrl_fsm.byte_rx_fsm.i_i2c_master_falling_scl_detect (net)
                      0.259417    0.000000    0.409748 ^ _0964_/S (sky130_fd_sc_hd__mux2_1)
     1    0.002059    0.035746    0.188401    0.598149 v _0964_/X (sky130_fd_sc_hd__mux2_1)
                                                         _0270_ (net)
                      0.035746    0.000000    0.598149 v _1268_/D (sky130_fd_sc_hd__dfrtp_2)
                                              0.598149   data arrival time

                      0.150000   32.000000   32.000000   clock i_clk (rise edge)
                                  0.000000   32.000000   clock network delay (ideal)
                                 -0.250000   31.750000   clock uncertainty
                                  0.000000   31.750000   clock reconvergence pessimism
                                             31.750000 ^ _1268_/CLK (sky130_fd_sc_hd__dfrtp_2)
                                 -0.063641   31.686359   library setup time
                                             31.686359   data required time
---------------------------------------------------------------------------------------------
                                             31.686359   data required time
                                             -0.598149   data arrival time
---------------------------------------------------------------------------------------------
                                             31.088211   slack (MET)


Startpoint: _1199_ (rising edge-triggered flip-flop clocked by i_clk)
Endpoint: _1269_ (rising edge-triggered flip-flop clocked by i_clk)
Path Group: i_clk
Path Type: max

Fanout         Cap        Slew       Delay        Time   Description
---------------------------------------------------------------------------------------------
                      0.150000    0.000000    0.000000   clock i_clk (rise edge)
                                  0.000000    0.000000   clock network delay (ideal)
                      0.150000    0.000000    0.000000 ^ _1199_/CLK (sky130_fd_sc_hd__dfrtp_2)
    21    0.071424    0.259417    0.409748    0.409748 ^ _1199_/Q (sky130_fd_sc_hd__dfrtp_2)
                                                         u_i2c_master_controller.cntrl_fsm.byte_rx_fsm.i_i2c_master_falling_scl_detect (net)
                      0.259417    0.000000    0.409748 ^ _0965_/S (sky130_fd_sc_hd__mux2_1)
     1    0.002059    0.035746    0.188401    0.598149 v _0965_/X (sky130_fd_sc_hd__mux2_1)
                                                         _0271_ (net)
                      0.035746    0.000000    0.598149 v _1269_/D (sky130_fd_sc_hd__dfrtp_2)
                                              0.598149   data arrival time

                      0.150000   32.000000   32.000000   clock i_clk (rise edge)
                                  0.000000   32.000000   clock network delay (ideal)
                                 -0.250000   31.750000   clock uncertainty
                                  0.000000   31.750000   clock reconvergence pessimism
                                             31.750000 ^ _1269_/CLK (sky130_fd_sc_hd__dfrtp_2)
                                 -0.063641   31.686359   library setup time
                                             31.686359   data required time
---------------------------------------------------------------------------------------------
                                             31.686359   data required time
                                             -0.598149   data arrival time
---------------------------------------------------------------------------------------------
                                             31.088211   slack (MET)


Startpoint: _1199_ (rising edge-triggered flip-flop clocked by i_clk)
Endpoint: _1270_ (rising edge-triggered flip-flop clocked by i_clk)
Path Group: i_clk
Path Type: max

Fanout         Cap        Slew       Delay        Time   Description
---------------------------------------------------------------------------------------------
                      0.150000    0.000000    0.000000   clock i_clk (rise edge)
                                  0.000000    0.000000   clock network delay (ideal)
                      0.150000    0.000000    0.000000 ^ _1199_/CLK (sky130_fd_sc_hd__dfrtp_2)
    21    0.071424    0.259417    0.409748    0.409748 ^ _1199_/Q (sky130_fd_sc_hd__dfrtp_2)
                                                         u_i2c_master_controller.cntrl_fsm.byte_rx_fsm.i_i2c_master_falling_scl_detect (net)
                      0.259417    0.000000    0.409748 ^ _0966_/S (sky130_fd_sc_hd__mux2_1)
     1    0.002059    0.035746    0.188401    0.598149 v _0966_/X (sky130_fd_sc_hd__mux2_1)
                                                         _0272_ (net)
                      0.035746    0.000000    0.598149 v _1270_/D (sky130_fd_sc_hd__dfrtp_2)
                                              0.598149   data arrival time

                      0.150000   32.000000   32.000000   clock i_clk (rise edge)
                                  0.000000   32.000000   clock network delay (ideal)
                                 -0.250000   31.750000   clock uncertainty
                                  0.000000   31.750000   clock reconvergence pessimism
                                             31.750000 ^ _1270_/CLK (sky130_fd_sc_hd__dfrtp_2)
                                 -0.063641   31.686359   library setup time
                                             31.686359   data required time
---------------------------------------------------------------------------------------------
                                             31.686359   data required time
                                             -0.598149   data arrival time
---------------------------------------------------------------------------------------------
                                             31.088211   slack (MET)


Startpoint: _1199_ (rising edge-triggered flip-flop clocked by i_clk)
Endpoint: _1271_ (rising edge-triggered flip-flop clocked by i_clk)
Path Group: i_clk
Path Type: max

Fanout         Cap        Slew       Delay        Time   Description
---------------------------------------------------------------------------------------------
                      0.150000    0.000000    0.000000   clock i_clk (rise edge)
                                  0.000000    0.000000   clock network delay (ideal)
                      0.150000    0.000000    0.000000 ^ _1199_/CLK (sky130_fd_sc_hd__dfrtp_2)
    21    0.071424    0.259417    0.409748    0.409748 ^ _1199_/Q (sky130_fd_sc_hd__dfrtp_2)
                                                         u_i2c_master_controller.cntrl_fsm.byte_rx_fsm.i_i2c_master_falling_scl_detect (net)
                      0.259417    0.000000    0.409748 ^ _0967_/S (sky130_fd_sc_hd__mux2_1)
     1    0.002059    0.035746    0.188401    0.598149 v _0967_/X (sky130_fd_sc_hd__mux2_1)
                                                         _0273_ (net)
                      0.035746    0.000000    0.598149 v _1271_/D (sky130_fd_sc_hd__dfrtp_2)
                                              0.598149   data arrival time

                      0.150000   32.000000   32.000000   clock i_clk (rise edge)
                                  0.000000   32.000000   clock network delay (ideal)
                                 -0.250000   31.750000   clock uncertainty
                                  0.000000   31.750000   clock reconvergence pessimism
                                             31.750000 ^ _1271_/CLK (sky130_fd_sc_hd__dfrtp_2)
                                 -0.063641   31.686359   library setup time
                                             31.686359   data required time
---------------------------------------------------------------------------------------------
                                             31.686359   data required time
                                             -0.598149   data arrival time
---------------------------------------------------------------------------------------------
                                             31.088211   slack (MET)


Startpoint: _1199_ (rising edge-triggered flip-flop clocked by i_clk)
Endpoint: _1272_ (rising edge-triggered flip-flop clocked by i_clk)
Path Group: i_clk
Path Type: max

Fanout         Cap        Slew       Delay        Time   Description
---------------------------------------------------------------------------------------------
                      0.150000    0.000000    0.000000   clock i_clk (rise edge)
                                  0.000000    0.000000   clock network delay (ideal)
                      0.150000    0.000000    0.000000 ^ _1199_/CLK (sky130_fd_sc_hd__dfrtp_2)
    21    0.071424    0.259417    0.409748    0.409748 ^ _1199_/Q (sky130_fd_sc_hd__dfrtp_2)
                                                         u_i2c_master_controller.cntrl_fsm.byte_rx_fsm.i_i2c_master_falling_scl_detect (net)
                      0.259417    0.000000    0.409748 ^ _0968_/S (sky130_fd_sc_hd__mux2_1)
     1    0.002059    0.035746    0.188401    0.598149 v _0968_/X (sky130_fd_sc_hd__mux2_1)
                                                         _0274_ (net)
                      0.035746    0.000000    0.598149 v _1272_/D (sky130_fd_sc_hd__dfrtp_2)
                                              0.598149   data arrival time

                      0.150000   32.000000   32.000000   clock i_clk (rise edge)
                                  0.000000   32.000000   clock network delay (ideal)
                                 -0.250000   31.750000   clock uncertainty
                                  0.000000   31.750000   clock reconvergence pessimism
                                             31.750000 ^ _1272_/CLK (sky130_fd_sc_hd__dfrtp_2)
                                 -0.063641   31.686359   library setup time
                                             31.686359   data required time
---------------------------------------------------------------------------------------------
                                             31.686359   data required time
                                             -0.598149   data arrival time
---------------------------------------------------------------------------------------------
                                             31.088211   slack (MET)


Startpoint: _1199_ (rising edge-triggered flip-flop clocked by i_clk)
Endpoint: _1273_ (rising edge-triggered flip-flop clocked by i_clk)
Path Group: i_clk
Path Type: max

Fanout         Cap        Slew       Delay        Time   Description
---------------------------------------------------------------------------------------------
                      0.150000    0.000000    0.000000   clock i_clk (rise edge)
                                  0.000000    0.000000   clock network delay (ideal)
                      0.150000    0.000000    0.000000 ^ _1199_/CLK (sky130_fd_sc_hd__dfrtp_2)
    21    0.071424    0.259417    0.409748    0.409748 ^ _1199_/Q (sky130_fd_sc_hd__dfrtp_2)
                                                         u_i2c_master_controller.cntrl_fsm.byte_rx_fsm.i_i2c_master_falling_scl_detect (net)
                      0.259417    0.000000    0.409748 ^ _0969_/S (sky130_fd_sc_hd__mux2_1)
     1    0.002059    0.035746    0.188401    0.598149 v _0969_/X (sky130_fd_sc_hd__mux2_1)
                                                         _0275_ (net)
                      0.035746    0.000000    0.598149 v _1273_/D (sky130_fd_sc_hd__dfrtp_2)
                                              0.598149   data arrival time

                      0.150000   32.000000   32.000000   clock i_clk (rise edge)
                                  0.000000   32.000000   clock network delay (ideal)
                                 -0.250000   31.750000   clock uncertainty
                                  0.000000   31.750000   clock reconvergence pessimism
                                             31.750000 ^ _1273_/CLK (sky130_fd_sc_hd__dfrtp_2)
                                 -0.063641   31.686359   library setup time
                                             31.686359   data required time
---------------------------------------------------------------------------------------------
                                             31.686359   data required time
                                             -0.598149   data arrival time
---------------------------------------------------------------------------------------------
                                             31.088211   slack (MET)


Startpoint: _1199_ (rising edge-triggered flip-flop clocked by i_clk)
Endpoint: _1274_ (rising edge-triggered flip-flop clocked by i_clk)
Path Group: i_clk
Path Type: max

Fanout         Cap        Slew       Delay        Time   Description
---------------------------------------------------------------------------------------------
                      0.150000    0.000000    0.000000   clock i_clk (rise edge)
                                  0.000000    0.000000   clock network delay (ideal)
                      0.150000    0.000000    0.000000 ^ _1199_/CLK (sky130_fd_sc_hd__dfrtp_2)
    21    0.071424    0.259417    0.409748    0.409748 ^ _1199_/Q (sky130_fd_sc_hd__dfrtp_2)
                                                         u_i2c_master_controller.cntrl_fsm.byte_rx_fsm.i_i2c_master_falling_scl_detect (net)
                      0.259417    0.000000    0.409748 ^ _0970_/S (sky130_fd_sc_hd__mux2_1)
     1    0.002059    0.035746    0.188401    0.598149 v _0970_/X (sky130_fd_sc_hd__mux2_1)
                                                         _0276_ (net)
                      0.035746    0.000000    0.598149 v _1274_/D (sky130_fd_sc_hd__dfrtp_2)
                                              0.598149   data arrival time

                      0.150000   32.000000   32.000000   clock i_clk (rise edge)
                                  0.000000   32.000000   clock network delay (ideal)
                                 -0.250000   31.750000   clock uncertainty
                                  0.000000   31.750000   clock reconvergence pessimism
                                             31.750000 ^ _1274_/CLK (sky130_fd_sc_hd__dfrtp_2)
                                 -0.063641   31.686359   library setup time
                                             31.686359   data required time
---------------------------------------------------------------------------------------------
                                             31.686359   data required time
                                             -0.598149   data arrival time
---------------------------------------------------------------------------------------------
                                             31.088211   slack (MET)


Startpoint: _1199_ (rising edge-triggered flip-flop clocked by i_clk)
Endpoint: _1275_ (rising edge-triggered flip-flop clocked by i_clk)
Path Group: i_clk
Path Type: max

Fanout         Cap        Slew       Delay        Time   Description
---------------------------------------------------------------------------------------------
                      0.150000    0.000000    0.000000   clock i_clk (rise edge)
                                  0.000000    0.000000   clock network delay (ideal)
                      0.150000    0.000000    0.000000 ^ _1199_/CLK (sky130_fd_sc_hd__dfrtp_2)
    21    0.071424    0.259417    0.409748    0.409748 ^ _1199_/Q (sky130_fd_sc_hd__dfrtp_2)
                                                         u_i2c_master_controller.cntrl_fsm.byte_rx_fsm.i_i2c_master_falling_scl_detect (net)
                      0.259417    0.000000    0.409748 ^ _0971_/S (sky130_fd_sc_hd__mux2_1)
     1    0.002059    0.035746    0.188401    0.598149 v _0971_/X (sky130_fd_sc_hd__mux2_1)
                                                         _0277_ (net)
                      0.035746    0.000000    0.598149 v _1275_/D (sky130_fd_sc_hd__dfrtp_2)
                                              0.598149   data arrival time

                      0.150000   32.000000   32.000000   clock i_clk (rise edge)
                                  0.000000   32.000000   clock network delay (ideal)
                                 -0.250000   31.750000   clock uncertainty
                                  0.000000   31.750000   clock reconvergence pessimism
                                             31.750000 ^ _1275_/CLK (sky130_fd_sc_hd__dfrtp_2)
                                 -0.063641   31.686359   library setup time
                                             31.686359   data required time
---------------------------------------------------------------------------------------------
                                             31.686359   data required time
                                             -0.598149   data arrival time
---------------------------------------------------------------------------------------------
                                             31.088211   slack (MET)


Startpoint: _1199_ (rising edge-triggered flip-flop clocked by i_clk)
Endpoint: _1276_ (rising edge-triggered flip-flop clocked by i_clk)
Path Group: i_clk
Path Type: max

Fanout         Cap        Slew       Delay        Time   Description
---------------------------------------------------------------------------------------------
                      0.150000    0.000000    0.000000   clock i_clk (rise edge)
                                  0.000000    0.000000   clock network delay (ideal)
                      0.150000    0.000000    0.000000 ^ _1199_/CLK (sky130_fd_sc_hd__dfrtp_2)
    21    0.071424    0.259417    0.409748    0.409748 ^ _1199_/Q (sky130_fd_sc_hd__dfrtp_2)
                                                         u_i2c_master_controller.cntrl_fsm.byte_rx_fsm.i_i2c_master_falling_scl_detect (net)
                      0.259417    0.000000    0.409748 ^ _0972_/S (sky130_fd_sc_hd__mux2_1)
     1    0.002059    0.035746    0.188401    0.598149 v _0972_/X (sky130_fd_sc_hd__mux2_1)
                                                         _0278_ (net)
                      0.035746    0.000000    0.598149 v _1276_/D (sky130_fd_sc_hd__dfrtp_2)
                                              0.598149   data arrival time

                      0.150000   32.000000   32.000000   clock i_clk (rise edge)
                                  0.000000   32.000000   clock network delay (ideal)
                                 -0.250000   31.750000   clock uncertainty
                                  0.000000   31.750000   clock reconvergence pessimism
                                             31.750000 ^ _1276_/CLK (sky130_fd_sc_hd__dfrtp_2)
                                 -0.063641   31.686359   library setup time
                                             31.686359   data required time
---------------------------------------------------------------------------------------------
                                             31.686359   data required time
                                             -0.598149   data arrival time
---------------------------------------------------------------------------------------------
                                             31.088211   slack (MET)


Startpoint: _1199_ (rising edge-triggered flip-flop clocked by i_clk)
Endpoint: _1277_ (rising edge-triggered flip-flop clocked by i_clk)
Path Group: i_clk
Path Type: max

Fanout         Cap        Slew       Delay        Time   Description
---------------------------------------------------------------------------------------------
                      0.150000    0.000000    0.000000   clock i_clk (rise edge)
                                  0.000000    0.000000   clock network delay (ideal)
                      0.150000    0.000000    0.000000 ^ _1199_/CLK (sky130_fd_sc_hd__dfrtp_2)
    21    0.071424    0.259417    0.409748    0.409748 ^ _1199_/Q (sky130_fd_sc_hd__dfrtp_2)
                                                         u_i2c_master_controller.cntrl_fsm.byte_rx_fsm.i_i2c_master_falling_scl_detect (net)
                      0.259417    0.000000    0.409748 ^ _0973_/S (sky130_fd_sc_hd__mux2_1)
     1    0.002059    0.035746    0.188401    0.598149 v _0973_/X (sky130_fd_sc_hd__mux2_1)
                                                         _0279_ (net)
                      0.035746    0.000000    0.598149 v _1277_/D (sky130_fd_sc_hd__dfrtp_2)
                                              0.598149   data arrival time

                      0.150000   32.000000   32.000000   clock i_clk (rise edge)
                                  0.000000   32.000000   clock network delay (ideal)
                                 -0.250000   31.750000   clock uncertainty
                                  0.000000   31.750000   clock reconvergence pessimism
                                             31.750000 ^ _1277_/CLK (sky130_fd_sc_hd__dfrtp_2)
                                 -0.063641   31.686359   library setup time
                                             31.686359   data required time
---------------------------------------------------------------------------------------------
                                             31.686359   data required time
                                             -0.598149   data arrival time
---------------------------------------------------------------------------------------------
                                             31.088211   slack (MET)


Startpoint: _1199_ (rising edge-triggered flip-flop clocked by i_clk)
Endpoint: _1278_ (rising edge-triggered flip-flop clocked by i_clk)
Path Group: i_clk
Path Type: max

Fanout         Cap        Slew       Delay        Time   Description
---------------------------------------------------------------------------------------------
                      0.150000    0.000000    0.000000   clock i_clk (rise edge)
                                  0.000000    0.000000   clock network delay (ideal)
                      0.150000    0.000000    0.000000 ^ _1199_/CLK (sky130_fd_sc_hd__dfrtp_2)
    21    0.071424    0.259417    0.409748    0.409748 ^ _1199_/Q (sky130_fd_sc_hd__dfrtp_2)
                                                         u_i2c_master_controller.cntrl_fsm.byte_rx_fsm.i_i2c_master_falling_scl_detect (net)
                      0.259417    0.000000    0.409748 ^ _0974_/S (sky130_fd_sc_hd__mux2_1)
     1    0.002059    0.035746    0.188401    0.598149 v _0974_/X (sky130_fd_sc_hd__mux2_1)
                                                         _0280_ (net)
                      0.035746    0.000000    0.598149 v _1278_/D (sky130_fd_sc_hd__dfrtp_2)
                                              0.598149   data arrival time

                      0.150000   32.000000   32.000000   clock i_clk (rise edge)
                                  0.000000   32.000000   clock network delay (ideal)
                                 -0.250000   31.750000   clock uncertainty
                                  0.000000   31.750000   clock reconvergence pessimism
                                             31.750000 ^ _1278_/CLK (sky130_fd_sc_hd__dfrtp_2)
                                 -0.063641   31.686359   library setup time
                                             31.686359   data required time
---------------------------------------------------------------------------------------------
                                             31.686359   data required time
                                             -0.598149   data arrival time
---------------------------------------------------------------------------------------------
                                             31.088211   slack (MET)


Startpoint: _1129_ (rising edge-triggered flip-flop clocked by i_clk)
Endpoint: _1152_ (rising edge-triggered flip-flop clocked by i_clk)
Path Group: i_clk
Path Type: max

Fanout         Cap        Slew       Delay        Time   Description
---------------------------------------------------------------------------------------------
                      0.150000    0.000000    0.000000   clock i_clk (rise edge)
                                  0.000000    0.000000   clock network delay (ideal)
                      0.150000    0.000000    0.000000 ^ _1129_/CLK (sky130_fd_sc_hd__dfrtp_2)
    14    0.037994    0.085009    0.332641    0.332641 v _1129_/Q (sky130_fd_sc_hd__dfrtp_2)
                                                         u_i2c_master_controller.filter_scl.out_n (net)
                      0.085009    0.000000    0.332641 v _0648_/A (sky130_fd_sc_hd__or2_2)
     2    0.003849    0.039559    0.188828    0.521470 v _0648_/X (sky130_fd_sc_hd__or2_2)
                                                         _0352_ (net)
                      0.039559    0.000000    0.521470 v _0652_/B2 (sky130_fd_sc_hd__a22o_2)
     1    0.002259    0.023048    0.103101    0.624570 v _0652_/X (sky130_fd_sc_hd__a22o_2)
                                                         _0020_ (net)
                      0.023048    0.000000    0.624570 v _1152_/D (sky130_fd_sc_hd__dfstp_2)
                                              0.624570   data arrival time

                      0.150000   32.000000   32.000000   clock i_clk (rise edge)
                                  0.000000   32.000000   clock network delay (ideal)
                                 -0.250000   31.750000   clock uncertainty
                                  0.000000   31.750000   clock reconvergence pessimism
                                             31.750000 ^ _1152_/CLK (sky130_fd_sc_hd__dfstp_2)
                                 -0.034972   31.715027   library setup time
                                             31.715027   data required time
---------------------------------------------------------------------------------------------
                                             31.715027   data required time
                                             -0.624570   data arrival time
---------------------------------------------------------------------------------------------
                                             31.090456   slack (MET)


Startpoint: _1131_ (rising edge-triggered flip-flop clocked by i_clk)
Endpoint: _1134_ (rising edge-triggered flip-flop clocked by i_clk)
Path Group: i_clk
Path Type: max

Fanout         Cap        Slew       Delay        Time   Description
---------------------------------------------------------------------------------------------
                      0.150000    0.000000    0.000000   clock i_clk (rise edge)
                                  0.000000    0.000000   clock network delay (ideal)
                      0.150000    0.000000    0.000000 ^ _1131_/CLK (sky130_fd_sc_hd__dfrtp_2)
     6    0.022613    0.062404    0.307597    0.307597 v _1131_/Q (sky130_fd_sc_hd__dfrtp_2)
                                                         u_i2c_master_controller.i2cbus_cntrl_fsm.scl_gen.count[0] (net)
                      0.062404    0.000000    0.307597 v _0579_/D (sky130_fd_sc_hd__and4_2)
     6    0.018244    0.055610    0.188029    0.495626 v _0579_/X (sky130_fd_sc_hd__and4_2)
                                                         _0320_ (net)
                      0.055610    0.000000    0.495626 v _0595_/A2 (sky130_fd_sc_hd__o21ai_2)
     1    0.004764    0.076165    0.086521    0.582147 ^ _0595_/Y (sky130_fd_sc_hd__o21ai_2)
                                                         _0331_ (net)
                      0.076165    0.000000    0.582147 ^ _0596_/B1 (sky130_fd_sc_hd__a21oi_2)
     1    0.002059    0.027274    0.014628    0.596775 v _0596_/Y (sky130_fd_sc_hd__a21oi_2)
                                                         _0257_ (net)
                      0.027274    0.000000    0.596775 v _1134_/D (sky130_fd_sc_hd__dfrtp_2)
                                              0.596775   data arrival time

                      0.150000   32.000000   32.000000   clock i_clk (rise edge)
                                  0.000000   32.000000   clock network delay (ideal)
                                 -0.250000   31.750000   clock uncertainty
                                  0.000000   31.750000   clock reconvergence pessimism
                                             31.750000 ^ _1134_/CLK (sky130_fd_sc_hd__dfrtp_2)
                                 -0.060631   31.689369   library setup time
                                             31.689369   data required time
---------------------------------------------------------------------------------------------
                                             31.689369   data required time
                                             -0.596775   data arrival time
---------------------------------------------------------------------------------------------
                                             31.092594   slack (MET)


Startpoint: _1129_ (rising edge-triggered flip-flop clocked by i_clk)
Endpoint: _1253_ (rising edge-triggered flip-flop clocked by i_clk)
Path Group: i_clk
Path Type: max

Fanout         Cap        Slew       Delay        Time   Description
---------------------------------------------------------------------------------------------
                      0.150000    0.000000    0.000000   clock i_clk (rise edge)
                                  0.000000    0.000000   clock network delay (ideal)
                      0.150000    0.000000    0.000000 ^ _1129_/CLK (sky130_fd_sc_hd__dfrtp_2)
    14    0.037994    0.085009    0.332641    0.332641 v _1129_/Q (sky130_fd_sc_hd__dfrtp_2)
                                                         u_i2c_master_controller.filter_scl.out_n (net)
                      0.085009    0.000000    0.332641 v _0539_/A (sky130_fd_sc_hd__inv_2)
    14    0.049168    0.171486    0.158955    0.491596 ^ _0539_/Y (sky130_fd_sc_hd__inv_2)
                                                         _0288_ (net)
                      0.171486    0.000000    0.491596 ^ _0611_/A (sky130_fd_sc_hd__and2_2)
     3    0.008608    0.047871    0.122305    0.613901 ^ _0611_/X (sky130_fd_sc_hd__and2_2)
                                                         _0033_ (net)
                      0.047871    0.000000    0.613901 ^ _1253_/D (sky130_fd_sc_hd__dfrtp_2)
                                              0.613901   data arrival time

                      0.150000   32.000000   32.000000   clock i_clk (rise edge)
                                  0.000000   32.000000   clock network delay (ideal)
                                 -0.250000   31.750000   clock uncertainty
                                  0.000000   31.750000   clock reconvergence pessimism
                                             31.750000 ^ _1253_/CLK (sky130_fd_sc_hd__dfrtp_2)
                                 -0.033522   31.716476   library setup time
                                             31.716476   data required time
---------------------------------------------------------------------------------------------
                                             31.716476   data required time
                                             -0.613901   data arrival time
---------------------------------------------------------------------------------------------
                                             31.102573   slack (MET)


Startpoint: _1199_ (rising edge-triggered flip-flop clocked by i_clk)
Endpoint: _1169_ (rising edge-triggered flip-flop clocked by i_clk)
Path Group: i_clk
Path Type: max

Fanout         Cap        Slew       Delay        Time   Description
---------------------------------------------------------------------------------------------
                      0.150000    0.000000    0.000000   clock i_clk (rise edge)
                                  0.000000    0.000000   clock network delay (ideal)
                      0.150000    0.000000    0.000000 ^ _1199_/CLK (sky130_fd_sc_hd__dfrtp_2)
    21    0.066423    0.126521    0.370781    0.370781 v _1199_/Q (sky130_fd_sc_hd__dfrtp_2)
                                                         u_i2c_master_controller.cntrl_fsm.byte_rx_fsm.i_i2c_master_falling_scl_detect (net)
                      0.126521    0.000000    0.370781 v _0615_/B (sky130_fd_sc_hd__and2_2)
     2    0.004348    0.030598    0.156822    0.527603 v _0615_/X (sky130_fd_sc_hd__and2_2)
                                                         _0001_ (net)
                      0.030598    0.000000    0.527603 v _0683_/B1 (sky130_fd_sc_hd__a21o_2)
     1    0.002259    0.023825    0.078441    0.606044 v _0683_/X (sky130_fd_sc_hd__a21o_2)
                                                         _0005_ (net)
                      0.023825    0.000000    0.606044 v _1169_/D (sky130_fd_sc_hd__dfstp_2)
                                              0.606044   data arrival time

                      0.150000   32.000000   32.000000   clock i_clk (rise edge)
                                  0.000000   32.000000   clock network delay (ideal)
                                 -0.250000   31.750000   clock uncertainty
                                  0.000000   31.750000   clock reconvergence pessimism
                                             31.750000 ^ _1169_/CLK (sky130_fd_sc_hd__dfstp_2)
                                 -0.035201   31.714798   library setup time
                                             31.714798   data required time
---------------------------------------------------------------------------------------------
                                             31.714798   data required time
                                             -0.606044   data arrival time
---------------------------------------------------------------------------------------------
                                             31.108755   slack (MET)


Startpoint: _1160_ (rising edge-triggered flip-flop clocked by i_clk)
Endpoint: _1194_ (rising edge-triggered flip-flop clocked by i_clk)
Path Group: i_clk
Path Type: max

Fanout         Cap        Slew       Delay        Time   Description
---------------------------------------------------------------------------------------------
                      0.150000    0.000000    0.000000   clock i_clk (rise edge)
                                  0.000000    0.000000   clock network delay (ideal)
                      0.150000    0.000000    0.000000 ^ _1160_/CLK (sky130_fd_sc_hd__dfrtp_2)
     6    0.015714    0.052265    0.296364    0.296364 v _1160_/Q (sky130_fd_sc_hd__dfrtp_2)
                                                         u_i2c_master_controller.cntrl_fsm.cntrl_fsm.state[1] (net)
                      0.052265    0.000000    0.296364 v _0674_/C (sky130_fd_sc_hd__and3b_2)
     3    0.006020    0.034942    0.142708    0.439071 v _0674_/X (sky130_fd_sc_hd__and3b_2)
                                                         _0361_ (net)
                      0.034942    0.000000    0.439071 v _0737_/A0 (sky130_fd_sc_hd__mux2_1)
     1    0.002059    0.035921    0.137160    0.576231 v _0737_/X (sky130_fd_sc_hd__mux2_1)
                                                         _0038_ (net)
                      0.035921    0.000000    0.576231 v _1194_/D (sky130_fd_sc_hd__dfrtp_2)
                                              0.576231   data arrival time

                      0.150000   32.000000   32.000000   clock i_clk (rise edge)
                                  0.000000   32.000000   clock network delay (ideal)
                                 -0.250000   31.750000   clock uncertainty
                                  0.000000   31.750000   clock reconvergence pessimism
                                             31.750000 ^ _1194_/CLK (sky130_fd_sc_hd__dfrtp_2)
                                 -0.063703   31.686295   library setup time
                                             31.686295   data required time
---------------------------------------------------------------------------------------------
                                             31.686295   data required time
                                             -0.576231   data arrival time
---------------------------------------------------------------------------------------------
                                             31.110064   slack (MET)


Startpoint: _1211_ (rising edge-triggered flip-flop clocked by i_clk)
Endpoint: _1132_ (rising edge-triggered flip-flop clocked by i_clk)
Path Group: i_clk
Path Type: max

Fanout         Cap        Slew       Delay        Time   Description
---------------------------------------------------------------------------------------------
                      0.150000    0.000000    0.000000   clock i_clk (rise edge)
                                  0.000000    0.000000   clock network delay (ideal)
                      0.150000    0.000000    0.000000 ^ _1211_/CLK (sky130_fd_sc_hd__dfrtp_2)
     5    0.014217    0.049937    0.293613    0.293613 v _1211_/Q (sky130_fd_sc_hd__dfrtp_2)
                                                         u_i2c_master_controller.i2cbus_cntrl_fsm.scl_gen.count_eq_modby2 (net)
                      0.049937    0.000000    0.293613 v _0583_/B (sky130_fd_sc_hd__nor2_2)
     8    0.027824    0.229130    0.187046    0.480659 ^ _0583_/Y (sky130_fd_sc_hd__nor2_2)
                                                         _0324_ (net)
                      0.229130    0.000000    0.480659 ^ _0600_/B (sky130_fd_sc_hd__and3b_2)
     1    0.002087    0.028530    0.126977    0.607636 ^ _0600_/X (sky130_fd_sc_hd__and3b_2)
                                                         _0255_ (net)
                      0.028530    0.000000    0.607636 ^ _1132_/D (sky130_fd_sc_hd__dfrtp_2)
                                              0.607636   data arrival time

                      0.150000   32.000000   32.000000   clock i_clk (rise edge)
                                  0.000000   32.000000   clock network delay (ideal)
                                 -0.250000   31.750000   clock uncertainty
                                  0.000000   31.750000   clock reconvergence pessimism
                                             31.750000 ^ _1132_/CLK (sky130_fd_sc_hd__dfrtp_2)
                                 -0.031674   31.718323   library setup time
                                             31.718323   data required time
---------------------------------------------------------------------------------------------
                                             31.718323   data required time
                                             -0.607636   data arrival time
---------------------------------------------------------------------------------------------
                                             31.110689   slack (MET)


Startpoint: _1129_ (rising edge-triggered flip-flop clocked by i_clk)
Endpoint: _1150_ (rising edge-triggered flip-flop clocked by i_clk)
Path Group: i_clk
Path Type: max

Fanout         Cap        Slew       Delay        Time   Description
---------------------------------------------------------------------------------------------
                      0.150000    0.000000    0.000000   clock i_clk (rise edge)
                                  0.000000    0.000000   clock network delay (ideal)
                      0.150000    0.000000    0.000000 ^ _1129_/CLK (sky130_fd_sc_hd__dfrtp_2)
    14    0.041758    0.156246    0.338087    0.338087 ^ _1129_/Q (sky130_fd_sc_hd__dfrtp_2)
                                                         u_i2c_master_controller.filter_scl.out_n (net)
                      0.156246    0.000000    0.338087 ^ _0539_/A (sky130_fd_sc_hd__inv_2)
    14    0.046204    0.091831    0.097200    0.435286 v _0539_/Y (sky130_fd_sc_hd__inv_2)
                                                         _0288_ (net)
                      0.091831    0.000000    0.435286 v _0642_/A1 (sky130_fd_sc_hd__a21o_2)
     1    0.002059    0.023313    0.133215    0.568501 v _0642_/X (sky130_fd_sc_hd__a21o_2)
                                                         _0028_ (net)
                      0.023313    0.000000    0.568501 v _1150_/D (sky130_fd_sc_hd__dfrtp_2)
                                              0.568501   data arrival time

                      0.150000   32.000000   32.000000   clock i_clk (rise edge)
                                  0.000000   32.000000   clock network delay (ideal)
                                 -0.250000   31.750000   clock uncertainty
                                  0.000000   31.750000   clock reconvergence pessimism
                                             31.750000 ^ _1150_/CLK (sky130_fd_sc_hd__dfrtp_2)
                                 -0.059223   31.690775   library setup time
                                             31.690775   data required time
---------------------------------------------------------------------------------------------
                                             31.690775   data required time
                                             -0.568501   data arrival time
---------------------------------------------------------------------------------------------
                                             31.122274   slack (MET)


Startpoint: _1199_ (rising edge-triggered flip-flop clocked by i_clk)
Endpoint: _1171_ (rising edge-triggered flip-flop clocked by i_clk)
Path Group: i_clk
Path Type: max

Fanout         Cap        Slew       Delay        Time   Description
---------------------------------------------------------------------------------------------
                      0.150000    0.000000    0.000000   clock i_clk (rise edge)
                                  0.000000    0.000000   clock network delay (ideal)
                      0.150000    0.000000    0.000000 ^ _1199_/CLK (sky130_fd_sc_hd__dfrtp_2)
    21    0.066423    0.126521    0.370781    0.370781 v _1199_/Q (sky130_fd_sc_hd__dfrtp_2)
                                                         u_i2c_master_controller.cntrl_fsm.byte_rx_fsm.i_i2c_master_falling_scl_detect (net)
                      0.126521    0.000000    0.370781 v _0616_/A (sky130_fd_sc_hd__and2_2)
     2    0.004348    0.030328    0.143213    0.513994 v _0616_/X (sky130_fd_sc_hd__and2_2)
                                                         _0000_ (net)
                      0.030328    0.000000    0.513994 v _0685_/B1 (sky130_fd_sc_hd__a21o_2)
     1    0.002259    0.023862    0.078339    0.592334 v _0685_/X (sky130_fd_sc_hd__a21o_2)
                                                         _0003_ (net)
                      0.023862    0.000000    0.592334 v _1171_/D (sky130_fd_sc_hd__dfstp_2)
                                              0.592334   data arrival time

                      0.150000   32.000000   32.000000   clock i_clk (rise edge)
                                  0.000000   32.000000   clock network delay (ideal)
                                 -0.250000   31.750000   clock uncertainty
                                  0.000000   31.750000   clock reconvergence pessimism
                                             31.750000 ^ _1171_/CLK (sky130_fd_sc_hd__dfstp_2)
                                 -0.035212   31.714788   library setup time
                                             31.714788   data required time
---------------------------------------------------------------------------------------------
                                             31.714788   data required time
                                             -0.592334   data arrival time
---------------------------------------------------------------------------------------------
                                             31.122456   slack (MET)


Startpoint: _1129_ (rising edge-triggered flip-flop clocked by i_clk)
Endpoint: _1151_ (rising edge-triggered flip-flop clocked by i_clk)
Path Group: i_clk
Path Type: max

Fanout         Cap        Slew       Delay        Time   Description
---------------------------------------------------------------------------------------------
                      0.150000    0.000000    0.000000   clock i_clk (rise edge)
                                  0.000000    0.000000   clock network delay (ideal)
                      0.150000    0.000000    0.000000 ^ _1129_/CLK (sky130_fd_sc_hd__dfrtp_2)
    14    0.037994    0.085009    0.332641    0.332641 v _1129_/Q (sky130_fd_sc_hd__dfrtp_2)
                                                         u_i2c_master_controller.filter_scl.out_n (net)
                      0.085009    0.000000    0.332641 v _0612_/B (sky130_fd_sc_hd__nor2_2)
     5    0.012559    0.117961    0.119290    0.451931 ^ _0612_/Y (sky130_fd_sc_hd__nor2_2)
                                                         u_i2c_master_controller.i2cbus_cntrl_fsm.start_detect.state_next (net)
                      0.117961    0.000000    0.451931 ^ _0613_/A (sky130_fd_sc_hd__inv_2)
     1    0.002289    0.022963    0.011454    0.463385 v _0613_/Y (sky130_fd_sc_hd__inv_2)
                                                         _0339_ (net)
                      0.022963    0.000000    0.463385 v _0641_/B1 (sky130_fd_sc_hd__a22o_2)
     1    0.002059    0.022570    0.088157    0.551542 v _0641_/X (sky130_fd_sc_hd__a22o_2)
                                                         _0029_ (net)
                      0.022570    0.000000    0.551542 v _1151_/D (sky130_fd_sc_hd__dfrtp_2)
                                              0.551542   data arrival time

                      0.150000   32.000000   32.000000   clock i_clk (rise edge)
                                  0.000000   32.000000   clock network delay (ideal)
                                 -0.250000   31.750000   clock uncertainty
                                  0.000000   31.750000   clock reconvergence pessimism
                                             31.750000 ^ _1151_/CLK (sky130_fd_sc_hd__dfrtp_2)
                                 -0.058959   31.691038   library setup time
                                             31.691038   data required time
---------------------------------------------------------------------------------------------
                                             31.691038   data required time
                                             -0.551542   data arrival time
---------------------------------------------------------------------------------------------
                                             31.139498   slack (MET)


Startpoint: _1199_ (rising edge-triggered flip-flop clocked by i_clk)
Endpoint: _1167_ (rising edge-triggered flip-flop clocked by i_clk)
Path Group: i_clk
Path Type: max

Fanout         Cap        Slew       Delay        Time   Description
---------------------------------------------------------------------------------------------
                      0.150000    0.000000    0.000000   clock i_clk (rise edge)
                                  0.000000    0.000000   clock network delay (ideal)
                      0.150000    0.000000    0.000000 ^ _1199_/CLK (sky130_fd_sc_hd__dfrtp_2)
    21    0.071424    0.259417    0.409748    0.409748 ^ _1199_/Q (sky130_fd_sc_hd__dfrtp_2)
                                                         u_i2c_master_controller.cntrl_fsm.byte_rx_fsm.i_i2c_master_falling_scl_detect (net)
                      0.259417    0.000000    0.409748 ^ _0543_/A (sky130_fd_sc_hd__inv_2)
     3    0.006783    0.050847    0.019000    0.428748 v _0543_/Y (sky130_fd_sc_hd__inv_2)
                                                         _0290_ (net)
                      0.050847    0.000000    0.428748 v _0665_/A1 (sky130_fd_sc_hd__a22o_2)
     1    0.002059    0.022570    0.120727    0.549476 v _0665_/X (sky130_fd_sc_hd__a22o_2)
                                                         _0015_ (net)
                      0.022570    0.000000    0.549476 v _1167_/D (sky130_fd_sc_hd__dfrtp_2)
                                              0.549476   data arrival time

                      0.150000   32.000000   32.000000   clock i_clk (rise edge)
                                  0.000000   32.000000   clock network delay (ideal)
                                 -0.250000   31.750000   clock uncertainty
                                  0.000000   31.750000   clock reconvergence pessimism
                                             31.750000 ^ _1167_/CLK (sky130_fd_sc_hd__dfrtp_2)
                                 -0.058959   31.691038   library setup time
                                             31.691038   data required time
---------------------------------------------------------------------------------------------
                                             31.691038   data required time
                                             -0.549476   data arrival time
---------------------------------------------------------------------------------------------
                                             31.141562   slack (MET)


Startpoint: _1199_ (rising edge-triggered flip-flop clocked by i_clk)
Endpoint: _1170_ (rising edge-triggered flip-flop clocked by i_clk)
Path Group: i_clk
Path Type: max

Fanout         Cap        Slew       Delay        Time   Description
---------------------------------------------------------------------------------------------
                      0.150000    0.000000    0.000000   clock i_clk (rise edge)
                                  0.000000    0.000000   clock network delay (ideal)
                      0.150000    0.000000    0.000000 ^ _1199_/CLK (sky130_fd_sc_hd__dfrtp_2)
    21    0.071424    0.259417    0.409748    0.409748 ^ _1199_/Q (sky130_fd_sc_hd__dfrtp_2)
                                                         u_i2c_master_controller.cntrl_fsm.byte_rx_fsm.i_i2c_master_falling_scl_detect (net)
                      0.259417    0.000000    0.409748 ^ _0543_/A (sky130_fd_sc_hd__inv_2)
     3    0.006783    0.050847    0.019000    0.428748 v _0543_/Y (sky130_fd_sc_hd__inv_2)
                                                         _0290_ (net)
                      0.050847    0.000000    0.428748 v _0682_/A1 (sky130_fd_sc_hd__a22o_2)
     1    0.002059    0.022570    0.120727    0.549476 v _0682_/X (sky130_fd_sc_hd__a22o_2)
                                                         _0006_ (net)
                      0.022570    0.000000    0.549476 v _1170_/D (sky130_fd_sc_hd__dfrtp_2)
                                              0.549476   data arrival time

                      0.150000   32.000000   32.000000   clock i_clk (rise edge)
                                  0.000000   32.000000   clock network delay (ideal)
                                 -0.250000   31.750000   clock uncertainty
                                  0.000000   31.750000   clock reconvergence pessimism
                                             31.750000 ^ _1170_/CLK (sky130_fd_sc_hd__dfrtp_2)
                                 -0.058959   31.691038   library setup time
                                             31.691038   data required time
---------------------------------------------------------------------------------------------
                                             31.691038   data required time
                                             -0.549476   data arrival time
---------------------------------------------------------------------------------------------
                                             31.141562   slack (MET)


Startpoint: _1199_ (rising edge-triggered flip-flop clocked by i_clk)
Endpoint: _1172_ (rising edge-triggered flip-flop clocked by i_clk)
Path Group: i_clk
Path Type: max

Fanout         Cap        Slew       Delay        Time   Description
---------------------------------------------------------------------------------------------
                      0.150000    0.000000    0.000000   clock i_clk (rise edge)
                                  0.000000    0.000000   clock network delay (ideal)
                      0.150000    0.000000    0.000000 ^ _1199_/CLK (sky130_fd_sc_hd__dfrtp_2)
    21    0.071424    0.259417    0.409748    0.409748 ^ _1199_/Q (sky130_fd_sc_hd__dfrtp_2)
                                                         u_i2c_master_controller.cntrl_fsm.byte_rx_fsm.i_i2c_master_falling_scl_detect (net)
                      0.259417    0.000000    0.409748 ^ _0543_/A (sky130_fd_sc_hd__inv_2)
     3    0.006783    0.050847    0.019000    0.428748 v _0543_/Y (sky130_fd_sc_hd__inv_2)
                                                         _0290_ (net)
                      0.050847    0.000000    0.428748 v _0684_/A1 (sky130_fd_sc_hd__a22o_2)
     1    0.002059    0.022570    0.120727    0.549476 v _0684_/X (sky130_fd_sc_hd__a22o_2)
                                                         _0004_ (net)
                      0.022570    0.000000    0.549476 v _1172_/D (sky130_fd_sc_hd__dfrtp_2)
                                              0.549476   data arrival time

                      0.150000   32.000000   32.000000   clock i_clk (rise edge)
                                  0.000000   32.000000   clock network delay (ideal)
                                 -0.250000   31.750000   clock uncertainty
                                  0.000000   31.750000   clock reconvergence pessimism
                                             31.750000 ^ _1172_/CLK (sky130_fd_sc_hd__dfrtp_2)
                                 -0.058959   31.691038   library setup time
                                             31.691038   data required time
---------------------------------------------------------------------------------------------
                                             31.691038   data required time
                                             -0.549476   data arrival time
---------------------------------------------------------------------------------------------
                                             31.141562   slack (MET)


Startpoint: _1131_ (rising edge-triggered flip-flop clocked by i_clk)
Endpoint: _1133_ (rising edge-triggered flip-flop clocked by i_clk)
Path Group: i_clk
Path Type: max

Fanout         Cap        Slew       Delay        Time   Description
---------------------------------------------------------------------------------------------
                      0.150000    0.000000    0.000000   clock i_clk (rise edge)
                                  0.000000    0.000000   clock network delay (ideal)
                      0.150000    0.000000    0.000000 ^ _1131_/CLK (sky130_fd_sc_hd__dfrtp_2)
     6    0.022613    0.062404    0.307597    0.307597 v _1131_/Q (sky130_fd_sc_hd__dfrtp_2)
                                                         u_i2c_master_controller.i2cbus_cntrl_fsm.scl_gen.count[0] (net)
                      0.062404    0.000000    0.307597 v _0578_/C (sky130_fd_sc_hd__and3_2)
     2    0.005579    0.034102    0.146027    0.453624 v _0578_/X (sky130_fd_sc_hd__and3_2)
                                                         _0319_ (net)
                      0.034102    0.000000    0.453624 v _0597_/A2 (sky130_fd_sc_hd__o21ai_2)
     1    0.004773    0.076096    0.078661    0.532285 ^ _0597_/Y (sky130_fd_sc_hd__o21ai_2)
                                                         _0332_ (net)
                      0.076096    0.000000    0.532285 ^ _0598_/B (sky130_fd_sc_hd__nor2_2)
     1    0.002059    0.025122    0.015562    0.547847 v _0598_/Y (sky130_fd_sc_hd__nor2_2)
                                                         _0256_ (net)
                      0.025122    0.000000    0.547847 v _1133_/D (sky130_fd_sc_hd__dfrtp_2)
                                              0.547847   data arrival time

                      0.150000   32.000000   32.000000   clock i_clk (rise edge)
                                  0.000000   32.000000   clock network delay (ideal)
                                 -0.250000   31.750000   clock uncertainty
                                  0.000000   31.750000   clock reconvergence pessimism
                                             31.750000 ^ _1133_/CLK (sky130_fd_sc_hd__dfrtp_2)
                                 -0.059866   31.690132   library setup time
                                             31.690132   data required time
---------------------------------------------------------------------------------------------
                                             31.690132   data required time
                                             -0.547847   data arrival time
---------------------------------------------------------------------------------------------
                                             31.142286   slack (MET)


Startpoint: _1129_ (rising edge-triggered flip-flop clocked by i_clk)
Endpoint: _1097_ (rising edge-triggered flip-flop clocked by i_clk)
Path Group: i_clk
Path Type: max

Fanout         Cap        Slew       Delay        Time   Description
---------------------------------------------------------------------------------------------
                      0.150000    0.000000    0.000000   clock i_clk (rise edge)
                                  0.000000    0.000000   clock network delay (ideal)
                      0.150000    0.000000    0.000000 ^ _1129_/CLK (sky130_fd_sc_hd__dfrtp_2)
    14    0.037994    0.085009    0.332641    0.332641 v _1129_/Q (sky130_fd_sc_hd__dfrtp_2)
                                                         u_i2c_master_controller.filter_scl.out_n (net)
                      0.085009    0.000000    0.332641 v _0539_/A (sky130_fd_sc_hd__inv_2)
    14    0.049168    0.171486    0.158955    0.491596 ^ _0539_/Y (sky130_fd_sc_hd__inv_2)
                                                         _0288_ (net)
                      0.171486    0.000000    0.491596 ^ _0876_/A1 (sky130_fd_sc_hd__a21o_2)
     1    0.002517    0.022646    0.084329    0.575926 ^ _0876_/X (sky130_fd_sc_hd__a21o_2)
                                                         _0220_ (net)
                      0.022646    0.000000    0.575926 ^ _1097_/D (sky130_fd_sc_hd__dfstp_2)
                                              0.575926   data arrival time

                      0.150000   32.000000   32.000000   clock i_clk (rise edge)
                                  0.000000   32.000000   clock network delay (ideal)
                                 -0.250000   31.750000   clock uncertainty
                                  0.000000   31.750000   clock reconvergence pessimism
                                             31.750000 ^ _1097_/CLK (sky130_fd_sc_hd__dfstp_2)
                                 -0.028407   31.721592   library setup time
                                             31.721592   data required time
---------------------------------------------------------------------------------------------
                                             31.721592   data required time
                                             -0.575926   data arrival time
---------------------------------------------------------------------------------------------
                                             31.145664   slack (MET)


Startpoint: _1160_ (rising edge-triggered flip-flop clocked by i_clk)
Endpoint: _1162_ (rising edge-triggered flip-flop clocked by i_clk)
Path Group: i_clk
Path Type: max

Fanout         Cap        Slew       Delay        Time   Description
---------------------------------------------------------------------------------------------
                      0.150000    0.000000    0.000000   clock i_clk (rise edge)
                                  0.000000    0.000000   clock network delay (ideal)
                      0.150000    0.000000    0.000000 ^ _1160_/CLK (sky130_fd_sc_hd__dfrtp_2)
     6    0.015714    0.052265    0.296364    0.296364 v _1160_/Q (sky130_fd_sc_hd__dfrtp_2)
                                                         u_i2c_master_controller.cntrl_fsm.cntrl_fsm.state[1] (net)
                      0.052265    0.000000    0.296364 v _0674_/C (sky130_fd_sc_hd__and3b_2)
     3    0.006020    0.034942    0.142708    0.439071 v _0674_/X (sky130_fd_sc_hd__and3b_2)
                                                         _0361_ (net)
                      0.034942    0.000000    0.439071 v _0675_/C1 (sky130_fd_sc_hd__a221o_2)
     1    0.002059    0.029995    0.103322    0.542393 v _0675_/X (sky130_fd_sc_hd__a221o_2)
                                                         _0010_ (net)
                      0.029995    0.000000    0.542393 v _1162_/D (sky130_fd_sc_hd__dfrtp_2)
                                              0.542393   data arrival time

                      0.150000   32.000000   32.000000   clock i_clk (rise edge)
                                  0.000000   32.000000   clock network delay (ideal)
                                 -0.250000   31.750000   clock uncertainty
                                  0.000000   31.750000   clock reconvergence pessimism
                                             31.750000 ^ _1162_/CLK (sky130_fd_sc_hd__dfrtp_2)
                                 -0.061597   31.688402   library setup time
                                             31.688402   data required time
---------------------------------------------------------------------------------------------
                                             31.688402   data required time
                                             -0.542393   data arrival time
---------------------------------------------------------------------------------------------
                                             31.146009   slack (MET)


Startpoint: _1130_ (rising edge-triggered flip-flop clocked by i_clk)
Endpoint: _1141_ (rising edge-triggered flip-flop clocked by i_clk)
Path Group: i_clk
Path Type: max

Fanout         Cap        Slew       Delay        Time   Description
---------------------------------------------------------------------------------------------
                      0.150000    0.000000    0.000000   clock i_clk (rise edge)
                                  0.000000    0.000000   clock network delay (ideal)
                      0.150000    0.000000    0.000000 ^ _1130_/CLK (sky130_fd_sc_hd__dfrtp_2)
     4    0.012991    0.047715    0.290586    0.290586 v _1130_/Q (sky130_fd_sc_hd__dfrtp_2)
                                                         u_i2c_master_controller.filter_sda.out_n (net)
                      0.047715    0.000000    0.290586 v _0538_/A (sky130_fd_sc_hd__inv_2)
     9    0.018182    0.067258    0.071113    0.361699 ^ _0538_/Y (sky130_fd_sc_hd__inv_2)
                                                         _0287_ (net)
                      0.067258    0.000000    0.361699 ^ _0575_/A (sky130_fd_sc_hd__nor2_2)
     2    0.003955    0.034021    0.026433    0.388132 v _0575_/Y (sky130_fd_sc_hd__nor2_2)
                                                         _0048_ (net)
                      0.034021    0.000000    0.388132 v _0576_/A1 (sky130_fd_sc_hd__mux2_1)
     1    0.002059    0.035977    0.142656    0.530788 v _0576_/X (sky130_fd_sc_hd__mux2_1)
                                                         _0264_ (net)
                      0.035977    0.000000    0.530788 v _1141_/D (sky130_fd_sc_hd__dfrtp_2)
                                              0.530788   data arrival time

                      0.150000   32.000000   32.000000   clock i_clk (rise edge)
                                  0.000000   32.000000   clock network delay (ideal)
                                 -0.250000   31.750000   clock uncertainty
                                  0.000000   31.750000   clock reconvergence pessimism
                                             31.750000 ^ _1141_/CLK (sky130_fd_sc_hd__dfrtp_2)
                                 -0.063723   31.686274   library setup time
                                             31.686274   data required time
---------------------------------------------------------------------------------------------
                                             31.686274   data required time
                                             -0.530788   data arrival time
---------------------------------------------------------------------------------------------
                                             31.155485   slack (MET)


Startpoint: _1129_ (rising edge-triggered flip-flop clocked by i_clk)
Endpoint: _1156_ (rising edge-triggered flip-flop clocked by i_clk)
Path Group: i_clk
Path Type: max

Fanout         Cap        Slew       Delay        Time   Description
---------------------------------------------------------------------------------------------
                      0.150000    0.000000    0.000000   clock i_clk (rise edge)
                                  0.000000    0.000000   clock network delay (ideal)
                      0.150000    0.000000    0.000000 ^ _1129_/CLK (sky130_fd_sc_hd__dfrtp_2)
    14    0.037994    0.085009    0.332641    0.332641 v _1129_/Q (sky130_fd_sc_hd__dfrtp_2)
                                                         u_i2c_master_controller.filter_scl.out_n (net)
                      0.085009    0.000000    0.332641 v _0539_/A (sky130_fd_sc_hd__inv_2)
    14    0.049168    0.171486    0.158955    0.491596 ^ _0539_/Y (sky130_fd_sc_hd__inv_2)
                                                         _0288_ (net)
                      0.171486    0.000000    0.491596 ^ _0656_/B1 (sky130_fd_sc_hd__o21a_2)
     1    0.002517    0.022679    0.071663    0.563260 ^ _0656_/X (sky130_fd_sc_hd__o21a_2)
                                                         _0017_ (net)
                      0.022679    0.000000    0.563260 ^ _1156_/D (sky130_fd_sc_hd__dfstp_2)
                                              0.563260   data arrival time

                      0.150000   32.000000   32.000000   clock i_clk (rise edge)
                                  0.000000   32.000000   clock network delay (ideal)
                                 -0.250000   31.750000   clock uncertainty
                                  0.000000   31.750000   clock reconvergence pessimism
                                             31.750000 ^ _1156_/CLK (sky130_fd_sc_hd__dfstp_2)
                                 -0.028409   31.721588   library setup time
                                             31.721588   data required time
---------------------------------------------------------------------------------------------
                                             31.721588   data required time
                                             -0.563260   data arrival time
---------------------------------------------------------------------------------------------
                                             31.158331   slack (MET)


Startpoint: _1080_ (rising edge-triggered flip-flop clocked by i_clk)
Endpoint: _1166_ (rising edge-triggered flip-flop clocked by i_clk)
Path Group: i_clk
Path Type: max

Fanout         Cap        Slew       Delay        Time   Description
---------------------------------------------------------------------------------------------
                      0.150000    0.000000    0.000000   clock i_clk (rise edge)
                                  0.000000    0.000000   clock network delay (ideal)
                      0.150000    0.000000    0.000000 ^ _1080_/CLK (sky130_fd_sc_hd__dfrtp_2)
     5    0.014307    0.050100    0.293835    0.293835 v _1080_/Q (sky130_fd_sc_hd__dfrtp_2)
                                                         u_i2c_master_controller.cntrl_fsm.adr_mode (net)
                      0.050100    0.000000    0.293835 v _0666_/C (sky130_fd_sc_hd__and3_2)
     2    0.004474    0.032085    0.138197    0.432032 v _0666_/X (sky130_fd_sc_hd__and3_2)
                                                         _0359_ (net)
                      0.032085    0.000000    0.432032 v _0667_/B2 (sky130_fd_sc_hd__a22o_2)
     1    0.002059    0.022571    0.099768    0.531800 v _0667_/X (sky130_fd_sc_hd__a22o_2)
                                                         _0014_ (net)
                      0.022571    0.000000    0.531800 v _1166_/D (sky130_fd_sc_hd__dfrtp_2)
                                              0.531800   data arrival time

                      0.150000   32.000000   32.000000   clock i_clk (rise edge)
                                  0.000000   32.000000   clock network delay (ideal)
                                 -0.250000   31.750000   clock uncertainty
                                  0.000000   31.750000   clock reconvergence pessimism
                                             31.750000 ^ _1166_/CLK (sky130_fd_sc_hd__dfrtp_2)
                                 -0.058960   31.691038   library setup time
                                             31.691038   data required time
---------------------------------------------------------------------------------------------
                                             31.691038   data required time
                                             -0.531800   data arrival time
---------------------------------------------------------------------------------------------
                                             31.159239   slack (MET)


Startpoint: _1199_ (rising edge-triggered flip-flop clocked by i_clk)
Endpoint: _1197_ (rising edge-triggered flip-flop clocked by i_clk)
Path Group: i_clk
Path Type: max

Fanout         Cap        Slew       Delay        Time   Description
---------------------------------------------------------------------------------------------
                      0.150000    0.000000    0.000000   clock i_clk (rise edge)
                                  0.000000    0.000000   clock network delay (ideal)
                      0.150000    0.000000    0.000000 ^ _1199_/CLK (sky130_fd_sc_hd__dfrtp_2)
    21    0.066423    0.126521    0.370781    0.370781 v _1199_/Q (sky130_fd_sc_hd__dfrtp_2)
                                                         u_i2c_master_controller.cntrl_fsm.byte_rx_fsm.i_i2c_master_falling_scl_detect (net)
                      0.126521    0.000000    0.370781 v _0615_/B (sky130_fd_sc_hd__and2_2)
     2    0.004348    0.030598    0.156822    0.527603 v _0615_/X (sky130_fd_sc_hd__and2_2)
                                                         _0001_ (net)
                      0.030598    0.000000    0.527603 v _1197_/D (sky130_fd_sc_hd__dfrtp_2)
                                              0.527603   data arrival time

                      0.150000   32.000000   32.000000   clock i_clk (rise edge)
                                  0.000000   32.000000   clock network delay (ideal)
                                 -0.250000   31.750000   clock uncertainty
                                  0.000000   31.750000   clock reconvergence pessimism
                                             31.750000 ^ _1197_/CLK (sky130_fd_sc_hd__dfrtp_2)
                                 -0.061812   31.688185   library setup time
                                             31.688185   data required time
---------------------------------------------------------------------------------------------
                                             31.688185   data required time
                                             -0.527603   data arrival time
---------------------------------------------------------------------------------------------
                                             31.160583   slack (MET)


Startpoint: _1129_ (rising edge-triggered flip-flop clocked by i_clk)
Endpoint: _1129_ (rising edge-triggered flip-flop clocked by i_clk)
Path Group: i_clk
Path Type: max

Fanout         Cap        Slew       Delay        Time   Description
---------------------------------------------------------------------------------------------
                      0.150000    0.000000    0.000000   clock i_clk (rise edge)
                                  0.000000    0.000000   clock network delay (ideal)
                      0.150000    0.000000    0.000000 ^ _1129_/CLK (sky130_fd_sc_hd__dfrtp_2)
    14    0.037994    0.085009    0.332641    0.332641 v _1129_/Q (sky130_fd_sc_hd__dfrtp_2)
                                                         u_i2c_master_controller.filter_scl.out_n (net)
                      0.085009    0.000000    0.332641 v _0605_/A1 (sky130_fd_sc_hd__a21o_2)
     1    0.002373    0.024052    0.131638    0.464279 v _0605_/X (sky130_fd_sc_hd__a21o_2)
                                                         _0336_ (net)
                      0.024052    0.000000    0.464279 v _0606_/B1 (sky130_fd_sc_hd__o21a_2)
     1    0.002059    0.023243    0.063190    0.527469 v _0606_/X (sky130_fd_sc_hd__o21a_2)
                                                         _0252_ (net)
                      0.023243    0.000000    0.527469 v _1129_/D (sky130_fd_sc_hd__dfrtp_2)
                                              0.527469   data arrival time

                      0.150000   32.000000   32.000000   clock i_clk (rise edge)
                                  0.000000   32.000000   clock network delay (ideal)
                                 -0.250000   31.750000   clock uncertainty
                                  0.000000   31.750000   clock reconvergence pessimism
                                             31.750000 ^ _1129_/CLK (sky130_fd_sc_hd__dfrtp_2)
                                 -0.059198   31.690800   library setup time
                                             31.690800   data required time
---------------------------------------------------------------------------------------------
                                             31.690800   data required time
                                             -0.527469   data arrival time
---------------------------------------------------------------------------------------------
                                             31.163332   slack (MET)


Startpoint: _1160_ (rising edge-triggered flip-flop clocked by i_clk)
Endpoint: _1108_ (rising edge-triggered flip-flop clocked by i_clk)
Path Group: i_clk
Path Type: max

Fanout         Cap        Slew       Delay        Time   Description
---------------------------------------------------------------------------------------------
                      0.150000    0.000000    0.000000   clock i_clk (rise edge)
                                  0.000000    0.000000   clock network delay (ideal)
                      0.150000    0.000000    0.000000 ^ _1160_/CLK (sky130_fd_sc_hd__dfrtp_2)
     6    0.015714    0.052265    0.296364    0.296364 v _1160_/Q (sky130_fd_sc_hd__dfrtp_2)
                                                         u_i2c_master_controller.cntrl_fsm.cntrl_fsm.state[1] (net)
                      0.052265    0.000000    0.296364 v _0897_/C (sky130_fd_sc_hd__and3b_2)
     2    0.004578    0.032412    0.139195    0.435559 v _0897_/X (sky130_fd_sc_hd__and3b_2)
                                                         _0488_ (net)
                      0.032412    0.000000    0.435559 v _0898_/B1 (sky130_fd_sc_hd__a22o_2)
     1    0.002059    0.022571    0.091540    0.527098 v _0898_/X (sky130_fd_sc_hd__a22o_2)
                                                         _0231_ (net)
                      0.022571    0.000000    0.527098 v _1108_/D (sky130_fd_sc_hd__dfrtp_2)
                                              0.527098   data arrival time

                      0.150000   32.000000   32.000000   clock i_clk (rise edge)
                                  0.000000   32.000000   clock network delay (ideal)
                                 -0.250000   31.750000   clock uncertainty
                                  0.000000   31.750000   clock reconvergence pessimism
                                             31.750000 ^ _1108_/CLK (sky130_fd_sc_hd__dfrtp_2)
                                 -0.058960   31.691038   library setup time
                                             31.691038   data required time
---------------------------------------------------------------------------------------------
                                             31.691038   data required time
                                             -0.527098   data arrival time
---------------------------------------------------------------------------------------------
                                             31.163940   slack (MET)


Startpoint: _1160_ (rising edge-triggered flip-flop clocked by i_clk)
Endpoint: _1109_ (rising edge-triggered flip-flop clocked by i_clk)
Path Group: i_clk
Path Type: max

Fanout         Cap        Slew       Delay        Time   Description
---------------------------------------------------------------------------------------------
                      0.150000    0.000000    0.000000   clock i_clk (rise edge)
                                  0.000000    0.000000   clock network delay (ideal)
                      0.150000    0.000000    0.000000 ^ _1160_/CLK (sky130_fd_sc_hd__dfrtp_2)
     6    0.015714    0.052265    0.296364    0.296364 v _1160_/Q (sky130_fd_sc_hd__dfrtp_2)
                                                         u_i2c_master_controller.cntrl_fsm.cntrl_fsm.state[1] (net)
                      0.052265    0.000000    0.296364 v _0897_/C (sky130_fd_sc_hd__and3b_2)
     2    0.004578    0.032412    0.139195    0.435559 v _0897_/X (sky130_fd_sc_hd__and3b_2)
                                                         _0488_ (net)
                      0.032412    0.000000    0.435559 v _0899_/B1 (sky130_fd_sc_hd__a22o_2)
     1    0.002059    0.022571    0.091540    0.527098 v _0899_/X (sky130_fd_sc_hd__a22o_2)
                                                         _0232_ (net)
                      0.022571    0.000000    0.527098 v _1109_/D (sky130_fd_sc_hd__dfrtp_2)
                                              0.527098   data arrival time

                      0.150000   32.000000   32.000000   clock i_clk (rise edge)
                                  0.000000   32.000000   clock network delay (ideal)
                                 -0.250000   31.750000   clock uncertainty
                                  0.000000   31.750000   clock reconvergence pessimism
                                             31.750000 ^ _1109_/CLK (sky130_fd_sc_hd__dfrtp_2)
                                 -0.058960   31.691038   library setup time
                                             31.691038   data required time
---------------------------------------------------------------------------------------------
                                             31.691038   data required time
                                             -0.527098   data arrival time
---------------------------------------------------------------------------------------------
                                             31.163940   slack (MET)


Startpoint: _1152_ (rising edge-triggered flip-flop clocked by i_clk)
Endpoint: _1140_ (rising edge-triggered flip-flop clocked by i_clk)
Path Group: i_clk
Path Type: max

Fanout         Cap        Slew       Delay        Time   Description
---------------------------------------------------------------------------------------------
                      0.150000    0.000000    0.000000   clock i_clk (rise edge)
                                  0.000000    0.000000   clock network delay (ideal)
                      0.150000    0.000000    0.000000 ^ _1152_/CLK (sky130_fd_sc_hd__dfstp_2)
     4    0.012165    0.054866    0.352524    0.352524 ^ _1152_/Q (sky130_fd_sc_hd__dfstp_2)
                                                         u_i2c_master_controller.i2cbus_cntrl_fsm.scl_gen.state[0] (net)
                      0.054866    0.000000    0.352524 ^ _0548_/A (sky130_fd_sc_hd__inv_2)
     3    0.008739    0.023706    0.026691    0.379215 v _0548_/Y (sky130_fd_sc_hd__inv_2)
                                                         _0295_ (net)
                      0.023706    0.000000    0.379215 v _0577_/A3 (sky130_fd_sc_hd__a31o_2)
     1    0.002059    0.026347    0.142567    0.521782 v _0577_/X (sky130_fd_sc_hd__a31o_2)
                                                         _0263_ (net)
                      0.026347    0.000000    0.521782 v _1140_/D (sky130_fd_sc_hd__dfrtp_2)
                                              0.521782   data arrival time

                      0.150000   32.000000   32.000000   clock i_clk (rise edge)
                                  0.000000   32.000000   clock network delay (ideal)
                                 -0.250000   31.750000   clock uncertainty
                                  0.000000   31.750000   clock reconvergence pessimism
                                             31.750000 ^ _1140_/CLK (sky130_fd_sc_hd__dfrtp_2)
                                 -0.060301   31.689699   library setup time
                                             31.689699   data required time
---------------------------------------------------------------------------------------------
                                             31.689699   data required time
                                             -0.521782   data arrival time
---------------------------------------------------------------------------------------------
                                             31.167915   slack (MET)


Startpoint: _1152_ (rising edge-triggered flip-flop clocked by i_clk)
Endpoint: _1200_ (rising edge-triggered flip-flop clocked by i_clk)
Path Group: i_clk
Path Type: max

Fanout         Cap        Slew       Delay        Time   Description
---------------------------------------------------------------------------------------------
                      0.150000    0.000000    0.000000   clock i_clk (rise edge)
                                  0.000000    0.000000   clock network delay (ideal)
                      0.150000    0.000000    0.000000 ^ _1152_/CLK (sky130_fd_sc_hd__dfstp_2)
     4    0.012165    0.054866    0.352524    0.352524 ^ _1152_/Q (sky130_fd_sc_hd__dfstp_2)
                                                         u_i2c_master_controller.i2cbus_cntrl_fsm.scl_gen.state[0] (net)
                      0.054866    0.000000    0.352524 ^ _0548_/A (sky130_fd_sc_hd__inv_2)
     3    0.008739    0.023706    0.026691    0.379215 v _0548_/Y (sky130_fd_sc_hd__inv_2)
                                                         _0295_ (net)
                      0.023706    0.000000    0.379215 v _0741_/C1 (sky130_fd_sc_hd__o211a_2)
     1    0.002289    0.029239    0.065886    0.445101 v _0741_/X (sky130_fd_sc_hd__o211a_2)
                                                         _0406_ (net)
                      0.029239    0.000000    0.445101 v _0742_/B1 (sky130_fd_sc_hd__a21o_2)
     1    0.002059    0.023328    0.077377    0.522478 v _0742_/X (sky130_fd_sc_hd__a21o_2)
                                                         _0046_ (net)
                      0.023328    0.000000    0.522478 v _1200_/D (sky130_fd_sc_hd__dfrtp_2)
                                              0.522478   data arrival time

                      0.150000   32.000000   32.000000   clock i_clk (rise edge)
                                  0.000000   32.000000   clock network delay (ideal)
                                 -0.250000   31.750000   clock uncertainty
                                  0.000000   31.750000   clock reconvergence pessimism
                                             31.750000 ^ _1200_/CLK (sky130_fd_sc_hd__dfrtp_2)
                                 -0.059229   31.690771   library setup time
                                             31.690771   data required time
---------------------------------------------------------------------------------------------
                                             31.690771   data required time
                                             -0.522478   data arrival time
---------------------------------------------------------------------------------------------
                                             31.168291   slack (MET)


Startpoint: _1211_ (rising edge-triggered flip-flop clocked by i_clk)
Endpoint: _1131_ (rising edge-triggered flip-flop clocked by i_clk)
Path Group: i_clk
Path Type: max

Fanout         Cap        Slew       Delay        Time   Description
---------------------------------------------------------------------------------------------
                      0.150000    0.000000    0.000000   clock i_clk (rise edge)
                                  0.000000    0.000000   clock network delay (ideal)
                      0.150000    0.000000    0.000000 ^ _1211_/CLK (sky130_fd_sc_hd__dfrtp_2)
     5    0.014217    0.049937    0.293613    0.293613 v _1211_/Q (sky130_fd_sc_hd__dfrtp_2)
                                                         u_i2c_master_controller.i2cbus_cntrl_fsm.scl_gen.count_eq_modby2 (net)
                      0.049937    0.000000    0.293613 v _0583_/B (sky130_fd_sc_hd__nor2_2)
     8    0.027824    0.229130    0.187046    0.480659 ^ _0583_/Y (sky130_fd_sc_hd__nor2_2)
                                                         _0324_ (net)
                      0.229130    0.000000    0.480659 ^ _0601_/B1 (sky130_fd_sc_hd__o21ai_2)
     1    0.004215    0.047053    0.018815    0.499473 v _0601_/Y (sky130_fd_sc_hd__o21ai_2)
                                                         _0334_ (net)
                      0.047053    0.000000    0.499473 v _0602_/B1 (sky130_fd_sc_hd__a21oi_2)
     1    0.002087    0.054096    0.045104    0.544578 ^ _0602_/Y (sky130_fd_sc_hd__a21oi_2)
                                                         _0254_ (net)
                      0.054096    0.000000    0.544578 ^ _1131_/D (sky130_fd_sc_hd__dfrtp_2)
                                              0.544578   data arrival time

                      0.150000   32.000000   32.000000   clock i_clk (rise edge)
                                  0.000000   32.000000   clock network delay (ideal)
                                 -0.250000   31.750000   clock uncertainty
                                  0.000000   31.750000   clock reconvergence pessimism
                                             31.750000 ^ _1131_/CLK (sky130_fd_sc_hd__dfrtp_2)
                                 -0.034117   31.715883   library setup time
                                             31.715883   data required time
---------------------------------------------------------------------------------------------
                                             31.715883   data required time
                                             -0.544578   data arrival time
---------------------------------------------------------------------------------------------
                                             31.171305   slack (MET)


Startpoint: _1129_ (rising edge-triggered flip-flop clocked by i_clk)
Endpoint: _1146_ (rising edge-triggered flip-flop clocked by i_clk)
Path Group: i_clk
Path Type: max

Fanout         Cap        Slew       Delay        Time   Description
---------------------------------------------------------------------------------------------
                      0.150000    0.000000    0.000000   clock i_clk (rise edge)
                                  0.000000    0.000000   clock network delay (ideal)
                      0.150000    0.000000    0.000000 ^ _1129_/CLK (sky130_fd_sc_hd__dfrtp_2)
    14    0.037994    0.085009    0.332641    0.332641 v _1129_/Q (sky130_fd_sc_hd__dfrtp_2)
                                                         u_i2c_master_controller.filter_scl.out_n (net)
                      0.085009    0.000000    0.332641 v _0612_/B (sky130_fd_sc_hd__nor2_2)
     5    0.012559    0.117961    0.119290    0.451931 ^ _0612_/Y (sky130_fd_sc_hd__nor2_2)
                                                         u_i2c_master_controller.i2cbus_cntrl_fsm.start_detect.state_next (net)
                      0.117961    0.000000    0.451931 ^ _0614_/B (sky130_fd_sc_hd__and2_2)
     1    0.002087    0.023987    0.095118    0.547049 ^ _0614_/X (sky130_fd_sc_hd__and2_2)
                                                         _0002_ (net)
                      0.023987    0.000000    0.547049 ^ _1146_/D (sky130_fd_sc_hd__dfrtp_2)
                                              0.547049   data arrival time

                      0.150000   32.000000   32.000000   clock i_clk (rise edge)
                                  0.000000   32.000000   clock network delay (ideal)
                                 -0.250000   31.750000   clock uncertainty
                                  0.000000   31.750000   clock reconvergence pessimism
                                             31.750000 ^ _1146_/CLK (sky130_fd_sc_hd__dfrtp_2)
                                 -0.031240   31.718760   library setup time
                                             31.718760   data required time
---------------------------------------------------------------------------------------------
                                             31.718760   data required time
                                             -0.547049   data arrival time
---------------------------------------------------------------------------------------------
                                             31.171709   slack (MET)


Startpoint: _1129_ (rising edge-triggered flip-flop clocked by i_clk)
Endpoint: _1234_ (rising edge-triggered flip-flop clocked by i_clk)
Path Group: i_clk
Path Type: max

Fanout         Cap        Slew       Delay        Time   Description
---------------------------------------------------------------------------------------------
                      0.150000    0.000000    0.000000   clock i_clk (rise edge)
                                  0.000000    0.000000   clock network delay (ideal)
                      0.150000    0.000000    0.000000 ^ _1129_/CLK (sky130_fd_sc_hd__dfrtp_2)
    14    0.037994    0.085009    0.332641    0.332641 v _1129_/Q (sky130_fd_sc_hd__dfrtp_2)
                                                         u_i2c_master_controller.filter_scl.out_n (net)
                      0.085009    0.000000    0.332641 v _0612_/B (sky130_fd_sc_hd__nor2_2)
     5    0.012559    0.117961    0.119290    0.451931 ^ _0612_/Y (sky130_fd_sc_hd__nor2_2)
                                                         u_i2c_master_controller.i2cbus_cntrl_fsm.start_detect.state_next (net)
                      0.117961    0.000000    0.451931 ^ _0736_/B (sky130_fd_sc_hd__and2_2)
     1    0.002087    0.023987    0.095118    0.547049 ^ _0736_/X (sky130_fd_sc_hd__and2_2)
                                                         _0071_ (net)
                      0.023987    0.000000    0.547049 ^ _1234_/D (sky130_fd_sc_hd__dfrtp_2)
                                              0.547049   data arrival time

                      0.150000   32.000000   32.000000   clock i_clk (rise edge)
                                  0.000000   32.000000   clock network delay (ideal)
                                 -0.250000   31.750000   clock uncertainty
                                  0.000000   31.750000   clock reconvergence pessimism
                                             31.750000 ^ _1234_/CLK (sky130_fd_sc_hd__dfrtp_2)
                                 -0.031240   31.718760   library setup time
                                             31.718760   data required time
---------------------------------------------------------------------------------------------
                                             31.718760   data required time
                                             -0.547049   data arrival time
---------------------------------------------------------------------------------------------
                                             31.171709   slack (MET)


Startpoint: _1160_ (rising edge-triggered flip-flop clocked by i_clk)
Endpoint: _1190_ (rising edge-triggered flip-flop clocked by i_clk)
Path Group: i_clk
Path Type: max

Fanout         Cap        Slew       Delay        Time   Description
---------------------------------------------------------------------------------------------
                      0.150000    0.000000    0.000000   clock i_clk (rise edge)
                                  0.000000    0.000000   clock network delay (ideal)
                      0.150000    0.000000    0.000000 ^ _1160_/CLK (sky130_fd_sc_hd__dfrtp_2)
     6    0.015714    0.052265    0.296364    0.296364 v _1160_/Q (sky130_fd_sc_hd__dfrtp_2)
                                                         u_i2c_master_controller.cntrl_fsm.cntrl_fsm.state[1] (net)
                      0.052265    0.000000    0.296364 v _0674_/C (sky130_fd_sc_hd__and3b_2)
     3    0.006020    0.034942    0.142708    0.439071 v _0674_/X (sky130_fd_sc_hd__and3b_2)
                                                         _0361_ (net)
                      0.034942    0.000000    0.439071 v _0732_/B1 (sky130_fd_sc_hd__a21o_2)
     1    0.002059    0.023313    0.079519    0.518590 v _0732_/X (sky130_fd_sc_hd__a21o_2)
                                                         _0036_ (net)
                      0.023313    0.000000    0.518590 v _1190_/D (sky130_fd_sc_hd__dfrtp_2)
                                              0.518590   data arrival time

                      0.150000   32.000000   32.000000   clock i_clk (rise edge)
                                  0.000000   32.000000   clock network delay (ideal)
                                 -0.250000   31.750000   clock uncertainty
                                  0.000000   31.750000   clock reconvergence pessimism
                                             31.750000 ^ _1190_/CLK (sky130_fd_sc_hd__dfrtp_2)
                                 -0.059223   31.690775   library setup time
                                             31.690775   data required time
---------------------------------------------------------------------------------------------
                                             31.690775   data required time
                                             -0.518590   data arrival time
---------------------------------------------------------------------------------------------
                                             31.172186   slack (MET)


Startpoint: _1199_ (rising edge-triggered flip-flop clocked by i_clk)
Endpoint: _1198_ (rising edge-triggered flip-flop clocked by i_clk)
Path Group: i_clk
Path Type: max

Fanout         Cap        Slew       Delay        Time   Description
---------------------------------------------------------------------------------------------
                      0.150000    0.000000    0.000000   clock i_clk (rise edge)
                                  0.000000    0.000000   clock network delay (ideal)
                      0.150000    0.000000    0.000000 ^ _1199_/CLK (sky130_fd_sc_hd__dfrtp_2)
    21    0.066423    0.126521    0.370781    0.370781 v _1199_/Q (sky130_fd_sc_hd__dfrtp_2)
                                                         u_i2c_master_controller.cntrl_fsm.byte_rx_fsm.i_i2c_master_falling_scl_detect (net)
                      0.126521    0.000000    0.370781 v _0616_/A (sky130_fd_sc_hd__and2_2)
     2    0.004348    0.030328    0.143213    0.513994 v _0616_/X (sky130_fd_sc_hd__and2_2)
                                                         _0000_ (net)
                      0.030328    0.000000    0.513994 v _1198_/D (sky130_fd_sc_hd__dfrtp_2)
                                              0.513994   data arrival time

                      0.150000   32.000000   32.000000   clock i_clk (rise edge)
                                  0.000000   32.000000   clock network delay (ideal)
                                 -0.250000   31.750000   clock uncertainty
                                  0.000000   31.750000   clock reconvergence pessimism
                                             31.750000 ^ _1198_/CLK (sky130_fd_sc_hd__dfrtp_2)
                                 -0.061716   31.688282   library setup time
                                             31.688282   data required time
---------------------------------------------------------------------------------------------
                                             31.688282   data required time
                                             -0.513994   data arrival time
---------------------------------------------------------------------------------------------
                                             31.174286   slack (MET)


Startpoint: _1159_ (rising edge-triggered flip-flop clocked by i_clk)
Endpoint: _1128_ (rising edge-triggered flip-flop clocked by i_clk)
Path Group: i_clk
Path Type: max

Fanout         Cap        Slew       Delay        Time   Description
---------------------------------------------------------------------------------------------
                      0.150000    0.000000    0.000000   clock i_clk (rise edge)
                                  0.000000    0.000000   clock network delay (ideal)
                      0.150000    0.000000    0.000000 ^ _1159_/CLK (sky130_fd_sc_hd__dfstp_2)
     5    0.016736    0.069964    0.364290    0.364290 ^ _1159_/Q (sky130_fd_sc_hd__dfstp_2)
                                                         u_i2c_master_controller.cntrl_fsm.cntrl_fsm.state[0] (net)
                      0.069964    0.000000    0.364290 ^ _0957_/A (sky130_fd_sc_hd__nor2_2)
     1    0.002207    0.021738    0.022703    0.386993 v _0957_/Y (sky130_fd_sc_hd__nor2_2)
                                                         _0528_ (net)
                      0.021738    0.000000    0.386993 v _0958_/A2 (sky130_fd_sc_hd__a21o_2)
     1    0.002059    0.023341    0.122085    0.509078 v _0958_/X (sky130_fd_sc_hd__a21o_2)
                                                         _0251_ (net)
                      0.023341    0.000000    0.509078 v _1128_/D (sky130_fd_sc_hd__dfrtp_2)
                                              0.509078   data arrival time

                      0.150000   32.000000   32.000000   clock i_clk (rise edge)
                                  0.000000   32.000000   clock network delay (ideal)
                                 -0.250000   31.750000   clock uncertainty
                                  0.000000   31.750000   clock reconvergence pessimism
                                             31.750000 ^ _1128_/CLK (sky130_fd_sc_hd__dfrtp_2)
                                 -0.059233   31.690765   library setup time
                                             31.690765   data required time
---------------------------------------------------------------------------------------------
                                             31.690765   data required time
                                             -0.509078   data arrival time
---------------------------------------------------------------------------------------------
                                             31.181686   slack (MET)


Startpoint: _1199_ (rising edge-triggered flip-flop clocked by i_clk)
Endpoint: _1161_ (rising edge-triggered flip-flop clocked by i_clk)
Path Group: i_clk
Path Type: max

Fanout         Cap        Slew       Delay        Time   Description
---------------------------------------------------------------------------------------------
                      0.150000    0.000000    0.000000   clock i_clk (rise edge)
                                  0.000000    0.000000   clock network delay (ideal)
                      0.150000    0.000000    0.000000 ^ _1199_/CLK (sky130_fd_sc_hd__dfrtp_2)
    21    0.066423    0.126521    0.370781    0.370781 v _1199_/Q (sky130_fd_sc_hd__dfrtp_2)
                                                         u_i2c_master_controller.cntrl_fsm.byte_rx_fsm.i_i2c_master_falling_scl_detect (net)
                      0.126521    0.000000    0.370781 v _0676_/B2 (sky130_fd_sc_hd__a22o_2)
     1    0.002059    0.022571    0.136951    0.507732 v _0676_/X (sky130_fd_sc_hd__a22o_2)
                                                         _0009_ (net)
                      0.022571    0.000000    0.507732 v _1161_/D (sky130_fd_sc_hd__dfrtp_2)
                                              0.507732   data arrival time

                      0.150000   32.000000   32.000000   clock i_clk (rise edge)
                                  0.000000   32.000000   clock network delay (ideal)
                                 -0.250000   31.750000   clock uncertainty
                                  0.000000   31.750000   clock reconvergence pessimism
                                             31.750000 ^ _1161_/CLK (sky130_fd_sc_hd__dfrtp_2)
                                 -0.058960   31.691038   library setup time
                                             31.691038   data required time
---------------------------------------------------------------------------------------------
                                             31.691038   data required time
                                             -0.507732   data arrival time
---------------------------------------------------------------------------------------------
                                             31.183306   slack (MET)


Startpoint: _1129_ (rising edge-triggered flip-flop clocked by i_clk)
Endpoint: _1106_ (rising edge-triggered flip-flop clocked by i_clk)
Path Group: i_clk
Path Type: max

Fanout         Cap        Slew       Delay        Time   Description
---------------------------------------------------------------------------------------------
                      0.150000    0.000000    0.000000   clock i_clk (rise edge)
                                  0.000000    0.000000   clock network delay (ideal)
                      0.150000    0.000000    0.000000 ^ _1129_/CLK (sky130_fd_sc_hd__dfrtp_2)
    14    0.037994    0.085009    0.332641    0.332641 v _1129_/Q (sky130_fd_sc_hd__dfrtp_2)
                                                         u_i2c_master_controller.filter_scl.out_n (net)
                      0.085009    0.000000    0.332641 v _0612_/B (sky130_fd_sc_hd__nor2_2)
     5    0.012559    0.117961    0.119290    0.451931 ^ _0612_/Y (sky130_fd_sc_hd__nor2_2)
                                                         u_i2c_master_controller.i2cbus_cntrl_fsm.start_detect.state_next (net)
                      0.117961    0.000000    0.451931 ^ _0893_/B1 (sky130_fd_sc_hd__a22o_2)
     1    0.002087    0.021463    0.080765    0.532696 ^ _0893_/X (sky130_fd_sc_hd__a22o_2)
                                                         _0229_ (net)
                      0.021463    0.000000    0.532696 ^ _1106_/D (sky130_fd_sc_hd__dfrtp_2)
                                              0.532696   data arrival time

                      0.150000   32.000000   32.000000   clock i_clk (rise edge)
                                  0.000000   32.000000   clock network delay (ideal)
                                 -0.250000   31.750000   clock uncertainty
                                  0.000000   31.750000   clock reconvergence pessimism
                                             31.750000 ^ _1106_/CLK (sky130_fd_sc_hd__dfrtp_2)
                                 -0.030999   31.718998   library setup time
                                             31.718998   data required time
---------------------------------------------------------------------------------------------
                                             31.718998   data required time
                                             -0.532696   data arrival time
---------------------------------------------------------------------------------------------
                                             31.186300   slack (MET)


Startpoint: _1129_ (rising edge-triggered flip-flop clocked by i_clk)
Endpoint: _1157_ (rising edge-triggered flip-flop clocked by i_clk)
Path Group: i_clk
Path Type: max

Fanout         Cap        Slew       Delay        Time   Description
---------------------------------------------------------------------------------------------
                      0.150000    0.000000    0.000000   clock i_clk (rise edge)
                                  0.000000    0.000000   clock network delay (ideal)
                      0.150000    0.000000    0.000000 ^ _1129_/CLK (sky130_fd_sc_hd__dfrtp_2)
    14    0.037994    0.085009    0.332641    0.332641 v _1129_/Q (sky130_fd_sc_hd__dfrtp_2)
                                                         u_i2c_master_controller.filter_scl.out_n (net)
                      0.085009    0.000000    0.332641 v _0653_/A (sky130_fd_sc_hd__and2_2)
     2    0.006252    0.033612    0.130652    0.463293 v _0653_/X (sky130_fd_sc_hd__and2_2)
                                                         _0019_ (net)
                      0.033612    0.000000    0.463293 v _0655_/A (sky130_fd_sc_hd__nor2_2)
     1    0.002087    0.039783    0.059221    0.522514 ^ _0655_/Y (sky130_fd_sc_hd__nor2_2)
                                                         _0018_ (net)
                      0.039783    0.000000    0.522514 ^ _1157_/D (sky130_fd_sc_hd__dfrtp_2)
                                              0.522514   data arrival time

                      0.150000   32.000000   32.000000   clock i_clk (rise edge)
                                  0.000000   32.000000   clock network delay (ideal)
                                 -0.250000   31.750000   clock uncertainty
                                  0.000000   31.750000   clock reconvergence pessimism
                                             31.750000 ^ _1157_/CLK (sky130_fd_sc_hd__dfrtp_2)
                                 -0.032750   31.717251   library setup time
                                             31.717251   data required time
---------------------------------------------------------------------------------------------
                                             31.717251   data required time
                                             -0.522514   data arrival time
---------------------------------------------------------------------------------------------
                                             31.194735   slack (MET)


Startpoint: _1109_ (rising edge-triggered flip-flop clocked by i_clk)
Endpoint: _1093_ (rising edge-triggered flip-flop clocked by i_clk)
Path Group: i_clk
Path Type: max

Fanout         Cap        Slew       Delay        Time   Description
---------------------------------------------------------------------------------------------
                      0.150000    0.000000    0.000000   clock i_clk (rise edge)
                                  0.000000    0.000000   clock network delay (ideal)
                      0.150000    0.000000    0.000000 ^ _1109_/CLK (sky130_fd_sc_hd__dfrtp_2)
     3    0.005959    0.034968    0.273223    0.273223 v _1109_/Q (sky130_fd_sc_hd__dfrtp_2)
                                                         u_i2c_master_controller.cntrl_fsm.cntrl_fsm.o_rx_done (net)
                      0.034968    0.000000    0.273223 v _0869_/B (sky130_fd_sc_hd__and2b_2)
     1    0.002266    0.025183    0.112969    0.386192 v _0869_/X (sky130_fd_sc_hd__and2b_2)
                                                         _0475_ (net)
                      0.025183    0.000000    0.386192 v _0870_/A2 (sky130_fd_sc_hd__o21a_2)
     1    0.002059    0.023243    0.109694    0.495886 v _0870_/X (sky130_fd_sc_hd__o21a_2)
                                                         _0216_ (net)
                      0.023243    0.000000    0.495886 v _1093_/D (sky130_fd_sc_hd__dfrtp_2)
                                              0.495886   data arrival time

                      0.150000   32.000000   32.000000   clock i_clk (rise edge)
                                  0.000000   32.000000   clock network delay (ideal)
                                 -0.250000   31.750000   clock uncertainty
                                  0.000000   31.750000   clock reconvergence pessimism
                                             31.750000 ^ _1093_/CLK (sky130_fd_sc_hd__dfrtp_2)
                                 -0.059198   31.690800   library setup time
                                             31.690800   data required time
---------------------------------------------------------------------------------------------
                                             31.690800   data required time
                                             -0.495886   data arrival time
---------------------------------------------------------------------------------------------
                                             31.194912   slack (MET)


Startpoint: _1108_ (rising edge-triggered flip-flop clocked by i_clk)
Endpoint: _1094_ (rising edge-triggered flip-flop clocked by i_clk)
Path Group: i_clk
Path Type: max

Fanout         Cap        Slew       Delay        Time   Description
---------------------------------------------------------------------------------------------
                      0.150000    0.000000    0.000000   clock i_clk (rise edge)
                                  0.000000    0.000000   clock network delay (ideal)
                      0.150000    0.000000    0.000000 ^ _1108_/CLK (sky130_fd_sc_hd__dfrtp_2)
     3    0.005959    0.034968    0.273223    0.273223 v _1108_/Q (sky130_fd_sc_hd__dfrtp_2)
                                                         u_i2c_master_controller.cntrl_fsm.cntrl_fsm.o_tx_done (net)
                      0.034968    0.000000    0.273223 v _0871_/B (sky130_fd_sc_hd__and2b_2)
     1    0.002266    0.025183    0.112969    0.386192 v _0871_/X (sky130_fd_sc_hd__and2b_2)
                                                         _0476_ (net)
                      0.025183    0.000000    0.386192 v _0872_/A2 (sky130_fd_sc_hd__o21a_2)
     1    0.002059    0.023243    0.109694    0.495886 v _0872_/X (sky130_fd_sc_hd__o21a_2)
                                                         _0217_ (net)
                      0.023243    0.000000    0.495886 v _1094_/D (sky130_fd_sc_hd__dfrtp_2)
                                              0.495886   data arrival time

                      0.150000   32.000000   32.000000   clock i_clk (rise edge)
                                  0.000000   32.000000   clock network delay (ideal)
                                 -0.250000   31.750000   clock uncertainty
                                  0.000000   31.750000   clock reconvergence pessimism
                                             31.750000 ^ _1094_/CLK (sky130_fd_sc_hd__dfrtp_2)
                                 -0.059198   31.690800   library setup time
                                             31.690800   data required time
---------------------------------------------------------------------------------------------
                                             31.690800   data required time
                                             -0.495886   data arrival time
---------------------------------------------------------------------------------------------
                                             31.194912   slack (MET)


Startpoint: _1187_ (rising edge-triggered flip-flop clocked by i_clk)
Endpoint: _1090_ (rising edge-triggered flip-flop clocked by i_clk)
Path Group: i_clk
Path Type: max

Fanout         Cap        Slew       Delay        Time   Description
---------------------------------------------------------------------------------------------
                      0.150000    0.000000    0.000000   clock i_clk (rise edge)
                                  0.000000    0.000000   clock network delay (ideal)
                      0.150000    0.000000    0.000000 ^ _1187_/CLK (sky130_fd_sc_hd__dfrtp_2)
     2    0.003698    0.030171    0.266497    0.266497 v _1187_/Q (sky130_fd_sc_hd__dfrtp_2)
                                                         u_i2c_master_controller.cntrl_fsm.abort_ack (net)
                      0.030171    0.000000    0.266497 v _0863_/B (sky130_fd_sc_hd__and2b_2)
     1    0.002266    0.025192    0.111071    0.377569 v _0863_/X (sky130_fd_sc_hd__and2b_2)
                                                         _0472_ (net)
                      0.025192    0.000000    0.377569 v _0864_/A2 (sky130_fd_sc_hd__o21a_2)
     1    0.002059    0.023243    0.109697    0.487266 v _0864_/X (sky130_fd_sc_hd__o21a_2)
                                                         _0213_ (net)
                      0.023243    0.000000    0.487266 v _1090_/D (sky130_fd_sc_hd__dfrtp_2)
                                              0.487266   data arrival time

                      0.150000   32.000000   32.000000   clock i_clk (rise edge)
                                  0.000000   32.000000   clock network delay (ideal)
                                 -0.250000   31.750000   clock uncertainty
                                  0.000000   31.750000   clock reconvergence pessimism
                                             31.750000 ^ _1090_/CLK (sky130_fd_sc_hd__dfrtp_2)
                                 -0.059198   31.690800   library setup time
                                             31.690800   data required time
---------------------------------------------------------------------------------------------
                                             31.690800   data required time
                                             -0.487266   data arrival time
---------------------------------------------------------------------------------------------
                                             31.203535   slack (MET)


Startpoint: _1185_ (rising edge-triggered flip-flop clocked by i_clk)
Endpoint: _1165_ (rising edge-triggered flip-flop clocked by i_clk)
Path Group: i_clk
Path Type: max

Fanout         Cap        Slew       Delay        Time   Description
---------------------------------------------------------------------------------------------
                      0.150000    0.000000    0.000000   clock i_clk (rise edge)
                                  0.000000    0.000000   clock network delay (ideal)
                      0.150000    0.000000    0.000000 ^ _1185_/CLK (sky130_fd_sc_hd__dfrtp_2)
     4    0.011238    0.054041    0.261208    0.261208 ^ _1185_/Q (sky130_fd_sc_hd__dfrtp_2)
                                                         u_i2c_master_controller.cntrl_fsm.cntrl_fsm.i_start (net)
                      0.054041    0.000000    0.261208 ^ _0555_/A (sky130_fd_sc_hd__inv_2)
     2    0.004435    0.018246    0.019275    0.280483 v _0555_/Y (sky130_fd_sc_hd__inv_2)
                                                         _0302_ (net)
                      0.018246    0.000000    0.280483 v _0668_/A1 (sky130_fd_sc_hd__o21a_2)
     2    0.004348    0.028530    0.125557    0.406041 v _0668_/X (sky130_fd_sc_hd__o21a_2)
                                                         _0039_ (net)
                      0.028530    0.000000    0.406041 v _0669_/B1 (sky130_fd_sc_hd__a21o_2)
     1    0.002059    0.023321    0.077111    0.483152 v _0669_/X (sky130_fd_sc_hd__a21o_2)
                                                         _0013_ (net)
                      0.023321    0.000000    0.483152 v _1165_/D (sky130_fd_sc_hd__dfrtp_2)
                                              0.483152   data arrival time

                      0.150000   32.000000   32.000000   clock i_clk (rise edge)
                                  0.000000   32.000000   clock network delay (ideal)
                                 -0.250000   31.750000   clock uncertainty
                                  0.000000   31.750000   clock reconvergence pessimism
                                             31.750000 ^ _1165_/CLK (sky130_fd_sc_hd__dfrtp_2)
                                 -0.059226   31.690771   library setup time
                                             31.690771   data required time
---------------------------------------------------------------------------------------------
                                             31.690771   data required time
                                             -0.483152   data arrival time
---------------------------------------------------------------------------------------------
                                             31.207621   slack (MET)


Startpoint: _1130_ (rising edge-triggered flip-flop clocked by i_clk)
Endpoint: _1130_ (rising edge-triggered flip-flop clocked by i_clk)
Path Group: i_clk
Path Type: max

Fanout         Cap        Slew       Delay        Time   Description
---------------------------------------------------------------------------------------------
                      0.150000    0.000000    0.000000   clock i_clk (rise edge)
                                  0.000000    0.000000   clock network delay (ideal)
                      0.150000    0.000000    0.000000 ^ _1130_/CLK (sky130_fd_sc_hd__dfrtp_2)
     4    0.012991    0.047715    0.290586    0.290586 v _1130_/Q (sky130_fd_sc_hd__dfrtp_2)
                                                         u_i2c_master_controller.filter_sda.out_n (net)
                      0.047715    0.000000    0.290586 v _0603_/A1 (sky130_fd_sc_hd__a21o_2)
     1    0.002373    0.024052    0.117770    0.408355 v _0603_/X (sky130_fd_sc_hd__a21o_2)
                                                         _0335_ (net)
                      0.024052    0.000000    0.408355 v _0604_/B1 (sky130_fd_sc_hd__o21a_2)
     1    0.002059    0.023254    0.063190    0.471546 v _0604_/X (sky130_fd_sc_hd__o21a_2)
                                                         _0253_ (net)
                      0.023254    0.000000    0.471546 v _1130_/D (sky130_fd_sc_hd__dfrtp_2)
                                              0.471546   data arrival time

                      0.150000   32.000000   32.000000   clock i_clk (rise edge)
                                  0.000000   32.000000   clock network delay (ideal)
                                 -0.250000   31.750000   clock uncertainty
                                  0.000000   31.750000   clock reconvergence pessimism
                                             31.750000 ^ _1130_/CLK (sky130_fd_sc_hd__dfrtp_2)
                                 -0.059202   31.690796   library setup time
                                             31.690796   data required time
---------------------------------------------------------------------------------------------
                                             31.690796   data required time
                                             -0.471546   data arrival time
---------------------------------------------------------------------------------------------
                                             31.219252   slack (MET)


Startpoint: _1213_ (rising edge-triggered flip-flop clocked by i_clk)
Endpoint: _1215_ (rising edge-triggered flip-flop clocked by i_clk)
Path Group: i_clk
Path Type: max

Fanout         Cap        Slew       Delay        Time   Description
---------------------------------------------------------------------------------------------
                      0.150000    0.000000    0.000000   clock i_clk (rise edge)
                                  0.000000    0.000000   clock network delay (ideal)
                      0.150000    0.000000    0.000000 ^ _1213_/CLK (sky130_fd_sc_hd__dfrtp_2)
     7    0.017756    0.055266    0.299689    0.299689 v _1213_/Q (sky130_fd_sc_hd__dfrtp_2)
                                                         u_i2c_master_controller.i2cbus_cntrl_fsm.start_gen.delay_gen.count[0] (net)
                      0.055266    0.000000    0.299689 v _0748_/A2 (sky130_fd_sc_hd__a31o_2)
     1    0.004215    0.031601    0.154629    0.454317 v _0748_/X (sky130_fd_sc_hd__a31o_2)
                                                         _0410_ (net)
                      0.031601    0.000000    0.454317 v _0749_/B1 (sky130_fd_sc_hd__a21oi_2)
     1    0.002087    0.053602    0.038606    0.492924 ^ _0749_/Y (sky130_fd_sc_hd__a21oi_2)
                                                         _0062_ (net)
                      0.053602    0.000000    0.492924 ^ _1215_/D (sky130_fd_sc_hd__dfrtp_2)
                                              0.492924   data arrival time

                      0.150000   32.000000   32.000000   clock i_clk (rise edge)
                                  0.000000   32.000000   clock network delay (ideal)
                                 -0.250000   31.750000   clock uncertainty
                                  0.000000   31.750000   clock reconvergence pessimism
                                             31.750000 ^ _1215_/CLK (sky130_fd_sc_hd__dfrtp_2)
                                 -0.034070   31.715929   library setup time
                                             31.715929   data required time
---------------------------------------------------------------------------------------------
                                             31.715929   data required time
                                             -0.492924   data arrival time
---------------------------------------------------------------------------------------------
                                             31.223003   slack (MET)


Startpoint: _1235_ (rising edge-triggered flip-flop clocked by i_clk)
Endpoint: _1237_ (rising edge-triggered flip-flop clocked by i_clk)
Path Group: i_clk
Path Type: max

Fanout         Cap        Slew       Delay        Time   Description
---------------------------------------------------------------------------------------------
                      0.150000    0.000000    0.000000   clock i_clk (rise edge)
                                  0.000000    0.000000   clock network delay (ideal)
                      0.150000    0.000000    0.000000 ^ _1235_/CLK (sky130_fd_sc_hd__dfrtp_2)
     7    0.017756    0.055266    0.299689    0.299689 v _1235_/Q (sky130_fd_sc_hd__dfrtp_2)
                                                         u_i2c_master_controller.i2cbus_cntrl_fsm.stop_gen.delay_gen.count[0] (net)
                      0.055266    0.000000    0.299689 v _0792_/A2 (sky130_fd_sc_hd__a31o_2)
     1    0.004215    0.031601    0.154629    0.454317 v _0792_/X (sky130_fd_sc_hd__a31o_2)
                                                         _0438_ (net)
                      0.031601    0.000000    0.454317 v _0793_/B1 (sky130_fd_sc_hd__a21oi_2)
     1    0.002087    0.053602    0.038606    0.492924 ^ _0793_/Y (sky130_fd_sc_hd__a21oi_2)
                                                         _0081_ (net)
                      0.053602    0.000000    0.492924 ^ _1237_/D (sky130_fd_sc_hd__dfrtp_2)
                                              0.492924   data arrival time

                      0.150000   32.000000   32.000000   clock i_clk (rise edge)
                                  0.000000   32.000000   clock network delay (ideal)
                                 -0.250000   31.750000   clock uncertainty
                                  0.000000   31.750000   clock reconvergence pessimism
                                             31.750000 ^ _1237_/CLK (sky130_fd_sc_hd__dfrtp_2)
                                 -0.034070   31.715929   library setup time
                                             31.715929   data required time
---------------------------------------------------------------------------------------------
                                             31.715929   data required time
                                             -0.492924   data arrival time
---------------------------------------------------------------------------------------------
                                             31.223003   slack (MET)


Startpoint: _1129_ (rising edge-triggered flip-flop clocked by i_clk)
Endpoint: _1143_ (rising edge-triggered flip-flop clocked by i_clk)
Path Group: i_clk
Path Type: max

Fanout         Cap        Slew       Delay        Time   Description
---------------------------------------------------------------------------------------------
                      0.150000    0.000000    0.000000   clock i_clk (rise edge)
                                  0.000000    0.000000   clock network delay (ideal)
                      0.150000    0.000000    0.000000 ^ _1129_/CLK (sky130_fd_sc_hd__dfrtp_2)
    14    0.037994    0.085009    0.332641    0.332641 v _1129_/Q (sky130_fd_sc_hd__dfrtp_2)
                                                         u_i2c_master_controller.filter_scl.out_n (net)
                      0.085009    0.000000    0.332641 v _0638_/A1 (sky130_fd_sc_hd__a32o_2)
     1    0.002059    0.023039    0.135181    0.467823 v _0638_/X (sky130_fd_sc_hd__a32o_2)
                                                         _0031_ (net)
                      0.023039    0.000000    0.467823 v _1143_/D (sky130_fd_sc_hd__dfrtp_2)
                                              0.467823   data arrival time

                      0.150000   32.000000   32.000000   clock i_clk (rise edge)
                                  0.000000   32.000000   clock network delay (ideal)
                                 -0.250000   31.750000   clock uncertainty
                                  0.000000   31.750000   clock reconvergence pessimism
                                             31.750000 ^ _1143_/CLK (sky130_fd_sc_hd__dfrtp_2)
                                 -0.059126   31.690874   library setup time
                                             31.690874   data required time
---------------------------------------------------------------------------------------------
                                             31.690874   data required time
                                             -0.467823   data arrival time
---------------------------------------------------------------------------------------------
                                             31.223053   slack (MET)


Startpoint: _1129_ (rising edge-triggered flip-flop clocked by i_clk)
Endpoint: _1158_ (rising edge-triggered flip-flop clocked by i_clk)
Path Group: i_clk
Path Type: max

Fanout         Cap        Slew       Delay        Time   Description
---------------------------------------------------------------------------------------------
                      0.150000    0.000000    0.000000   clock i_clk (rise edge)
                                  0.000000    0.000000   clock network delay (ideal)
                      0.150000    0.000000    0.000000 ^ _1129_/CLK (sky130_fd_sc_hd__dfrtp_2)
    14    0.037994    0.085009    0.332641    0.332641 v _1129_/Q (sky130_fd_sc_hd__dfrtp_2)
                                                         u_i2c_master_controller.filter_scl.out_n (net)
                      0.085009    0.000000    0.332641 v _0653_/A (sky130_fd_sc_hd__and2_2)
     2    0.006252    0.033612    0.130652    0.463293 v _0653_/X (sky130_fd_sc_hd__and2_2)
                                                         _0019_ (net)
                      0.033612    0.000000    0.463293 v _1158_/D (sky130_fd_sc_hd__dfrtp_2)
                                              0.463293   data arrival time

                      0.150000   32.000000   32.000000   clock i_clk (rise edge)
                                  0.000000   32.000000   clock network delay (ideal)
                                 -0.250000   31.750000   clock uncertainty
                                  0.000000   31.750000   clock reconvergence pessimism
                                             31.750000 ^ _1158_/CLK (sky130_fd_sc_hd__dfrtp_2)
                                 -0.062883   31.687117   library setup time
                                             31.687117   data required time
---------------------------------------------------------------------------------------------
                                             31.687117   data required time
                                             -0.463293   data arrival time
---------------------------------------------------------------------------------------------
                                             31.223824   slack (MET)


Startpoint: _1129_ (rising edge-triggered flip-flop clocked by i_clk)
Endpoint: _1148_ (rising edge-triggered flip-flop clocked by i_clk)
Path Group: i_clk
Path Type: max

Fanout         Cap        Slew       Delay        Time   Description
---------------------------------------------------------------------------------------------
                      0.150000    0.000000    0.000000   clock i_clk (rise edge)
                                  0.000000    0.000000   clock network delay (ideal)
                      0.150000    0.000000    0.000000 ^ _1129_/CLK (sky130_fd_sc_hd__dfrtp_2)
    14    0.037994    0.085009    0.332641    0.332641 v _1129_/Q (sky130_fd_sc_hd__dfrtp_2)
                                                         u_i2c_master_controller.filter_scl.out_n (net)
                      0.085009    0.000000    0.332641 v _0644_/A1 (sky130_fd_sc_hd__a22o_2)
     1    0.002059    0.022570    0.133452    0.466093 v _0644_/X (sky130_fd_sc_hd__a22o_2)
                                                         _0026_ (net)
                      0.022570    0.000000    0.466093 v _1148_/D (sky130_fd_sc_hd__dfrtp_2)
                                              0.466093   data arrival time

                      0.150000   32.000000   32.000000   clock i_clk (rise edge)
                                  0.000000   32.000000   clock network delay (ideal)
                                 -0.250000   31.750000   clock uncertainty
                                  0.000000   31.750000   clock reconvergence pessimism
                                             31.750000 ^ _1148_/CLK (sky130_fd_sc_hd__dfrtp_2)
                                 -0.058959   31.691038   library setup time
                                             31.691038   data required time
---------------------------------------------------------------------------------------------
                                             31.691038   data required time
                                             -0.466093   data arrival time
---------------------------------------------------------------------------------------------
                                             31.224943   slack (MET)


Startpoint: _1129_ (rising edge-triggered flip-flop clocked by i_clk)
Endpoint: _1149_ (rising edge-triggered flip-flop clocked by i_clk)
Path Group: i_clk
Path Type: max

Fanout         Cap        Slew       Delay        Time   Description
---------------------------------------------------------------------------------------------
                      0.150000    0.000000    0.000000   clock i_clk (rise edge)
                                  0.000000    0.000000   clock network delay (ideal)
                      0.150000    0.000000    0.000000 ^ _1129_/CLK (sky130_fd_sc_hd__dfrtp_2)
    14    0.037994    0.085009    0.332641    0.332641 v _1129_/Q (sky130_fd_sc_hd__dfrtp_2)
                                                         u_i2c_master_controller.filter_scl.out_n (net)
                      0.085009    0.000000    0.332641 v _0643_/A1 (sky130_fd_sc_hd__a22o_2)
     1    0.002059    0.022571    0.133452    0.466093 v _0643_/X (sky130_fd_sc_hd__a22o_2)
                                                         _0027_ (net)
                      0.022571    0.000000    0.466093 v _1149_/D (sky130_fd_sc_hd__dfrtp_2)
                                              0.466093   data arrival time

                      0.150000   32.000000   32.000000   clock i_clk (rise edge)
                                  0.000000   32.000000   clock network delay (ideal)
                                 -0.250000   31.750000   clock uncertainty
                                  0.000000   31.750000   clock reconvergence pessimism
                                             31.750000 ^ _1149_/CLK (sky130_fd_sc_hd__dfrtp_2)
                                 -0.058960   31.691038   library setup time
                                             31.691038   data required time
---------------------------------------------------------------------------------------------
                                             31.691038   data required time
                                             -0.466093   data arrival time
---------------------------------------------------------------------------------------------
                                             31.224943   slack (MET)


Startpoint: _1129_ (rising edge-triggered flip-flop clocked by i_clk)
Endpoint: _1153_ (rising edge-triggered flip-flop clocked by i_clk)
Path Group: i_clk
Path Type: max

Fanout         Cap        Slew       Delay        Time   Description
---------------------------------------------------------------------------------------------
                      0.150000    0.000000    0.000000   clock i_clk (rise edge)
                                  0.000000    0.000000   clock network delay (ideal)
                      0.150000    0.000000    0.000000 ^ _1129_/CLK (sky130_fd_sc_hd__dfrtp_2)
    14    0.037994    0.085009    0.332641    0.332641 v _1129_/Q (sky130_fd_sc_hd__dfrtp_2)
                                                         u_i2c_master_controller.filter_scl.out_n (net)
                      0.085009    0.000000    0.332641 v _0651_/A1 (sky130_fd_sc_hd__a22o_2)
     1    0.002059    0.022571    0.133452    0.466093 v _0651_/X (sky130_fd_sc_hd__a22o_2)
                                                         _0021_ (net)
                      0.022571    0.000000    0.466093 v _1153_/D (sky130_fd_sc_hd__dfrtp_2)
                                              0.466093   data arrival time

                      0.150000   32.000000   32.000000   clock i_clk (rise edge)
                                  0.000000   32.000000   clock network delay (ideal)
                                 -0.250000   31.750000   clock uncertainty
                                  0.000000   31.750000   clock reconvergence pessimism
                                             31.750000 ^ _1153_/CLK (sky130_fd_sc_hd__dfrtp_2)
                                 -0.058959   31.691038   library setup time
                                             31.691038   data required time
---------------------------------------------------------------------------------------------
                                             31.691038   data required time
                                             -0.466093   data arrival time
---------------------------------------------------------------------------------------------
                                             31.224943   slack (MET)


Startpoint: _1165_ (rising edge-triggered flip-flop clocked by i_clk)
Endpoint: _1107_ (rising edge-triggered flip-flop clocked by i_clk)
Path Group: i_clk
Path Type: max

Fanout         Cap        Slew       Delay        Time   Description
---------------------------------------------------------------------------------------------
                      0.150000    0.000000    0.000000   clock i_clk (rise edge)
                                  0.000000    0.000000   clock network delay (ideal)
                      0.150000    0.000000    0.000000 ^ _1165_/CLK (sky130_fd_sc_hd__dfrtp_2)
     3    0.006168    0.035347    0.273739    0.273739 v _1165_/Q (sky130_fd_sc_hd__dfrtp_2)
                                                         u_i2c_master_controller.cntrl_fsm.cntrl_fsm.state[6] (net)
                      0.035347    0.000000    0.273739 v _0894_/B1 (sky130_fd_sc_hd__a2bb2o_2)
     1    0.004145    0.034241    0.159259    0.432998 v _0894_/X (sky130_fd_sc_hd__a2bb2o_2)
                                                         _0486_ (net)
                      0.034241    0.000000    0.432998 v _0895_/B (sky130_fd_sc_hd__nor2_2)
     1    0.002087    0.039324    0.043877    0.476875 ^ _0895_/Y (sky130_fd_sc_hd__nor2_2)
                                                         _0230_ (net)
                      0.039324    0.000000    0.476875 ^ _1107_/D (sky130_fd_sc_hd__dfrtp_2)
                                              0.476875   data arrival time

                      0.150000   32.000000   32.000000   clock i_clk (rise edge)
                                  0.000000   32.000000   clock network delay (ideal)
                                 -0.250000   31.750000   clock uncertainty
                                  0.000000   31.750000   clock reconvergence pessimism
                                             31.750000 ^ _1107_/CLK (sky130_fd_sc_hd__dfrtp_2)
                                 -0.032706   31.717293   library setup time
                                             31.717293   data required time
---------------------------------------------------------------------------------------------
                                             31.717293   data required time
                                             -0.476875   data arrival time
---------------------------------------------------------------------------------------------
                                             31.240419   slack (MET)


Startpoint: _1152_ (rising edge-triggered flip-flop clocked by i_clk)
Endpoint: _1210_ (rising edge-triggered flip-flop clocked by i_clk)
Path Group: i_clk
Path Type: max

Fanout         Cap        Slew       Delay        Time   Description
---------------------------------------------------------------------------------------------
                      0.150000    0.000000    0.000000   clock i_clk (rise edge)
                                  0.000000    0.000000   clock network delay (ideal)
                      0.150000    0.000000    0.000000 ^ _1152_/CLK (sky130_fd_sc_hd__dfstp_2)
     4    0.012165    0.054866    0.352524    0.352524 ^ _1152_/Q (sky130_fd_sc_hd__dfstp_2)
                                                         u_i2c_master_controller.i2cbus_cntrl_fsm.scl_gen.state[0] (net)
                      0.054866    0.000000    0.352524 ^ _0650_/A2 (sky130_fd_sc_hd__a22o_2)
     2    0.006681    0.036985    0.092387    0.444912 ^ _0650_/X (sky130_fd_sc_hd__a22o_2)
                                                         _0022_ (net)
                      0.036985    0.000000    0.444912 ^ _0740_/B1 (sky130_fd_sc_hd__o21ai_2)
     1    0.002259    0.025479    0.017809    0.462720 v _0740_/Y (sky130_fd_sc_hd__o21ai_2)
                                                         _0047_ (net)
                      0.025479    0.000000    0.462720 v _1210_/D (sky130_fd_sc_hd__dfstp_2)
                                              0.462720   data arrival time

                      0.150000   32.000000   32.000000   clock i_clk (rise edge)
                                  0.000000   32.000000   clock network delay (ideal)
                                 -0.250000   31.750000   clock uncertainty
                                  0.000000   31.750000   clock reconvergence pessimism
                                             31.750000 ^ _1210_/CLK (sky130_fd_sc_hd__dfstp_2)
                                 -0.035689   31.714312   library setup time
                                             31.714312   data required time
---------------------------------------------------------------------------------------------
                                             31.714312   data required time
                                             -0.462720   data arrival time
---------------------------------------------------------------------------------------------
                                             31.251593   slack (MET)


Startpoint: _1128_ (rising edge-triggered flip-flop clocked by i_clk)
Endpoint: _1154_ (rising edge-triggered flip-flop clocked by i_clk)
Path Group: i_clk
Path Type: max

Fanout         Cap        Slew       Delay        Time   Description
---------------------------------------------------------------------------------------------
                      0.150000    0.000000    0.000000   clock i_clk (rise edge)
                                  0.000000    0.000000   clock network delay (ideal)
                      0.150000    0.000000    0.000000 ^ _1128_/CLK (sky130_fd_sc_hd__dfrtp_2)
     6    0.017980    0.055595    0.300053    0.300053 v _1128_/Q (sky130_fd_sc_hd__dfrtp_2)
                                                         u_i2c_master_controller.cntrl_fsm.cntrl_fsm.o_enable_scl (net)
                      0.055595    0.000000    0.300053 v _0650_/A1 (sky130_fd_sc_hd__a22o_2)
     2    0.006326    0.031831    0.134326    0.434380 v _0650_/X (sky130_fd_sc_hd__a22o_2)
                                                         _0022_ (net)
                      0.031831    0.000000    0.434380 v _1154_/D (sky130_fd_sc_hd__dfrtp_2)
                                              0.434380   data arrival time

                      0.150000   32.000000   32.000000   clock i_clk (rise edge)
                                  0.000000   32.000000   clock network delay (ideal)
                                 -0.250000   31.750000   clock uncertainty
                                  0.000000   31.750000   clock reconvergence pessimism
                                             31.750000 ^ _1154_/CLK (sky130_fd_sc_hd__dfrtp_2)
                                 -0.062250   31.687748   library setup time
                                             31.687748   data required time
---------------------------------------------------------------------------------------------
                                             31.687748   data required time
                                             -0.434380   data arrival time
---------------------------------------------------------------------------------------------
                                             31.253368   slack (MET)


Startpoint: _1129_ (rising edge-triggered flip-flop clocked by i_clk)
Endpoint: _1212_ (rising edge-triggered flip-flop clocked by i_clk)
Path Group: i_clk
Path Type: max

Fanout         Cap        Slew       Delay        Time   Description
---------------------------------------------------------------------------------------------
                      0.150000    0.000000    0.000000   clock i_clk (rise edge)
                                  0.000000    0.000000   clock network delay (ideal)
                      0.150000    0.000000    0.000000 ^ _1129_/CLK (sky130_fd_sc_hd__dfrtp_2)
    14    0.037994    0.085009    0.332641    0.332641 v _1129_/Q (sky130_fd_sc_hd__dfrtp_2)
                                                         u_i2c_master_controller.filter_scl.out_n (net)
                      0.085009    0.000000    0.332641 v _0612_/B (sky130_fd_sc_hd__nor2_2)
     5    0.012559    0.117961    0.119290    0.451931 ^ _0612_/Y (sky130_fd_sc_hd__nor2_2)
                                                         u_i2c_master_controller.i2cbus_cntrl_fsm.start_detect.state_next (net)
                      0.117961    0.000000    0.451931 ^ _1212_/D (sky130_fd_sc_hd__dfrtp_2)
                                              0.451931   data arrival time

                      0.150000   32.000000   32.000000   clock i_clk (rise edge)
                                  0.000000   32.000000   clock network delay (ideal)
                                 -0.250000   31.750000   clock uncertainty
                                  0.000000   31.750000   clock reconvergence pessimism
                                             31.750000 ^ _1212_/CLK (sky130_fd_sc_hd__dfrtp_2)
                                 -0.040219   31.709780   library setup time
                                             31.709780   data required time
---------------------------------------------------------------------------------------------
                                             31.709780   data required time
                                             -0.451931   data arrival time
---------------------------------------------------------------------------------------------
                                             31.257849   slack (MET)


Startpoint: _1081_ (rising edge-triggered flip-flop clocked by i_clk)
Endpoint: _1180_ (rising edge-triggered flip-flop clocked by i_clk)
Path Group: i_clk
Path Type: max

Fanout         Cap        Slew       Delay        Time   Description
---------------------------------------------------------------------------------------------
                      0.150000    0.000000    0.000000   clock i_clk (rise edge)
                                  0.000000    0.000000   clock network delay (ideal)
                      0.150000    0.000000    0.000000 ^ _1081_/CLK (sky130_fd_sc_hd__dfrtp_2)
     6    0.013355    0.048375    0.291484    0.291484 v _1081_/Q (sky130_fd_sc_hd__dfrtp_2)
                                                         u_i2c_master_controller.cntrl_fsm.cntrl_fsm.i_rw_mode (net)
                      0.048375    0.000000    0.291484 v _0618_/B (sky130_fd_sc_hd__and2_2)
     2    0.003698    0.028865    0.122214    0.413698 v _0618_/X (sky130_fd_sc_hd__and2_2)
                                                         u_i2c_master_controller.cntrl_fsm.rx_err (net)
                      0.028865    0.000000    0.413698 v _1180_/D (sky130_fd_sc_hd__dfrtp_2)
                                              0.413698   data arrival time

                      0.150000   32.000000   32.000000   clock i_clk (rise edge)
                                  0.000000   32.000000   clock network delay (ideal)
                                 -0.250000   31.750000   clock uncertainty
                                  0.000000   31.750000   clock reconvergence pessimism
                                             31.750000 ^ _1180_/CLK (sky130_fd_sc_hd__dfrtp_2)
                                 -0.061196   31.688803   library setup time
                                             31.688803   data required time
---------------------------------------------------------------------------------------------
                                             31.688803   data required time
                                             -0.413698   data arrival time
---------------------------------------------------------------------------------------------
                                             31.275105   slack (MET)


Startpoint: _1159_ (rising edge-triggered flip-flop clocked by i_clk)
Endpoint: _1164_ (rising edge-triggered flip-flop clocked by i_clk)
Path Group: i_clk
Path Type: max

Fanout         Cap        Slew       Delay        Time   Description
---------------------------------------------------------------------------------------------
                      0.150000    0.000000    0.000000   clock i_clk (rise edge)
                                  0.000000    0.000000   clock network delay (ideal)
                      0.150000    0.000000    0.000000 ^ _1159_/CLK (sky130_fd_sc_hd__dfstp_2)
     5    0.016736    0.069964    0.364290    0.364290 ^ _1159_/Q (sky130_fd_sc_hd__dfstp_2)
                                                         u_i2c_master_controller.cntrl_fsm.cntrl_fsm.state[0] (net)
                      0.069964    0.000000    0.364290 ^ _0670_/A1 (sky130_fd_sc_hd__a22o_2)
     1    0.002087    0.020823    0.078913    0.443203 ^ _0670_/X (sky130_fd_sc_hd__a22o_2)
                                                         _0012_ (net)
                      0.020823    0.000000    0.443203 ^ _1164_/D (sky130_fd_sc_hd__dfrtp_2)
                                              0.443203   data arrival time

                      0.150000   32.000000   32.000000   clock i_clk (rise edge)
                                  0.000000   32.000000   clock network delay (ideal)
                                 -0.250000   31.750000   clock uncertainty
                                  0.000000   31.750000   clock reconvergence pessimism
                                             31.750000 ^ _1164_/CLK (sky130_fd_sc_hd__dfrtp_2)
                                 -0.030938   31.719063   library setup time
                                             31.719063   data required time
---------------------------------------------------------------------------------------------
                                             31.719063   data required time
                                             -0.443203   data arrival time
---------------------------------------------------------------------------------------------
                                             31.275862   slack (MET)


Startpoint: _1110_ (rising edge-triggered flip-flop clocked by i_clk)
Endpoint: _1110_ (rising edge-triggered flip-flop clocked by i_clk)
Path Group: i_clk
Path Type: max

Fanout         Cap        Slew       Delay        Time   Description
---------------------------------------------------------------------------------------------
                      0.150000    0.000000    0.000000   clock i_clk (rise edge)
                                  0.000000    0.000000   clock network delay (ideal)
                      0.150000    0.000000    0.000000 ^ _1110_/CLK (sky130_fd_sc_hd__dfrtp_2)
     3    0.008723    0.039978    0.280048    0.280048 v _1110_/Q (sky130_fd_sc_hd__dfrtp_2)
                                                         u_i2c_master_controller.cntrl_fsm.cntrl_fsm.i2cbus_busy_i (net)
                      0.039978    0.000000    0.280048 v _0900_/A2 (sky130_fd_sc_hd__a21o_2)
     1    0.002059    0.023316    0.128802    0.408849 v _0900_/X (sky130_fd_sc_hd__a21o_2)
                                                         _0233_ (net)
                      0.023316    0.000000    0.408849 v _1110_/D (sky130_fd_sc_hd__dfrtp_2)
                                              0.408849   data arrival time

                      0.150000   32.000000   32.000000   clock i_clk (rise edge)
                                  0.000000   32.000000   clock network delay (ideal)
                                 -0.250000   31.750000   clock uncertainty
                                  0.000000   31.750000   clock reconvergence pessimism
                                             31.750000 ^ _1110_/CLK (sky130_fd_sc_hd__dfrtp_2)
                                 -0.059224   31.690775   library setup time
                                             31.690775   data required time
---------------------------------------------------------------------------------------------
                                             31.690775   data required time
                                             -0.408849   data arrival time
---------------------------------------------------------------------------------------------
                                             31.281925   slack (MET)


Startpoint: _1185_ (rising edge-triggered flip-flop clocked by i_clk)
Endpoint: _1189_ (rising edge-triggered flip-flop clocked by i_clk)
Path Group: i_clk
Path Type: max

Fanout         Cap        Slew       Delay        Time   Description
---------------------------------------------------------------------------------------------
                      0.150000    0.000000    0.000000   clock i_clk (rise edge)
                                  0.000000    0.000000   clock network delay (ideal)
                      0.150000    0.000000    0.000000 ^ _1185_/CLK (sky130_fd_sc_hd__dfrtp_2)
     4    0.011238    0.054041    0.261208    0.261208 ^ _1185_/Q (sky130_fd_sc_hd__dfrtp_2)
                                                         u_i2c_master_controller.cntrl_fsm.cntrl_fsm.i_start (net)
                      0.054041    0.000000    0.261208 ^ _0555_/A (sky130_fd_sc_hd__inv_2)
     2    0.004435    0.018246    0.019275    0.280483 v _0555_/Y (sky130_fd_sc_hd__inv_2)
                                                         _0302_ (net)
                      0.018246    0.000000    0.280483 v _0668_/A1 (sky130_fd_sc_hd__o21a_2)
     2    0.004348    0.028530    0.125557    0.406041 v _0668_/X (sky130_fd_sc_hd__o21a_2)
                                                         _0039_ (net)
                      0.028530    0.000000    0.406041 v _1189_/D (sky130_fd_sc_hd__dfrtp_2)
                                              0.406041   data arrival time

                      0.150000   32.000000   32.000000   clock i_clk (rise edge)
                                  0.000000   32.000000   clock network delay (ideal)
                                 -0.250000   31.750000   clock uncertainty
                                  0.000000   31.750000   clock reconvergence pessimism
                                             31.750000 ^ _1189_/CLK (sky130_fd_sc_hd__dfrtp_2)
                                 -0.061077   31.688921   library setup time
                                             31.688921   data required time
---------------------------------------------------------------------------------------------
                                             31.688921   data required time
                                             -0.406041   data arrival time
---------------------------------------------------------------------------------------------
                                             31.282881   slack (MET)


Startpoint: _1081_ (rising edge-triggered flip-flop clocked by i_clk)
Endpoint: _1177_ (rising edge-triggered flip-flop clocked by i_clk)
Path Group: i_clk
Path Type: max

Fanout         Cap        Slew       Delay        Time   Description
---------------------------------------------------------------------------------------------
                      0.150000    0.000000    0.000000   clock i_clk (rise edge)
                                  0.000000    0.000000   clock network delay (ideal)
                      0.150000    0.000000    0.000000 ^ _1081_/CLK (sky130_fd_sc_hd__dfrtp_2)
     6    0.014628    0.064877    0.271038    0.271038 ^ _1081_/Q (sky130_fd_sc_hd__dfrtp_2)
                                                         u_i2c_master_controller.cntrl_fsm.cntrl_fsm.i_rw_mode (net)
                      0.064877    0.000000    0.271038 ^ _0544_/A (sky130_fd_sc_hd__inv_2)
     3    0.006005    0.022177    0.022303    0.293341 v _0544_/Y (sky130_fd_sc_hd__inv_2)
                                                         _0291_ (net)
                      0.022177    0.000000    0.293341 v _0617_/B (sky130_fd_sc_hd__and2_2)
     2    0.003698    0.028929    0.112183    0.405524 v _0617_/X (sky130_fd_sc_hd__and2_2)
                                                         u_i2c_master_controller.cntrl_fsm.tx_err (net)
                      0.028929    0.000000    0.405524 v _1177_/D (sky130_fd_sc_hd__dfrtp_2)
                                              0.405524   data arrival time

                      0.150000   32.000000   32.000000   clock i_clk (rise edge)
                                  0.000000   32.000000   clock network delay (ideal)
                                 -0.250000   31.750000   clock uncertainty
                                  0.000000   31.750000   clock reconvergence pessimism
                                             31.750000 ^ _1177_/CLK (sky130_fd_sc_hd__dfrtp_2)
                                 -0.061219   31.688778   library setup time
                                             31.688778   data required time
---------------------------------------------------------------------------------------------
                                             31.688778   data required time
                                             -0.405524   data arrival time
---------------------------------------------------------------------------------------------
                                             31.283255   slack (MET)


Startpoint: _1159_ (rising edge-triggered flip-flop clocked by i_clk)
Endpoint: _1159_ (rising edge-triggered flip-flop clocked by i_clk)
Path Group: i_clk
Path Type: max

Fanout         Cap        Slew       Delay        Time   Description
---------------------------------------------------------------------------------------------
                      0.150000    0.000000    0.000000   clock i_clk (rise edge)
                                  0.000000    0.000000   clock network delay (ideal)
                      0.150000    0.000000    0.000000 ^ _1159_/CLK (sky130_fd_sc_hd__dfstp_2)
     5    0.016736    0.069964    0.364290    0.364290 ^ _1159_/Q (sky130_fd_sc_hd__dfstp_2)
                                                         u_i2c_master_controller.cntrl_fsm.cntrl_fsm.state[0] (net)
                      0.069964    0.000000    0.364290 ^ _0681_/B1 (sky130_fd_sc_hd__a22o_2)
     1    0.002517    0.022043    0.073090    0.437380 ^ _0681_/X (sky130_fd_sc_hd__a22o_2)
                                                         _0007_ (net)
                      0.022043    0.000000    0.437380 ^ _1159_/D (sky130_fd_sc_hd__dfstp_2)
                                              0.437380   data arrival time

                      0.150000   32.000000   32.000000   clock i_clk (rise edge)
                                  0.000000   32.000000   clock network delay (ideal)
                                 -0.250000   31.750000   clock uncertainty
                                  0.000000   31.750000   clock reconvergence pessimism
                                             31.750000 ^ _1159_/CLK (sky130_fd_sc_hd__dfstp_2)
                                 -0.028353   31.721645   library setup time
                                             31.721645   data required time
---------------------------------------------------------------------------------------------
                                             31.721645   data required time
                                             -0.437380   data arrival time
---------------------------------------------------------------------------------------------
                                             31.284267   slack (MET)


Startpoint: _1198_ (rising edge-triggered flip-flop clocked by i_clk)
Endpoint: _1191_ (rising edge-triggered flip-flop clocked by i_clk)
Path Group: i_clk
Path Type: max

Fanout         Cap        Slew       Delay        Time   Description
---------------------------------------------------------------------------------------------
                      0.150000    0.000000    0.000000   clock i_clk (rise edge)
                                  0.000000    0.000000   clock network delay (ideal)
                      0.150000    0.000000    0.000000 ^ _1198_/CLK (sky130_fd_sc_hd__dfrtp_2)
     2    0.005780    0.034644    0.272781    0.272781 v _1198_/Q (sky130_fd_sc_hd__dfrtp_2)
                                                         u_i2c_master_controller.cntrl_fsm.byte_rx_done (net)
                      0.034644    0.000000    0.272781 v _0658_/B (sky130_fd_sc_hd__and2_2)
     3    0.008503    0.037200    0.128392    0.401174 v _0658_/X (sky130_fd_sc_hd__and2_2)
                                                         _0037_ (net)
                      0.037200    0.000000    0.401174 v _1191_/D (sky130_fd_sc_hd__dfrtp_2)
                                              0.401174   data arrival time

                      0.150000   32.000000   32.000000   clock i_clk (rise edge)
                                  0.000000   32.000000   clock network delay (ideal)
                                 -0.250000   31.750000   clock uncertainty
                                  0.000000   31.750000   clock reconvergence pessimism
                                             31.750000 ^ _1191_/CLK (sky130_fd_sc_hd__dfrtp_2)
                                 -0.064158   31.685841   library setup time
                                             31.685841   data required time
---------------------------------------------------------------------------------------------
                                             31.685841   data required time
                                             -0.401174   data arrival time
---------------------------------------------------------------------------------------------
                                             31.284668   slack (MET)


Startpoint: _1160_ (rising edge-triggered flip-flop clocked by i_clk)
Endpoint: _1187_ (rising edge-triggered flip-flop clocked by i_clk)
Path Group: i_clk
Path Type: max

Fanout         Cap        Slew       Delay        Time   Description
---------------------------------------------------------------------------------------------
                      0.150000    0.000000    0.000000   clock i_clk (rise edge)
                                  0.000000    0.000000   clock network delay (ideal)
                      0.150000    0.000000    0.000000 ^ _1160_/CLK (sky130_fd_sc_hd__dfrtp_2)
     6    0.015714    0.052265    0.296364    0.296364 v _1160_/Q (sky130_fd_sc_hd__dfrtp_2)
                                                         u_i2c_master_controller.cntrl_fsm.cntrl_fsm.state[1] (net)
                      0.052265    0.000000    0.296364 v _0733_/A (sky130_fd_sc_hd__and2_2)
     1    0.002059    0.025310    0.106274    0.402638 v _0733_/X (sky130_fd_sc_hd__and2_2)
                                                         _0035_ (net)
                      0.025310    0.000000    0.402638 v _1187_/D (sky130_fd_sc_hd__dfrtp_2)
                                              0.402638   data arrival time

                      0.150000   32.000000   32.000000   clock i_clk (rise edge)
                                  0.000000   32.000000   clock network delay (ideal)
                                 -0.250000   31.750000   clock uncertainty
                                  0.000000   31.750000   clock reconvergence pessimism
                                             31.750000 ^ _1187_/CLK (sky130_fd_sc_hd__dfrtp_2)
                                 -0.059933   31.690065   library setup time
                                             31.690065   data required time
---------------------------------------------------------------------------------------------
                                             31.690065   data required time
                                             -0.402638   data arrival time
---------------------------------------------------------------------------------------------
                                             31.287428   slack (MET)


Startpoint: _1150_ (rising edge-triggered flip-flop clocked by i_clk)
Endpoint: _1231_ (rising edge-triggered flip-flop clocked by i_clk)
Path Group: i_clk
Path Type: max

Fanout         Cap        Slew       Delay        Time   Description
---------------------------------------------------------------------------------------------
                      0.150000    0.000000    0.000000   clock i_clk (rise edge)
                                  0.000000    0.000000   clock network delay (ideal)
                      0.150000    0.000000    0.000000 ^ _1150_/CLK (sky130_fd_sc_hd__dfrtp_2)
     4    0.010135    0.042538    0.283534    0.283534 v _1150_/Q (sky130_fd_sc_hd__dfrtp_2)
                                                         u_i2c_master_controller.i2cbus_cntrl_fsm.start_gen.state[5] (net)
                      0.042538    0.000000    0.283534 v _0734_/B (sky130_fd_sc_hd__and2_2)
     1    0.002059    0.025298    0.114781    0.398315 v _0734_/X (sky130_fd_sc_hd__and2_2)
                                                         _0051_ (net)
                      0.025298    0.000000    0.398315 v _1231_/D (sky130_fd_sc_hd__dfrtp_2)
                                              0.398315   data arrival time

                      0.150000   32.000000   32.000000   clock i_clk (rise edge)
                                  0.000000   32.000000   clock network delay (ideal)
                                 -0.250000   31.750000   clock uncertainty
                                  0.000000   31.750000   clock reconvergence pessimism
                                             31.750000 ^ _1231_/CLK (sky130_fd_sc_hd__dfrtp_2)
                                 -0.059929   31.690071   library setup time
                                             31.690071   data required time
---------------------------------------------------------------------------------------------
                                             31.690071   data required time
                                             -0.398315   data arrival time
---------------------------------------------------------------------------------------------
                                             31.291756   slack (MET)


Startpoint: _1130_ (rising edge-triggered flip-flop clocked by i_clk)
Endpoint: _1233_ (rising edge-triggered flip-flop clocked by i_clk)
Path Group: i_clk
Path Type: max

Fanout         Cap        Slew       Delay        Time   Description
---------------------------------------------------------------------------------------------
                      0.150000    0.000000    0.000000   clock i_clk (rise edge)
                                  0.000000    0.000000   clock network delay (ideal)
                      0.150000    0.000000    0.000000 ^ _1130_/CLK (sky130_fd_sc_hd__dfrtp_2)
     4    0.012991    0.047715    0.290586    0.290586 v _1130_/Q (sky130_fd_sc_hd__dfrtp_2)
                                                         u_i2c_master_controller.filter_sda.out_n (net)
                      0.047715    0.000000    0.290586 v _0538_/A (sky130_fd_sc_hd__inv_2)
     9    0.018182    0.067258    0.071113    0.361699 ^ _0538_/Y (sky130_fd_sc_hd__inv_2)
                                                         _0287_ (net)
                      0.067258    0.000000    0.361699 ^ _0575_/A (sky130_fd_sc_hd__nor2_2)
     2    0.003955    0.034021    0.026433    0.388132 v _0575_/Y (sky130_fd_sc_hd__nor2_2)
                                                         _0048_ (net)
                      0.034021    0.000000    0.388132 v _1233_/D (sky130_fd_sc_hd__dfrtp_2)
                                              0.388132   data arrival time

                      0.150000   32.000000   32.000000   clock i_clk (rise edge)
                                  0.000000   32.000000   clock network delay (ideal)
                                 -0.250000   31.750000   clock uncertainty
                                  0.000000   31.750000   clock reconvergence pessimism
                                             31.750000 ^ _1233_/CLK (sky130_fd_sc_hd__dfrtp_2)
                                 -0.063028   31.686970   library setup time
                                             31.686970   data required time
---------------------------------------------------------------------------------------------
                                             31.686970   data required time
                                             -0.388132   data arrival time
---------------------------------------------------------------------------------------------
                                             31.298840   slack (MET)


Startpoint: _1145_ (rising edge-triggered flip-flop clocked by i_clk)
Endpoint: _1145_ (rising edge-triggered flip-flop clocked by i_clk)
Path Group: i_clk
Path Type: max

Fanout         Cap        Slew       Delay        Time   Description
---------------------------------------------------------------------------------------------
                      0.150000    0.000000    0.000000   clock i_clk (rise edge)
                                  0.000000    0.000000   clock network delay (ideal)
                      0.150000    0.000000    0.000000 ^ _1145_/CLK (sky130_fd_sc_hd__dfstp_2)
     2    0.005025    0.033030    0.333549    0.333549 ^ _1145_/Q (sky130_fd_sc_hd__dfstp_2)
                                                         u_i2c_master_controller.i2cbus_cntrl_fsm.start_gen.state[0] (net)
                      0.033030    0.000000    0.333549 ^ _0647_/A1 (sky130_fd_sc_hd__a22o_2)
     1    0.002517    0.022101    0.071309    0.404857 ^ _0647_/X (sky130_fd_sc_hd__a22o_2)
                                                         _0024_ (net)
                      0.022101    0.000000    0.404857 ^ _1145_/D (sky130_fd_sc_hd__dfstp_2)
                                              0.404857   data arrival time

                      0.150000   32.000000   32.000000   clock i_clk (rise edge)
                                  0.000000   32.000000   clock network delay (ideal)
                                 -0.250000   31.750000   clock uncertainty
                                  0.000000   31.750000   clock reconvergence pessimism
                                             31.750000 ^ _1145_/CLK (sky130_fd_sc_hd__dfstp_2)
                                 -0.028358   31.721642   library setup time
                                             31.721642   data required time
---------------------------------------------------------------------------------------------
                                             31.721642   data required time
                                             -0.404857   data arrival time
---------------------------------------------------------------------------------------------
                                             31.316784   slack (MET)


Startpoint: _1150_ (rising edge-triggered flip-flop clocked by i_clk)
Endpoint: _1230_ (rising edge-triggered flip-flop clocked by i_clk)
Path Group: i_clk
Path Type: max

Fanout         Cap        Slew       Delay        Time   Description
---------------------------------------------------------------------------------------------
                      0.150000    0.000000    0.000000   clock i_clk (rise edge)
                                  0.000000    0.000000   clock network delay (ideal)
                      0.150000    0.000000    0.000000 ^ _1150_/CLK (sky130_fd_sc_hd__dfrtp_2)
     4    0.010135    0.042538    0.283534    0.283534 v _1150_/Q (sky130_fd_sc_hd__dfrtp_2)
                                                         u_i2c_master_controller.i2cbus_cntrl_fsm.start_gen.state[5] (net)
                      0.042538    0.000000    0.283534 v _0839_/A (sky130_fd_sc_hd__nor3_2)
     1    0.002517    0.079265    0.108101    0.391634 ^ _0839_/Y (sky130_fd_sc_hd__nor3_2)
                                                         _0052_ (net)
                      0.079265    0.000000    0.391634 ^ _1230_/D (sky130_fd_sc_hd__dfstp_2)
                                              0.391634   data arrival time

                      0.150000   32.000000   32.000000   clock i_clk (rise edge)
                                  0.000000   32.000000   clock network delay (ideal)
                                 -0.250000   31.750000   clock uncertainty
                                  0.000000   31.750000   clock reconvergence pessimism
                                             31.750000 ^ _1230_/CLK (sky130_fd_sc_hd__dfstp_2)
                                 -0.033413   31.716585   library setup time
                                             31.716585   data required time
---------------------------------------------------------------------------------------------
                                             31.716585   data required time
                                             -0.391634   data arrival time
---------------------------------------------------------------------------------------------
                                             31.324953   slack (MET)


Startpoint: _1079_ (rising edge-triggered flip-flop clocked by i_clk)
Endpoint: _1069_ (rising edge-triggered flip-flop clocked by i_clk)
Path Group: i_clk
Path Type: max

Fanout         Cap        Slew       Delay        Time   Description
---------------------------------------------------------------------------------------------
                      0.150000    0.000000    0.000000   clock i_clk (rise edge)
                                  0.000000    0.000000   clock network delay (ideal)
                      0.150000    0.000000    0.000000 ^ _1079_/CLK (sky130_fd_sc_hd__dfrtp_2)
     3    0.010055    0.042393    0.283336    0.283336 v _1079_/Q (sky130_fd_sc_hd__dfrtp_2)
                                                         u_i2c_master_controller.bps_mode[1] (net)
                      0.042393    0.000000    0.283336 v _0730_/A (sky130_fd_sc_hd__nor2_2)
     1    0.002517    0.042564    0.064984    0.348321 ^ _0730_/Y (sky130_fd_sc_hd__nor2_2)
                                                         _0050_ (net)
                      0.042564    0.000000    0.348321 ^ _1069_/D (sky130_fd_sc_hd__dfstp_2)
                                              0.348321   data arrival time

                      0.150000   32.000000   32.000000   clock i_clk (rise edge)
                                  0.000000   32.000000   clock network delay (ideal)
                                 -0.250000   31.750000   clock uncertainty
                                  0.000000   31.750000   clock reconvergence pessimism
                                             31.750000 ^ _1069_/CLK (sky130_fd_sc_hd__dfstp_2)
                                 -0.030168   31.719833   library setup time
                                             31.719833   data required time
---------------------------------------------------------------------------------------------
                                             31.719833   data required time
                                             -0.348321   data arrival time
---------------------------------------------------------------------------------------------
                                             31.371511   slack (MET)


Startpoint: _1144_ (rising edge-triggered flip-flop clocked by i_clk)
Endpoint: _1252_ (rising edge-triggered flip-flop clocked by i_clk)
Path Group: i_clk
Path Type: max

Fanout         Cap        Slew       Delay        Time   Description
---------------------------------------------------------------------------------------------
                      0.150000    0.000000    0.000000   clock i_clk (rise edge)
                                  0.000000    0.000000   clock network delay (ideal)
                      0.150000    0.000000    0.000000 ^ _1144_/CLK (sky130_fd_sc_hd__dfrtp_2)
     4    0.014620    0.050657    0.294582    0.294582 v _1144_/Q (sky130_fd_sc_hd__dfrtp_2)
                                                         u_i2c_master_controller.i2cbus_cntrl_fsm.stop_gen.state[2] (net)
                      0.050657    0.000000    0.294582 v _0731_/B (sky130_fd_sc_hd__nor2_2)
     1    0.002517    0.043156    0.052553    0.347135 ^ _0731_/Y (sky130_fd_sc_hd__nor2_2)
                                                         _0072_ (net)
                      0.043156    0.000000    0.347135 ^ _1252_/D (sky130_fd_sc_hd__dfstp_2)
                                              0.347135   data arrival time

                      0.150000   32.000000   32.000000   clock i_clk (rise edge)
                                  0.000000   32.000000   clock network delay (ideal)
                                 -0.250000   31.750000   clock uncertainty
                                  0.000000   31.750000   clock reconvergence pessimism
                                             31.750000 ^ _1252_/CLK (sky130_fd_sc_hd__dfstp_2)
                                 -0.030220   31.719780   library setup time
                                             31.719780   data required time
---------------------------------------------------------------------------------------------
                                             31.719780   data required time
                                             -0.347135   data arrival time
---------------------------------------------------------------------------------------------
                                             31.372644   slack (MET)


Startpoint: _1167_ (rising edge-triggered flip-flop clocked by i_clk)
Endpoint: _1192_ (rising edge-triggered flip-flop clocked by i_clk)
Path Group: i_clk
Path Type: max

Fanout         Cap        Slew       Delay        Time   Description
---------------------------------------------------------------------------------------------
                      0.150000    0.000000    0.000000   clock i_clk (rise edge)
                                  0.000000    0.000000   clock network delay (ideal)
                      0.150000    0.000000    0.000000 ^ _1167_/CLK (sky130_fd_sc_hd__dfrtp_2)
     5    0.012337    0.046529    0.288971    0.288971 v _1167_/Q (sky130_fd_sc_hd__dfrtp_2)
                                                         u_i2c_master_controller.cntrl_fsm.cntrl_fsm.state[8] (net)
                      0.046529    0.000000    0.288971 v _1192_/D (sky130_fd_sc_hd__dfrtp_2)
                                              0.288971   data arrival time

                      0.150000   32.000000   32.000000   clock i_clk (rise edge)
                                  0.000000   32.000000   clock network delay (ideal)
                                 -0.250000   31.750000   clock uncertainty
                                  0.000000   31.750000   clock reconvergence pessimism
                                             31.750000 ^ _1192_/CLK (sky130_fd_sc_hd__dfrtp_2)
                                 -0.067473   31.682526   library setup time
                                             31.682526   data required time
---------------------------------------------------------------------------------------------
                                             31.682526   data required time
                                             -0.288971   data arrival time
---------------------------------------------------------------------------------------------
                                             31.393555   slack (MET)


Startpoint: _1178_ (rising edge-triggered flip-flop clocked by i_clk)
Endpoint: _1182_ (rising edge-triggered flip-flop clocked by i_clk)
Path Group: i_clk
Path Type: max

Fanout         Cap        Slew       Delay        Time   Description
---------------------------------------------------------------------------------------------
                      0.150000    0.000000    0.000000   clock i_clk (rise edge)
                                  0.000000    0.000000   clock network delay (ideal)
                      0.150000    0.000000    0.000000 ^ _1178_/CLK (sky130_fd_sc_hd__dfrtp_2)
     3    0.010594    0.043370    0.284667    0.284667 v _1178_/Q (sky130_fd_sc_hd__dfrtp_2)
                                                         u_i2c_master_controller.cntrl_fsm.intr_clr_reg1 (net)
                      0.043370    0.000000    0.284667 v _1182_/D (sky130_fd_sc_hd__dfrtp_2)
                                              0.284667   data arrival time

                      0.150000   32.000000   32.000000   clock i_clk (rise edge)
                                  0.000000   32.000000   clock network delay (ideal)
                                 -0.250000   31.750000   clock uncertainty
                                  0.000000   31.750000   clock reconvergence pessimism
                                             31.750000 ^ _1182_/CLK (sky130_fd_sc_hd__dfrtp_2)
                                 -0.066350   31.683649   library setup time
                                             31.683649   data required time
---------------------------------------------------------------------------------------------
                                             31.683649   data required time
                                             -0.284667   data arrival time
---------------------------------------------------------------------------------------------
                                             31.398981   slack (MET)


Startpoint: _1079_ (rising edge-triggered flip-flop clocked by i_clk)
Endpoint: _1068_ (rising edge-triggered flip-flop clocked by i_clk)
Path Group: i_clk
Path Type: max

Fanout         Cap        Slew       Delay        Time   Description
---------------------------------------------------------------------------------------------
                      0.150000    0.000000    0.000000   clock i_clk (rise edge)
                                  0.000000    0.000000   clock network delay (ideal)
                      0.150000    0.000000    0.000000 ^ _1079_/CLK (sky130_fd_sc_hd__dfrtp_2)
     3    0.010055    0.042393    0.283336    0.283336 v _1079_/Q (sky130_fd_sc_hd__dfrtp_2)
                                                         u_i2c_master_controller.bps_mode[1] (net)
                      0.042393    0.000000    0.283336 v _0569_/A (sky130_fd_sc_hd__inv_2)
     1    0.002517    0.019097    0.030473    0.313810 ^ _0569_/Y (sky130_fd_sc_hd__inv_2)
                                                         _0049_ (net)
                      0.019097    0.000000    0.313810 ^ _1068_/D (sky130_fd_sc_hd__dfstp_2)
                                              0.313810   data arrival time

                      0.150000   32.000000   32.000000   clock i_clk (rise edge)
                                  0.000000   32.000000   clock network delay (ideal)
                                 -0.250000   31.750000   clock uncertainty
                                  0.000000   31.750000   clock reconvergence pessimism
                                             31.750000 ^ _1068_/CLK (sky130_fd_sc_hd__dfstp_2)
                                 -0.028093   31.721909   library setup time
                                             31.721909   data required time
---------------------------------------------------------------------------------------------
                                             31.721909   data required time
                                             -0.313810   data arrival time
---------------------------------------------------------------------------------------------
                                             31.408096   slack (MET)


Startpoint: _1255_ (rising edge-triggered flip-flop clocked by i_clk)
Endpoint: _1254_ (rising edge-triggered flip-flop clocked by i_clk)
Path Group: i_clk
Path Type: max

Fanout         Cap        Slew       Delay        Time   Description
---------------------------------------------------------------------------------------------
                      0.150000    0.000000    0.000000   clock i_clk (rise edge)
                                  0.000000    0.000000   clock network delay (ideal)
                      0.150000    0.000000    0.000000 ^ _1255_/CLK (sky130_fd_sc_hd__dfrtp_2)
     3    0.006532    0.036007    0.274638    0.274638 v _1255_/Q (sky130_fd_sc_hd__dfrtp_2)
                                                         u_i2c_master_controller.filter_sda.in_d2 (net)
                      0.036007    0.000000    0.274638 v _1254_/D (sky130_fd_sc_hd__dfrtp_2)
                                              0.274638   data arrival time

                      0.150000   32.000000   32.000000   clock i_clk (rise edge)
                                  0.000000   32.000000   clock network delay (ideal)
                                 -0.250000   31.750000   clock uncertainty
                                  0.000000   31.750000   clock reconvergence pessimism
                                             31.750000 ^ _1254_/CLK (sky130_fd_sc_hd__dfrtp_2)
                                 -0.063734   31.686268   library setup time
                                             31.686268   data required time
---------------------------------------------------------------------------------------------
                                             31.686268   data required time
                                             -0.274638   data arrival time
---------------------------------------------------------------------------------------------
                                             31.411629   slack (MET)


Startpoint: _1258_ (rising edge-triggered flip-flop clocked by i_clk)
Endpoint: _1257_ (rising edge-triggered flip-flop clocked by i_clk)
Path Group: i_clk
Path Type: max

Fanout         Cap        Slew       Delay        Time   Description
---------------------------------------------------------------------------------------------
                      0.150000    0.000000    0.000000   clock i_clk (rise edge)
                                  0.000000    0.000000   clock network delay (ideal)
                      0.150000    0.000000    0.000000 ^ _1258_/CLK (sky130_fd_sc_hd__dfrtp_2)
     3    0.006532    0.036007    0.274638    0.274638 v _1258_/Q (sky130_fd_sc_hd__dfrtp_2)
                                                         u_i2c_master_controller.filter_scl.in_d2 (net)
                      0.036007    0.000000    0.274638 v _1257_/D (sky130_fd_sc_hd__dfrtp_2)
                                              0.274638   data arrival time

                      0.150000   32.000000   32.000000   clock i_clk (rise edge)
                                  0.000000   32.000000   clock network delay (ideal)
                                 -0.250000   31.750000   clock uncertainty
                                  0.000000   31.750000   clock reconvergence pessimism
                                             31.750000 ^ _1257_/CLK (sky130_fd_sc_hd__dfrtp_2)
                                 -0.063734   31.686268   library setup time
                                             31.686268   data required time
---------------------------------------------------------------------------------------------
                                             31.686268   data required time
                                             -0.274638   data arrival time
---------------------------------------------------------------------------------------------
                                             31.411629   slack (MET)


Startpoint: _1262_ (rising edge-triggered flip-flop clocked by i_clk)
Endpoint: _1260_ (rising edge-triggered flip-flop clocked by i_clk)
Path Group: i_clk
Path Type: max

Fanout         Cap        Slew       Delay        Time   Description
---------------------------------------------------------------------------------------------
                      0.150000    0.000000    0.000000   clock i_clk (rise edge)
                                  0.000000    0.000000   clock network delay (ideal)
                      0.150000    0.000000    0.000000 ^ _1262_/CLK (sky130_fd_sc_hd__dfrtp_2)
     2    0.006344    0.035666    0.274174    0.274174 v _1262_/Q (sky130_fd_sc_hd__dfrtp_2)
                                                         u_i2c_master_controller.soft_reset_d2 (net)
                      0.035666    0.000000    0.274174 v _1260_/D (sky130_fd_sc_hd__dfrtp_2)
                                              0.274174   data arrival time

                      0.150000   32.000000   32.000000   clock i_clk (rise edge)
                                  0.000000   32.000000   clock network delay (ideal)
                                 -0.250000   31.750000   clock uncertainty
                                  0.000000   31.750000   clock reconvergence pessimism
                                             31.750000 ^ _1260_/CLK (sky130_fd_sc_hd__dfrtp_2)
                                 -0.063613   31.686388   library setup time
                                             31.686388   data required time
---------------------------------------------------------------------------------------------
                                             31.686388   data required time
                                             -0.274174   data arrival time
---------------------------------------------------------------------------------------------
                                             31.412214   slack (MET)


Startpoint: _1158_ (rising edge-triggered flip-flop clocked by i_clk)
Endpoint: _1199_ (rising edge-triggered flip-flop clocked by i_clk)
Path Group: i_clk
Path Type: max

Fanout         Cap        Slew       Delay        Time   Description
---------------------------------------------------------------------------------------------
                      0.150000    0.000000    0.000000   clock i_clk (rise edge)
                                  0.000000    0.000000   clock network delay (ideal)
                      0.150000    0.000000    0.000000 ^ _1158_/CLK (sky130_fd_sc_hd__dfrtp_2)
     2    0.006274    0.035539    0.274001    0.274001 v _1158_/Q (sky130_fd_sc_hd__dfrtp_2)
                                                         u_i2c_master_controller.i2cbus_cntrl_fsm.falling_scl_detect.state[2] (net)
                      0.035539    0.000000    0.274001 v _1199_/D (sky130_fd_sc_hd__dfrtp_2)
                                              0.274001   data arrival time

                      0.150000   32.000000   32.000000   clock i_clk (rise edge)
                                  0.000000   32.000000   clock network delay (ideal)
                                 -0.250000   31.750000   clock uncertainty
                                  0.000000   31.750000   clock reconvergence pessimism
                                             31.750000 ^ _1199_/CLK (sky130_fd_sc_hd__dfrtp_2)
                                 -0.063568   31.686430   library setup time
                                             31.686430   data required time
---------------------------------------------------------------------------------------------
                                             31.686430   data required time
                                             -0.274001   data arrival time
---------------------------------------------------------------------------------------------
                                             31.412432   slack (MET)


Startpoint: _1108_ (rising edge-triggered flip-flop clocked by i_clk)
Endpoint: _1173_ (rising edge-triggered flip-flop clocked by i_clk)
Path Group: i_clk
Path Type: max

Fanout         Cap        Slew       Delay        Time   Description
---------------------------------------------------------------------------------------------
                      0.150000    0.000000    0.000000   clock i_clk (rise edge)
                                  0.000000    0.000000   clock network delay (ideal)
                      0.150000    0.000000    0.000000 ^ _1108_/CLK (sky130_fd_sc_hd__dfrtp_2)
     3    0.005959    0.034968    0.273223    0.273223 v _1108_/Q (sky130_fd_sc_hd__dfrtp_2)
                                                         u_i2c_master_controller.cntrl_fsm.cntrl_fsm.o_tx_done (net)
                      0.034968    0.000000    0.273223 v _1173_/D (sky130_fd_sc_hd__dfrtp_2)
                                              0.273223   data arrival time

                      0.150000   32.000000   32.000000   clock i_clk (rise edge)
                                  0.000000   32.000000   clock network delay (ideal)
                                 -0.250000   31.750000   clock uncertainty
                                  0.000000   31.750000   clock reconvergence pessimism
                                             31.750000 ^ _1173_/CLK (sky130_fd_sc_hd__dfrtp_2)
                                 -0.063365   31.686632   library setup time
                                             31.686632   data required time
---------------------------------------------------------------------------------------------
                                             31.686632   data required time
                                             -0.273223   data arrival time
---------------------------------------------------------------------------------------------
                                             31.413412   slack (MET)


Startpoint: _1109_ (rising edge-triggered flip-flop clocked by i_clk)
Endpoint: _1175_ (rising edge-triggered flip-flop clocked by i_clk)
Path Group: i_clk
Path Type: max

Fanout         Cap        Slew       Delay        Time   Description
---------------------------------------------------------------------------------------------
                      0.150000    0.000000    0.000000   clock i_clk (rise edge)
                                  0.000000    0.000000   clock network delay (ideal)
                      0.150000    0.000000    0.000000 ^ _1109_/CLK (sky130_fd_sc_hd__dfrtp_2)
     3    0.005959    0.034968    0.273223    0.273223 v _1109_/Q (sky130_fd_sc_hd__dfrtp_2)
                                                         u_i2c_master_controller.cntrl_fsm.cntrl_fsm.o_rx_done (net)
                      0.034968    0.000000    0.273223 v _1175_/D (sky130_fd_sc_hd__dfrtp_2)
                                              0.273223   data arrival time

                      0.150000   32.000000   32.000000   clock i_clk (rise edge)
                                  0.000000   32.000000   clock network delay (ideal)
                                 -0.250000   31.750000   clock uncertainty
                                  0.000000   31.750000   clock reconvergence pessimism
                                             31.750000 ^ _1175_/CLK (sky130_fd_sc_hd__dfrtp_2)
                                 -0.063365   31.686632   library setup time
                                             31.686632   data required time
---------------------------------------------------------------------------------------------
                                             31.686632   data required time
                                             -0.273223   data arrival time
---------------------------------------------------------------------------------------------
                                             31.413412   slack (MET)


Startpoint: _1193_ (rising edge-triggered flip-flop clocked by i_clk)
Endpoint: _1195_ (rising edge-triggered flip-flop clocked by i_clk)
Path Group: i_clk
Path Type: max

Fanout         Cap        Slew       Delay        Time   Description
---------------------------------------------------------------------------------------------
                      0.150000    0.000000    0.000000   clock i_clk (rise edge)
                                  0.000000    0.000000   clock network delay (ideal)
                      0.150000    0.000000    0.000000 ^ _1193_/CLK (sky130_fd_sc_hd__dfrtp_2)
     3    0.005930    0.034916    0.273152    0.273152 v _1193_/Q (sky130_fd_sc_hd__dfrtp_2)
                                                         u_i2c_master_controller.cntrl_fsm.cntrl_fsm.rx_en (net)
                      0.034916    0.000000    0.273152 v _1195_/D (sky130_fd_sc_hd__dfrtp_2)
                                              0.273152   data arrival time

                      0.150000   32.000000   32.000000   clock i_clk (rise edge)
                                  0.000000   32.000000   clock network delay (ideal)
                                 -0.250000   31.750000   clock uncertainty
                                  0.000000   31.750000   clock reconvergence pessimism
                                             31.750000 ^ _1195_/CLK (sky130_fd_sc_hd__dfrtp_2)
                                 -0.063346   31.686655   library setup time
                                             31.686655   data required time
---------------------------------------------------------------------------------------------
                                             31.686655   data required time
                                             -0.273152   data arrival time
---------------------------------------------------------------------------------------------
                                             31.413504   slack (MET)


Startpoint: _1187_ (rising edge-triggered flip-flop clocked by i_clk)
Endpoint: _1181_ (rising edge-triggered flip-flop clocked by i_clk)
Path Group: i_clk
Path Type: max

Fanout         Cap        Slew       Delay        Time   Description
---------------------------------------------------------------------------------------------
                      0.150000    0.000000    0.000000   clock i_clk (rise edge)
                                  0.000000    0.000000   clock network delay (ideal)
                      0.150000    0.000000    0.000000 ^ _1187_/CLK (sky130_fd_sc_hd__dfrtp_2)
     2    0.003698    0.030171    0.266497    0.266497 v _1187_/Q (sky130_fd_sc_hd__dfrtp_2)
                                                         u_i2c_master_controller.cntrl_fsm.abort_ack (net)
                      0.030171    0.000000    0.266497 v _1181_/D (sky130_fd_sc_hd__dfrtp_2)
                                              0.266497   data arrival time

                      0.150000   32.000000   32.000000   clock i_clk (rise edge)
                                  0.000000   32.000000   clock network delay (ideal)
                                 -0.250000   31.750000   clock uncertainty
                                  0.000000   31.750000   clock reconvergence pessimism
                                             31.750000 ^ _1181_/CLK (sky130_fd_sc_hd__dfrtp_2)
                                 -0.061660   31.688337   library setup time
                                             31.688337   data required time
---------------------------------------------------------------------------------------------
                                             31.688337   data required time
                                             -0.266497   data arrival time
---------------------------------------------------------------------------------------------
                                             31.421843   slack (MET)


Startpoint: _1183_ (rising edge-triggered flip-flop clocked by i_clk)
Endpoint: _1178_ (rising edge-triggered flip-flop clocked by i_clk)
Path Group: i_clk
Path Type: max

Fanout         Cap        Slew       Delay        Time   Description
---------------------------------------------------------------------------------------------
                      0.150000    0.000000    0.000000   clock i_clk (rise edge)
                                  0.000000    0.000000   clock network delay (ideal)
                      0.150000    0.000000    0.000000 ^ _1183_/CLK (sky130_fd_sc_hd__dfrtp_2)
     2    0.003528    0.029749    0.265891    0.265891 v _1183_/Q (sky130_fd_sc_hd__dfrtp_2)
                                                         u_i2c_master_controller.cntrl_fsm.intr_clr_reg (net)
                      0.029749    0.000000    0.265891 v _1178_/D (sky130_fd_sc_hd__dfrtp_2)
                                              0.265891   data arrival time

                      0.150000   32.000000   32.000000   clock i_clk (rise edge)
                                  0.000000   32.000000   clock network delay (ideal)
                                 -0.250000   31.750000   clock uncertainty
                                  0.000000   31.750000   clock reconvergence pessimism
                                             31.750000 ^ _1178_/CLK (sky130_fd_sc_hd__dfrtp_2)
                                 -0.061510   31.688488   library setup time
                                             31.688488   data required time
---------------------------------------------------------------------------------------------
                                             31.688488   data required time
                                             -0.265891   data arrival time
---------------------------------------------------------------------------------------------
                                             31.422596   slack (MET)


Startpoint: _1176_ (rising edge-triggered flip-flop clocked by i_clk)
Endpoint: _1174_ (rising edge-triggered flip-flop clocked by i_clk)
Path Group: i_clk
Path Type: max

Fanout         Cap        Slew       Delay        Time   Description
---------------------------------------------------------------------------------------------
                      0.150000    0.000000    0.000000   clock i_clk (rise edge)
                                  0.000000    0.000000   clock network delay (ideal)
                      0.150000    0.000000    0.000000 ^ _1176_/CLK (sky130_fd_sc_hd__dfrtp_2)
     1    0.002059    0.026100    0.260651    0.260651 v _1176_/Q (sky130_fd_sc_hd__dfrtp_2)
                                                         u_i2c_master_controller.cntrl_fsm.abort_reg1 (net)
                      0.026100    0.000000    0.260651 v _1174_/D (sky130_fd_sc_hd__dfrtp_2)
                                              0.260651   data arrival time

                      0.150000   32.000000   32.000000   clock i_clk (rise edge)
                                  0.000000   32.000000   clock network delay (ideal)
                                 -0.250000   31.750000   clock uncertainty
                                  0.000000   31.750000   clock reconvergence pessimism
                                             31.750000 ^ _1174_/CLK (sky130_fd_sc_hd__dfrtp_2)
                                 -0.060213   31.689785   library setup time
                                             31.689785   data required time
---------------------------------------------------------------------------------------------
                                             31.689785   data required time
                                             -0.260651   data arrival time
---------------------------------------------------------------------------------------------
                                             31.429132   slack (MET)


Startpoint: _1184_ (rising edge-triggered flip-flop clocked by i_clk)
Endpoint: _1185_ (rising edge-triggered flip-flop clocked by i_clk)
Path Group: i_clk
Path Type: max

Fanout         Cap        Slew       Delay        Time   Description
---------------------------------------------------------------------------------------------
                      0.150000    0.000000    0.000000   clock i_clk (rise edge)
                                  0.000000    0.000000   clock network delay (ideal)
                      0.150000    0.000000    0.000000 ^ _1184_/CLK (sky130_fd_sc_hd__dfrtp_2)
     1    0.002059    0.026100    0.260651    0.260651 v _1184_/Q (sky130_fd_sc_hd__dfrtp_2)
                                                         u_i2c_master_controller.cntrl_fsm.start_reg1 (net)
                      0.026100    0.000000    0.260651 v _1185_/D (sky130_fd_sc_hd__dfrtp_2)
                                              0.260651   data arrival time

                      0.150000   32.000000   32.000000   clock i_clk (rise edge)
                                  0.000000   32.000000   clock network delay (ideal)
                                 -0.250000   31.750000   clock uncertainty
                                  0.000000   31.750000   clock reconvergence pessimism
                                             31.750000 ^ _1185_/CLK (sky130_fd_sc_hd__dfrtp_2)
                                 -0.060213   31.689785   library setup time
                                             31.689785   data required time
---------------------------------------------------------------------------------------------
                                             31.689785   data required time
                                             -0.260651   data arrival time
---------------------------------------------------------------------------------------------
                                             31.429132   slack (MET)


Startpoint: _1256_ (rising edge-triggered flip-flop clocked by i_clk)
Endpoint: _1255_ (rising edge-triggered flip-flop clocked by i_clk)
Path Group: i_clk
Path Type: max

Fanout         Cap        Slew       Delay        Time   Description
---------------------------------------------------------------------------------------------
                      0.150000    0.000000    0.000000   clock i_clk (rise edge)
                                  0.000000    0.000000   clock network delay (ideal)
                      0.150000    0.000000    0.000000 ^ _1256_/CLK (sky130_fd_sc_hd__dfrtp_2)
     1    0.002059    0.026100    0.260651    0.260651 v _1256_/Q (sky130_fd_sc_hd__dfrtp_2)
                                                         u_i2c_master_controller.filter_sda.in_d1 (net)
                      0.026100    0.000000    0.260651 v _1255_/D (sky130_fd_sc_hd__dfrtp_2)
                                              0.260651   data arrival time

                      0.150000   32.000000   32.000000   clock i_clk (rise edge)
                                  0.000000   32.000000   clock network delay (ideal)
                                 -0.250000   31.750000   clock uncertainty
                                  0.000000   31.750000   clock reconvergence pessimism
                                             31.750000 ^ _1255_/CLK (sky130_fd_sc_hd__dfrtp_2)
                                 -0.060213   31.689785   library setup time
                                             31.689785   data required time
---------------------------------------------------------------------------------------------
                                             31.689785   data required time
                                             -0.260651   data arrival time
---------------------------------------------------------------------------------------------
                                             31.429132   slack (MET)


Startpoint: _1259_ (rising edge-triggered flip-flop clocked by i_clk)
Endpoint: _1258_ (rising edge-triggered flip-flop clocked by i_clk)
Path Group: i_clk
Path Type: max

Fanout         Cap        Slew       Delay        Time   Description
---------------------------------------------------------------------------------------------
                      0.150000    0.000000    0.000000   clock i_clk (rise edge)
                                  0.000000    0.000000   clock network delay (ideal)
                      0.150000    0.000000    0.000000 ^ _1259_/CLK (sky130_fd_sc_hd__dfrtp_2)
     1    0.002059    0.026100    0.260651    0.260651 v _1259_/Q (sky130_fd_sc_hd__dfrtp_2)
                                                         u_i2c_master_controller.filter_scl.in_d1 (net)
                      0.026100    0.000000    0.260651 v _1258_/D (sky130_fd_sc_hd__dfrtp_2)
                                              0.260651   data arrival time

                      0.150000   32.000000   32.000000   clock i_clk (rise edge)
                                  0.000000   32.000000   clock network delay (ideal)
                                 -0.250000   31.750000   clock uncertainty
                                  0.000000   31.750000   clock reconvergence pessimism
                                             31.750000 ^ _1258_/CLK (sky130_fd_sc_hd__dfrtp_2)
                                 -0.060213   31.689785   library setup time
                                             31.689785   data required time
---------------------------------------------------------------------------------------------
                                             31.689785   data required time
                                             -0.260651   data arrival time
---------------------------------------------------------------------------------------------
                                             31.429132   slack (MET)


Startpoint: _1261_ (rising edge-triggered flip-flop clocked by i_clk)
Endpoint: _1262_ (rising edge-triggered flip-flop clocked by i_clk)
Path Group: i_clk
Path Type: max

Fanout         Cap        Slew       Delay        Time   Description
---------------------------------------------------------------------------------------------
                      0.150000    0.000000    0.000000   clock i_clk (rise edge)
                                  0.000000    0.000000   clock network delay (ideal)
                      0.150000    0.000000    0.000000 ^ _1261_/CLK (sky130_fd_sc_hd__dfrtp_2)
     1    0.002059    0.026100    0.260651    0.260651 v _1261_/Q (sky130_fd_sc_hd__dfrtp_2)
                                                         u_i2c_master_controller.soft_reset_d1 (net)
                      0.026100    0.000000    0.260651 v _1262_/D (sky130_fd_sc_hd__dfrtp_2)
                                              0.260651   data arrival time

                      0.150000   32.000000   32.000000   clock i_clk (rise edge)
                                  0.000000   32.000000   clock network delay (ideal)
                                 -0.250000   31.750000   clock uncertainty
                                  0.000000   31.750000   clock reconvergence pessimism
                                             31.750000 ^ _1262_/CLK (sky130_fd_sc_hd__dfrtp_2)
                                 -0.060213   31.689785   library setup time
                                             31.689785   data required time
---------------------------------------------------------------------------------------------
                                             31.689785   data required time
                                             -0.260651   data arrival time
---------------------------------------------------------------------------------------------
                                             31.429132   slack (MET)



