
===========================================================================
report_checks -path_delay min (Hold)
============================================================================
======================= nom_ff_n40C_1v95 Corner ===================================

Startpoint: _1182_ (rising edge-triggered flip-flop clocked by i_clk)
Endpoint: _1077_ (removal check against rising-edge clock i_clk)
Path Group: asynchronous
Path Type: min

Fanout         Cap        Slew       Delay        Time   Description
---------------------------------------------------------------------------------------------
                      0.150000    0.000000    0.000000   clock i_clk (rise edge)
                                  0.000000    0.000000   clock network delay (ideal)
                      0.150000    0.000000    0.000000 ^ _1182_/CLK (sky130_fd_sc_hd__dfrtp_2)
     2    0.005499    0.034134    0.272087    0.272087 v _1182_/Q (sky130_fd_sc_hd__dfrtp_2)
                                                         u_i2c_master_controller.cntrl_fsm.intr_clr_reg2 (net)
                      0.034134    0.000000    0.272087 v _0849_/B (sky130_fd_sc_hd__nor3_2)
     1    0.003617    0.087612    0.099897    0.371984 ^ _0849_/Y (sky130_fd_sc_hd__nor3_2)
                                                         _0101_ (net)
                      0.087612    0.000000    0.371984 ^ _1077_/RESET_B (sky130_fd_sc_hd__dfrtp_2)
                                              0.371984   data arrival time

                      0.150000    0.000000    0.000000   clock i_clk (rise edge)
                                  0.000000    0.000000   clock network delay (ideal)
                                  0.250000    0.250000   clock uncertainty
                                  0.000000    0.250000   clock reconvergence pessimism
                                              0.250000 ^ _1077_/CLK (sky130_fd_sc_hd__dfrtp_2)
                                  0.228163    0.478163   library removal time
                                              0.478163   data required time
---------------------------------------------------------------------------------------------
                                              0.478163   data required time
                                             -0.371984   data arrival time
---------------------------------------------------------------------------------------------
                                             -0.106179   slack (VIOLATED)


Startpoint: _1176_ (rising edge-triggered flip-flop clocked by i_clk)
Endpoint: _1174_ (rising edge-triggered flip-flop clocked by i_clk)
Path Group: i_clk
Path Type: min

Fanout         Cap        Slew       Delay        Time   Description
---------------------------------------------------------------------------------------------
                      0.150000    0.000000    0.000000   clock i_clk (rise edge)
                                  0.000000    0.000000   clock network delay (ideal)
                      0.150000    0.000000    0.000000 ^ _1176_/CLK (sky130_fd_sc_hd__dfrtp_2)
     1    0.002087    0.024143    0.232084    0.232084 ^ _1176_/Q (sky130_fd_sc_hd__dfrtp_2)
                                                         u_i2c_master_controller.cntrl_fsm.abort_reg1 (net)
                      0.024143    0.000000    0.232084 ^ _1174_/D (sky130_fd_sc_hd__dfrtp_2)
                                              0.232084   data arrival time

                      0.150000    0.000000    0.000000   clock i_clk (rise edge)
                                  0.000000    0.000000   clock network delay (ideal)
                                  0.250000    0.250000   clock uncertainty
                                  0.000000    0.250000   clock reconvergence pessimism
                                              0.250000 ^ _1174_/CLK (sky130_fd_sc_hd__dfrtp_2)
                                 -0.016111    0.233889   library hold time
                                              0.233889   data required time
---------------------------------------------------------------------------------------------
                                              0.233889   data required time
                                             -0.232084   data arrival time
---------------------------------------------------------------------------------------------
                                             -0.001805   slack (VIOLATED)


Startpoint: _1184_ (rising edge-triggered flip-flop clocked by i_clk)
Endpoint: _1185_ (rising edge-triggered flip-flop clocked by i_clk)
Path Group: i_clk
Path Type: min

Fanout         Cap        Slew       Delay        Time   Description
---------------------------------------------------------------------------------------------
                      0.150000    0.000000    0.000000   clock i_clk (rise edge)
                                  0.000000    0.000000   clock network delay (ideal)
                      0.150000    0.000000    0.000000 ^ _1184_/CLK (sky130_fd_sc_hd__dfrtp_2)
     1    0.002087    0.024143    0.232084    0.232084 ^ _1184_/Q (sky130_fd_sc_hd__dfrtp_2)
                                                         u_i2c_master_controller.cntrl_fsm.start_reg1 (net)
                      0.024143    0.000000    0.232084 ^ _1185_/D (sky130_fd_sc_hd__dfrtp_2)
                                              0.232084   data arrival time

                      0.150000    0.000000    0.000000   clock i_clk (rise edge)
                                  0.000000    0.000000   clock network delay (ideal)
                                  0.250000    0.250000   clock uncertainty
                                  0.000000    0.250000   clock reconvergence pessimism
                                              0.250000 ^ _1185_/CLK (sky130_fd_sc_hd__dfrtp_2)
                                 -0.016111    0.233889   library hold time
                                              0.233889   data required time
---------------------------------------------------------------------------------------------
                                              0.233889   data required time
                                             -0.232084   data arrival time
---------------------------------------------------------------------------------------------
                                             -0.001805   slack (VIOLATED)


Startpoint: _1256_ (rising edge-triggered flip-flop clocked by i_clk)
Endpoint: _1255_ (rising edge-triggered flip-flop clocked by i_clk)
Path Group: i_clk
Path Type: min

Fanout         Cap        Slew       Delay        Time   Description
---------------------------------------------------------------------------------------------
                      0.150000    0.000000    0.000000   clock i_clk (rise edge)
                                  0.000000    0.000000   clock network delay (ideal)
                      0.150000    0.000000    0.000000 ^ _1256_/CLK (sky130_fd_sc_hd__dfrtp_2)
     1    0.002087    0.024143    0.232084    0.232084 ^ _1256_/Q (sky130_fd_sc_hd__dfrtp_2)
                                                         u_i2c_master_controller.filter_sda.in_d1 (net)
                      0.024143    0.000000    0.232084 ^ _1255_/D (sky130_fd_sc_hd__dfrtp_2)
                                              0.232084   data arrival time

                      0.150000    0.000000    0.000000   clock i_clk (rise edge)
                                  0.000000    0.000000   clock network delay (ideal)
                                  0.250000    0.250000   clock uncertainty
                                  0.000000    0.250000   clock reconvergence pessimism
                                              0.250000 ^ _1255_/CLK (sky130_fd_sc_hd__dfrtp_2)
                                 -0.016111    0.233889   library hold time
                                              0.233889   data required time
---------------------------------------------------------------------------------------------
                                              0.233889   data required time
                                             -0.232084   data arrival time
---------------------------------------------------------------------------------------------
                                             -0.001805   slack (VIOLATED)


Startpoint: _1259_ (rising edge-triggered flip-flop clocked by i_clk)
Endpoint: _1258_ (rising edge-triggered flip-flop clocked by i_clk)
Path Group: i_clk
Path Type: min

Fanout         Cap        Slew       Delay        Time   Description
---------------------------------------------------------------------------------------------
                      0.150000    0.000000    0.000000   clock i_clk (rise edge)
                                  0.000000    0.000000   clock network delay (ideal)
                      0.150000    0.000000    0.000000 ^ _1259_/CLK (sky130_fd_sc_hd__dfrtp_2)
     1    0.002087    0.024143    0.232084    0.232084 ^ _1259_/Q (sky130_fd_sc_hd__dfrtp_2)
                                                         u_i2c_master_controller.filter_scl.in_d1 (net)
                      0.024143    0.000000    0.232084 ^ _1258_/D (sky130_fd_sc_hd__dfrtp_2)
                                              0.232084   data arrival time

                      0.150000    0.000000    0.000000   clock i_clk (rise edge)
                                  0.000000    0.000000   clock network delay (ideal)
                                  0.250000    0.250000   clock uncertainty
                                  0.000000    0.250000   clock reconvergence pessimism
                                              0.250000 ^ _1258_/CLK (sky130_fd_sc_hd__dfrtp_2)
                                 -0.016111    0.233889   library hold time
                                              0.233889   data required time
---------------------------------------------------------------------------------------------
                                              0.233889   data required time
                                             -0.232084   data arrival time
---------------------------------------------------------------------------------------------
                                             -0.001805   slack (VIOLATED)


Startpoint: _1261_ (rising edge-triggered flip-flop clocked by i_clk)
Endpoint: _1262_ (rising edge-triggered flip-flop clocked by i_clk)
Path Group: i_clk
Path Type: min

Fanout         Cap        Slew       Delay        Time   Description
---------------------------------------------------------------------------------------------
                      0.150000    0.000000    0.000000   clock i_clk (rise edge)
                                  0.000000    0.000000   clock network delay (ideal)
                      0.150000    0.000000    0.000000 ^ _1261_/CLK (sky130_fd_sc_hd__dfrtp_2)
     1    0.002087    0.024143    0.232084    0.232084 ^ _1261_/Q (sky130_fd_sc_hd__dfrtp_2)
                                                         u_i2c_master_controller.soft_reset_d1 (net)
                      0.024143    0.000000    0.232084 ^ _1262_/D (sky130_fd_sc_hd__dfrtp_2)
                                              0.232084   data arrival time

                      0.150000    0.000000    0.000000   clock i_clk (rise edge)
                                  0.000000    0.000000   clock network delay (ideal)
                                  0.250000    0.250000   clock uncertainty
                                  0.000000    0.250000   clock reconvergence pessimism
                                              0.250000 ^ _1262_/CLK (sky130_fd_sc_hd__dfrtp_2)
                                 -0.016111    0.233889   library hold time
                                              0.233889   data required time
---------------------------------------------------------------------------------------------
                                              0.233889   data required time
                                             -0.232084   data arrival time
---------------------------------------------------------------------------------------------
                                             -0.001805   slack (VIOLATED)


Startpoint: _1183_ (rising edge-triggered flip-flop clocked by i_clk)
Endpoint: _1178_ (rising edge-triggered flip-flop clocked by i_clk)
Path Group: i_clk
Path Type: min

Fanout         Cap        Slew       Delay        Time   Description
---------------------------------------------------------------------------------------------
                      0.150000    0.000000    0.000000   clock i_clk (rise edge)
                                  0.000000    0.000000   clock network delay (ideal)
                      0.150000    0.000000    0.000000 ^ _1183_/CLK (sky130_fd_sc_hd__dfrtp_2)
     2    0.003712    0.029741    0.238364    0.238364 ^ _1183_/Q (sky130_fd_sc_hd__dfrtp_2)
                                                         u_i2c_master_controller.cntrl_fsm.intr_clr_reg (net)
                      0.029741    0.000000    0.238364 ^ _1178_/D (sky130_fd_sc_hd__dfrtp_2)
                                              0.238364   data arrival time

                      0.150000    0.000000    0.000000   clock i_clk (rise edge)
                                  0.000000    0.000000   clock network delay (ideal)
                                  0.250000    0.250000   clock uncertainty
                                  0.000000    0.250000   clock reconvergence pessimism
                                              0.250000 ^ _1178_/CLK (sky130_fd_sc_hd__dfrtp_2)
                                 -0.016515    0.233485   library hold time
                                              0.233485   data required time
---------------------------------------------------------------------------------------------
                                              0.233485   data required time
                                             -0.238364   data arrival time
---------------------------------------------------------------------------------------------
                                              0.004879   slack (MET)


Startpoint: _1187_ (rising edge-triggered flip-flop clocked by i_clk)
Endpoint: _1181_ (rising edge-triggered flip-flop clocked by i_clk)
Path Group: i_clk
Path Type: min

Fanout         Cap        Slew       Delay        Time   Description
---------------------------------------------------------------------------------------------
                      0.150000    0.000000    0.000000   clock i_clk (rise edge)
                                  0.000000    0.000000   clock network delay (ideal)
                      0.150000    0.000000    0.000000 ^ _1187_/CLK (sky130_fd_sc_hd__dfrtp_2)
     2    0.003873    0.030295    0.238986    0.238986 ^ _1187_/Q (sky130_fd_sc_hd__dfrtp_2)
                                                         u_i2c_master_controller.cntrl_fsm.abort_ack (net)
                      0.030295    0.000000    0.238986 ^ _1181_/D (sky130_fd_sc_hd__dfrtp_2)
                                              0.238986   data arrival time

                      0.150000    0.000000    0.000000   clock i_clk (rise edge)
                                  0.000000    0.000000   clock network delay (ideal)
                                  0.250000    0.250000   clock uncertainty
                                  0.000000    0.250000   clock reconvergence pessimism
                                              0.250000 ^ _1181_/CLK (sky130_fd_sc_hd__dfrtp_2)
                                 -0.016555    0.233445   library hold time
                                              0.233445   data required time
---------------------------------------------------------------------------------------------
                                              0.233445   data required time
                                             -0.238986   data arrival time
---------------------------------------------------------------------------------------------
                                              0.005541   slack (MET)


Startpoint: _1078_ (rising edge-triggered flip-flop clocked by i_clk)
Endpoint: _1069_ (rising edge-triggered flip-flop clocked by i_clk)
Path Group: i_clk
Path Type: min

Fanout         Cap        Slew       Delay        Time   Description
---------------------------------------------------------------------------------------------
                      0.150000    0.000000    0.000000   clock i_clk (rise edge)
                                  0.000000    0.000000   clock network delay (ideal)
                      0.150000    0.000000    0.000000 ^ _1078_/CLK (sky130_fd_sc_hd__dfrtp_2)
     2    0.006468    0.038802    0.247355    0.247355 ^ _1078_/Q (sky130_fd_sc_hd__dfrtp_2)
                                                         u_i2c_master_controller.bps_mode[0] (net)
                      0.038802    0.000000    0.247355 ^ _0730_/B (sky130_fd_sc_hd__nor2_2)
     1    0.002259    0.013161    0.016120    0.263474 v _0730_/Y (sky130_fd_sc_hd__nor2_2)
                                                         _0050_ (net)
                      0.013161    0.000000    0.263474 v _1069_/D (sky130_fd_sc_hd__dfstp_2)
                                              0.263474   data arrival time

                      0.150000    0.000000    0.000000   clock i_clk (rise edge)
                                  0.000000    0.000000   clock network delay (ideal)
                                  0.250000    0.250000   clock uncertainty
                                  0.000000    0.250000   clock reconvergence pessimism
                                              0.250000 ^ _1069_/CLK (sky130_fd_sc_hd__dfstp_2)
                                  0.005707    0.255707   library hold time
                                              0.255707   data required time
---------------------------------------------------------------------------------------------
                                              0.255707   data required time
                                             -0.263474   data arrival time
---------------------------------------------------------------------------------------------
                                              0.007768   slack (MET)


Startpoint: _1193_ (rising edge-triggered flip-flop clocked by i_clk)
Endpoint: _1195_ (rising edge-triggered flip-flop clocked by i_clk)
Path Group: i_clk
Path Type: min

Fanout         Cap        Slew       Delay        Time   Description
---------------------------------------------------------------------------------------------
                      0.150000    0.000000    0.000000   clock i_clk (rise edge)
                                  0.000000    0.000000   clock network delay (ideal)
                      0.150000    0.000000    0.000000 ^ _1193_/CLK (sky130_fd_sc_hd__dfrtp_2)
     3    0.006336    0.038381    0.246971    0.246971 ^ _1193_/Q (sky130_fd_sc_hd__dfrtp_2)
                                                         u_i2c_master_controller.cntrl_fsm.cntrl_fsm.rx_en (net)
                      0.038381    0.000000    0.246971 ^ _1195_/D (sky130_fd_sc_hd__dfrtp_2)
                                              0.246971   data arrival time

                      0.150000    0.000000    0.000000   clock i_clk (rise edge)
                                  0.000000    0.000000   clock network delay (ideal)
                                  0.250000    0.250000   clock uncertainty
                                  0.000000    0.250000   clock reconvergence pessimism
                                              0.250000 ^ _1195_/CLK (sky130_fd_sc_hd__dfrtp_2)
                                 -0.017137    0.232863   library hold time
                                              0.232863   data required time
---------------------------------------------------------------------------------------------
                                              0.232863   data required time
                                             -0.246971   data arrival time
---------------------------------------------------------------------------------------------
                                              0.014108   slack (MET)


Startpoint: _1108_ (rising edge-triggered flip-flop clocked by i_clk)
Endpoint: _1173_ (rising edge-triggered flip-flop clocked by i_clk)
Path Group: i_clk
Path Type: min

Fanout         Cap        Slew       Delay        Time   Description
---------------------------------------------------------------------------------------------
                      0.150000    0.000000    0.000000   clock i_clk (rise edge)
                                  0.000000    0.000000   clock network delay (ideal)
                      0.150000    0.000000    0.000000 ^ _1108_/CLK (sky130_fd_sc_hd__dfrtp_2)
     3    0.006342    0.038400    0.246989    0.246989 ^ _1108_/Q (sky130_fd_sc_hd__dfrtp_2)
                                                         u_i2c_master_controller.cntrl_fsm.cntrl_fsm.o_tx_done (net)
                      0.038400    0.000000    0.246989 ^ _1173_/D (sky130_fd_sc_hd__dfrtp_2)
                                              0.246989   data arrival time

                      0.150000    0.000000    0.000000   clock i_clk (rise edge)
                                  0.000000    0.000000   clock network delay (ideal)
                                  0.250000    0.250000   clock uncertainty
                                  0.000000    0.250000   clock reconvergence pessimism
                                              0.250000 ^ _1173_/CLK (sky130_fd_sc_hd__dfrtp_2)
                                 -0.017138    0.232862   library hold time
                                              0.232862   data required time
---------------------------------------------------------------------------------------------
                                              0.232862   data required time
                                             -0.246989   data arrival time
---------------------------------------------------------------------------------------------
                                              0.014127   slack (MET)


Startpoint: _1109_ (rising edge-triggered flip-flop clocked by i_clk)
Endpoint: _1175_ (rising edge-triggered flip-flop clocked by i_clk)
Path Group: i_clk
Path Type: min

Fanout         Cap        Slew       Delay        Time   Description
---------------------------------------------------------------------------------------------
                      0.150000    0.000000    0.000000   clock i_clk (rise edge)
                                  0.000000    0.000000   clock network delay (ideal)
                      0.150000    0.000000    0.000000 ^ _1109_/CLK (sky130_fd_sc_hd__dfrtp_2)
     3    0.006342    0.038400    0.246989    0.246989 ^ _1109_/Q (sky130_fd_sc_hd__dfrtp_2)
                                                         u_i2c_master_controller.cntrl_fsm.cntrl_fsm.o_rx_done (net)
                      0.038400    0.000000    0.246989 ^ _1175_/D (sky130_fd_sc_hd__dfrtp_2)
                                              0.246989   data arrival time

                      0.150000    0.000000    0.000000   clock i_clk (rise edge)
                                  0.000000    0.000000   clock network delay (ideal)
                                  0.250000    0.250000   clock uncertainty
                                  0.000000    0.250000   clock reconvergence pessimism
                                              0.250000 ^ _1175_/CLK (sky130_fd_sc_hd__dfrtp_2)
                                 -0.017138    0.232862   library hold time
                                              0.232862   data required time
---------------------------------------------------------------------------------------------
                                              0.232862   data required time
                                             -0.246989   data arrival time
---------------------------------------------------------------------------------------------
                                              0.014127   slack (MET)


Startpoint: _1262_ (rising edge-triggered flip-flop clocked by i_clk)
Endpoint: _1260_ (rising edge-triggered flip-flop clocked by i_clk)
Path Group: i_clk
Path Type: min

Fanout         Cap        Slew       Delay        Time   Description
---------------------------------------------------------------------------------------------
                      0.150000    0.000000    0.000000   clock i_clk (rise edge)
                                  0.000000    0.000000   clock network delay (ideal)
                      0.150000    0.000000    0.000000 ^ _1262_/CLK (sky130_fd_sc_hd__dfrtp_2)
     2    0.006739    0.039668    0.248142    0.248142 ^ _1262_/Q (sky130_fd_sc_hd__dfrtp_2)
                                                         u_i2c_master_controller.soft_reset_d2 (net)
                      0.039668    0.000000    0.248142 ^ _1260_/D (sky130_fd_sc_hd__dfrtp_2)
                                              0.248142   data arrival time

                      0.150000    0.000000    0.000000   clock i_clk (rise edge)
                                  0.000000    0.000000   clock network delay (ideal)
                                  0.250000    0.250000   clock uncertainty
                                  0.000000    0.250000   clock reconvergence pessimism
                                              0.250000 ^ _1260_/CLK (sky130_fd_sc_hd__dfrtp_2)
                                 -0.017230    0.232770   library hold time
                                              0.232770   data required time
---------------------------------------------------------------------------------------------
                                              0.232770   data required time
                                             -0.248142   data arrival time
---------------------------------------------------------------------------------------------
                                              0.015372   slack (MET)


Startpoint: _1158_ (rising edge-triggered flip-flop clocked by i_clk)
Endpoint: _1199_ (rising edge-triggered flip-flop clocked by i_clk)
Path Group: i_clk
Path Type: min

Fanout         Cap        Slew       Delay        Time   Description
---------------------------------------------------------------------------------------------
                      0.150000    0.000000    0.000000   clock i_clk (rise edge)
                                  0.000000    0.000000   clock network delay (ideal)
                      0.150000    0.000000    0.000000 ^ _1158_/CLK (sky130_fd_sc_hd__dfrtp_2)
     2    0.006851    0.040026    0.248467    0.248467 ^ _1158_/Q (sky130_fd_sc_hd__dfrtp_2)
                                                         u_i2c_master_controller.i2cbus_cntrl_fsm.falling_scl_detect.state[2] (net)
                      0.040026    0.000000    0.248467 ^ _1199_/D (sky130_fd_sc_hd__dfrtp_2)
                                              0.248467   data arrival time

                      0.150000    0.000000    0.000000   clock i_clk (rise edge)
                                  0.000000    0.000000   clock network delay (ideal)
                                  0.250000    0.250000   clock uncertainty
                                  0.000000    0.250000   clock reconvergence pessimism
                                              0.250000 ^ _1199_/CLK (sky130_fd_sc_hd__dfrtp_2)
                                 -0.017256    0.232744   library hold time
                                              0.232744   data required time
---------------------------------------------------------------------------------------------
                                              0.232744   data required time
                                             -0.248467   data arrival time
---------------------------------------------------------------------------------------------
                                              0.015723   slack (MET)


Startpoint: _1255_ (rising edge-triggered flip-flop clocked by i_clk)
Endpoint: _1254_ (rising edge-triggered flip-flop clocked by i_clk)
Path Group: i_clk
Path Type: min

Fanout         Cap        Slew       Delay        Time   Description
---------------------------------------------------------------------------------------------
                      0.150000    0.000000    0.000000   clock i_clk (rise edge)
                                  0.000000    0.000000   clock network delay (ideal)
                      0.150000    0.000000    0.000000 ^ _1255_/CLK (sky130_fd_sc_hd__dfrtp_2)
     3    0.007087    0.040780    0.249152    0.249152 ^ _1255_/Q (sky130_fd_sc_hd__dfrtp_2)
                                                         u_i2c_master_controller.filter_sda.in_d2 (net)
                      0.040780    0.000000    0.249152 ^ _1254_/D (sky130_fd_sc_hd__dfrtp_2)
                                              0.249152   data arrival time

                      0.150000    0.000000    0.000000   clock i_clk (rise edge)
                                  0.000000    0.000000   clock network delay (ideal)
                                  0.250000    0.250000   clock uncertainty
                                  0.000000    0.250000   clock reconvergence pessimism
                                              0.250000 ^ _1254_/CLK (sky130_fd_sc_hd__dfrtp_2)
                                 -0.017310    0.232690   library hold time
                                              0.232690   data required time
---------------------------------------------------------------------------------------------
                                              0.232690   data required time
                                             -0.249152   data arrival time
---------------------------------------------------------------------------------------------
                                              0.016462   slack (MET)


Startpoint: _1258_ (rising edge-triggered flip-flop clocked by i_clk)
Endpoint: _1257_ (rising edge-triggered flip-flop clocked by i_clk)
Path Group: i_clk
Path Type: min

Fanout         Cap        Slew       Delay        Time   Description
---------------------------------------------------------------------------------------------
                      0.150000    0.000000    0.000000   clock i_clk (rise edge)
                                  0.000000    0.000000   clock network delay (ideal)
                      0.150000    0.000000    0.000000 ^ _1258_/CLK (sky130_fd_sc_hd__dfrtp_2)
     3    0.007087    0.040780    0.249152    0.249152 ^ _1258_/Q (sky130_fd_sc_hd__dfrtp_2)
                                                         u_i2c_master_controller.filter_scl.in_d2 (net)
                      0.040780    0.000000    0.249152 ^ _1257_/D (sky130_fd_sc_hd__dfrtp_2)
                                              0.249152   data arrival time

                      0.150000    0.000000    0.000000   clock i_clk (rise edge)
                                  0.000000    0.000000   clock network delay (ideal)
                                  0.250000    0.250000   clock uncertainty
                                  0.000000    0.250000   clock reconvergence pessimism
                                              0.250000 ^ _1257_/CLK (sky130_fd_sc_hd__dfrtp_2)
                                 -0.017310    0.232690   library hold time
                                              0.232690   data required time
---------------------------------------------------------------------------------------------
                                              0.232690   data required time
                                             -0.249152   data arrival time
---------------------------------------------------------------------------------------------
                                              0.016462   slack (MET)


Startpoint: _1079_ (rising edge-triggered flip-flop clocked by i_clk)
Endpoint: _1068_ (rising edge-triggered flip-flop clocked by i_clk)
Path Group: i_clk
Path Type: min

Fanout         Cap        Slew       Delay        Time   Description
---------------------------------------------------------------------------------------------
                      0.150000    0.000000    0.000000   clock i_clk (rise edge)
                                  0.000000    0.000000   clock network delay (ideal)
                      0.150000    0.000000    0.000000 ^ _1079_/CLK (sky130_fd_sc_hd__dfrtp_2)
     3    0.010969    0.053182    0.260427    0.260427 ^ _1079_/Q (sky130_fd_sc_hd__dfrtp_2)
                                                         u_i2c_master_controller.bps_mode[1] (net)
                      0.053182    0.000000    0.260427 ^ _0569_/A (sky130_fd_sc_hd__inv_2)
     1    0.002259    0.014350    0.013899    0.274327 v _0569_/Y (sky130_fd_sc_hd__inv_2)
                                                         _0049_ (net)
                      0.014350    0.000000    0.274327 v _1068_/D (sky130_fd_sc_hd__dfstp_2)
                                              0.274327   data arrival time

                      0.150000    0.000000    0.000000   clock i_clk (rise edge)
                                  0.000000    0.000000   clock network delay (ideal)
                                  0.250000    0.250000   clock uncertainty
                                  0.000000    0.250000   clock reconvergence pessimism
                                              0.250000 ^ _1068_/CLK (sky130_fd_sc_hd__dfstp_2)
                                  0.005396    0.255396   library hold time
                                              0.255396   data required time
---------------------------------------------------------------------------------------------
                                              0.255396   data required time
                                             -0.274327   data arrival time
---------------------------------------------------------------------------------------------
                                              0.018930   slack (MET)


Startpoint: _1143_ (rising edge-triggered flip-flop clocked by i_clk)
Endpoint: _1252_ (rising edge-triggered flip-flop clocked by i_clk)
Path Group: i_clk
Path Type: min

Fanout         Cap        Slew       Delay        Time   Description
---------------------------------------------------------------------------------------------
                      0.150000    0.000000    0.000000   clock i_clk (rise edge)
                                  0.000000    0.000000   clock network delay (ideal)
                      0.150000    0.000000    0.000000 ^ _1143_/CLK (sky130_fd_sc_hd__dfrtp_2)
     3    0.008707    0.045955    0.253857    0.253857 ^ _1143_/Q (sky130_fd_sc_hd__dfrtp_2)
                                                         u_i2c_master_controller.i2cbus_cntrl_fsm.stop_gen.state[1] (net)
                      0.045955    0.000000    0.253857 ^ _0731_/A (sky130_fd_sc_hd__nor2_2)
     1    0.002259    0.017718    0.021490    0.275347 v _0731_/Y (sky130_fd_sc_hd__nor2_2)
                                                         _0072_ (net)
                      0.017718    0.000000    0.275347 v _1252_/D (sky130_fd_sc_hd__dfstp_2)
                                              0.275347   data arrival time

                      0.150000    0.000000    0.000000   clock i_clk (rise edge)
                                  0.000000    0.000000   clock network delay (ideal)
                                  0.250000    0.250000   clock uncertainty
                                  0.000000    0.250000   clock reconvergence pessimism
                                              0.250000 ^ _1252_/CLK (sky130_fd_sc_hd__dfstp_2)
                                  0.004517    0.254517   library hold time
                                              0.254517   data required time
---------------------------------------------------------------------------------------------
                                              0.254517   data required time
                                             -0.275347   data arrival time
---------------------------------------------------------------------------------------------
                                              0.020830   slack (MET)


Startpoint: _1148_ (rising edge-triggered flip-flop clocked by i_clk)
Endpoint: _1230_ (rising edge-triggered flip-flop clocked by i_clk)
Path Group: i_clk
Path Type: min

Fanout         Cap        Slew       Delay        Time   Description
---------------------------------------------------------------------------------------------
                      0.150000    0.000000    0.000000   clock i_clk (rise edge)
                                  0.000000    0.000000   clock network delay (ideal)
                      0.150000    0.000000    0.000000 ^ _1148_/CLK (sky130_fd_sc_hd__dfrtp_2)
     3    0.009838    0.049568    0.257142    0.257142 ^ _1148_/Q (sky130_fd_sc_hd__dfrtp_2)
                                                         u_i2c_master_controller.i2cbus_cntrl_fsm.start_gen.state[3] (net)
                      0.049568    0.000000    0.257142 ^ _0839_/C (sky130_fd_sc_hd__nor3_2)
     1    0.002259    0.016493    0.019844    0.276986 v _0839_/Y (sky130_fd_sc_hd__nor3_2)
                                                         _0052_ (net)
                      0.016493    0.000000    0.276986 v _1230_/D (sky130_fd_sc_hd__dfstp_2)
                                              0.276986   data arrival time

                      0.150000    0.000000    0.000000   clock i_clk (rise edge)
                                  0.000000    0.000000   clock network delay (ideal)
                                  0.250000    0.250000   clock uncertainty
                                  0.000000    0.250000   clock reconvergence pessimism
                                              0.250000 ^ _1230_/CLK (sky130_fd_sc_hd__dfstp_2)
                                  0.004837    0.254837   library hold time
                                              0.254837   data required time
---------------------------------------------------------------------------------------------
                                              0.254837   data required time
                                             -0.276986   data arrival time
---------------------------------------------------------------------------------------------
                                              0.022149   slack (MET)


Startpoint: _1178_ (rising edge-triggered flip-flop clocked by i_clk)
Endpoint: _1182_ (rising edge-triggered flip-flop clocked by i_clk)
Path Group: i_clk
Path Type: min

Fanout         Cap        Slew       Delay        Time   Description
---------------------------------------------------------------------------------------------
                      0.150000    0.000000    0.000000   clock i_clk (rise edge)
                                  0.000000    0.000000   clock network delay (ideal)
                      0.150000    0.000000    0.000000 ^ _1178_/CLK (sky130_fd_sc_hd__dfrtp_2)
     3    0.011489    0.054843    0.261937    0.261937 ^ _1178_/Q (sky130_fd_sc_hd__dfrtp_2)
                                                         u_i2c_master_controller.cntrl_fsm.intr_clr_reg1 (net)
                      0.054843    0.000000    0.261937 ^ _1182_/D (sky130_fd_sc_hd__dfrtp_2)
                                              0.261937   data arrival time

                      0.150000    0.000000    0.000000   clock i_clk (rise edge)
                                  0.000000    0.000000   clock network delay (ideal)
                                  0.250000    0.250000   clock uncertainty
                                  0.000000    0.250000   clock reconvergence pessimism
                                              0.250000 ^ _1182_/CLK (sky130_fd_sc_hd__dfrtp_2)
                                 -0.018323    0.231677   library hold time
                                              0.231677   data required time
---------------------------------------------------------------------------------------------
                                              0.231677   data required time
                                             -0.261937   data arrival time
---------------------------------------------------------------------------------------------
                                              0.030261   slack (MET)


Startpoint: _1189_ (rising edge-triggered flip-flop clocked by i_clk)
Endpoint: _1142_ (rising edge-triggered flip-flop clocked by i_clk)
Path Group: i_clk
Path Type: min

Fanout         Cap        Slew       Delay        Time   Description
---------------------------------------------------------------------------------------------
                      0.150000    0.000000    0.000000   clock i_clk (rise edge)
                                  0.000000    0.000000   clock network delay (ideal)
                      0.150000    0.000000    0.000000 ^ _1189_/CLK (sky130_fd_sc_hd__dfrtp_2)
     3    0.008971    0.046799    0.254624    0.254624 ^ _1189_/Q (sky130_fd_sc_hd__dfrtp_2)
                                                         u_i2c_master_controller.cntrl_fsm.cntrl_fsm.o_stop_gen_en (net)
                      0.046799    0.000000    0.254624 ^ _0640_/A1 (sky130_fd_sc_hd__a211oi_2)
     1    0.002259    0.015824    0.032789    0.287413 v _0640_/Y (sky130_fd_sc_hd__a211oi_2)
                                                         _0030_ (net)
                      0.015824    0.000000    0.287413 v _1142_/D (sky130_fd_sc_hd__dfstp_2)
                                              0.287413   data arrival time

                      0.150000    0.000000    0.000000   clock i_clk (rise edge)
                                  0.000000    0.000000   clock network delay (ideal)
                                  0.250000    0.250000   clock uncertainty
                                  0.000000    0.250000   clock reconvergence pessimism
                                              0.250000 ^ _1142_/CLK (sky130_fd_sc_hd__dfstp_2)
                                  0.005012    0.255012   library hold time
                                              0.255012   data required time
---------------------------------------------------------------------------------------------
                                              0.255012   data required time
                                             -0.287413   data arrival time
---------------------------------------------------------------------------------------------
                                              0.032402   slack (MET)


Startpoint: _1167_ (rising edge-triggered flip-flop clocked by i_clk)
Endpoint: _1192_ (rising edge-triggered flip-flop clocked by i_clk)
Path Group: i_clk
Path Type: min

Fanout         Cap        Slew       Delay        Time   Description
---------------------------------------------------------------------------------------------
                      0.150000    0.000000    0.000000   clock i_clk (rise edge)
                                  0.000000    0.000000   clock network delay (ideal)
                      0.150000    0.000000    0.000000 ^ _1167_/CLK (sky130_fd_sc_hd__dfrtp_2)
     5    0.013489    0.061232    0.267746    0.267746 ^ _1167_/Q (sky130_fd_sc_hd__dfrtp_2)
                                                         u_i2c_master_controller.cntrl_fsm.cntrl_fsm.state[8] (net)
                      0.061232    0.000000    0.267746 ^ _1192_/D (sky130_fd_sc_hd__dfrtp_2)
                                              0.267746   data arrival time

                      0.150000    0.000000    0.000000   clock i_clk (rise edge)
                                  0.000000    0.000000   clock network delay (ideal)
                                  0.250000    0.250000   clock uncertainty
                                  0.000000    0.250000   clock reconvergence pessimism
                                              0.250000 ^ _1192_/CLK (sky130_fd_sc_hd__dfrtp_2)
                                 -0.018784    0.231216   library hold time
                                              0.231216   data required time
---------------------------------------------------------------------------------------------
                                              0.231216   data required time
                                             -0.267746   data arrival time
---------------------------------------------------------------------------------------------
                                              0.036530   slack (MET)


Startpoint: _1141_ (rising edge-triggered flip-flop clocked by i_clk)
Endpoint: _1110_ (rising edge-triggered flip-flop clocked by i_clk)
Path Group: i_clk
Path Type: min

Fanout         Cap        Slew       Delay        Time   Description
---------------------------------------------------------------------------------------------
                      0.150000    0.000000    0.000000   clock i_clk (rise edge)
                                  0.000000    0.000000   clock network delay (ideal)
                      0.150000    0.000000    0.000000 ^ _1141_/CLK (sky130_fd_sc_hd__dfrtp_2)
     2    0.004311    0.031804    0.240679    0.240679 ^ _1141_/Q (sky130_fd_sc_hd__dfrtp_2)
                                                         u_i2c_master_controller.cntrl_fsm.cntrl_fsm.i_i2c_master_start_detect (net)
                      0.031804    0.000000    0.240679 ^ _0900_/B1 (sky130_fd_sc_hd__a21o_2)
     1    0.002087    0.016242    0.046463    0.287142 ^ _0900_/X (sky130_fd_sc_hd__a21o_2)
                                                         _0233_ (net)
                      0.016242    0.000000    0.287142 ^ _1110_/D (sky130_fd_sc_hd__dfrtp_2)
                                              0.287142   data arrival time

                      0.150000    0.000000    0.000000   clock i_clk (rise edge)
                                  0.000000    0.000000   clock network delay (ideal)
                                  0.250000    0.250000   clock uncertainty
                                  0.000000    0.250000   clock reconvergence pessimism
                                              0.250000 ^ _1110_/CLK (sky130_fd_sc_hd__dfrtp_2)
                                 -0.015542    0.234458   library hold time
                                              0.234458   data required time
---------------------------------------------------------------------------------------------
                                              0.234458   data required time
                                             -0.287142   data arrival time
---------------------------------------------------------------------------------------------
                                              0.052684   slack (MET)


Startpoint: _1128_ (rising edge-triggered flip-flop clocked by i_clk)
Endpoint: _1210_ (rising edge-triggered flip-flop clocked by i_clk)
Path Group: i_clk
Path Type: min

Fanout         Cap        Slew       Delay        Time   Description
---------------------------------------------------------------------------------------------
                      0.150000    0.000000    0.000000   clock i_clk (rise edge)
                                  0.000000    0.000000   clock network delay (ideal)
                      0.150000    0.000000    0.000000 ^ _1128_/CLK (sky130_fd_sc_hd__dfrtp_2)
     6    0.019687    0.081915    0.283541    0.283541 ^ _1128_/Q (sky130_fd_sc_hd__dfrtp_2)
                                                         u_i2c_master_controller.cntrl_fsm.cntrl_fsm.o_enable_scl (net)
                      0.081915    0.000000    0.283541 ^ _0740_/A1 (sky130_fd_sc_hd__o21ai_2)
     1    0.002259    0.014476    0.035243    0.318783 v _0740_/Y (sky130_fd_sc_hd__o21ai_2)
                                                         _0047_ (net)
                      0.014476    0.000000    0.318783 v _1210_/D (sky130_fd_sc_hd__dfstp_2)
                                              0.318783   data arrival time

                      0.150000    0.000000    0.000000   clock i_clk (rise edge)
                                  0.000000    0.000000   clock network delay (ideal)
                                  0.250000    0.250000   clock uncertainty
                                  0.000000    0.250000   clock reconvergence pessimism
                                              0.250000 ^ _1210_/CLK (sky130_fd_sc_hd__dfstp_2)
                                  0.005363    0.255363   library hold time
                                              0.255363   data required time
---------------------------------------------------------------------------------------------
                                              0.255363   data required time
                                             -0.318783   data arrival time
---------------------------------------------------------------------------------------------
                                              0.063420   slack (MET)


Startpoint: _1233_ (rising edge-triggered flip-flop clocked by i_clk)
Endpoint: _1234_ (rising edge-triggered flip-flop clocked by i_clk)
Path Group: i_clk
Path Type: min

Fanout         Cap        Slew       Delay        Time   Description
---------------------------------------------------------------------------------------------
                      0.150000    0.000000    0.000000   clock i_clk (rise edge)
                                  0.000000    0.000000   clock network delay (ideal)
                      0.150000    0.000000    0.000000 ^ _1233_/CLK (sky130_fd_sc_hd__dfrtp_2)
     1    0.001577    0.022386    0.230113    0.230113 ^ _1233_/Q (sky130_fd_sc_hd__dfrtp_2)
                                                         u_i2c_master_controller.i2cbus_cntrl_fsm.stop_detect.state (net)
                      0.022386    0.000000    0.230113 ^ _0736_/A (sky130_fd_sc_hd__and2_2)
     1    0.002087    0.022963    0.069902    0.300015 ^ _0736_/X (sky130_fd_sc_hd__and2_2)
                                                         _0071_ (net)
                      0.022963    0.000000    0.300015 ^ _1234_/D (sky130_fd_sc_hd__dfrtp_2)
                                              0.300015   data arrival time

                      0.150000    0.000000    0.000000   clock i_clk (rise edge)
                                  0.000000    0.000000   clock network delay (ideal)
                                  0.250000    0.250000   clock uncertainty
                                  0.000000    0.250000   clock reconvergence pessimism
                                              0.250000 ^ _1234_/CLK (sky130_fd_sc_hd__dfrtp_2)
                                 -0.016026    0.233974   library hold time
                                              0.233974   data required time
---------------------------------------------------------------------------------------------
                                              0.233974   data required time
                                             -0.300015   data arrival time
---------------------------------------------------------------------------------------------
                                              0.066041   slack (MET)


Startpoint: _1168_ (rising edge-triggered flip-flop clocked by i_clk)
Endpoint: _1168_ (rising edge-triggered flip-flop clocked by i_clk)
Path Group: i_clk
Path Type: min

Fanout         Cap        Slew       Delay        Time   Description
---------------------------------------------------------------------------------------------
                      0.150000    0.000000    0.000000   clock i_clk (rise edge)
                                  0.000000    0.000000   clock network delay (ideal)
                      0.150000    0.000000    0.000000 ^ _1168_/CLK (sky130_fd_sc_hd__dfrtp_2)
     2    0.004044    0.030884    0.239647    0.239647 ^ _1168_/Q (sky130_fd_sc_hd__dfrtp_2)
                                                         u_i2c_master_controller.cntrl_fsm.cntrl_fsm.state[9] (net)
                      0.030884    0.000000    0.239647 ^ _0664_/A1 (sky130_fd_sc_hd__a21o_2)
     1    0.002087    0.016170    0.061873    0.301520 ^ _0664_/X (sky130_fd_sc_hd__a21o_2)
                                                         _0016_ (net)
                      0.016170    0.000000    0.301520 ^ _1168_/D (sky130_fd_sc_hd__dfrtp_2)
                                              0.301520   data arrival time

                      0.150000    0.000000    0.000000   clock i_clk (rise edge)
                                  0.000000    0.000000   clock network delay (ideal)
                                  0.250000    0.250000   clock uncertainty
                                  0.000000    0.250000   clock reconvergence pessimism
                                              0.250000 ^ _1168_/CLK (sky130_fd_sc_hd__dfrtp_2)
                                 -0.015537    0.234463   library hold time
                                              0.234463   data required time
---------------------------------------------------------------------------------------------
                                              0.234463   data required time
                                             -0.301520   data arrival time
---------------------------------------------------------------------------------------------
                                              0.067057   slack (MET)


Startpoint: _1140_ (rising edge-triggered flip-flop clocked by i_clk)
Endpoint: _1131_ (rising edge-triggered flip-flop clocked by i_clk)
Path Group: i_clk
Path Type: min

Fanout         Cap        Slew       Delay        Time   Description
---------------------------------------------------------------------------------------------
                      0.150000    0.000000    0.000000   clock i_clk (rise edge)
                                  0.000000    0.000000   clock network delay (ideal)
                      0.150000    0.000000    0.000000 ^ _1140_/CLK (sky130_fd_sc_hd__dfrtp_2)
     6    0.017831    0.075664    0.278954    0.278954 ^ _1140_/Q (sky130_fd_sc_hd__dfrtp_2)
                                                         u_i2c_master_controller.i2cbus_cntrl_fsm.scl_gen.count_en (net)
                      0.075664    0.000000    0.278954 ^ _0602_/A1 (sky130_fd_sc_hd__a21oi_2)
     1    0.002059    0.011438    0.027069    0.306023 v _0602_/Y (sky130_fd_sc_hd__a21oi_2)
                                                         _0254_ (net)
                      0.011438    0.000000    0.306023 v _1131_/D (sky130_fd_sc_hd__dfrtp_2)
                                              0.306023   data arrival time

                      0.150000    0.000000    0.000000   clock i_clk (rise edge)
                                  0.000000    0.000000   clock network delay (ideal)
                                  0.250000    0.250000   clock uncertainty
                                  0.000000    0.250000   clock reconvergence pessimism
                                              0.250000 ^ _1131_/CLK (sky130_fd_sc_hd__dfrtp_2)
                                 -0.011194    0.238806   library hold time
                                              0.238806   data required time
---------------------------------------------------------------------------------------------
                                              0.238806   data required time
                                             -0.306023   data arrival time
---------------------------------------------------------------------------------------------
                                              0.067217   slack (MET)


Startpoint: _1146_ (rising edge-triggered flip-flop clocked by i_clk)
Endpoint: _1150_ (rising edge-triggered flip-flop clocked by i_clk)
Path Group: i_clk
Path Type: min

Fanout         Cap        Slew       Delay        Time   Description
---------------------------------------------------------------------------------------------
                      0.150000    0.000000    0.000000   clock i_clk (rise edge)
                                  0.000000    0.000000   clock network delay (ideal)
                      0.150000    0.000000    0.000000 ^ _1146_/CLK (sky130_fd_sc_hd__dfrtp_2)
     3    0.008983    0.046837    0.254659    0.254659 ^ _1146_/Q (sky130_fd_sc_hd__dfrtp_2)
                                                         u_i2c_master_controller.i2cbus_cntrl_fsm.start_gen.state[1] (net)
                      0.046837    0.000000    0.254659 ^ _0642_/B1 (sky130_fd_sc_hd__a21o_2)
     1    0.002087    0.016505    0.050218    0.304877 ^ _0642_/X (sky130_fd_sc_hd__a21o_2)
                                                         _0028_ (net)
                      0.016505    0.000000    0.304877 ^ _1150_/D (sky130_fd_sc_hd__dfrtp_2)
                                              0.304877   data arrival time

                      0.150000    0.000000    0.000000   clock i_clk (rise edge)
                                  0.000000    0.000000   clock network delay (ideal)
                                  0.250000    0.250000   clock uncertainty
                                  0.000000    0.250000   clock reconvergence pessimism
                                              0.250000 ^ _1150_/CLK (sky130_fd_sc_hd__dfrtp_2)
                                 -0.015561    0.234439   library hold time
                                              0.234439   data required time
---------------------------------------------------------------------------------------------
                                              0.234439   data required time
                                             -0.304877   data arrival time
---------------------------------------------------------------------------------------------
                                              0.070438   slack (MET)


Startpoint: _1147_ (rising edge-triggered flip-flop clocked by i_clk)
Endpoint: _1147_ (rising edge-triggered flip-flop clocked by i_clk)
Path Group: i_clk
Path Type: min

Fanout         Cap        Slew       Delay        Time   Description
---------------------------------------------------------------------------------------------
                      0.150000    0.000000    0.000000   clock i_clk (rise edge)
                                  0.000000    0.000000   clock network delay (ideal)
                      0.150000    0.000000    0.000000 ^ _1147_/CLK (sky130_fd_sc_hd__dfrtp_2)
     2    0.004936    0.033908    0.242905    0.242905 ^ _1147_/Q (sky130_fd_sc_hd__dfrtp_2)
                                                         u_i2c_master_controller.i2cbus_cntrl_fsm.start_gen.state[2] (net)
                      0.033908    0.000000    0.242905 ^ _0646_/A1 (sky130_fd_sc_hd__a21o_2)
     1    0.002087    0.016214    0.062631    0.305536 ^ _0646_/X (sky130_fd_sc_hd__a21o_2)
                                                         _0025_ (net)
                      0.016214    0.000000    0.305536 ^ _1147_/D (sky130_fd_sc_hd__dfrtp_2)
                                              0.305536   data arrival time

                      0.150000    0.000000    0.000000   clock i_clk (rise edge)
                                  0.000000    0.000000   clock network delay (ideal)
                                  0.250000    0.250000   clock uncertainty
                                  0.000000    0.250000   clock reconvergence pessimism
                                              0.250000 ^ _1147_/CLK (sky130_fd_sc_hd__dfrtp_2)
                                 -0.015540    0.234460   library hold time
                                              0.234460   data required time
---------------------------------------------------------------------------------------------
                                              0.234460   data required time
                                             -0.305536   data arrival time
---------------------------------------------------------------------------------------------
                                              0.071076   slack (MET)


Startpoint: _1151_ (rising edge-triggered flip-flop clocked by i_clk)
Endpoint: _1151_ (rising edge-triggered flip-flop clocked by i_clk)
Path Group: i_clk
Path Type: min

Fanout         Cap        Slew       Delay        Time   Description
---------------------------------------------------------------------------------------------
                      0.150000    0.000000    0.000000   clock i_clk (rise edge)
                                  0.000000    0.000000   clock network delay (ideal)
                      0.150000    0.000000    0.000000 ^ _1151_/CLK (sky130_fd_sc_hd__dfrtp_2)
     2    0.004095    0.031060    0.239844    0.239844 ^ _1151_/Q (sky130_fd_sc_hd__dfrtp_2)
                                                         u_i2c_master_controller.i2cbus_cntrl_fsm.start_gen.state[6] (net)
                      0.031060    0.000000    0.239844 ^ _0641_/B2 (sky130_fd_sc_hd__a22o_2)
     1    0.002087    0.019567    0.065794    0.305638 ^ _0641_/X (sky130_fd_sc_hd__a22o_2)
                                                         _0029_ (net)
                      0.019567    0.000000    0.305638 ^ _1151_/D (sky130_fd_sc_hd__dfrtp_2)
                                              0.305638   data arrival time

                      0.150000    0.000000    0.000000   clock i_clk (rise edge)
                                  0.000000    0.000000   clock network delay (ideal)
                                  0.250000    0.250000   clock uncertainty
                                  0.000000    0.250000   clock reconvergence pessimism
                                              0.250000 ^ _1151_/CLK (sky130_fd_sc_hd__dfrtp_2)
                                 -0.015781    0.234219   library hold time
                                              0.234219   data required time
---------------------------------------------------------------------------------------------
                                              0.234219   data required time
                                             -0.305638   data arrival time
---------------------------------------------------------------------------------------------
                                              0.071420   slack (MET)


Startpoint: _1158_ (rising edge-triggered flip-flop clocked by i_clk)
Endpoint: _1157_ (rising edge-triggered flip-flop clocked by i_clk)
Path Group: i_clk
Path Type: min

Fanout         Cap        Slew       Delay        Time   Description
---------------------------------------------------------------------------------------------
                      0.150000    0.000000    0.000000   clock i_clk (rise edge)
                                  0.000000    0.000000   clock network delay (ideal)
                      0.150000    0.000000    0.000000 ^ _1158_/CLK (sky130_fd_sc_hd__dfrtp_2)
     2    0.006851    0.040026    0.248467    0.248467 ^ _1158_/Q (sky130_fd_sc_hd__dfrtp_2)
                                                         u_i2c_master_controller.i2cbus_cntrl_fsm.falling_scl_detect.state[2] (net)
                      0.040026    0.000000    0.248467 ^ _0654_/B1 (sky130_fd_sc_hd__a21oi_2)
     1    0.004145    0.015899    0.019228    0.267695 v _0654_/Y (sky130_fd_sc_hd__a21oi_2)
                                                         _0353_ (net)
                      0.015899    0.000000    0.267695 v _0655_/B (sky130_fd_sc_hd__nor2_2)
     1    0.002087    0.038757    0.037548    0.305243 ^ _0655_/Y (sky130_fd_sc_hd__nor2_2)
                                                         _0018_ (net)
                      0.038757    0.000000    0.305243 ^ _1157_/D (sky130_fd_sc_hd__dfrtp_2)
                                              0.305243   data arrival time

                      0.150000    0.000000    0.000000   clock i_clk (rise edge)
                                  0.000000    0.000000   clock network delay (ideal)
                                  0.250000    0.250000   clock uncertainty
                                  0.000000    0.250000   clock reconvergence pessimism
                                              0.250000 ^ _1157_/CLK (sky130_fd_sc_hd__dfrtp_2)
                                 -0.017164    0.232836   library hold time
                                              0.232836   data required time
---------------------------------------------------------------------------------------------
                                              0.232836   data required time
                                             -0.305243   data arrival time
---------------------------------------------------------------------------------------------
                                              0.072407   slack (MET)


Startpoint: _1154_ (rising edge-triggered flip-flop clocked by i_clk)
Endpoint: _1153_ (rising edge-triggered flip-flop clocked by i_clk)
Path Group: i_clk
Path Type: min

Fanout         Cap        Slew       Delay        Time   Description
---------------------------------------------------------------------------------------------
                      0.150000    0.000000    0.000000   clock i_clk (rise edge)
                                  0.000000    0.000000   clock network delay (ideal)
                      0.150000    0.000000    0.000000 ^ _1154_/CLK (sky130_fd_sc_hd__dfrtp_2)
     2    0.005112    0.034470    0.243416    0.243416 ^ _1154_/Q (sky130_fd_sc_hd__dfrtp_2)
                                                         u_i2c_master_controller.i2cbus_cntrl_fsm.scl_gen.state[2] (net)
                      0.034470    0.000000    0.243416 ^ _0651_/B1 (sky130_fd_sc_hd__a22o_2)
     1    0.002087    0.019581    0.063569    0.306985 ^ _0651_/X (sky130_fd_sc_hd__a22o_2)
                                                         _0021_ (net)
                      0.019581    0.000000    0.306985 ^ _1153_/D (sky130_fd_sc_hd__dfrtp_2)
                                              0.306985   data arrival time

                      0.150000    0.000000    0.000000   clock i_clk (rise edge)
                                  0.000000    0.000000   clock network delay (ideal)
                                  0.250000    0.250000   clock uncertainty
                                  0.000000    0.250000   clock reconvergence pessimism
                                              0.250000 ^ _1153_/CLK (sky130_fd_sc_hd__dfrtp_2)
                                 -0.015783    0.234217   library hold time
                                              0.234217   data required time
---------------------------------------------------------------------------------------------
                                              0.234217   data required time
                                             -0.306985   data arrival time
---------------------------------------------------------------------------------------------
                                              0.072768   slack (MET)


Startpoint: _1134_ (rising edge-triggered flip-flop clocked by i_clk)
Endpoint: _1134_ (rising edge-triggered flip-flop clocked by i_clk)
Path Group: i_clk
Path Type: min

Fanout         Cap        Slew       Delay        Time   Description
---------------------------------------------------------------------------------------------
                      0.150000    0.000000    0.000000   clock i_clk (rise edge)
                                  0.000000    0.000000   clock network delay (ideal)
                      0.150000    0.000000    0.000000 ^ _1134_/CLK (sky130_fd_sc_hd__dfrtp_2)
     6    0.020071    0.083208    0.284490    0.284490 ^ _1134_/Q (sky130_fd_sc_hd__dfrtp_2)
                                                         u_i2c_master_controller.i2cbus_cntrl_fsm.scl_gen.count[3] (net)
                      0.083208    0.000000    0.284490 ^ _0596_/A1 (sky130_fd_sc_hd__a21oi_2)
     1    0.002059    0.011438    0.027372    0.311862 v _0596_/Y (sky130_fd_sc_hd__a21oi_2)
                                                         _0257_ (net)
                      0.011438    0.000000    0.311862 v _1134_/D (sky130_fd_sc_hd__dfrtp_2)
                                              0.311862   data arrival time

                      0.150000    0.000000    0.000000   clock i_clk (rise edge)
                                  0.000000    0.000000   clock network delay (ideal)
                                  0.250000    0.250000   clock uncertainty
                                  0.000000    0.250000   clock reconvergence pessimism
                                              0.250000 ^ _1134_/CLK (sky130_fd_sc_hd__dfrtp_2)
                                 -0.011194    0.238806   library hold time
                                              0.238806   data required time
---------------------------------------------------------------------------------------------
                                              0.238806   data required time
                                             -0.311862   data arrival time
---------------------------------------------------------------------------------------------
                                              0.073056   slack (MET)


Startpoint: _1095_ (rising edge-triggered flip-flop clocked by i_clk)
Endpoint: _1095_ (rising edge-triggered flip-flop clocked by i_clk)
Path Group: i_clk
Path Type: min

Fanout         Cap        Slew       Delay        Time   Description
---------------------------------------------------------------------------------------------
                      0.150000    0.000000    0.000000   clock i_clk (rise edge)
                                  0.000000    0.000000   clock network delay (ideal)
                      0.150000    0.000000    0.000000 ^ _1095_/CLK (sky130_fd_sc_hd__dfrtp_2)
     2    0.004102    0.031084    0.239871    0.239871 ^ _1095_/Q (sky130_fd_sc_hd__dfrtp_2)
                                                         u_i2c_master_controller.cntrl_fsm.txintr_en (net)
                      0.031084    0.000000    0.239871 ^ _0873_/A0 (sky130_fd_sc_hd__mux2_1)
     1    0.002087    0.025488    0.067622    0.307493 ^ _0873_/X (sky130_fd_sc_hd__mux2_1)
                                                         _0218_ (net)
                      0.025488    0.000000    0.307493 ^ _1095_/D (sky130_fd_sc_hd__dfrtp_2)
                                              0.307493   data arrival time

                      0.150000    0.000000    0.000000   clock i_clk (rise edge)
                                  0.000000    0.000000   clock network delay (ideal)
                                  0.250000    0.250000   clock uncertainty
                                  0.000000    0.250000   clock reconvergence pessimism
                                              0.250000 ^ _1095_/CLK (sky130_fd_sc_hd__dfrtp_2)
                                 -0.016208    0.233792   library hold time
                                              0.233792   data required time
---------------------------------------------------------------------------------------------
                                              0.233792   data required time
                                             -0.307493   data arrival time
---------------------------------------------------------------------------------------------
                                              0.073701   slack (MET)


Startpoint: _1096_ (rising edge-triggered flip-flop clocked by i_clk)
Endpoint: _1096_ (rising edge-triggered flip-flop clocked by i_clk)
Path Group: i_clk
Path Type: min

Fanout         Cap        Slew       Delay        Time   Description
---------------------------------------------------------------------------------------------
                      0.150000    0.000000    0.000000   clock i_clk (rise edge)
                                  0.000000    0.000000   clock network delay (ideal)
                      0.150000    0.000000    0.000000 ^ _1096_/CLK (sky130_fd_sc_hd__dfrtp_2)
     2    0.004224    0.031505    0.240343    0.240343 ^ _1096_/Q (sky130_fd_sc_hd__dfrtp_2)
                                                         u_i2c_master_controller.cntrl_fsm.rxintr_en (net)
                      0.031505    0.000000    0.240343 ^ _0874_/A0 (sky130_fd_sc_hd__mux2_1)
     1    0.002087    0.025487    0.067740    0.308083 ^ _0874_/X (sky130_fd_sc_hd__mux2_1)
                                                         _0219_ (net)
                      0.025487    0.000000    0.308083 ^ _1096_/D (sky130_fd_sc_hd__dfrtp_2)
                                              0.308083   data arrival time

                      0.150000    0.000000    0.000000   clock i_clk (rise edge)
                                  0.000000    0.000000   clock network delay (ideal)
                                  0.250000    0.250000   clock uncertainty
                                  0.000000    0.250000   clock reconvergence pessimism
                                              0.250000 ^ _1096_/CLK (sky130_fd_sc_hd__dfrtp_2)
                                 -0.016208    0.233792   library hold time
                                              0.233792   data required time
---------------------------------------------------------------------------------------------
                                              0.233792   data required time
                                             -0.308083   data arrival time
---------------------------------------------------------------------------------------------
                                              0.074291   slack (MET)


Startpoint: _1141_ (rising edge-triggered flip-flop clocked by i_clk)
Endpoint: _1141_ (rising edge-triggered flip-flop clocked by i_clk)
Path Group: i_clk
Path Type: min

Fanout         Cap        Slew       Delay        Time   Description
---------------------------------------------------------------------------------------------
                      0.150000    0.000000    0.000000   clock i_clk (rise edge)
                                  0.000000    0.000000   clock network delay (ideal)
                      0.150000    0.000000    0.000000 ^ _1141_/CLK (sky130_fd_sc_hd__dfrtp_2)
     2    0.004311    0.031804    0.240679    0.240679 ^ _1141_/Q (sky130_fd_sc_hd__dfrtp_2)
                                                         u_i2c_master_controller.cntrl_fsm.cntrl_fsm.i_i2c_master_start_detect (net)
                      0.031804    0.000000    0.240679 ^ _0576_/A0 (sky130_fd_sc_hd__mux2_1)
     1    0.002087    0.025487    0.067824    0.308503 ^ _0576_/X (sky130_fd_sc_hd__mux2_1)
                                                         _0264_ (net)
                      0.025487    0.000000    0.308503 ^ _1141_/D (sky130_fd_sc_hd__dfrtp_2)
                                              0.308503   data arrival time

                      0.150000    0.000000    0.000000   clock i_clk (rise edge)
                                  0.000000    0.000000   clock network delay (ideal)
                                  0.250000    0.250000   clock uncertainty
                                  0.000000    0.250000   clock reconvergence pessimism
                                              0.250000 ^ _1141_/CLK (sky130_fd_sc_hd__dfrtp_2)
                                 -0.016208    0.233792   library hold time
                                              0.233792   data required time
---------------------------------------------------------------------------------------------
                                              0.233792   data required time
                                             -0.308503   data arrival time
---------------------------------------------------------------------------------------------
                                              0.074711   slack (MET)


Startpoint: _1179_ (rising edge-triggered flip-flop clocked by i_clk)
Endpoint: _1189_ (rising edge-triggered flip-flop clocked by i_clk)
Path Group: i_clk
Path Type: min

Fanout         Cap        Slew       Delay        Time   Description
---------------------------------------------------------------------------------------------
                      0.150000    0.000000    0.000000   clock i_clk (rise edge)
                                  0.000000    0.000000   clock network delay (ideal)
                      0.150000    0.000000    0.000000 ^ _1179_/CLK (sky130_fd_sc_hd__dfrtp_2)
     2    0.004118    0.031139    0.239933    0.239933 ^ _1179_/Q (sky130_fd_sc_hd__dfrtp_2)
                                                         u_i2c_master_controller.cntrl_fsm.cntrl_fsm.i_slave_changed (net)
                      0.031139    0.000000    0.239933 ^ _0668_/A2 (sky130_fd_sc_hd__o21a_2)
     2    0.004703    0.027545    0.069774    0.309707 ^ _0668_/X (sky130_fd_sc_hd__o21a_2)
                                                         _0039_ (net)
                      0.027545    0.000000    0.309707 ^ _1189_/D (sky130_fd_sc_hd__dfrtp_2)
                                              0.309707   data arrival time

                      0.150000    0.000000    0.000000   clock i_clk (rise edge)
                                  0.000000    0.000000   clock network delay (ideal)
                                  0.250000    0.250000   clock uncertainty
                                  0.000000    0.250000   clock reconvergence pessimism
                                              0.250000 ^ _1189_/CLK (sky130_fd_sc_hd__dfrtp_2)
                                 -0.016356    0.233644   library hold time
                                              0.233644   data required time
---------------------------------------------------------------------------------------------
                                              0.233644   data required time
                                             -0.309707   data arrival time
---------------------------------------------------------------------------------------------
                                              0.076063   slack (MET)


Startpoint: _1118_ (rising edge-triggered flip-flop clocked by i_clk)
Endpoint: _1118_ (rising edge-triggered flip-flop clocked by i_clk)
Path Group: i_clk
Path Type: min

Fanout         Cap        Slew       Delay        Time   Description
---------------------------------------------------------------------------------------------
                      0.150000    0.000000    0.000000   clock i_clk (rise edge)
                                  0.000000    0.000000   clock network delay (ideal)
                      0.150000    0.000000    0.000000 ^ _1118_/CLK (sky130_fd_sc_hd__dfrtp_2)
     2    0.004988    0.034074    0.243056    0.243056 ^ _1118_/Q (sky130_fd_sc_hd__dfrtp_2)
                                                         u_i2c_master_controller.cntrl_fsm.byte_tx_fsm.i_tx_data[7] (net)
                      0.034074    0.000000    0.243056 ^ _0918_/A1 (sky130_fd_sc_hd__o22a_2)
     1    0.002087    0.017121    0.067616    0.310672 ^ _0918_/X (sky130_fd_sc_hd__o22a_2)
                                                         _0241_ (net)
                      0.017121    0.000000    0.310672 ^ _1118_/D (sky130_fd_sc_hd__dfrtp_2)
                                              0.310672   data arrival time

                      0.150000    0.000000    0.000000   clock i_clk (rise edge)
                                  0.000000    0.000000   clock network delay (ideal)
                                  0.250000    0.250000   clock uncertainty
                                  0.000000    0.250000   clock reconvergence pessimism
                                              0.250000 ^ _1118_/CLK (sky130_fd_sc_hd__dfrtp_2)
                                 -0.015605    0.234395   library hold time
                                              0.234395   data required time
---------------------------------------------------------------------------------------------
                                              0.234395   data required time
                                             -0.310672   data arrival time
---------------------------------------------------------------------------------------------
                                              0.076277   slack (MET)


Startpoint: _1116_ (rising edge-triggered flip-flop clocked by i_clk)
Endpoint: _1116_ (rising edge-triggered flip-flop clocked by i_clk)
Path Group: i_clk
Path Type: min

Fanout         Cap        Slew       Delay        Time   Description
---------------------------------------------------------------------------------------------
                      0.150000    0.000000    0.000000   clock i_clk (rise edge)
                                  0.000000    0.000000   clock network delay (ideal)
                      0.150000    0.000000    0.000000 ^ _1116_/CLK (sky130_fd_sc_hd__dfrtp_2)
     2    0.004995    0.034097    0.243077    0.243077 ^ _1116_/Q (sky130_fd_sc_hd__dfrtp_2)
                                                         u_i2c_master_controller.cntrl_fsm.byte_tx_fsm.i_tx_data[5] (net)
                      0.034097    0.000000    0.243077 ^ _0914_/A1 (sky130_fd_sc_hd__o22a_2)
     1    0.002087    0.017121    0.067622    0.310699 ^ _0914_/X (sky130_fd_sc_hd__o22a_2)
                                                         _0239_ (net)
                      0.017121    0.000000    0.310699 ^ _1116_/D (sky130_fd_sc_hd__dfrtp_2)
                                              0.310699   data arrival time

                      0.150000    0.000000    0.000000   clock i_clk (rise edge)
                                  0.000000    0.000000   clock network delay (ideal)
                                  0.250000    0.250000   clock uncertainty
                                  0.000000    0.250000   clock reconvergence pessimism
                                              0.250000 ^ _1116_/CLK (sky130_fd_sc_hd__dfrtp_2)
                                 -0.015605    0.234395   library hold time
                                              0.234395   data required time
---------------------------------------------------------------------------------------------
                                              0.234395   data required time
                                             -0.310699   data arrival time
---------------------------------------------------------------------------------------------
                                              0.076304   slack (MET)


Startpoint: _1115_ (rising edge-triggered flip-flop clocked by i_clk)
Endpoint: _1115_ (rising edge-triggered flip-flop clocked by i_clk)
Path Group: i_clk
Path Type: min

Fanout         Cap        Slew       Delay        Time   Description
---------------------------------------------------------------------------------------------
                      0.150000    0.000000    0.000000   clock i_clk (rise edge)
                                  0.000000    0.000000   clock network delay (ideal)
                      0.150000    0.000000    0.000000 ^ _1115_/CLK (sky130_fd_sc_hd__dfrtp_2)
     2    0.005007    0.034135    0.243111    0.243111 ^ _1115_/Q (sky130_fd_sc_hd__dfrtp_2)
                                                         u_i2c_master_controller.cntrl_fsm.byte_tx_fsm.i_tx_data[4] (net)
                      0.034135    0.000000    0.243111 ^ _0912_/A1 (sky130_fd_sc_hd__o22a_2)
     1    0.002087    0.017121    0.067633    0.310745 ^ _0912_/X (sky130_fd_sc_hd__o22a_2)
                                                         _0238_ (net)
                      0.017121    0.000000    0.310745 ^ _1115_/D (sky130_fd_sc_hd__dfrtp_2)
                                              0.310745   data arrival time

                      0.150000    0.000000    0.000000   clock i_clk (rise edge)
                                  0.000000    0.000000   clock network delay (ideal)
                                  0.250000    0.250000   clock uncertainty
                                  0.000000    0.250000   clock reconvergence pessimism
                                              0.250000 ^ _1115_/CLK (sky130_fd_sc_hd__dfrtp_2)
                                 -0.015605    0.234395   library hold time
                                              0.234395   data required time
---------------------------------------------------------------------------------------------
                                              0.234395   data required time
                                             -0.310745   data arrival time
---------------------------------------------------------------------------------------------
                                              0.076350   slack (MET)


Startpoint: _1117_ (rising edge-triggered flip-flop clocked by i_clk)
Endpoint: _1117_ (rising edge-triggered flip-flop clocked by i_clk)
Path Group: i_clk
Path Type: min

Fanout         Cap        Slew       Delay        Time   Description
---------------------------------------------------------------------------------------------
                      0.150000    0.000000    0.000000   clock i_clk (rise edge)
                                  0.000000    0.000000   clock network delay (ideal)
                      0.150000    0.000000    0.000000 ^ _1117_/CLK (sky130_fd_sc_hd__dfrtp_2)
     2    0.005007    0.034135    0.243111    0.243111 ^ _1117_/Q (sky130_fd_sc_hd__dfrtp_2)
                                                         u_i2c_master_controller.cntrl_fsm.byte_tx_fsm.i_tx_data[6] (net)
                      0.034135    0.000000    0.243111 ^ _0916_/A1 (sky130_fd_sc_hd__o22a_2)
     1    0.002087    0.017121    0.067633    0.310745 ^ _0916_/X (sky130_fd_sc_hd__o22a_2)
                                                         _0240_ (net)
                      0.017121    0.000000    0.310745 ^ _1117_/D (sky130_fd_sc_hd__dfrtp_2)
                                              0.310745   data arrival time

                      0.150000    0.000000    0.000000   clock i_clk (rise edge)
                                  0.000000    0.000000   clock network delay (ideal)
                                  0.250000    0.250000   clock uncertainty
                                  0.000000    0.250000   clock reconvergence pessimism
                                              0.250000 ^ _1117_/CLK (sky130_fd_sc_hd__dfrtp_2)
                                 -0.015605    0.234395   library hold time
                                              0.234395   data required time
---------------------------------------------------------------------------------------------
                                              0.234395   data required time
                                             -0.310745   data arrival time
---------------------------------------------------------------------------------------------
                                              0.076350   slack (MET)


Startpoint: _1130_ (rising edge-triggered flip-flop clocked by i_clk)
Endpoint: _1212_ (rising edge-triggered flip-flop clocked by i_clk)
Path Group: i_clk
Path Type: min

Fanout         Cap        Slew       Delay        Time   Description
---------------------------------------------------------------------------------------------
                      0.150000    0.000000    0.000000   clock i_clk (rise edge)
                                  0.000000    0.000000   clock network delay (ideal)
                      0.150000    0.000000    0.000000 ^ _1130_/CLK (sky130_fd_sc_hd__dfrtp_2)
     4    0.014181    0.063443    0.269756    0.269756 ^ _1130_/Q (sky130_fd_sc_hd__dfrtp_2)
                                                         u_i2c_master_controller.filter_sda.out_n (net)
                      0.063443    0.000000    0.269756 ^ _0612_/A (sky130_fd_sc_hd__nor2_2)
     5    0.011623    0.033384    0.038765    0.308521 v _0612_/Y (sky130_fd_sc_hd__nor2_2)
                                                         u_i2c_master_controller.i2cbus_cntrl_fsm.start_detect.state_next (net)
                      0.033384    0.000000    0.308521 v _1212_/D (sky130_fd_sc_hd__dfrtp_2)
                                              0.308521   data arrival time

                      0.150000    0.000000    0.000000   clock i_clk (rise edge)
                                  0.000000    0.000000   clock network delay (ideal)
                                  0.250000    0.250000   clock uncertainty
                                  0.000000    0.250000   clock reconvergence pessimism
                                              0.250000 ^ _1212_/CLK (sky130_fd_sc_hd__dfrtp_2)
                                 -0.018235    0.231765   library hold time
                                              0.231765   data required time
---------------------------------------------------------------------------------------------
                                              0.231765   data required time
                                             -0.308521   data arrival time
---------------------------------------------------------------------------------------------
                                              0.076756   slack (MET)


Startpoint: _1266_ (rising edge-triggered flip-flop clocked by i_clk)
Endpoint: _1266_ (rising edge-triggered flip-flop clocked by i_clk)
Path Group: i_clk
Path Type: min

Fanout         Cap        Slew       Delay        Time   Description
---------------------------------------------------------------------------------------------
                      0.150000    0.000000    0.000000   clock i_clk (rise edge)
                                  0.000000    0.000000   clock network delay (ideal)
                      0.150000    0.000000    0.000000 ^ _1266_/CLK (sky130_fd_sc_hd__dfrtp_2)
     3    0.004777    0.033400    0.242443    0.242443 ^ _1266_/Q (sky130_fd_sc_hd__dfrtp_2)
                                                         u_i2c_master_controller.cntrl_fsm.byte_rx_fsm.state[6] (net)
                      0.033400    0.000000    0.242443 ^ _0962_/A0 (sky130_fd_sc_hd__mux2_1)
     1    0.002087    0.025486    0.068271    0.310715 ^ _0962_/X (sky130_fd_sc_hd__mux2_1)
                                                         _0268_ (net)
                      0.025486    0.000000    0.310715 ^ _1266_/D (sky130_fd_sc_hd__dfrtp_2)
                                              0.310715   data arrival time

                      0.150000    0.000000    0.000000   clock i_clk (rise edge)
                                  0.000000    0.000000   clock network delay (ideal)
                                  0.250000    0.250000   clock uncertainty
                                  0.000000    0.250000   clock reconvergence pessimism
                                              0.250000 ^ _1266_/CLK (sky130_fd_sc_hd__dfrtp_2)
                                 -0.016208    0.233792   library hold time
                                              0.233792   data required time
---------------------------------------------------------------------------------------------
                                              0.233792   data required time
                                             -0.310715   data arrival time
---------------------------------------------------------------------------------------------
                                              0.076922   slack (MET)


Startpoint: _1090_ (rising edge-triggered flip-flop clocked by i_clk)
Endpoint: _1077_ (rising edge-triggered flip-flop clocked by i_clk)
Path Group: i_clk
Path Type: min

Fanout         Cap        Slew       Delay        Time   Description
---------------------------------------------------------------------------------------------
                      0.150000    0.000000    0.000000   clock i_clk (rise edge)
                                  0.000000    0.000000   clock network delay (ideal)
                      0.150000    0.000000    0.000000 ^ _1090_/CLK (sky130_fd_sc_hd__dfrtp_2)
     3    0.006112    0.037665    0.246321    0.246321 ^ _1090_/Q (sky130_fd_sc_hd__dfrtp_2)
                                                         u_i2c_master_controller.cntrl_fsm.abort_ack_reg (net)
                      0.037665    0.000000    0.246321 ^ _0609_/B (sky130_fd_sc_hd__or3_2)
     1    0.002087    0.018337    0.064941    0.311262 ^ _0609_/X (sky130_fd_sc_hd__or3_2)
                                                         _0200_ (net)
                      0.018337    0.000000    0.311262 ^ _1077_/D (sky130_fd_sc_hd__dfrtp_2)
                                              0.311262   data arrival time

                      0.150000    0.000000    0.000000   clock i_clk (rise edge)
                                  0.000000    0.000000   clock network delay (ideal)
                                  0.250000    0.250000   clock uncertainty
                                  0.000000    0.250000   clock reconvergence pessimism
                                              0.250000 ^ _1077_/CLK (sky130_fd_sc_hd__dfrtp_2)
                                 -0.015693    0.234307   library hold time
                                              0.234307   data required time
---------------------------------------------------------------------------------------------
                                              0.234307   data required time
                                             -0.311262   data arrival time
---------------------------------------------------------------------------------------------
                                              0.076955   slack (MET)


Startpoint: _1151_ (rising edge-triggered flip-flop clocked by i_clk)
Endpoint: _1146_ (rising edge-triggered flip-flop clocked by i_clk)
Path Group: i_clk
Path Type: min

Fanout         Cap        Slew       Delay        Time   Description
---------------------------------------------------------------------------------------------
                      0.150000    0.000000    0.000000   clock i_clk (rise edge)
                                  0.000000    0.000000   clock network delay (ideal)
                      0.150000    0.000000    0.000000 ^ _1151_/CLK (sky130_fd_sc_hd__dfrtp_2)
     2    0.004095    0.031060    0.239844    0.239844 ^ _1151_/Q (sky130_fd_sc_hd__dfrtp_2)
                                                         u_i2c_master_controller.i2cbus_cntrl_fsm.start_gen.state[6] (net)
                      0.031060    0.000000    0.239844 ^ _0614_/A (sky130_fd_sc_hd__and2_2)
     1    0.002087    0.022958    0.072316    0.312160 ^ _0614_/X (sky130_fd_sc_hd__and2_2)
                                                         _0002_ (net)
                      0.022958    0.000000    0.312160 ^ _1146_/D (sky130_fd_sc_hd__dfrtp_2)
                                              0.312160   data arrival time

                      0.150000    0.000000    0.000000   clock i_clk (rise edge)
                                  0.000000    0.000000   clock network delay (ideal)
                                  0.250000    0.250000   clock uncertainty
                                  0.000000    0.250000   clock reconvergence pessimism
                                              0.250000 ^ _1146_/CLK (sky130_fd_sc_hd__dfrtp_2)
                                 -0.016026    0.233974   library hold time
                                              0.233974   data required time
---------------------------------------------------------------------------------------------
                                              0.233974   data required time
                                             -0.312160   data arrival time
---------------------------------------------------------------------------------------------
                                              0.078186   slack (MET)


Startpoint: _1258_ (rising edge-triggered flip-flop clocked by i_clk)
Endpoint: _1129_ (rising edge-triggered flip-flop clocked by i_clk)
Path Group: i_clk
Path Type: min

Fanout         Cap        Slew       Delay        Time   Description
---------------------------------------------------------------------------------------------
                      0.150000    0.000000    0.000000   clock i_clk (rise edge)
                                  0.000000    0.000000   clock network delay (ideal)
                      0.150000    0.000000    0.000000 ^ _1258_/CLK (sky130_fd_sc_hd__dfrtp_2)
     3    0.007087    0.040780    0.249152    0.249152 ^ _1258_/Q (sky130_fd_sc_hd__dfrtp_2)
                                                         u_i2c_master_controller.filter_scl.in_d2 (net)
                      0.040780    0.000000    0.249152 ^ _0606_/A2 (sky130_fd_sc_hd__o21a_2)
     1    0.002087    0.017488    0.063500    0.312653 ^ _0606_/X (sky130_fd_sc_hd__o21a_2)
                                                         _0252_ (net)
                      0.017488    0.000000    0.312653 ^ _1129_/D (sky130_fd_sc_hd__dfrtp_2)
                                              0.312653   data arrival time

                      0.150000    0.000000    0.000000   clock i_clk (rise edge)
                                  0.000000    0.000000   clock network delay (ideal)
                                  0.250000    0.250000   clock uncertainty
                                  0.000000    0.250000   clock reconvergence pessimism
                                              0.250000 ^ _1129_/CLK (sky130_fd_sc_hd__dfrtp_2)
                                 -0.015632    0.234368   library hold time
                                              0.234368   data required time
---------------------------------------------------------------------------------------------
                                              0.234368   data required time
                                             -0.312653   data arrival time
---------------------------------------------------------------------------------------------
                                              0.078284   slack (MET)


Startpoint: _1255_ (rising edge-triggered flip-flop clocked by i_clk)
Endpoint: _1130_ (rising edge-triggered flip-flop clocked by i_clk)
Path Group: i_clk
Path Type: min

Fanout         Cap        Slew       Delay        Time   Description
---------------------------------------------------------------------------------------------
                      0.150000    0.000000    0.000000   clock i_clk (rise edge)
                                  0.000000    0.000000   clock network delay (ideal)
                      0.150000    0.000000    0.000000 ^ _1255_/CLK (sky130_fd_sc_hd__dfrtp_2)
     3    0.007087    0.040780    0.249152    0.249152 ^ _1255_/Q (sky130_fd_sc_hd__dfrtp_2)
                                                         u_i2c_master_controller.filter_sda.in_d2 (net)
                      0.040780    0.000000    0.249152 ^ _0604_/A2 (sky130_fd_sc_hd__o21a_2)
     1    0.002087    0.017488    0.063500    0.312653 ^ _0604_/X (sky130_fd_sc_hd__o21a_2)
                                                         _0253_ (net)
                      0.017488    0.000000    0.312653 ^ _1130_/D (sky130_fd_sc_hd__dfrtp_2)
                                              0.312653   data arrival time

                      0.150000    0.000000    0.000000   clock i_clk (rise edge)
                                  0.000000    0.000000   clock network delay (ideal)
                                  0.250000    0.250000   clock uncertainty
                                  0.000000    0.250000   clock reconvergence pessimism
                                              0.250000 ^ _1130_/CLK (sky130_fd_sc_hd__dfrtp_2)
                                 -0.015632    0.234368   library hold time
                                              0.234368   data required time
---------------------------------------------------------------------------------------------
                                              0.234368   data required time
                                             -0.312653   data arrival time
---------------------------------------------------------------------------------------------
                                              0.078284   slack (MET)


Startpoint: _1274_ (rising edge-triggered flip-flop clocked by i_clk)
Endpoint: _1106_ (rising edge-triggered flip-flop clocked by i_clk)
Path Group: i_clk
Path Type: min

Fanout         Cap        Slew       Delay        Time   Description
---------------------------------------------------------------------------------------------
                      0.150000    0.000000    0.000000   clock i_clk (rise edge)
                                  0.000000    0.000000   clock network delay (ideal)
                      0.150000    0.000000    0.000000 ^ _1274_/CLK (sky130_fd_sc_hd__dfrtp_2)
     3    0.005790    0.036636    0.245385    0.245385 ^ _1274_/Q (sky130_fd_sc_hd__dfrtp_2)
                                                         u_i2c_master_controller.cntrl_fsm.byte_tx_fsm.state[6] (net)
                      0.036636    0.000000    0.245385 ^ _0893_/B2 (sky130_fd_sc_hd__a22o_2)
     1    0.002087    0.019558    0.067168    0.312553 ^ _0893_/X (sky130_fd_sc_hd__a22o_2)
                                                         _0229_ (net)
                      0.019558    0.000000    0.312553 ^ _1106_/D (sky130_fd_sc_hd__dfrtp_2)
                                              0.312553   data arrival time

                      0.150000    0.000000    0.000000   clock i_clk (rise edge)
                                  0.000000    0.000000   clock network delay (ideal)
                                  0.250000    0.250000   clock uncertainty
                                  0.000000    0.250000   clock reconvergence pessimism
                                              0.250000 ^ _1106_/CLK (sky130_fd_sc_hd__dfrtp_2)
                                 -0.015781    0.234219   library hold time
                                              0.234219   data required time
---------------------------------------------------------------------------------------------
                                              0.234219   data required time
                                             -0.312553   data arrival time
---------------------------------------------------------------------------------------------
                                              0.078334   slack (MET)


Startpoint: _1149_ (rising edge-triggered flip-flop clocked by i_clk)
Endpoint: _1149_ (rising edge-triggered flip-flop clocked by i_clk)
Path Group: i_clk
Path Type: min

Fanout         Cap        Slew       Delay        Time   Description
---------------------------------------------------------------------------------------------
                      0.150000    0.000000    0.000000   clock i_clk (rise edge)
                                  0.000000    0.000000   clock network delay (ideal)
                      0.150000    0.000000    0.000000 ^ _1149_/CLK (sky130_fd_sc_hd__dfrtp_2)
     2    0.004176    0.031339    0.240157    0.240157 ^ _1149_/Q (sky130_fd_sc_hd__dfrtp_2)
                                                         u_i2c_master_controller.i2cbus_cntrl_fsm.start_gen.state[4] (net)
                      0.031339    0.000000    0.240157 ^ _0643_/A2 (sky130_fd_sc_hd__a22o_2)
     1    0.002087    0.019552    0.072746    0.312903 ^ _0643_/X (sky130_fd_sc_hd__a22o_2)
                                                         _0027_ (net)
                      0.019552    0.000000    0.312903 ^ _1149_/D (sky130_fd_sc_hd__dfrtp_2)
                                              0.312903   data arrival time

                      0.150000    0.000000    0.000000   clock i_clk (rise edge)
                                  0.000000    0.000000   clock network delay (ideal)
                                  0.250000    0.250000   clock uncertainty
                                  0.000000    0.250000   clock reconvergence pessimism
                                              0.250000 ^ _1149_/CLK (sky130_fd_sc_hd__dfrtp_2)
                                 -0.015780    0.234220   library hold time
                                              0.234220   data required time
---------------------------------------------------------------------------------------------
                                              0.234220   data required time
                                             -0.312903   data arrival time
---------------------------------------------------------------------------------------------
                                              0.078684   slack (MET)


Startpoint: _1112_ (rising edge-triggered flip-flop clocked by i_clk)
Endpoint: _1112_ (rising edge-triggered flip-flop clocked by i_clk)
Path Group: i_clk
Path Type: min

Fanout         Cap        Slew       Delay        Time   Description
---------------------------------------------------------------------------------------------
                      0.150000    0.000000    0.000000   clock i_clk (rise edge)
                                  0.000000    0.000000   clock network delay (ideal)
                      0.150000    0.000000    0.000000 ^ _1112_/CLK (sky130_fd_sc_hd__dfrtp_2)
     2    0.004985    0.034065    0.243047    0.243047 ^ _1112_/Q (sky130_fd_sc_hd__dfrtp_2)
                                                         u_i2c_master_controller.cntrl_fsm.byte_tx_fsm.i_tx_data[1] (net)
                      0.034065    0.000000    0.243047 ^ _0906_/A1 (sky130_fd_sc_hd__a22o_2)
     1    0.002087    0.019571    0.070143    0.313191 ^ _0906_/X (sky130_fd_sc_hd__a22o_2)
                                                         _0235_ (net)
                      0.019571    0.000000    0.313191 ^ _1112_/D (sky130_fd_sc_hd__dfrtp_2)
                                              0.313191   data arrival time

                      0.150000    0.000000    0.000000   clock i_clk (rise edge)
                                  0.000000    0.000000   clock network delay (ideal)
                                  0.250000    0.250000   clock uncertainty
                                  0.000000    0.250000   clock reconvergence pessimism
                                              0.250000 ^ _1112_/CLK (sky130_fd_sc_hd__dfrtp_2)
                                 -0.015782    0.234218   library hold time
                                              0.234218   data required time
---------------------------------------------------------------------------------------------
                                              0.234218   data required time
                                             -0.313191   data arrival time
---------------------------------------------------------------------------------------------
                                              0.078973   slack (MET)


Startpoint: _1113_ (rising edge-triggered flip-flop clocked by i_clk)
Endpoint: _1113_ (rising edge-triggered flip-flop clocked by i_clk)
Path Group: i_clk
Path Type: min

Fanout         Cap        Slew       Delay        Time   Description
---------------------------------------------------------------------------------------------
                      0.150000    0.000000    0.000000   clock i_clk (rise edge)
                                  0.000000    0.000000   clock network delay (ideal)
                      0.150000    0.000000    0.000000 ^ _1113_/CLK (sky130_fd_sc_hd__dfrtp_2)
     2    0.005006    0.034132    0.243108    0.243108 ^ _1113_/Q (sky130_fd_sc_hd__dfrtp_2)
                                                         u_i2c_master_controller.cntrl_fsm.byte_tx_fsm.i_tx_data[2] (net)
                      0.034132    0.000000    0.243108 ^ _0908_/A1 (sky130_fd_sc_hd__a22o_2)
     1    0.002087    0.019571    0.070161    0.313269 ^ _0908_/X (sky130_fd_sc_hd__a22o_2)
                                                         _0236_ (net)
                      0.019571    0.000000    0.313269 ^ _1113_/D (sky130_fd_sc_hd__dfrtp_2)
                                              0.313269   data arrival time

                      0.150000    0.000000    0.000000   clock i_clk (rise edge)
                                  0.000000    0.000000   clock network delay (ideal)
                                  0.250000    0.250000   clock uncertainty
                                  0.000000    0.250000   clock reconvergence pessimism
                                              0.250000 ^ _1113_/CLK (sky130_fd_sc_hd__dfrtp_2)
                                 -0.015782    0.234218   library hold time
                                              0.234218   data required time
---------------------------------------------------------------------------------------------
                                              0.234218   data required time
                                             -0.313269   data arrival time
---------------------------------------------------------------------------------------------
                                              0.079051   slack (MET)


Startpoint: _1114_ (rising edge-triggered flip-flop clocked by i_clk)
Endpoint: _1114_ (rising edge-triggered flip-flop clocked by i_clk)
Path Group: i_clk
Path Type: min

Fanout         Cap        Slew       Delay        Time   Description
---------------------------------------------------------------------------------------------
                      0.150000    0.000000    0.000000   clock i_clk (rise edge)
                                  0.000000    0.000000   clock network delay (ideal)
                      0.150000    0.000000    0.000000 ^ _1114_/CLK (sky130_fd_sc_hd__dfrtp_2)
     2    0.005013    0.034154    0.243129    0.243129 ^ _1114_/Q (sky130_fd_sc_hd__dfrtp_2)
                                                         u_i2c_master_controller.cntrl_fsm.byte_tx_fsm.i_tx_data[3] (net)
                      0.034154    0.000000    0.243129 ^ _0910_/A1 (sky130_fd_sc_hd__a22o_2)
     1    0.002087    0.019571    0.070167    0.313296 ^ _0910_/X (sky130_fd_sc_hd__a22o_2)
                                                         _0237_ (net)
                      0.019571    0.000000    0.313296 ^ _1114_/D (sky130_fd_sc_hd__dfrtp_2)
                                              0.313296   data arrival time

                      0.150000    0.000000    0.000000   clock i_clk (rise edge)
                                  0.000000    0.000000   clock network delay (ideal)
                                  0.250000    0.250000   clock uncertainty
                                  0.000000    0.250000   clock reconvergence pessimism
                                              0.250000 ^ _1114_/CLK (sky130_fd_sc_hd__dfrtp_2)
                                 -0.015782    0.234218   library hold time
                                              0.234218   data required time
---------------------------------------------------------------------------------------------
                                              0.234218   data required time
                                             -0.313296   data arrival time
---------------------------------------------------------------------------------------------
                                              0.079077   slack (MET)


Startpoint: _1111_ (rising edge-triggered flip-flop clocked by i_clk)
Endpoint: _1111_ (rising edge-triggered flip-flop clocked by i_clk)
Path Group: i_clk
Path Type: min

Fanout         Cap        Slew       Delay        Time   Description
---------------------------------------------------------------------------------------------
                      0.150000    0.000000    0.000000   clock i_clk (rise edge)
                                  0.000000    0.000000   clock network delay (ideal)
                      0.150000    0.000000    0.000000 ^ _1111_/CLK (sky130_fd_sc_hd__dfrtp_2)
     2    0.004956    0.033972    0.242963    0.242963 ^ _1111_/Q (sky130_fd_sc_hd__dfrtp_2)
                                                         u_i2c_master_controller.cntrl_fsm.byte_tx_fsm.i_tx_data[0] (net)
                      0.033972    0.000000    0.242963 ^ _0902_/A1 (sky130_fd_sc_hd__o21a_2)
     1    0.002087    0.017485    0.071050    0.314013 ^ _0902_/X (sky130_fd_sc_hd__o21a_2)
                                                         _0234_ (net)
                      0.017485    0.000000    0.314013 ^ _1111_/D (sky130_fd_sc_hd__dfrtp_2)
                                              0.314013   data arrival time

                      0.150000    0.000000    0.000000   clock i_clk (rise edge)
                                  0.000000    0.000000   clock network delay (ideal)
                                  0.250000    0.250000   clock uncertainty
                                  0.000000    0.250000   clock reconvergence pessimism
                                              0.250000 ^ _1111_/CLK (sky130_fd_sc_hd__dfrtp_2)
                                 -0.015631    0.234369   library hold time
                                              0.234369   data required time
---------------------------------------------------------------------------------------------
                                              0.234369   data required time
                                             -0.314013   data arrival time
---------------------------------------------------------------------------------------------
                                              0.079645   slack (MET)


Startpoint: _1213_ (rising edge-triggered flip-flop clocked by i_clk)
Endpoint: _1213_ (rising edge-triggered flip-flop clocked by i_clk)
Path Group: i_clk
Path Type: min

Fanout         Cap        Slew       Delay        Time   Description
---------------------------------------------------------------------------------------------
                      0.150000    0.000000    0.000000   clock i_clk (rise edge)
                                  0.000000    0.000000   clock network delay (ideal)
                      0.150000    0.000000    0.000000 ^ _1213_/CLK (sky130_fd_sc_hd__dfrtp_2)
     7    0.019487    0.081242    0.283046    0.283046 ^ _1213_/Q (sky130_fd_sc_hd__dfrtp_2)
                                                         u_i2c_master_controller.i2cbus_cntrl_fsm.start_gen.delay_gen.count[0] (net)
                      0.081242    0.000000    0.283046 ^ _0743_/A1 (sky130_fd_sc_hd__o21ai_2)
     1    0.002059    0.015923    0.034660    0.317707 v _0743_/Y (sky130_fd_sc_hd__o21ai_2)
                                                         _0054_ (net)
                      0.015923    0.000000    0.317707 v _1213_/D (sky130_fd_sc_hd__dfrtp_2)
                                              0.317707   data arrival time

                      0.150000    0.000000    0.000000   clock i_clk (rise edge)
                                  0.000000    0.000000   clock network delay (ideal)
                                  0.250000    0.250000   clock uncertainty
                                  0.000000    0.250000   clock reconvergence pessimism
                                              0.250000 ^ _1213_/CLK (sky130_fd_sc_hd__dfrtp_2)
                                 -0.012633    0.237367   library hold time
                                              0.237367   data required time
---------------------------------------------------------------------------------------------
                                              0.237367   data required time
                                             -0.317707   data arrival time
---------------------------------------------------------------------------------------------
                                              0.080339   slack (MET)


Startpoint: _1235_ (rising edge-triggered flip-flop clocked by i_clk)
Endpoint: _1235_ (rising edge-triggered flip-flop clocked by i_clk)
Path Group: i_clk
Path Type: min

Fanout         Cap        Slew       Delay        Time   Description
---------------------------------------------------------------------------------------------
                      0.150000    0.000000    0.000000   clock i_clk (rise edge)
                                  0.000000    0.000000   clock network delay (ideal)
                      0.150000    0.000000    0.000000 ^ _1235_/CLK (sky130_fd_sc_hd__dfrtp_2)
     7    0.019487    0.081242    0.283046    0.283046 ^ _1235_/Q (sky130_fd_sc_hd__dfrtp_2)
                                                         u_i2c_master_controller.i2cbus_cntrl_fsm.stop_gen.delay_gen.count[0] (net)
                      0.081242    0.000000    0.283046 ^ _0787_/A1 (sky130_fd_sc_hd__o21ai_2)
     1    0.002059    0.015923    0.034660    0.317707 v _0787_/Y (sky130_fd_sc_hd__o21ai_2)
                                                         _0073_ (net)
                      0.015923    0.000000    0.317707 v _1235_/D (sky130_fd_sc_hd__dfrtp_2)
                                              0.317707   data arrival time

                      0.150000    0.000000    0.000000   clock i_clk (rise edge)
                                  0.000000    0.000000   clock network delay (ideal)
                                  0.250000    0.250000   clock uncertainty
                                  0.000000    0.250000   clock reconvergence pessimism
                                              0.250000 ^ _1235_/CLK (sky130_fd_sc_hd__dfrtp_2)
                                 -0.012633    0.237367   library hold time
                                              0.237367   data required time
---------------------------------------------------------------------------------------------
                                              0.237367   data required time
                                             -0.317707   data arrival time
---------------------------------------------------------------------------------------------
                                              0.080339   slack (MET)


Startpoint: _1231_ (rising edge-triggered flip-flop clocked by i_clk)
Endpoint: _1167_ (rising edge-triggered flip-flop clocked by i_clk)
Path Group: i_clk
Path Type: min

Fanout         Cap        Slew       Delay        Time   Description
---------------------------------------------------------------------------------------------
                      0.150000    0.000000    0.000000   clock i_clk (rise edge)
                                  0.000000    0.000000   clock network delay (ideal)
                      0.150000    0.000000    0.000000 ^ _1231_/CLK (sky130_fd_sc_hd__dfrtp_2)
     2    0.007208    0.041166    0.249504    0.249504 ^ _1231_/Q (sky130_fd_sc_hd__dfrtp_2)
                                                         u_i2c_master_controller.cntrl_fsm.cntrl_fsm.i_start_gen_ack (net)
                      0.041166    0.000000    0.249504 ^ _0665_/B1 (sky130_fd_sc_hd__a22o_2)
     1    0.002087    0.019584    0.065328    0.314832 ^ _0665_/X (sky130_fd_sc_hd__a22o_2)
                                                         _0015_ (net)
                      0.019584    0.000000    0.314832 ^ _1167_/D (sky130_fd_sc_hd__dfrtp_2)
                                              0.314832   data arrival time

                      0.150000    0.000000    0.000000   clock i_clk (rise edge)
                                  0.000000    0.000000   clock network delay (ideal)
                                  0.250000    0.250000   clock uncertainty
                                  0.000000    0.250000   clock reconvergence pessimism
                                              0.250000 ^ _1167_/CLK (sky130_fd_sc_hd__dfrtp_2)
                                 -0.015783    0.234217   library hold time
                                              0.234217   data required time
---------------------------------------------------------------------------------------------
                                              0.234217   data required time
                                             -0.314832   data arrival time
---------------------------------------------------------------------------------------------
                                              0.080615   slack (MET)


Startpoint: _1274_ (rising edge-triggered flip-flop clocked by i_clk)
Endpoint: _1274_ (rising edge-triggered flip-flop clocked by i_clk)
Path Group: i_clk
Path Type: min

Fanout         Cap        Slew       Delay        Time   Description
---------------------------------------------------------------------------------------------
                      0.150000    0.000000    0.000000   clock i_clk (rise edge)
                                  0.000000    0.000000   clock network delay (ideal)
                      0.150000    0.000000    0.000000 ^ _1274_/CLK (sky130_fd_sc_hd__dfrtp_2)
     3    0.005790    0.036636    0.245385    0.245385 ^ _1274_/Q (sky130_fd_sc_hd__dfrtp_2)
                                                         u_i2c_master_controller.cntrl_fsm.byte_tx_fsm.state[6] (net)
                      0.036636    0.000000    0.245385 ^ _0970_/A0 (sky130_fd_sc_hd__mux2_1)
     1    0.002087    0.025483    0.069178    0.314564 ^ _0970_/X (sky130_fd_sc_hd__mux2_1)
                                                         _0276_ (net)
                      0.025483    0.000000    0.314564 ^ _1274_/D (sky130_fd_sc_hd__dfrtp_2)
                                              0.314564   data arrival time

                      0.150000    0.000000    0.000000   clock i_clk (rise edge)
                                  0.000000    0.000000   clock network delay (ideal)
                                  0.250000    0.250000   clock uncertainty
                                  0.000000    0.250000   clock reconvergence pessimism
                                              0.250000 ^ _1274_/CLK (sky130_fd_sc_hd__dfrtp_2)
                                 -0.016208    0.233792   library hold time
                                              0.233792   data required time
---------------------------------------------------------------------------------------------
                                              0.233792   data required time
                                             -0.314564   data arrival time
---------------------------------------------------------------------------------------------
                                              0.080771   slack (MET)


Startpoint: _1165_ (rising edge-triggered flip-flop clocked by i_clk)
Endpoint: _1165_ (rising edge-triggered flip-flop clocked by i_clk)
Path Group: i_clk
Path Type: min

Fanout         Cap        Slew       Delay        Time   Description
---------------------------------------------------------------------------------------------
                      0.150000    0.000000    0.000000   clock i_clk (rise edge)
                                  0.000000    0.000000   clock network delay (ideal)
                      0.150000    0.000000    0.000000 ^ _1165_/CLK (sky130_fd_sc_hd__dfrtp_2)
     3    0.006801    0.039866    0.248322    0.248322 ^ _1165_/Q (sky130_fd_sc_hd__dfrtp_2)
                                                         u_i2c_master_controller.cntrl_fsm.cntrl_fsm.state[6] (net)
                      0.039866    0.000000    0.248322 ^ _0669_/A2 (sky130_fd_sc_hd__a21o_2)
     1    0.002087    0.016167    0.067783    0.316105 ^ _0669_/X (sky130_fd_sc_hd__a21o_2)
                                                         _0013_ (net)
                      0.016167    0.000000    0.316105 ^ _1165_/D (sky130_fd_sc_hd__dfrtp_2)
                                              0.316105   data arrival time

                      0.150000    0.000000    0.000000   clock i_clk (rise edge)
                                  0.000000    0.000000   clock network delay (ideal)
                                  0.250000    0.250000   clock uncertainty
                                  0.000000    0.250000   clock reconvergence pessimism
                                              0.250000 ^ _1165_/CLK (sky130_fd_sc_hd__dfrtp_2)
                                 -0.015537    0.234463   library hold time
                                              0.234463   data required time
---------------------------------------------------------------------------------------------
                                              0.234463   data required time
                                             -0.316105   data arrival time
---------------------------------------------------------------------------------------------
                                              0.081642   slack (MET)


Startpoint: _1157_ (rising edge-triggered flip-flop clocked by i_clk)
Endpoint: _1156_ (rising edge-triggered flip-flop clocked by i_clk)
Path Group: i_clk
Path Type: min

Fanout         Cap        Slew       Delay        Time   Description
---------------------------------------------------------------------------------------------
                      0.150000    0.000000    0.000000   clock i_clk (rise edge)
                                  0.000000    0.000000   clock network delay (ideal)
                      0.150000    0.000000    0.000000 ^ _1157_/CLK (sky130_fd_sc_hd__dfrtp_2)
     2    0.007637    0.042537    0.250750    0.250750 ^ _1157_/Q (sky130_fd_sc_hd__dfrtp_2)
                                                         u_i2c_master_controller.i2cbus_cntrl_fsm.falling_scl_detect.state[1] (net)
                      0.042537    0.000000    0.250750 ^ _0656_/A2 (sky130_fd_sc_hd__o21a_2)
     1    0.002517    0.019944    0.065323    0.316073 ^ _0656_/X (sky130_fd_sc_hd__o21a_2)
                                                         _0017_ (net)
                      0.019944    0.000000    0.316073 ^ _1156_/D (sky130_fd_sc_hd__dfstp_2)
                                              0.316073   data arrival time

                      0.150000    0.000000    0.000000   clock i_clk (rise edge)
                                  0.000000    0.000000   clock network delay (ideal)
                                  0.250000    0.250000   clock uncertainty
                                  0.000000    0.250000   clock reconvergence pessimism
                                              0.250000 ^ _1156_/CLK (sky130_fd_sc_hd__dfstp_2)
                                 -0.015659    0.234341   library hold time
                                              0.234341   data required time
---------------------------------------------------------------------------------------------
                                              0.234341   data required time
                                             -0.316073   data arrival time
---------------------------------------------------------------------------------------------
                                              0.081732   slack (MET)


Startpoint: _1224_ (rising edge-triggered flip-flop clocked by i_clk)
Endpoint: _1224_ (rising edge-triggered flip-flop clocked by i_clk)
Path Group: i_clk
Path Type: min

Fanout         Cap        Slew       Delay        Time   Description
---------------------------------------------------------------------------------------------
                      0.150000    0.000000    0.000000   clock i_clk (rise edge)
                                  0.000000    0.000000   clock network delay (ideal)
                      0.150000    0.000000    0.000000 ^ _1224_/CLK (sky130_fd_sc_hd__dfrtp_2)
     3    0.005769    0.036569    0.245324    0.245324 ^ _1224_/Q (sky130_fd_sc_hd__dfrtp_2)
                                                         u_i2c_master_controller.i2cbus_cntrl_fsm.start_gen.delay_gen.count[11] (net)
                      0.036569    0.000000    0.245324 ^ _0775_/A1 (sky130_fd_sc_hd__o21a_2)
     1    0.002087    0.017672    0.071637    0.316961 ^ _0775_/X (sky130_fd_sc_hd__o21a_2)
                                                         _0056_ (net)
                      0.017672    0.000000    0.316961 ^ _1224_/D (sky130_fd_sc_hd__dfrtp_2)
                                              0.316961   data arrival time

                      0.150000    0.000000    0.000000   clock i_clk (rise edge)
                                  0.000000    0.000000   clock network delay (ideal)
                                  0.250000    0.250000   clock uncertainty
                                  0.000000    0.250000   clock reconvergence pessimism
                                              0.250000 ^ _1224_/CLK (sky130_fd_sc_hd__dfrtp_2)
                                 -0.015645    0.234355   library hold time
                                              0.234355   data required time
---------------------------------------------------------------------------------------------
                                              0.234355   data required time
                                             -0.316961   data arrival time
---------------------------------------------------------------------------------------------
                                              0.082606   slack (MET)


Startpoint: _1246_ (rising edge-triggered flip-flop clocked by i_clk)
Endpoint: _1246_ (rising edge-triggered flip-flop clocked by i_clk)
Path Group: i_clk
Path Type: min

Fanout         Cap        Slew       Delay        Time   Description
---------------------------------------------------------------------------------------------
                      0.150000    0.000000    0.000000   clock i_clk (rise edge)
                                  0.000000    0.000000   clock network delay (ideal)
                      0.150000    0.000000    0.000000 ^ _1246_/CLK (sky130_fd_sc_hd__dfrtp_2)
     3    0.005769    0.036569    0.245324    0.245324 ^ _1246_/Q (sky130_fd_sc_hd__dfrtp_2)
                                                         u_i2c_master_controller.i2cbus_cntrl_fsm.stop_gen.delay_gen.count[11] (net)
                      0.036569    0.000000    0.245324 ^ _0819_/A1 (sky130_fd_sc_hd__o21a_2)
     1    0.002087    0.017672    0.071637    0.316961 ^ _0819_/X (sky130_fd_sc_hd__o21a_2)
                                                         _0075_ (net)
                      0.017672    0.000000    0.316961 ^ _1246_/D (sky130_fd_sc_hd__dfrtp_2)
                                              0.316961   data arrival time

                      0.150000    0.000000    0.000000   clock i_clk (rise edge)
                                  0.000000    0.000000   clock network delay (ideal)
                                  0.250000    0.250000   clock uncertainty
                                  0.000000    0.250000   clock reconvergence pessimism
                                              0.250000 ^ _1246_/CLK (sky130_fd_sc_hd__dfrtp_2)
                                 -0.015645    0.234355   library hold time
                                              0.234355   data required time
---------------------------------------------------------------------------------------------
                                              0.234355   data required time
                                             -0.316961   data arrival time
---------------------------------------------------------------------------------------------
                                              0.082606   slack (MET)


Startpoint: _1078_ (rising edge-triggered flip-flop clocked by i_clk)
Endpoint: _1078_ (rising edge-triggered flip-flop clocked by i_clk)
Path Group: i_clk
Path Type: min

Fanout         Cap        Slew       Delay        Time   Description
---------------------------------------------------------------------------------------------
                      0.150000    0.000000    0.000000   clock i_clk (rise edge)
                                  0.000000    0.000000   clock network delay (ideal)
                      0.150000    0.000000    0.000000 ^ _1078_/CLK (sky130_fd_sc_hd__dfrtp_2)
     2    0.006468    0.038802    0.247355    0.247355 ^ _1078_/Q (sky130_fd_sc_hd__dfrtp_2)
                                                         u_i2c_master_controller.bps_mode[0] (net)
                      0.038802    0.000000    0.247355 ^ _0850_/A0 (sky130_fd_sc_hd__mux2_1)
     1    0.002087    0.025482    0.069785    0.317140 ^ _0850_/X (sky130_fd_sc_hd__mux2_1)
                                                         _0201_ (net)
                      0.025482    0.000000    0.317140 ^ _1078_/D (sky130_fd_sc_hd__dfrtp_2)
                                              0.317140   data arrival time

                      0.150000    0.000000    0.000000   clock i_clk (rise edge)
                                  0.000000    0.000000   clock network delay (ideal)
                                  0.250000    0.250000   clock uncertainty
                                  0.000000    0.250000   clock reconvergence pessimism
                                              0.250000 ^ _1078_/CLK (sky130_fd_sc_hd__dfrtp_2)
                                 -0.016208    0.233792   library hold time
                                              0.233792   data required time
---------------------------------------------------------------------------------------------
                                              0.233792   data required time
                                             -0.317140   data arrival time
---------------------------------------------------------------------------------------------
                                              0.083347   slack (MET)


Startpoint: _1195_ (rising edge-triggered flip-flop clocked by i_clk)
Endpoint: _1172_ (rising edge-triggered flip-flop clocked by i_clk)
Path Group: i_clk
Path Type: min

Fanout         Cap        Slew       Delay        Time   Description
---------------------------------------------------------------------------------------------
                      0.150000    0.000000    0.000000   clock i_clk (rise edge)
                                  0.000000    0.000000   clock network delay (ideal)
                      0.150000    0.000000    0.000000 ^ _1195_/CLK (sky130_fd_sc_hd__dfrtp_2)
     2    0.007170    0.041045    0.249394    0.249394 ^ _1195_/Q (sky130_fd_sc_hd__dfrtp_2)
                                                         u_i2c_master_controller.cntrl_fsm.byte_rx_fsm.i_rx_en (net)
                      0.041045    0.000000    0.249394 ^ _0684_/B2 (sky130_fd_sc_hd__a22o_2)
     1    0.002087    0.019552    0.068254    0.317648 ^ _0684_/X (sky130_fd_sc_hd__a22o_2)
                                                         _0004_ (net)
                      0.019552    0.000000    0.317648 ^ _1172_/D (sky130_fd_sc_hd__dfrtp_2)
                                              0.317648   data arrival time

                      0.150000    0.000000    0.000000   clock i_clk (rise edge)
                                  0.000000    0.000000   clock network delay (ideal)
                                  0.250000    0.250000   clock uncertainty
                                  0.000000    0.250000   clock reconvergence pessimism
                                              0.250000 ^ _1172_/CLK (sky130_fd_sc_hd__dfrtp_2)
                                 -0.015780    0.234220   library hold time
                                              0.234220   data required time
---------------------------------------------------------------------------------------------
                                              0.234220   data required time
                                             -0.317648   data arrival time
---------------------------------------------------------------------------------------------
                                              0.083428   slack (MET)


Startpoint: _1090_ (rising edge-triggered flip-flop clocked by i_clk)
Endpoint: _1090_ (rising edge-triggered flip-flop clocked by i_clk)
Path Group: i_clk
Path Type: min

Fanout         Cap        Slew       Delay        Time   Description
---------------------------------------------------------------------------------------------
                      0.150000    0.000000    0.000000   clock i_clk (rise edge)
                                  0.000000    0.000000   clock network delay (ideal)
                      0.150000    0.000000    0.000000 ^ _1090_/CLK (sky130_fd_sc_hd__dfrtp_2)
     3    0.006112    0.037665    0.246321    0.246321 ^ _1090_/Q (sky130_fd_sc_hd__dfrtp_2)
                                                         u_i2c_master_controller.cntrl_fsm.abort_ack_reg (net)
                      0.037665    0.000000    0.246321 ^ _0864_/A1 (sky130_fd_sc_hd__o21a_2)
     1    0.002087    0.018057    0.071884    0.318205 ^ _0864_/X (sky130_fd_sc_hd__o21a_2)
                                                         _0213_ (net)
                      0.018057    0.000000    0.318205 ^ _1090_/D (sky130_fd_sc_hd__dfrtp_2)
                                              0.318205   data arrival time

                      0.150000    0.000000    0.000000   clock i_clk (rise edge)
                                  0.000000    0.000000   clock network delay (ideal)
                                  0.250000    0.250000   clock uncertainty
                                  0.000000    0.250000   clock reconvergence pessimism
                                              0.250000 ^ _1090_/CLK (sky130_fd_sc_hd__dfrtp_2)
                                 -0.015673    0.234327   library hold time
                                              0.234327   data required time
---------------------------------------------------------------------------------------------
                                              0.234327   data required time
                                             -0.318205   data arrival time
---------------------------------------------------------------------------------------------
                                              0.083877   slack (MET)


Startpoint: _1108_ (rising edge-triggered flip-flop clocked by i_clk)
Endpoint: _1108_ (rising edge-triggered flip-flop clocked by i_clk)
Path Group: i_clk
Path Type: min

Fanout         Cap        Slew       Delay        Time   Description
---------------------------------------------------------------------------------------------
                      0.150000    0.000000    0.000000   clock i_clk (rise edge)
                                  0.000000    0.000000   clock network delay (ideal)
                      0.150000    0.000000    0.000000 ^ _1108_/CLK (sky130_fd_sc_hd__dfrtp_2)
     3    0.006342    0.038400    0.246989    0.246989 ^ _1108_/Q (sky130_fd_sc_hd__dfrtp_2)
                                                         u_i2c_master_controller.cntrl_fsm.cntrl_fsm.o_tx_done (net)
                      0.038400    0.000000    0.246989 ^ _0898_/A1 (sky130_fd_sc_hd__a22o_2)
     1    0.002087    0.019566    0.071276    0.318265 ^ _0898_/X (sky130_fd_sc_hd__a22o_2)
                                                         _0231_ (net)
                      0.019566    0.000000    0.318265 ^ _1108_/D (sky130_fd_sc_hd__dfrtp_2)
                                              0.318265   data arrival time

                      0.150000    0.000000    0.000000   clock i_clk (rise edge)
                                  0.000000    0.000000   clock network delay (ideal)
                                  0.250000    0.250000   clock uncertainty
                                  0.000000    0.250000   clock reconvergence pessimism
                                              0.250000 ^ _1108_/CLK (sky130_fd_sc_hd__dfrtp_2)
                                 -0.015781    0.234219   library hold time
                                              0.234219   data required time
---------------------------------------------------------------------------------------------
                                              0.234219   data required time
                                             -0.318265   data arrival time
---------------------------------------------------------------------------------------------
                                              0.084047   slack (MET)


Startpoint: _1109_ (rising edge-triggered flip-flop clocked by i_clk)
Endpoint: _1109_ (rising edge-triggered flip-flop clocked by i_clk)
Path Group: i_clk
Path Type: min

Fanout         Cap        Slew       Delay        Time   Description
---------------------------------------------------------------------------------------------
                      0.150000    0.000000    0.000000   clock i_clk (rise edge)
                                  0.000000    0.000000   clock network delay (ideal)
                      0.150000    0.000000    0.000000 ^ _1109_/CLK (sky130_fd_sc_hd__dfrtp_2)
     3    0.006342    0.038400    0.246989    0.246989 ^ _1109_/Q (sky130_fd_sc_hd__dfrtp_2)
                                                         u_i2c_master_controller.cntrl_fsm.cntrl_fsm.o_rx_done (net)
                      0.038400    0.000000    0.246989 ^ _0899_/A1 (sky130_fd_sc_hd__a22o_2)
     1    0.002087    0.019582    0.071276    0.318265 ^ _0899_/X (sky130_fd_sc_hd__a22o_2)
                                                         _0232_ (net)
                      0.019582    0.000000    0.318265 ^ _1109_/D (sky130_fd_sc_hd__dfrtp_2)
                                              0.318265   data arrival time

                      0.150000    0.000000    0.000000   clock i_clk (rise edge)
                                  0.000000    0.000000   clock network delay (ideal)
                                  0.250000    0.250000   clock uncertainty
                                  0.000000    0.250000   clock reconvergence pessimism
                                              0.250000 ^ _1109_/CLK (sky130_fd_sc_hd__dfrtp_2)
                                 -0.015783    0.234217   library hold time
                                              0.234217   data required time
---------------------------------------------------------------------------------------------
                                              0.234217   data required time
                                             -0.318265   data arrival time
---------------------------------------------------------------------------------------------
                                              0.084048   slack (MET)


Startpoint: _1146_ (rising edge-triggered flip-flop clocked by i_clk)
Endpoint: _1232_ (rising edge-triggered flip-flop clocked by i_clk)
Path Group: i_clk
Path Type: min

Fanout         Cap        Slew       Delay        Time   Description
---------------------------------------------------------------------------------------------
                      0.150000    0.000000    0.000000   clock i_clk (rise edge)
                                  0.000000    0.000000   clock network delay (ideal)
                      0.150000    0.000000    0.000000 ^ _1146_/CLK (sky130_fd_sc_hd__dfrtp_2)
     3    0.008983    0.046837    0.254659    0.254659 ^ _1146_/Q (sky130_fd_sc_hd__dfrtp_2)
                                                         u_i2c_master_controller.i2cbus_cntrl_fsm.start_gen.state[1] (net)
                      0.046837    0.000000    0.254659 ^ _0735_/A (sky130_fd_sc_hd__or2_2)
     1    0.002087    0.018836    0.065289    0.319948 ^ _0735_/X (sky130_fd_sc_hd__or2_2)
                                                         _0053_ (net)
                      0.018836    0.000000    0.319948 ^ _1232_/D (sky130_fd_sc_hd__dfrtp_2)
                                              0.319948   data arrival time

                      0.150000    0.000000    0.000000   clock i_clk (rise edge)
                                  0.000000    0.000000   clock network delay (ideal)
                                  0.250000    0.250000   clock uncertainty
                                  0.000000    0.250000   clock reconvergence pessimism
                                              0.250000 ^ _1232_/CLK (sky130_fd_sc_hd__dfrtp_2)
                                 -0.015729    0.234271   library hold time
                                              0.234271   data required time
---------------------------------------------------------------------------------------------
                                              0.234271   data required time
                                             -0.319948   data arrival time
---------------------------------------------------------------------------------------------
                                              0.085676   slack (MET)


Startpoint: _1167_ (rising edge-triggered flip-flop clocked by i_clk)
Endpoint: _1128_ (rising edge-triggered flip-flop clocked by i_clk)
Path Group: i_clk
Path Type: min

Fanout         Cap        Slew       Delay        Time   Description
---------------------------------------------------------------------------------------------
                      0.150000    0.000000    0.000000   clock i_clk (rise edge)
                                  0.000000    0.000000   clock network delay (ideal)
                      0.150000    0.000000    0.000000 ^ _1167_/CLK (sky130_fd_sc_hd__dfrtp_2)
     5    0.013489    0.061232    0.267746    0.267746 ^ _1167_/Q (sky130_fd_sc_hd__dfrtp_2)
                                                         u_i2c_master_controller.cntrl_fsm.cntrl_fsm.state[8] (net)
                      0.061232    0.000000    0.267746 ^ _0958_/B1 (sky130_fd_sc_hd__a21o_2)
     1    0.002087    0.016892    0.052657    0.320403 ^ _0958_/X (sky130_fd_sc_hd__a21o_2)
                                                         _0251_ (net)
                      0.016892    0.000000    0.320403 ^ _1128_/D (sky130_fd_sc_hd__dfrtp_2)
                                              0.320403   data arrival time

                      0.150000    0.000000    0.000000   clock i_clk (rise edge)
                                  0.000000    0.000000   clock network delay (ideal)
                                  0.250000    0.250000   clock uncertainty
                                  0.000000    0.250000   clock reconvergence pessimism
                                              0.250000 ^ _1128_/CLK (sky130_fd_sc_hd__dfrtp_2)
                                 -0.015589    0.234411   library hold time
                                              0.234411   data required time
---------------------------------------------------------------------------------------------
                                              0.234411   data required time
                                             -0.320403   data arrival time
---------------------------------------------------------------------------------------------
                                              0.085992   slack (MET)


Startpoint: _1189_ (rising edge-triggered flip-flop clocked by i_clk)
Endpoint: _1143_ (rising edge-triggered flip-flop clocked by i_clk)
Path Group: i_clk
Path Type: min

Fanout         Cap        Slew       Delay        Time   Description
---------------------------------------------------------------------------------------------
                      0.150000    0.000000    0.000000   clock i_clk (rise edge)
                                  0.000000    0.000000   clock network delay (ideal)
                      0.150000    0.000000    0.000000 ^ _1189_/CLK (sky130_fd_sc_hd__dfrtp_2)
     3    0.008971    0.046799    0.254624    0.254624 ^ _1189_/Q (sky130_fd_sc_hd__dfrtp_2)
                                                         u_i2c_master_controller.cntrl_fsm.cntrl_fsm.o_stop_gen_en (net)
                      0.046799    0.000000    0.254624 ^ _0638_/B2 (sky130_fd_sc_hd__a32o_2)
     1    0.002087    0.022522    0.065410    0.320034 ^ _0638_/X (sky130_fd_sc_hd__a32o_2)
                                                         _0031_ (net)
                      0.022522    0.000000    0.320034 ^ _1143_/D (sky130_fd_sc_hd__dfrtp_2)
                                              0.320034   data arrival time

                      0.150000    0.000000    0.000000   clock i_clk (rise edge)
                                  0.000000    0.000000   clock network delay (ideal)
                                  0.250000    0.250000   clock uncertainty
                                  0.000000    0.250000   clock reconvergence pessimism
                                              0.250000 ^ _1143_/CLK (sky130_fd_sc_hd__dfrtp_2)
                                 -0.015994    0.234006   library hold time
                                              0.234006   data required time
---------------------------------------------------------------------------------------------
                                              0.234006   data required time
                                             -0.320034   data arrival time
---------------------------------------------------------------------------------------------
                                              0.086028   slack (MET)


Startpoint: _1091_ (rising edge-triggered flip-flop clocked by i_clk)
Endpoint: _1091_ (rising edge-triggered flip-flop clocked by i_clk)
Path Group: i_clk
Path Type: min

Fanout         Cap        Slew       Delay        Time   Description
---------------------------------------------------------------------------------------------
                      0.150000    0.000000    0.000000   clock i_clk (rise edge)
                                  0.000000    0.000000   clock network delay (ideal)
                      0.150000    0.000000    0.000000 ^ _1091_/CLK (sky130_fd_sc_hd__dfrtp_2)
     3    0.006764    0.039748    0.248214    0.248214 ^ _1091_/Q (sky130_fd_sc_hd__dfrtp_2)
                                                         u_i2c_master_controller.cntrl_fsm.rx_err_reg (net)
                      0.039748    0.000000    0.248214 ^ _0866_/A1 (sky130_fd_sc_hd__o21a_2)
     1    0.002087    0.018057    0.072354    0.320569 ^ _0866_/X (sky130_fd_sc_hd__o21a_2)
                                                         _0214_ (net)
                      0.018057    0.000000    0.320569 ^ _1091_/D (sky130_fd_sc_hd__dfrtp_2)
                                              0.320569   data arrival time

                      0.150000    0.000000    0.000000   clock i_clk (rise edge)
                                  0.000000    0.000000   clock network delay (ideal)
                                  0.250000    0.250000   clock uncertainty
                                  0.000000    0.250000   clock reconvergence pessimism
                                              0.250000 ^ _1091_/CLK (sky130_fd_sc_hd__dfrtp_2)
                                 -0.015673    0.234327   library hold time
                                              0.234327   data required time
---------------------------------------------------------------------------------------------
                                              0.234327   data required time
                                             -0.320569   data arrival time
---------------------------------------------------------------------------------------------
                                              0.086241   slack (MET)


Startpoint: _1092_ (rising edge-triggered flip-flop clocked by i_clk)
Endpoint: _1092_ (rising edge-triggered flip-flop clocked by i_clk)
Path Group: i_clk
Path Type: min

Fanout         Cap        Slew       Delay        Time   Description
---------------------------------------------------------------------------------------------
                      0.150000    0.000000    0.000000   clock i_clk (rise edge)
                                  0.000000    0.000000   clock network delay (ideal)
                      0.150000    0.000000    0.000000 ^ _1092_/CLK (sky130_fd_sc_hd__dfrtp_2)
     3    0.006813    0.039904    0.248357    0.248357 ^ _1092_/Q (sky130_fd_sc_hd__dfrtp_2)
                                                         u_i2c_master_controller.cntrl_fsm.tx_err_reg (net)
                      0.039904    0.000000    0.248357 ^ _0868_/A1 (sky130_fd_sc_hd__o21a_2)
     1    0.002087    0.018057    0.072390    0.320746 ^ _0868_/X (sky130_fd_sc_hd__o21a_2)
                                                         _0215_ (net)
                      0.018057    0.000000    0.320746 ^ _1092_/D (sky130_fd_sc_hd__dfrtp_2)
                                              0.320746   data arrival time

                      0.150000    0.000000    0.000000   clock i_clk (rise edge)
                                  0.000000    0.000000   clock network delay (ideal)
                                  0.250000    0.250000   clock uncertainty
                                  0.000000    0.250000   clock reconvergence pessimism
                                              0.250000 ^ _1092_/CLK (sky130_fd_sc_hd__dfrtp_2)
                                 -0.015673    0.234327   library hold time
                                              0.234327   data required time
---------------------------------------------------------------------------------------------
                                              0.234327   data required time
                                             -0.320746   data arrival time
---------------------------------------------------------------------------------------------
                                              0.086419   slack (MET)


Startpoint: _1094_ (rising edge-triggered flip-flop clocked by i_clk)
Endpoint: _1094_ (rising edge-triggered flip-flop clocked by i_clk)
Path Group: i_clk
Path Type: min

Fanout         Cap        Slew       Delay        Time   Description
---------------------------------------------------------------------------------------------
                      0.150000    0.000000    0.000000   clock i_clk (rise edge)
                                  0.000000    0.000000   clock network delay (ideal)
                      0.150000    0.000000    0.000000 ^ _1094_/CLK (sky130_fd_sc_hd__dfrtp_2)
     3    0.006829    0.039956    0.248403    0.248403 ^ _1094_/Q (sky130_fd_sc_hd__dfrtp_2)
                                                         u_i2c_master_controller.cntrl_fsm.tx_done_reg (net)
                      0.039956    0.000000    0.248403 ^ _0872_/A1 (sky130_fd_sc_hd__o21a_2)
     1    0.002087    0.018057    0.072401    0.320804 ^ _0872_/X (sky130_fd_sc_hd__o21a_2)
                                                         _0217_ (net)
                      0.018057    0.000000    0.320804 ^ _1094_/D (sky130_fd_sc_hd__dfrtp_2)
                                              0.320804   data arrival time

                      0.150000    0.000000    0.000000   clock i_clk (rise edge)
                                  0.000000    0.000000   clock network delay (ideal)
                                  0.250000    0.250000   clock uncertainty
                                  0.000000    0.250000   clock reconvergence pessimism
                                              0.250000 ^ _1094_/CLK (sky130_fd_sc_hd__dfrtp_2)
                                 -0.015673    0.234327   library hold time
                                              0.234327   data required time
---------------------------------------------------------------------------------------------
                                              0.234327   data required time
                                             -0.320804   data arrival time
---------------------------------------------------------------------------------------------
                                              0.086477   slack (MET)


Startpoint: _1164_ (rising edge-triggered flip-flop clocked by i_clk)
Endpoint: _1164_ (rising edge-triggered flip-flop clocked by i_clk)
Path Group: i_clk
Path Type: min

Fanout         Cap        Slew       Delay        Time   Description
---------------------------------------------------------------------------------------------
                      0.150000    0.000000    0.000000   clock i_clk (rise edge)
                                  0.000000    0.000000   clock network delay (ideal)
                      0.150000    0.000000    0.000000 ^ _1164_/CLK (sky130_fd_sc_hd__dfrtp_2)
     3    0.008779    0.046185    0.254067    0.254067 ^ _1164_/Q (sky130_fd_sc_hd__dfrtp_2)
                                                         u_i2c_master_controller.cntrl_fsm.cntrl_fsm.state[5] (net)
                      0.046185    0.000000    0.254067 ^ _0670_/B1 (sky130_fd_sc_hd__a22o_2)
     1    0.002087    0.019577    0.066646    0.320713 ^ _0670_/X (sky130_fd_sc_hd__a22o_2)
                                                         _0012_ (net)
                      0.019577    0.000000    0.320713 ^ _1164_/D (sky130_fd_sc_hd__dfrtp_2)
                                              0.320713   data arrival time

                      0.150000    0.000000    0.000000   clock i_clk (rise edge)
                                  0.000000    0.000000   clock network delay (ideal)
                                  0.250000    0.250000   clock uncertainty
                                  0.000000    0.250000   clock reconvergence pessimism
                                              0.250000 ^ _1164_/CLK (sky130_fd_sc_hd__dfrtp_2)
                                 -0.015782    0.234218   library hold time
                                              0.234218   data required time
---------------------------------------------------------------------------------------------
                                              0.234218   data required time
                                             -0.320713   data arrival time
---------------------------------------------------------------------------------------------
                                              0.086495   slack (MET)


Startpoint: _1093_ (rising edge-triggered flip-flop clocked by i_clk)
Endpoint: _1093_ (rising edge-triggered flip-flop clocked by i_clk)
Path Group: i_clk
Path Type: min

Fanout         Cap        Slew       Delay        Time   Description
---------------------------------------------------------------------------------------------
                      0.150000    0.000000    0.000000   clock i_clk (rise edge)
                                  0.000000    0.000000   clock network delay (ideal)
                      0.150000    0.000000    0.000000 ^ _1093_/CLK (sky130_fd_sc_hd__dfrtp_2)
     3    0.006885    0.040134    0.248566    0.248566 ^ _1093_/Q (sky130_fd_sc_hd__dfrtp_2)
                                                         u_i2c_master_controller.cntrl_fsm.rx_done_reg (net)
                      0.040134    0.000000    0.248566 ^ _0870_/A1 (sky130_fd_sc_hd__o21a_2)
     1    0.002087    0.018057    0.072442    0.321008 ^ _0870_/X (sky130_fd_sc_hd__o21a_2)
                                                         _0216_ (net)
                      0.018057    0.000000    0.321008 ^ _1093_/D (sky130_fd_sc_hd__dfrtp_2)
                                              0.321008   data arrival time

                      0.150000    0.000000    0.000000   clock i_clk (rise edge)
                                  0.000000    0.000000   clock network delay (ideal)
                                  0.250000    0.250000   clock uncertainty
                                  0.000000    0.250000   clock reconvergence pessimism
                                              0.250000 ^ _1093_/CLK (sky130_fd_sc_hd__dfrtp_2)
                                 -0.015673    0.234327   library hold time
                                              0.234327   data required time
---------------------------------------------------------------------------------------------
                                              0.234327   data required time
                                             -0.321008   data arrival time
---------------------------------------------------------------------------------------------
                                              0.086680   slack (MET)


Startpoint: _1154_ (rising edge-triggered flip-flop clocked by i_clk)
Endpoint: _1154_ (rising edge-triggered flip-flop clocked by i_clk)
Path Group: i_clk
Path Type: min

Fanout         Cap        Slew       Delay        Time   Description
---------------------------------------------------------------------------------------------
                      0.150000    0.000000    0.000000   clock i_clk (rise edge)
                                  0.000000    0.000000   clock network delay (ideal)
                      0.150000    0.000000    0.000000 ^ _1154_/CLK (sky130_fd_sc_hd__dfrtp_2)
     2    0.005112    0.034470    0.243416    0.243416 ^ _1154_/Q (sky130_fd_sc_hd__dfrtp_2)
                                                         u_i2c_master_controller.i2cbus_cntrl_fsm.scl_gen.state[2] (net)
                      0.034470    0.000000    0.243416 ^ _0650_/B1 (sky130_fd_sc_hd__a22o_2)
     2    0.006681    0.035565    0.077659    0.321075 ^ _0650_/X (sky130_fd_sc_hd__a22o_2)
                                                         _0022_ (net)
                      0.035565    0.000000    0.321075 ^ _1154_/D (sky130_fd_sc_hd__dfrtp_2)
                                              0.321075   data arrival time

                      0.150000    0.000000    0.000000   clock i_clk (rise edge)
                                  0.000000    0.000000   clock network delay (ideal)
                                  0.250000    0.250000   clock uncertainty
                                  0.000000    0.250000   clock reconvergence pessimism
                                              0.250000 ^ _1154_/CLK (sky130_fd_sc_hd__dfrtp_2)
                                 -0.016934    0.233066   library hold time
                                              0.233066   data required time
---------------------------------------------------------------------------------------------
                                              0.233066   data required time
                                             -0.321075   data arrival time
---------------------------------------------------------------------------------------------
                                              0.088009   slack (MET)


Startpoint: _1271_ (rising edge-triggered flip-flop clocked by i_clk)
Endpoint: _1271_ (rising edge-triggered flip-flop clocked by i_clk)
Path Group: i_clk
Path Type: min

Fanout         Cap        Slew       Delay        Time   Description
---------------------------------------------------------------------------------------------
                      0.150000    0.000000    0.000000   clock i_clk (rise edge)
                                  0.000000    0.000000   clock network delay (ideal)
                      0.150000    0.000000    0.000000 ^ _1271_/CLK (sky130_fd_sc_hd__dfrtp_2)
     4    0.007801    0.043061    0.251226    0.251226 ^ _1271_/Q (sky130_fd_sc_hd__dfrtp_2)
                                                         u_i2c_master_controller.cntrl_fsm.byte_tx_fsm.state[9] (net)
                      0.043061    0.000000    0.251226 ^ _0967_/A0 (sky130_fd_sc_hd__mux2_1)
     1    0.002087    0.025478    0.070979    0.322205 ^ _0967_/X (sky130_fd_sc_hd__mux2_1)
                                                         _0273_ (net)
                      0.025478    0.000000    0.322205 ^ _1271_/D (sky130_fd_sc_hd__dfrtp_2)
                                              0.322205   data arrival time

                      0.150000    0.000000    0.000000   clock i_clk (rise edge)
                                  0.000000    0.000000   clock network delay (ideal)
                                  0.250000    0.250000   clock uncertainty
                                  0.000000    0.250000   clock reconvergence pessimism
                                              0.250000 ^ _1271_/CLK (sky130_fd_sc_hd__dfrtp_2)
                                 -0.016207    0.233793   library hold time
                                              0.233793   data required time
---------------------------------------------------------------------------------------------
                                              0.233793   data required time
                                             -0.322205   data arrival time
---------------------------------------------------------------------------------------------
                                              0.088412   slack (MET)


Startpoint: _1278_ (rising edge-triggered flip-flop clocked by i_clk)
Endpoint: _1278_ (rising edge-triggered flip-flop clocked by i_clk)
Path Group: i_clk
Path Type: min

Fanout         Cap        Slew       Delay        Time   Description
---------------------------------------------------------------------------------------------
                      0.150000    0.000000    0.000000   clock i_clk (rise edge)
                                  0.000000    0.000000   clock network delay (ideal)
                      0.150000    0.000000    0.000000 ^ _1278_/CLK (sky130_fd_sc_hd__dfrtp_2)
     4    0.007836    0.043173    0.251328    0.251328 ^ _1278_/Q (sky130_fd_sc_hd__dfrtp_2)
                                                         u_i2c_master_controller.cntrl_fsm.byte_tx_fsm.state[2] (net)
                      0.043173    0.000000    0.251328 ^ _0974_/A0 (sky130_fd_sc_hd__mux2_1)
     1    0.002087    0.025478    0.071010    0.322338 ^ _0974_/X (sky130_fd_sc_hd__mux2_1)
                                                         _0280_ (net)
                      0.025478    0.000000    0.322338 ^ _1278_/D (sky130_fd_sc_hd__dfrtp_2)
                                              0.322338   data arrival time

                      0.150000    0.000000    0.000000   clock i_clk (rise edge)
                                  0.000000    0.000000   clock network delay (ideal)
                                  0.250000    0.250000   clock uncertainty
                                  0.000000    0.250000   clock reconvergence pessimism
                                              0.250000 ^ _1278_/CLK (sky130_fd_sc_hd__dfrtp_2)
                                 -0.016207    0.233793   library hold time
                                              0.233793   data required time
---------------------------------------------------------------------------------------------
                                              0.233793   data required time
                                             -0.322338   data arrival time
---------------------------------------------------------------------------------------------
                                              0.088545   slack (MET)


Startpoint: _1272_ (rising edge-triggered flip-flop clocked by i_clk)
Endpoint: _1272_ (rising edge-triggered flip-flop clocked by i_clk)
Path Group: i_clk
Path Type: min

Fanout         Cap        Slew       Delay        Time   Description
---------------------------------------------------------------------------------------------
                      0.150000    0.000000    0.000000   clock i_clk (rise edge)
                                  0.000000    0.000000   clock network delay (ideal)
                      0.150000    0.000000    0.000000 ^ _1272_/CLK (sky130_fd_sc_hd__dfrtp_2)
     4    0.007837    0.043176    0.251331    0.251331 ^ _1272_/Q (sky130_fd_sc_hd__dfrtp_2)
                                                         u_i2c_master_controller.cntrl_fsm.byte_tx_fsm.state[8] (net)
                      0.043176    0.000000    0.251331 ^ _0968_/A0 (sky130_fd_sc_hd__mux2_1)
     1    0.002087    0.025478    0.071011    0.322342 ^ _0968_/X (sky130_fd_sc_hd__mux2_1)
                                                         _0274_ (net)
                      0.025478    0.000000    0.322342 ^ _1272_/D (sky130_fd_sc_hd__dfrtp_2)
                                              0.322342   data arrival time

                      0.150000    0.000000    0.000000   clock i_clk (rise edge)
                                  0.000000    0.000000   clock network delay (ideal)
                                  0.250000    0.250000   clock uncertainty
                                  0.000000    0.250000   clock reconvergence pessimism
                                              0.250000 ^ _1272_/CLK (sky130_fd_sc_hd__dfrtp_2)
                                 -0.016207    0.233793   library hold time
                                              0.233793   data required time
---------------------------------------------------------------------------------------------
                                              0.233793   data required time
                                             -0.322342   data arrival time
---------------------------------------------------------------------------------------------
                                              0.088549   slack (MET)


Startpoint: _1275_ (rising edge-triggered flip-flop clocked by i_clk)
Endpoint: _1275_ (rising edge-triggered flip-flop clocked by i_clk)
Path Group: i_clk
Path Type: min

Fanout         Cap        Slew       Delay        Time   Description
---------------------------------------------------------------------------------------------
                      0.150000    0.000000    0.000000   clock i_clk (rise edge)
                                  0.000000    0.000000   clock network delay (ideal)
                      0.150000    0.000000    0.000000 ^ _1275_/CLK (sky130_fd_sc_hd__dfrtp_2)
     4    0.007931    0.043476    0.251604    0.251604 ^ _1275_/Q (sky130_fd_sc_hd__dfrtp_2)
                                                         u_i2c_master_controller.cntrl_fsm.byte_tx_fsm.state[5] (net)
                      0.043476    0.000000    0.251604 ^ _0971_/A0 (sky130_fd_sc_hd__mux2_1)
     1    0.002087    0.025478    0.071095    0.322699 ^ _0971_/X (sky130_fd_sc_hd__mux2_1)
                                                         _0277_ (net)
                      0.025478    0.000000    0.322699 ^ _1275_/D (sky130_fd_sc_hd__dfrtp_2)
                                              0.322699   data arrival time

                      0.150000    0.000000    0.000000   clock i_clk (rise edge)
                                  0.000000    0.000000   clock network delay (ideal)
                                  0.250000    0.250000   clock uncertainty
                                  0.000000    0.250000   clock reconvergence pessimism
                                              0.250000 ^ _1275_/CLK (sky130_fd_sc_hd__dfrtp_2)
                                 -0.016207    0.233793   library hold time
                                              0.233793   data required time
---------------------------------------------------------------------------------------------
                                              0.233793   data required time
                                             -0.322699   data arrival time
---------------------------------------------------------------------------------------------
                                              0.088906   slack (MET)


Startpoint: _1276_ (rising edge-triggered flip-flop clocked by i_clk)
Endpoint: _1276_ (rising edge-triggered flip-flop clocked by i_clk)
Path Group: i_clk
Path Type: min

Fanout         Cap        Slew       Delay        Time   Description
---------------------------------------------------------------------------------------------
                      0.150000    0.000000    0.000000   clock i_clk (rise edge)
                                  0.000000    0.000000   clock network delay (ideal)
                      0.150000    0.000000    0.000000 ^ _1276_/CLK (sky130_fd_sc_hd__dfrtp_2)
     4    0.007933    0.043482    0.251610    0.251610 ^ _1276_/Q (sky130_fd_sc_hd__dfrtp_2)
                                                         u_i2c_master_controller.cntrl_fsm.byte_tx_fsm.state[4] (net)
                      0.043482    0.000000    0.251610 ^ _0972_/A0 (sky130_fd_sc_hd__mux2_1)
     1    0.002087    0.025478    0.071097    0.322706 ^ _0972_/X (sky130_fd_sc_hd__mux2_1)
                                                         _0278_ (net)
                      0.025478    0.000000    0.322706 ^ _1276_/D (sky130_fd_sc_hd__dfrtp_2)
                                              0.322706   data arrival time

                      0.150000    0.000000    0.000000   clock i_clk (rise edge)
                                  0.000000    0.000000   clock network delay (ideal)
                                  0.250000    0.250000   clock uncertainty
                                  0.000000    0.250000   clock reconvergence pessimism
                                              0.250000 ^ _1276_/CLK (sky130_fd_sc_hd__dfrtp_2)
                                 -0.016207    0.233793   library hold time
                                              0.233793   data required time
---------------------------------------------------------------------------------------------
                                              0.233793   data required time
                                             -0.322706   data arrival time
---------------------------------------------------------------------------------------------
                                              0.088914   slack (MET)


Startpoint: _1200_ (rising edge-triggered flip-flop clocked by i_clk)
Endpoint: _1138_ (rising edge-triggered flip-flop clocked by i_clk)
Path Group: i_clk
Path Type: min

Fanout         Cap        Slew       Delay        Time   Description
---------------------------------------------------------------------------------------------
                      0.150000    0.000000    0.000000   clock i_clk (rise edge)
                                  0.000000    0.000000   clock network delay (ideal)
                      0.150000    0.000000    0.000000 ^ _1200_/CLK (sky130_fd_sc_hd__dfrtp_2)
     2    0.007083    0.040767    0.249141    0.249141 ^ _1200_/Q (sky130_fd_sc_hd__dfrtp_2)
                                                         u_i2c_master_controller.i2cbus_cntrl_fsm.scl_gen.count_reset (net)
                      0.040767    0.000000    0.249141 ^ _0587_/C1 (sky130_fd_sc_hd__a311o_2)
     1    0.004773    0.026756    0.063837    0.312978 ^ _0587_/X (sky130_fd_sc_hd__a311o_2)
                                                         _0327_ (net)
                      0.026756    0.000000    0.312978 ^ _0588_/B (sky130_fd_sc_hd__nor2_2)
     1    0.002059    0.010583    0.015041    0.328019 v _0588_/Y (sky130_fd_sc_hd__nor2_2)
                                                         _0261_ (net)
                      0.010583    0.000000    0.328019 v _1138_/D (sky130_fd_sc_hd__dfrtp_2)
                                              0.328019   data arrival time

                      0.150000    0.000000    0.000000   clock i_clk (rise edge)
                                  0.000000    0.000000   clock network delay (ideal)
                                  0.250000    0.250000   clock uncertainty
                                  0.000000    0.250000   clock reconvergence pessimism
                                              0.250000 ^ _1138_/CLK (sky130_fd_sc_hd__dfrtp_2)
                                 -0.010920    0.239080   library hold time
                                              0.239080   data required time
---------------------------------------------------------------------------------------------
                                              0.239080   data required time
                                             -0.328019   data arrival time
---------------------------------------------------------------------------------------------
                                              0.088939   slack (MET)


Startpoint: _1277_ (rising edge-triggered flip-flop clocked by i_clk)
Endpoint: _1277_ (rising edge-triggered flip-flop clocked by i_clk)
Path Group: i_clk
Path Type: min

Fanout         Cap        Slew       Delay        Time   Description
---------------------------------------------------------------------------------------------
                      0.150000    0.000000    0.000000   clock i_clk (rise edge)
                                  0.000000    0.000000   clock network delay (ideal)
                      0.150000    0.000000    0.000000 ^ _1277_/CLK (sky130_fd_sc_hd__dfrtp_2)
     4    0.008133    0.044121    0.252190    0.252190 ^ _1277_/Q (sky130_fd_sc_hd__dfrtp_2)
                                                         u_i2c_master_controller.cntrl_fsm.byte_tx_fsm.state[3] (net)
                      0.044121    0.000000    0.252190 ^ _0973_/A0 (sky130_fd_sc_hd__mux2_1)
     1    0.002087    0.025478    0.071276    0.323466 ^ _0973_/X (sky130_fd_sc_hd__mux2_1)
                                                         _0279_ (net)
                      0.025478    0.000000    0.323466 ^ _1277_/D (sky130_fd_sc_hd__dfrtp_2)
                                              0.323466   data arrival time

                      0.150000    0.000000    0.000000   clock i_clk (rise edge)
                                  0.000000    0.000000   clock network delay (ideal)
                                  0.250000    0.250000   clock uncertainty
                                  0.000000    0.250000   clock reconvergence pessimism
                                              0.250000 ^ _1277_/CLK (sky130_fd_sc_hd__dfrtp_2)
                                 -0.016207    0.233793   library hold time
                                              0.233793   data required time
---------------------------------------------------------------------------------------------
                                              0.233793   data required time
                                             -0.323466   data arrival time
---------------------------------------------------------------------------------------------
                                              0.089674   slack (MET)


Startpoint: _1273_ (rising edge-triggered flip-flop clocked by i_clk)
Endpoint: _1273_ (rising edge-triggered flip-flop clocked by i_clk)
Path Group: i_clk
Path Type: min

Fanout         Cap        Slew       Delay        Time   Description
---------------------------------------------------------------------------------------------
                      0.150000    0.000000    0.000000   clock i_clk (rise edge)
                                  0.000000    0.000000   clock network delay (ideal)
                      0.150000    0.000000    0.000000 ^ _1273_/CLK (sky130_fd_sc_hd__dfrtp_2)
     4    0.008184    0.044284    0.252339    0.252339 ^ _1273_/Q (sky130_fd_sc_hd__dfrtp_2)
                                                         u_i2c_master_controller.cntrl_fsm.byte_tx_fsm.state[7] (net)
                      0.044284    0.000000    0.252339 ^ _0969_/A0 (sky130_fd_sc_hd__mux2_1)
     1    0.002087    0.025477    0.071322    0.323660 ^ _0969_/X (sky130_fd_sc_hd__mux2_1)
                                                         _0275_ (net)
                      0.025477    0.000000    0.323660 ^ _1273_/D (sky130_fd_sc_hd__dfrtp_2)
                                              0.323660   data arrival time

                      0.150000    0.000000    0.000000   clock i_clk (rise edge)
                                  0.000000    0.000000   clock network delay (ideal)
                                  0.250000    0.250000   clock uncertainty
                                  0.000000    0.250000   clock reconvergence pessimism
                                              0.250000 ^ _1273_/CLK (sky130_fd_sc_hd__dfrtp_2)
                                 -0.016207    0.233793   library hold time
                                              0.233793   data required time
---------------------------------------------------------------------------------------------
                                              0.233793   data required time
                                             -0.323660   data arrival time
---------------------------------------------------------------------------------------------
                                              0.089867   slack (MET)


Startpoint: _1165_ (rising edge-triggered flip-flop clocked by i_clk)
Endpoint: _1159_ (rising edge-triggered flip-flop clocked by i_clk)
Path Group: i_clk
Path Type: min

Fanout         Cap        Slew       Delay        Time   Description
---------------------------------------------------------------------------------------------
                      0.150000    0.000000    0.000000   clock i_clk (rise edge)
                                  0.000000    0.000000   clock network delay (ideal)
                      0.150000    0.000000    0.000000 ^ _1165_/CLK (sky130_fd_sc_hd__dfrtp_2)
     3    0.006801    0.039866    0.248322    0.248322 ^ _1165_/Q (sky130_fd_sc_hd__dfrtp_2)
                                                         u_i2c_master_controller.cntrl_fsm.cntrl_fsm.state[6] (net)
                      0.039866    0.000000    0.248322 ^ _0681_/A2 (sky130_fd_sc_hd__a22o_2)
     1    0.002517    0.021060    0.076199    0.324521 ^ _0681_/X (sky130_fd_sc_hd__a22o_2)
                                                         _0007_ (net)
                      0.021060    0.000000    0.324521 ^ _1159_/D (sky130_fd_sc_hd__dfstp_2)
                                              0.324521   data arrival time

                      0.150000    0.000000    0.000000   clock i_clk (rise edge)
                                  0.000000    0.000000   clock network delay (ideal)
                                  0.250000    0.250000   clock uncertainty
                                  0.000000    0.250000   clock reconvergence pessimism
                                              0.250000 ^ _1159_/CLK (sky130_fd_sc_hd__dfstp_2)
                                 -0.015742    0.234258   library hold time
                                              0.234258   data required time
---------------------------------------------------------------------------------------------
                                              0.234258   data required time
                                             -0.324521   data arrival time
---------------------------------------------------------------------------------------------
                                              0.090263   slack (MET)


Startpoint: _1148_ (rising edge-triggered flip-flop clocked by i_clk)
Endpoint: _1148_ (rising edge-triggered flip-flop clocked by i_clk)
Path Group: i_clk
Path Type: min

Fanout         Cap        Slew       Delay        Time   Description
---------------------------------------------------------------------------------------------
                      0.150000    0.000000    0.000000   clock i_clk (rise edge)
                                  0.000000    0.000000   clock network delay (ideal)
                      0.150000    0.000000    0.000000 ^ _1148_/CLK (sky130_fd_sc_hd__dfrtp_2)
     3    0.009838    0.049568    0.257142    0.257142 ^ _1148_/Q (sky130_fd_sc_hd__dfrtp_2)
                                                         u_i2c_master_controller.i2cbus_cntrl_fsm.start_gen.state[3] (net)
                      0.049568    0.000000    0.257142 ^ _0644_/B1 (sky130_fd_sc_hd__a22o_2)
     1    0.002087    0.019575    0.067535    0.324677 ^ _0644_/X (sky130_fd_sc_hd__a22o_2)
                                                         _0026_ (net)
                      0.019575    0.000000    0.324677 ^ _1148_/D (sky130_fd_sc_hd__dfrtp_2)
                                              0.324677   data arrival time

                      0.150000    0.000000    0.000000   clock i_clk (rise edge)
                                  0.000000    0.000000   clock network delay (ideal)
                                  0.250000    0.250000   clock uncertainty
                                  0.000000    0.250000   clock reconvergence pessimism
                                              0.250000 ^ _1148_/CLK (sky130_fd_sc_hd__dfrtp_2)
                                 -0.015782    0.234218   library hold time
                                              0.234218   data required time
---------------------------------------------------------------------------------------------
                                              0.234218   data required time
                                             -0.324677   data arrival time
---------------------------------------------------------------------------------------------
                                              0.090460   slack (MET)


Startpoint: _1263_ (rising edge-triggered flip-flop clocked by i_clk)
Endpoint: _1263_ (rising edge-triggered flip-flop clocked by i_clk)
Path Group: i_clk
Path Type: min

Fanout         Cap        Slew       Delay        Time   Description
---------------------------------------------------------------------------------------------
                      0.150000    0.000000    0.000000   clock i_clk (rise edge)
                                  0.000000    0.000000   clock network delay (ideal)
                      0.150000    0.000000    0.000000 ^ _1263_/CLK (sky130_fd_sc_hd__dfrtp_2)
     3    0.008378    0.044904    0.252902    0.252902 ^ _1263_/Q (sky130_fd_sc_hd__dfrtp_2)
                                                         u_i2c_master_controller.cntrl_fsm.byte_rx_fsm.state[9] (net)
                      0.044904    0.000000    0.252902 ^ _0959_/A0 (sky130_fd_sc_hd__mux2_1)
     1    0.002087    0.025477    0.071495    0.324397 ^ _0959_/X (sky130_fd_sc_hd__mux2_1)
                                                         _0265_ (net)
                      0.025477    0.000000    0.324397 ^ _1263_/D (sky130_fd_sc_hd__dfrtp_2)
                                              0.324397   data arrival time

                      0.150000    0.000000    0.000000   clock i_clk (rise edge)
                                  0.000000    0.000000   clock network delay (ideal)
                                  0.250000    0.250000   clock uncertainty
                                  0.000000    0.250000   clock reconvergence pessimism
                                              0.250000 ^ _1263_/CLK (sky130_fd_sc_hd__dfrtp_2)
                                 -0.016207    0.233793   library hold time
                                              0.233793   data required time
---------------------------------------------------------------------------------------------
                                              0.233793   data required time
                                             -0.324397   data arrival time
---------------------------------------------------------------------------------------------
                                              0.090605   slack (MET)


Startpoint: _1264_ (rising edge-triggered flip-flop clocked by i_clk)
Endpoint: _1264_ (rising edge-triggered flip-flop clocked by i_clk)
Path Group: i_clk
Path Type: min

Fanout         Cap        Slew       Delay        Time   Description
---------------------------------------------------------------------------------------------
                      0.150000    0.000000    0.000000   clock i_clk (rise edge)
                                  0.000000    0.000000   clock network delay (ideal)
                      0.150000    0.000000    0.000000 ^ _1264_/CLK (sky130_fd_sc_hd__dfrtp_2)
     3    0.008378    0.044904    0.252902    0.252902 ^ _1264_/Q (sky130_fd_sc_hd__dfrtp_2)
                                                         u_i2c_master_controller.cntrl_fsm.byte_rx_fsm.state[8] (net)
                      0.044904    0.000000    0.252902 ^ _0960_/A0 (sky130_fd_sc_hd__mux2_1)
     1    0.002087    0.025477    0.071495    0.324397 ^ _0960_/X (sky130_fd_sc_hd__mux2_1)
                                                         _0266_ (net)
                      0.025477    0.000000    0.324397 ^ _1264_/D (sky130_fd_sc_hd__dfrtp_2)
                                              0.324397   data arrival time

                      0.150000    0.000000    0.000000   clock i_clk (rise edge)
                                  0.000000    0.000000   clock network delay (ideal)
                                  0.250000    0.250000   clock uncertainty
                                  0.000000    0.250000   clock reconvergence pessimism
                                              0.250000 ^ _1264_/CLK (sky130_fd_sc_hd__dfrtp_2)
                                 -0.016207    0.233793   library hold time
                                              0.233793   data required time
---------------------------------------------------------------------------------------------
                                              0.233793   data required time
                                             -0.324397   data arrival time
---------------------------------------------------------------------------------------------
                                              0.090605   slack (MET)


Startpoint: _1265_ (rising edge-triggered flip-flop clocked by i_clk)
Endpoint: _1265_ (rising edge-triggered flip-flop clocked by i_clk)
Path Group: i_clk
Path Type: min

Fanout         Cap        Slew       Delay        Time   Description
---------------------------------------------------------------------------------------------
                      0.150000    0.000000    0.000000   clock i_clk (rise edge)
                                  0.000000    0.000000   clock network delay (ideal)
                      0.150000    0.000000    0.000000 ^ _1265_/CLK (sky130_fd_sc_hd__dfrtp_2)
     3    0.008378    0.044904    0.252902    0.252902 ^ _1265_/Q (sky130_fd_sc_hd__dfrtp_2)
                                                         u_i2c_master_controller.cntrl_fsm.byte_rx_fsm.state[7] (net)
                      0.044904    0.000000    0.252902 ^ _0961_/A0 (sky130_fd_sc_hd__mux2_1)
     1    0.002087    0.025477    0.071495    0.324397 ^ _0961_/X (sky130_fd_sc_hd__mux2_1)
                                                         _0267_ (net)
                      0.025477    0.000000    0.324397 ^ _1265_/D (sky130_fd_sc_hd__dfrtp_2)
                                              0.324397   data arrival time

                      0.150000    0.000000    0.000000   clock i_clk (rise edge)
                                  0.000000    0.000000   clock network delay (ideal)
                                  0.250000    0.250000   clock uncertainty
                                  0.000000    0.250000   clock reconvergence pessimism
                                              0.250000 ^ _1265_/CLK (sky130_fd_sc_hd__dfrtp_2)
                                 -0.016207    0.233793   library hold time
                                              0.233793   data required time
---------------------------------------------------------------------------------------------
                                              0.233793   data required time
                                             -0.324397   data arrival time
---------------------------------------------------------------------------------------------
                                              0.090605   slack (MET)


Startpoint: _1267_ (rising edge-triggered flip-flop clocked by i_clk)
Endpoint: _1267_ (rising edge-triggered flip-flop clocked by i_clk)
Path Group: i_clk
Path Type: min

Fanout         Cap        Slew       Delay        Time   Description
---------------------------------------------------------------------------------------------
                      0.150000    0.000000    0.000000   clock i_clk (rise edge)
                                  0.000000    0.000000   clock network delay (ideal)
                      0.150000    0.000000    0.000000 ^ _1267_/CLK (sky130_fd_sc_hd__dfrtp_2)
     3    0.008378    0.044904    0.252902    0.252902 ^ _1267_/Q (sky130_fd_sc_hd__dfrtp_2)
                                                         u_i2c_master_controller.cntrl_fsm.byte_rx_fsm.state[5] (net)
                      0.044904    0.000000    0.252902 ^ _0963_/A0 (sky130_fd_sc_hd__mux2_1)
     1    0.002087    0.025477    0.071495    0.324397 ^ _0963_/X (sky130_fd_sc_hd__mux2_1)
                                                         _0269_ (net)
                      0.025477    0.000000    0.324397 ^ _1267_/D (sky130_fd_sc_hd__dfrtp_2)
                                              0.324397   data arrival time

                      0.150000    0.000000    0.000000   clock i_clk (rise edge)
                                  0.000000    0.000000   clock network delay (ideal)
                                  0.250000    0.250000   clock uncertainty
                                  0.000000    0.250000   clock reconvergence pessimism
                                              0.250000 ^ _1267_/CLK (sky130_fd_sc_hd__dfrtp_2)
                                 -0.016207    0.233793   library hold time
                                              0.233793   data required time
---------------------------------------------------------------------------------------------
                                              0.233793   data required time
                                             -0.324397   data arrival time
---------------------------------------------------------------------------------------------
                                              0.090605   slack (MET)


Startpoint: _1268_ (rising edge-triggered flip-flop clocked by i_clk)
Endpoint: _1268_ (rising edge-triggered flip-flop clocked by i_clk)
Path Group: i_clk
Path Type: min

Fanout         Cap        Slew       Delay        Time   Description
---------------------------------------------------------------------------------------------
                      0.150000    0.000000    0.000000   clock i_clk (rise edge)
                                  0.000000    0.000000   clock network delay (ideal)
                      0.150000    0.000000    0.000000 ^ _1268_/CLK (sky130_fd_sc_hd__dfrtp_2)
     3    0.008378    0.044904    0.252902    0.252902 ^ _1268_/Q (sky130_fd_sc_hd__dfrtp_2)
                                                         u_i2c_master_controller.cntrl_fsm.byte_rx_fsm.state[4] (net)
                      0.044904    0.000000    0.252902 ^ _0964_/A0 (sky130_fd_sc_hd__mux2_1)
     1    0.002087    0.025477    0.071495    0.324397 ^ _0964_/X (sky130_fd_sc_hd__mux2_1)
                                                         _0270_ (net)
                      0.025477    0.000000    0.324397 ^ _1268_/D (sky130_fd_sc_hd__dfrtp_2)
                                              0.324397   data arrival time

                      0.150000    0.000000    0.000000   clock i_clk (rise edge)
                                  0.000000    0.000000   clock network delay (ideal)
                                  0.250000    0.250000   clock uncertainty
                                  0.000000    0.250000   clock reconvergence pessimism
                                              0.250000 ^ _1268_/CLK (sky130_fd_sc_hd__dfrtp_2)
                                 -0.016207    0.233793   library hold time
                                              0.233793   data required time
---------------------------------------------------------------------------------------------
                                              0.233793   data required time
                                             -0.324397   data arrival time
---------------------------------------------------------------------------------------------
                                              0.090605   slack (MET)


Startpoint: _1269_ (rising edge-triggered flip-flop clocked by i_clk)
Endpoint: _1269_ (rising edge-triggered flip-flop clocked by i_clk)
Path Group: i_clk
Path Type: min

Fanout         Cap        Slew       Delay        Time   Description
---------------------------------------------------------------------------------------------
                      0.150000    0.000000    0.000000   clock i_clk (rise edge)
                                  0.000000    0.000000   clock network delay (ideal)
                      0.150000    0.000000    0.000000 ^ _1269_/CLK (sky130_fd_sc_hd__dfrtp_2)
     3    0.008378    0.044904    0.252902    0.252902 ^ _1269_/Q (sky130_fd_sc_hd__dfrtp_2)
                                                         u_i2c_master_controller.cntrl_fsm.byte_rx_fsm.state[3] (net)
                      0.044904    0.000000    0.252902 ^ _0965_/A0 (sky130_fd_sc_hd__mux2_1)
     1    0.002087    0.025477    0.071495    0.324397 ^ _0965_/X (sky130_fd_sc_hd__mux2_1)
                                                         _0271_ (net)
                      0.025477    0.000000    0.324397 ^ _1269_/D (sky130_fd_sc_hd__dfrtp_2)
                                              0.324397   data arrival time

                      0.150000    0.000000    0.000000   clock i_clk (rise edge)
                                  0.000000    0.000000   clock network delay (ideal)
                                  0.250000    0.250000   clock uncertainty
                                  0.000000    0.250000   clock reconvergence pessimism
                                              0.250000 ^ _1269_/CLK (sky130_fd_sc_hd__dfrtp_2)
                                 -0.016207    0.233793   library hold time
                                              0.233793   data required time
---------------------------------------------------------------------------------------------
                                              0.233793   data required time
                                             -0.324397   data arrival time
---------------------------------------------------------------------------------------------
                                              0.090605   slack (MET)


Startpoint: _1270_ (rising edge-triggered flip-flop clocked by i_clk)
Endpoint: _1270_ (rising edge-triggered flip-flop clocked by i_clk)
Path Group: i_clk
Path Type: min

Fanout         Cap        Slew       Delay        Time   Description
---------------------------------------------------------------------------------------------
                      0.150000    0.000000    0.000000   clock i_clk (rise edge)
                                  0.000000    0.000000   clock network delay (ideal)
                      0.150000    0.000000    0.000000 ^ _1270_/CLK (sky130_fd_sc_hd__dfrtp_2)
     3    0.008378    0.044904    0.252902    0.252902 ^ _1270_/Q (sky130_fd_sc_hd__dfrtp_2)
                                                         u_i2c_master_controller.cntrl_fsm.byte_rx_fsm.state[2] (net)
                      0.044904    0.000000    0.252902 ^ _0966_/A0 (sky130_fd_sc_hd__mux2_1)
     1    0.002087    0.025477    0.071495    0.324397 ^ _0966_/X (sky130_fd_sc_hd__mux2_1)
                                                         _0272_ (net)
                      0.025477    0.000000    0.324397 ^ _1270_/D (sky130_fd_sc_hd__dfrtp_2)
                                              0.324397   data arrival time

                      0.150000    0.000000    0.000000   clock i_clk (rise edge)
                                  0.000000    0.000000   clock network delay (ideal)
                                  0.250000    0.250000   clock uncertainty
                                  0.000000    0.250000   clock reconvergence pessimism
                                              0.250000 ^ _1270_/CLK (sky130_fd_sc_hd__dfrtp_2)
                                 -0.016207    0.233793   library hold time
                                              0.233793   data required time
---------------------------------------------------------------------------------------------
                                              0.233793   data required time
                                             -0.324397   data arrival time
---------------------------------------------------------------------------------------------
                                              0.090605   slack (MET)


Startpoint: _1174_ (rising edge-triggered flip-flop clocked by i_clk)
Endpoint: _1187_ (rising edge-triggered flip-flop clocked by i_clk)
Path Group: i_clk
Path Type: min

Fanout         Cap        Slew       Delay        Time   Description
---------------------------------------------------------------------------------------------
                      0.150000    0.000000    0.000000   clock i_clk (rise edge)
                                  0.000000    0.000000   clock network delay (ideal)
                      0.150000    0.000000    0.000000 ^ _1174_/CLK (sky130_fd_sc_hd__dfrtp_2)
     2    0.006358    0.038451    0.247035    0.247035 ^ _1174_/Q (sky130_fd_sc_hd__dfrtp_2)
                                                         u_i2c_master_controller.cntrl_fsm.abort_reg (net)
                      0.038451    0.000000    0.247035 ^ _0733_/B (sky130_fd_sc_hd__and2_2)
     1    0.002087    0.022945    0.077783    0.324819 ^ _0733_/X (sky130_fd_sc_hd__and2_2)
                                                         _0035_ (net)
                      0.022945    0.000000    0.324819 ^ _1187_/D (sky130_fd_sc_hd__dfrtp_2)
                                              0.324819   data arrival time

                      0.150000    0.000000    0.000000   clock i_clk (rise edge)
                                  0.000000    0.000000   clock network delay (ideal)
                                  0.250000    0.250000   clock uncertainty
                                  0.000000    0.250000   clock reconvergence pessimism
                                              0.250000 ^ _1187_/CLK (sky130_fd_sc_hd__dfrtp_2)
                                 -0.016025    0.233975   library hold time
                                              0.233975   data required time
---------------------------------------------------------------------------------------------
                                              0.233975   data required time
                                             -0.324819   data arrival time
---------------------------------------------------------------------------------------------
                                              0.090843   slack (MET)


Startpoint: _1155_ (rising edge-triggered flip-flop clocked by i_clk)
Endpoint: _1152_ (rising edge-triggered flip-flop clocked by i_clk)
Path Group: i_clk
Path Type: min

Fanout         Cap        Slew       Delay        Time   Description
---------------------------------------------------------------------------------------------
                      0.150000    0.000000    0.000000   clock i_clk (rise edge)
                                  0.000000    0.000000   clock network delay (ideal)
                      0.150000    0.000000    0.000000 ^ _1155_/CLK (sky130_fd_sc_hd__dfrtp_2)
     3    0.009709    0.049156    0.256768    0.256768 ^ _1155_/Q (sky130_fd_sc_hd__dfrtp_2)
                                                         u_i2c_master_controller.i2cbus_cntrl_fsm.scl_gen.state[3] (net)
                      0.049156    0.000000    0.256768 ^ _0652_/B1 (sky130_fd_sc_hd__a22o_2)
     1    0.002517    0.021058    0.068842    0.325610 ^ _0652_/X (sky130_fd_sc_hd__a22o_2)
                                                         _0020_ (net)
                      0.021058    0.000000    0.325610 ^ _1152_/D (sky130_fd_sc_hd__dfstp_2)
                                              0.325610   data arrival time

                      0.150000    0.000000    0.000000   clock i_clk (rise edge)
                                  0.000000    0.000000   clock network delay (ideal)
                                  0.250000    0.250000   clock uncertainty
                                  0.000000    0.250000   clock reconvergence pessimism
                                              0.250000 ^ _1152_/CLK (sky130_fd_sc_hd__dfstp_2)
                                 -0.015742    0.234258   library hold time
                                              0.234258   data required time
---------------------------------------------------------------------------------------------
                                              0.234258   data required time
                                             -0.325610   data arrival time
---------------------------------------------------------------------------------------------
                                              0.091352   slack (MET)


Startpoint: _1148_ (rising edge-triggered flip-flop clocked by i_clk)
Endpoint: _1145_ (rising edge-triggered flip-flop clocked by i_clk)
Path Group: i_clk
Path Type: min

Fanout         Cap        Slew       Delay        Time   Description
---------------------------------------------------------------------------------------------
                      0.150000    0.000000    0.000000   clock i_clk (rise edge)
                                  0.000000    0.000000   clock network delay (ideal)
                      0.150000    0.000000    0.000000 ^ _1148_/CLK (sky130_fd_sc_hd__dfrtp_2)
     3    0.009838    0.049568    0.257142    0.257142 ^ _1148_/Q (sky130_fd_sc_hd__dfrtp_2)
                                                         u_i2c_master_controller.i2cbus_cntrl_fsm.start_gen.state[3] (net)
                      0.049568    0.000000    0.257142 ^ _0647_/B1 (sky130_fd_sc_hd__a22o_2)
     1    0.002517    0.021034    0.068950    0.326093 ^ _0647_/X (sky130_fd_sc_hd__a22o_2)
                                                         _0024_ (net)
                      0.021034    0.000000    0.326093 ^ _1145_/D (sky130_fd_sc_hd__dfstp_2)
                                              0.326093   data arrival time

                      0.150000    0.000000    0.000000   clock i_clk (rise edge)
                                  0.000000    0.000000   clock network delay (ideal)
                                  0.250000    0.250000   clock uncertainty
                                  0.000000    0.250000   clock reconvergence pessimism
                                              0.250000 ^ _1145_/CLK (sky130_fd_sc_hd__dfstp_2)
                                 -0.015740    0.234260   library hold time
                                              0.234260   data required time
---------------------------------------------------------------------------------------------
                                              0.234260   data required time
                                             -0.326093   data arrival time
---------------------------------------------------------------------------------------------
                                              0.091833   slack (MET)


Startpoint: _1188_ (rising edge-triggered flip-flop clocked by i_clk)
Endpoint: _1170_ (rising edge-triggered flip-flop clocked by i_clk)
Path Group: i_clk
Path Type: min

Fanout         Cap        Slew       Delay        Time   Description
---------------------------------------------------------------------------------------------
                      0.150000    0.000000    0.000000   clock i_clk (rise edge)
                                  0.000000    0.000000   clock network delay (ideal)
                      0.150000    0.000000    0.000000 ^ _1188_/CLK (sky130_fd_sc_hd__dfrtp_2)
     3    0.009688    0.049089    0.256707    0.256707 ^ _1188_/Q (sky130_fd_sc_hd__dfrtp_2)
                                                         u_i2c_master_controller.cntrl_fsm.byte_tx_fsm.i_tx_en (net)
                      0.049089    0.000000    0.256707 ^ _0682_/B2 (sky130_fd_sc_hd__a22o_2)
     1    0.002087    0.019540    0.070236    0.326943 ^ _0682_/X (sky130_fd_sc_hd__a22o_2)
                                                         _0006_ (net)
                      0.019540    0.000000    0.326943 ^ _1170_/D (sky130_fd_sc_hd__dfrtp_2)
                                              0.326943   data arrival time

                      0.150000    0.000000    0.000000   clock i_clk (rise edge)
                                  0.000000    0.000000   clock network delay (ideal)
                                  0.250000    0.250000   clock uncertainty
                                  0.000000    0.250000   clock reconvergence pessimism
                                              0.250000 ^ _1170_/CLK (sky130_fd_sc_hd__dfrtp_2)
                                 -0.015780    0.234220   library hold time
                                              0.234220   data required time
---------------------------------------------------------------------------------------------
                                              0.234220   data required time
                                             -0.326943   data arrival time
---------------------------------------------------------------------------------------------
                                              0.092722   slack (MET)


Startpoint: _1220_ (rising edge-triggered flip-flop clocked by i_clk)
Endpoint: _1220_ (rising edge-triggered flip-flop clocked by i_clk)
Path Group: i_clk
Path Type: min

Fanout         Cap        Slew       Delay        Time   Description
---------------------------------------------------------------------------------------------
                      0.150000    0.000000    0.000000   clock i_clk (rise edge)
                                  0.000000    0.000000   clock network delay (ideal)
                      0.150000    0.000000    0.000000 ^ _1220_/CLK (sky130_fd_sc_hd__dfrtp_2)
     3    0.007289    0.037379    0.276507    0.276507 v _1220_/Q (sky130_fd_sc_hd__dfrtp_2)
                                                         u_i2c_master_controller.i2cbus_cntrl_fsm.start_gen.delay_gen.count[7] (net)
                      0.037379    0.000000    0.276507 v _0561_/A (sky130_fd_sc_hd__inv_2)
     1    0.004628    0.023801    0.034675    0.311182 ^ _0561_/Y (sky130_fd_sc_hd__inv_2)
                                                         _0308_ (net)
                      0.023801    0.000000    0.311182 ^ _0763_/A1 (sky130_fd_sc_hd__a21oi_2)
     1    0.002059    0.010741    0.020890    0.332072 v _0763_/Y (sky130_fd_sc_hd__a21oi_2)
                                                         _0067_ (net)
                      0.010741    0.000000    0.332072 v _1220_/D (sky130_fd_sc_hd__dfrtp_2)
                                              0.332072   data arrival time

                      0.150000    0.000000    0.000000   clock i_clk (rise edge)
                                  0.000000    0.000000   clock network delay (ideal)
                                  0.250000    0.250000   clock uncertainty
                                  0.000000    0.250000   clock reconvergence pessimism
                                              0.250000 ^ _1220_/CLK (sky130_fd_sc_hd__dfrtp_2)
                                 -0.010970    0.239030   library hold time
                                              0.239030   data required time
---------------------------------------------------------------------------------------------
                                              0.239030   data required time
                                             -0.332072   data arrival time
---------------------------------------------------------------------------------------------
                                              0.093042   slack (MET)


Startpoint: _1242_ (rising edge-triggered flip-flop clocked by i_clk)
Endpoint: _1242_ (rising edge-triggered flip-flop clocked by i_clk)
Path Group: i_clk
Path Type: min

Fanout         Cap        Slew       Delay        Time   Description
---------------------------------------------------------------------------------------------
                      0.150000    0.000000    0.000000   clock i_clk (rise edge)
                                  0.000000    0.000000   clock network delay (ideal)
                      0.150000    0.000000    0.000000 ^ _1242_/CLK (sky130_fd_sc_hd__dfrtp_2)
     3    0.007289    0.037379    0.276507    0.276507 v _1242_/Q (sky130_fd_sc_hd__dfrtp_2)
                                                         u_i2c_master_controller.i2cbus_cntrl_fsm.stop_gen.delay_gen.count[7] (net)
                      0.037379    0.000000    0.276507 v _0566_/A (sky130_fd_sc_hd__inv_2)
     1    0.004628    0.023801    0.034675    0.311182 ^ _0566_/Y (sky130_fd_sc_hd__inv_2)
                                                         _0313_ (net)
                      0.023801    0.000000    0.311182 ^ _0807_/A1 (sky130_fd_sc_hd__a21oi_2)
     1    0.002059    0.010741    0.020890    0.332072 v _0807_/Y (sky130_fd_sc_hd__a21oi_2)
                                                         _0086_ (net)
                      0.010741    0.000000    0.332072 v _1242_/D (sky130_fd_sc_hd__dfrtp_2)
                                              0.332072   data arrival time

                      0.150000    0.000000    0.000000   clock i_clk (rise edge)
                                  0.000000    0.000000   clock network delay (ideal)
                                  0.250000    0.250000   clock uncertainty
                                  0.000000    0.250000   clock reconvergence pessimism
                                              0.250000 ^ _1242_/CLK (sky130_fd_sc_hd__dfrtp_2)
                                 -0.010970    0.239030   library hold time
                                              0.239030   data required time
---------------------------------------------------------------------------------------------
                                              0.239030   data required time
                                             -0.332072   data arrival time
---------------------------------------------------------------------------------------------
                                              0.093042   slack (MET)


Startpoint: _1164_ (rising edge-triggered flip-flop clocked by i_clk)
Endpoint: _1162_ (rising edge-triggered flip-flop clocked by i_clk)
Path Group: i_clk
Path Type: min

Fanout         Cap        Slew       Delay        Time   Description
---------------------------------------------------------------------------------------------
                      0.150000    0.000000    0.000000   clock i_clk (rise edge)
                                  0.000000    0.000000   clock network delay (ideal)
                      0.150000    0.000000    0.000000 ^ _1164_/CLK (sky130_fd_sc_hd__dfrtp_2)
     3    0.008779    0.046185    0.254067    0.254067 ^ _1164_/Q (sky130_fd_sc_hd__dfrtp_2)
                                                         u_i2c_master_controller.cntrl_fsm.cntrl_fsm.state[5] (net)
                      0.046185    0.000000    0.254067 ^ _0675_/B1 (sky130_fd_sc_hd__a221o_2)
     1    0.002087    0.017421    0.073704    0.327770 ^ _0675_/X (sky130_fd_sc_hd__a221o_2)
                                                         _0010_ (net)
                      0.017421    0.000000    0.327770 ^ _1162_/D (sky130_fd_sc_hd__dfrtp_2)
                                              0.327770   data arrival time

                      0.150000    0.000000    0.000000   clock i_clk (rise edge)
                                  0.000000    0.000000   clock network delay (ideal)
                                  0.250000    0.250000   clock uncertainty
                                  0.000000    0.250000   clock reconvergence pessimism
                                              0.250000 ^ _1162_/CLK (sky130_fd_sc_hd__dfrtp_2)
                                 -0.015627    0.234373   library hold time
                                              0.234373   data required time
---------------------------------------------------------------------------------------------
                                              0.234373   data required time
                                             -0.327770   data arrival time
---------------------------------------------------------------------------------------------
                                              0.093397   slack (MET)


Startpoint: _1266_ (rising edge-triggered flip-flop clocked by i_clk)
Endpoint: _1198_ (rising edge-triggered flip-flop clocked by i_clk)
Path Group: i_clk
Path Type: min

Fanout         Cap        Slew       Delay        Time   Description
---------------------------------------------------------------------------------------------
                      0.150000    0.000000    0.000000   clock i_clk (rise edge)
                                  0.000000    0.000000   clock network delay (ideal)
                      0.150000    0.000000    0.000000 ^ _1266_/CLK (sky130_fd_sc_hd__dfrtp_2)
     3    0.004777    0.033400    0.242443    0.242443 ^ _1266_/Q (sky130_fd_sc_hd__dfrtp_2)
                                                         u_i2c_master_controller.cntrl_fsm.byte_rx_fsm.state[6] (net)
                      0.033400    0.000000    0.242443 ^ _0616_/B (sky130_fd_sc_hd__and2_2)
     2    0.004703    0.031982    0.085470    0.327914 ^ _0616_/X (sky130_fd_sc_hd__and2_2)
                                                         _0000_ (net)
                      0.031982    0.000000    0.327914 ^ _1198_/D (sky130_fd_sc_hd__dfrtp_2)
                                              0.327914   data arrival time

                      0.150000    0.000000    0.000000   clock i_clk (rise edge)
                                  0.000000    0.000000   clock network delay (ideal)
                                  0.250000    0.250000   clock uncertainty
                                  0.000000    0.250000   clock reconvergence pessimism
                                              0.250000 ^ _1198_/CLK (sky130_fd_sc_hd__dfrtp_2)
                                 -0.016676    0.233324   library hold time
                                              0.233324   data required time
---------------------------------------------------------------------------------------------
                                              0.233324   data required time
                                             -0.327914   data arrival time
---------------------------------------------------------------------------------------------
                                              0.094590   slack (MET)


Startpoint: _1137_ (rising edge-triggered flip-flop clocked by i_clk)
Endpoint: _1137_ (rising edge-triggered flip-flop clocked by i_clk)
Path Group: i_clk
Path Type: min

Fanout         Cap        Slew       Delay        Time   Description
---------------------------------------------------------------------------------------------
                      0.150000    0.000000    0.000000   clock i_clk (rise edge)
                                  0.000000    0.000000   clock network delay (ideal)
                      0.150000    0.000000    0.000000 ^ _1137_/CLK (sky130_fd_sc_hd__dfrtp_2)
     7    0.028366    0.111144    0.304990    0.304990 ^ _1137_/Q (sky130_fd_sc_hd__dfrtp_2)
                                                         u_i2c_master_controller.i2cbus_cntrl_fsm.scl_gen.count[6] (net)
                      0.111144    0.000000    0.304990 ^ _0590_/A1 (sky130_fd_sc_hd__a21oi_2)
     1    0.002059    0.011438    0.028495    0.333485 v _0590_/Y (sky130_fd_sc_hd__a21oi_2)
                                                         _0260_ (net)
                      0.011438    0.000000    0.333485 v _1137_/D (sky130_fd_sc_hd__dfrtp_2)
                                              0.333485   data arrival time

                      0.150000    0.000000    0.000000   clock i_clk (rise edge)
                                  0.000000    0.000000   clock network delay (ideal)
                                  0.250000    0.250000   clock uncertainty
                                  0.000000    0.250000   clock reconvergence pessimism
                                              0.250000 ^ _1137_/CLK (sky130_fd_sc_hd__dfrtp_2)
                                 -0.011194    0.238806   library hold time
                                              0.238806   data required time
---------------------------------------------------------------------------------------------
                                              0.238806   data required time
                                             -0.333485   data arrival time
---------------------------------------------------------------------------------------------
                                              0.094679   slack (MET)


Startpoint: _1228_ (rising edge-triggered flip-flop clocked by i_clk)
Endpoint: _1228_ (rising edge-triggered flip-flop clocked by i_clk)
Path Group: i_clk
Path Type: min

Fanout         Cap        Slew       Delay        Time   Description
---------------------------------------------------------------------------------------------
                      0.150000    0.000000    0.000000   clock i_clk (rise edge)
                                  0.000000    0.000000   clock network delay (ideal)
                      0.150000    0.000000    0.000000 ^ _1228_/CLK (sky130_fd_sc_hd__dfrtp_2)
     3    0.008959    0.046760    0.254589    0.254589 ^ _1228_/Q (sky130_fd_sc_hd__dfrtp_2)
                                                         u_i2c_master_controller.i2cbus_cntrl_fsm.start_gen.delay_gen.count[15] (net)
                      0.046760    0.000000    0.254589 ^ _0784_/B1 (sky130_fd_sc_hd__a21oi_2)
     1    0.004193    0.017461    0.019973    0.274562 v _0784_/Y (sky130_fd_sc_hd__a21oi_2)
                                                         _0433_ (net)
                      0.017461    0.000000    0.274562 v _0786_/A (sky130_fd_sc_hd__nor2_2)
     1    0.002087    0.038619    0.053081    0.327644 ^ _0786_/Y (sky130_fd_sc_hd__nor2_2)
                                                         _0060_ (net)
                      0.038619    0.000000    0.327644 ^ _1228_/D (sky130_fd_sc_hd__dfrtp_2)
                                              0.327644   data arrival time

                      0.150000    0.000000    0.000000   clock i_clk (rise edge)
                                  0.000000    0.000000   clock network delay (ideal)
                                  0.250000    0.250000   clock uncertainty
                                  0.000000    0.250000   clock reconvergence pessimism
                                              0.250000 ^ _1228_/CLK (sky130_fd_sc_hd__dfrtp_2)
                                 -0.017154    0.232846   library hold time
                                              0.232846   data required time
---------------------------------------------------------------------------------------------
                                              0.232846   data required time
                                             -0.327644   data arrival time
---------------------------------------------------------------------------------------------
                                              0.094798   slack (MET)


Startpoint: _1250_ (rising edge-triggered flip-flop clocked by i_clk)
Endpoint: _1250_ (rising edge-triggered flip-flop clocked by i_clk)
Path Group: i_clk
Path Type: min

Fanout         Cap        Slew       Delay        Time   Description
---------------------------------------------------------------------------------------------
                      0.150000    0.000000    0.000000   clock i_clk (rise edge)
                                  0.000000    0.000000   clock network delay (ideal)
                      0.150000    0.000000    0.000000 ^ _1250_/CLK (sky130_fd_sc_hd__dfrtp_2)
     3    0.008959    0.046760    0.254589    0.254589 ^ _1250_/Q (sky130_fd_sc_hd__dfrtp_2)
                                                         u_i2c_master_controller.i2cbus_cntrl_fsm.stop_gen.delay_gen.count[15] (net)
                      0.046760    0.000000    0.254589 ^ _0828_/B1 (sky130_fd_sc_hd__a21oi_2)
     1    0.004193    0.017461    0.019973    0.274562 v _0828_/Y (sky130_fd_sc_hd__a21oi_2)
                                                         _0461_ (net)
                      0.017461    0.000000    0.274562 v _0830_/A (sky130_fd_sc_hd__nor2_2)
     1    0.002087    0.038619    0.053081    0.327644 ^ _0830_/Y (sky130_fd_sc_hd__nor2_2)
                                                         _0079_ (net)
                      0.038619    0.000000    0.327644 ^ _1250_/D (sky130_fd_sc_hd__dfrtp_2)
                                              0.327644   data arrival time

                      0.150000    0.000000    0.000000   clock i_clk (rise edge)
                                  0.000000    0.000000   clock network delay (ideal)
                                  0.250000    0.250000   clock uncertainty
                                  0.000000    0.250000   clock reconvergence pessimism
                                              0.250000 ^ _1250_/CLK (sky130_fd_sc_hd__dfrtp_2)
                                 -0.017154    0.232846   library hold time
                                              0.232846   data required time
---------------------------------------------------------------------------------------------
                                              0.232846   data required time
                                             -0.327644   data arrival time
---------------------------------------------------------------------------------------------
                                              0.094798   slack (MET)


Startpoint: _1274_ (rising edge-triggered flip-flop clocked by i_clk)
Endpoint: _1197_ (rising edge-triggered flip-flop clocked by i_clk)
Path Group: i_clk
Path Type: min

Fanout         Cap        Slew       Delay        Time   Description
---------------------------------------------------------------------------------------------
                      0.150000    0.000000    0.000000   clock i_clk (rise edge)
                                  0.000000    0.000000   clock network delay (ideal)
                      0.150000    0.000000    0.000000 ^ _1274_/CLK (sky130_fd_sc_hd__dfrtp_2)
     3    0.005790    0.036636    0.245385    0.245385 ^ _1274_/Q (sky130_fd_sc_hd__dfrtp_2)
                                                         u_i2c_master_controller.cntrl_fsm.byte_tx_fsm.state[6] (net)
                      0.036636    0.000000    0.245385 ^ _0615_/A (sky130_fd_sc_hd__and2_2)
     2    0.004703    0.031984    0.082828    0.328213 ^ _0615_/X (sky130_fd_sc_hd__and2_2)
                                                         _0001_ (net)
                      0.031984    0.000000    0.328213 ^ _1197_/D (sky130_fd_sc_hd__dfrtp_2)
                                              0.328213   data arrival time

                      0.150000    0.000000    0.000000   clock i_clk (rise edge)
                                  0.000000    0.000000   clock network delay (ideal)
                                  0.250000    0.250000   clock uncertainty
                                  0.000000    0.250000   clock reconvergence pessimism
                                              0.250000 ^ _1197_/CLK (sky130_fd_sc_hd__dfrtp_2)
                                 -0.016676    0.233324   library hold time
                                              0.233324   data required time
---------------------------------------------------------------------------------------------
                                              0.233324   data required time
                                             -0.328213   data arrival time
---------------------------------------------------------------------------------------------
                                              0.094890   slack (MET)


Startpoint: _1070_ (rising edge-triggered flip-flop clocked by i_clk)
Endpoint: _1070_ (rising edge-triggered flip-flop clocked by i_clk)
Path Group: i_clk
Path Type: min

Fanout         Cap        Slew       Delay        Time   Description
---------------------------------------------------------------------------------------------
                      0.150000    0.000000    0.000000   clock i_clk (rise edge)
                                  0.000000    0.000000   clock network delay (ideal)
                      0.150000    0.000000    0.000000 ^ _1070_/CLK (sky130_fd_sc_hd__dfrtp_2)
     4    0.009591    0.048779    0.256425    0.256425 ^ _1070_/Q (sky130_fd_sc_hd__dfrtp_2)
                                                         u_i2c_master_controller.cntrl_fsm.cntrl_fsm.i_slave_addr[1] (net)
                      0.048779    0.000000    0.256425 ^ _0841_/A0 (sky130_fd_sc_hd__mux2_1)
     1    0.002087    0.025474    0.072581    0.329006 ^ _0841_/X (sky130_fd_sc_hd__mux2_1)
                                                         _0193_ (net)
                      0.025474    0.000000    0.329006 ^ _1070_/D (sky130_fd_sc_hd__dfrtp_2)
                                              0.329006   data arrival time

                      0.150000    0.000000    0.000000   clock i_clk (rise edge)
                                  0.000000    0.000000   clock network delay (ideal)
                                  0.250000    0.250000   clock uncertainty
                                  0.000000    0.250000   clock reconvergence pessimism
                                              0.250000 ^ _1070_/CLK (sky130_fd_sc_hd__dfrtp_2)
                                 -0.016207    0.233793   library hold time
                                              0.233793   data required time
---------------------------------------------------------------------------------------------
                                              0.233793   data required time
                                             -0.329006   data arrival time
---------------------------------------------------------------------------------------------
                                              0.095213   slack (MET)


Startpoint: _1071_ (rising edge-triggered flip-flop clocked by i_clk)
Endpoint: _1071_ (rising edge-triggered flip-flop clocked by i_clk)
Path Group: i_clk
Path Type: min

Fanout         Cap        Slew       Delay        Time   Description
---------------------------------------------------------------------------------------------
                      0.150000    0.000000    0.000000   clock i_clk (rise edge)
                                  0.000000    0.000000   clock network delay (ideal)
                      0.150000    0.000000    0.000000 ^ _1071_/CLK (sky130_fd_sc_hd__dfrtp_2)
     4    0.009591    0.048779    0.256425    0.256425 ^ _1071_/Q (sky130_fd_sc_hd__dfrtp_2)
                                                         u_i2c_master_controller.cntrl_fsm.cntrl_fsm.i_slave_addr[2] (net)
                      0.048779    0.000000    0.256425 ^ _0842_/A0 (sky130_fd_sc_hd__mux2_1)
     1    0.002087    0.025474    0.072581    0.329006 ^ _0842_/X (sky130_fd_sc_hd__mux2_1)
                                                         _0194_ (net)
                      0.025474    0.000000    0.329006 ^ _1071_/D (sky130_fd_sc_hd__dfrtp_2)
                                              0.329006   data arrival time

                      0.150000    0.000000    0.000000   clock i_clk (rise edge)
                                  0.000000    0.000000   clock network delay (ideal)
                                  0.250000    0.250000   clock uncertainty
                                  0.000000    0.250000   clock reconvergence pessimism
                                              0.250000 ^ _1071_/CLK (sky130_fd_sc_hd__dfrtp_2)
                                 -0.016207    0.233793   library hold time
                                              0.233793   data required time
---------------------------------------------------------------------------------------------
                                              0.233793   data required time
                                             -0.329006   data arrival time
---------------------------------------------------------------------------------------------
                                              0.095213   slack (MET)


Startpoint: _1075_ (rising edge-triggered flip-flop clocked by i_clk)
Endpoint: _1075_ (rising edge-triggered flip-flop clocked by i_clk)
Path Group: i_clk
Path Type: min

Fanout         Cap        Slew       Delay        Time   Description
---------------------------------------------------------------------------------------------
                      0.150000    0.000000    0.000000   clock i_clk (rise edge)
                                  0.000000    0.000000   clock network delay (ideal)
                      0.150000    0.000000    0.000000 ^ _1075_/CLK (sky130_fd_sc_hd__dfrtp_2)
     4    0.009591    0.048779    0.256425    0.256425 ^ _1075_/Q (sky130_fd_sc_hd__dfrtp_2)
                                                         u_i2c_master_controller.cntrl_fsm.cntrl_fsm.i_slave_addr[6] (net)
                      0.048779    0.000000    0.256425 ^ _0846_/A0 (sky130_fd_sc_hd__mux2_1)
     1    0.002087    0.025474    0.072581    0.329006 ^ _0846_/X (sky130_fd_sc_hd__mux2_1)
                                                         _0198_ (net)
                      0.025474    0.000000    0.329006 ^ _1075_/D (sky130_fd_sc_hd__dfrtp_2)
                                              0.329006   data arrival time

                      0.150000    0.000000    0.000000   clock i_clk (rise edge)
                                  0.000000    0.000000   clock network delay (ideal)
                                  0.250000    0.250000   clock uncertainty
                                  0.000000    0.250000   clock reconvergence pessimism
                                              0.250000 ^ _1075_/CLK (sky130_fd_sc_hd__dfrtp_2)
                                 -0.016207    0.233793   library hold time
                                              0.233793   data required time
---------------------------------------------------------------------------------------------
                                              0.233793   data required time
                                             -0.329006   data arrival time
---------------------------------------------------------------------------------------------
                                              0.095213   slack (MET)


Startpoint: _1076_ (rising edge-triggered flip-flop clocked by i_clk)
Endpoint: _1076_ (rising edge-triggered flip-flop clocked by i_clk)
Path Group: i_clk
Path Type: min

Fanout         Cap        Slew       Delay        Time   Description
---------------------------------------------------------------------------------------------
                      0.150000    0.000000    0.000000   clock i_clk (rise edge)
                                  0.000000    0.000000   clock network delay (ideal)
                      0.150000    0.000000    0.000000 ^ _1076_/CLK (sky130_fd_sc_hd__dfrtp_2)
     4    0.009591    0.048779    0.256425    0.256425 ^ _1076_/Q (sky130_fd_sc_hd__dfrtp_2)
                                                         u_i2c_master_controller.cntrl_fsm.cntrl_fsm.i_slave_addr[7] (net)
                      0.048779    0.000000    0.256425 ^ _0847_/A0 (sky130_fd_sc_hd__mux2_1)
     1    0.002087    0.025474    0.072581    0.329006 ^ _0847_/X (sky130_fd_sc_hd__mux2_1)
                                                         _0199_ (net)
                      0.025474    0.000000    0.329006 ^ _1076_/D (sky130_fd_sc_hd__dfrtp_2)
                                              0.329006   data arrival time

                      0.150000    0.000000    0.000000   clock i_clk (rise edge)
                                  0.000000    0.000000   clock network delay (ideal)
                                  0.250000    0.250000   clock uncertainty
                                  0.000000    0.250000   clock reconvergence pessimism
                                              0.250000 ^ _1076_/CLK (sky130_fd_sc_hd__dfrtp_2)
                                 -0.016207    0.233793   library hold time
                                              0.233793   data required time
---------------------------------------------------------------------------------------------
                                              0.233793   data required time
                                             -0.329006   data arrival time
---------------------------------------------------------------------------------------------
                                              0.095213   slack (MET)


Startpoint: _1159_ (rising edge-triggered flip-flop clocked by i_clk)
Endpoint: _1107_ (rising edge-triggered flip-flop clocked by i_clk)
Path Group: i_clk
Path Type: min

Fanout         Cap        Slew       Delay        Time   Description
---------------------------------------------------------------------------------------------
                      0.150000    0.000000    0.000000   clock i_clk (rise edge)
                                  0.000000    0.000000   clock network delay (ideal)
                      0.150000    0.000000    0.000000 ^ _1159_/CLK (sky130_fd_sc_hd__dfstp_2)
     5    0.015220    0.033945    0.268980    0.268980 v _1159_/Q (sky130_fd_sc_hd__dfstp_2)
                                                         u_i2c_master_controller.cntrl_fsm.cntrl_fsm.state[0] (net)
                      0.033945    0.000000    0.268980 v _0895_/A (sky130_fd_sc_hd__nor2_2)
     1    0.002087    0.038796    0.059350    0.328330 ^ _0895_/Y (sky130_fd_sc_hd__nor2_2)
                                                         _0230_ (net)
                      0.038796    0.000000    0.328330 ^ _1107_/D (sky130_fd_sc_hd__dfrtp_2)
                                              0.328330   data arrival time

                      0.150000    0.000000    0.000000   clock i_clk (rise edge)
                                  0.000000    0.000000   clock network delay (ideal)
                                  0.250000    0.250000   clock uncertainty
                                  0.000000    0.250000   clock reconvergence pessimism
                                              0.250000 ^ _1107_/CLK (sky130_fd_sc_hd__dfrtp_2)
                                 -0.017167    0.232833   library hold time
                                              0.232833   data required time
---------------------------------------------------------------------------------------------
                                              0.232833   data required time
                                             -0.328330   data arrival time
---------------------------------------------------------------------------------------------
                                              0.095497   slack (MET)


Startpoint: _1229_ (rising edge-triggered flip-flop clocked by i_clk)
Endpoint: _1231_ (rising edge-triggered flip-flop clocked by i_clk)
Path Group: i_clk
Path Type: min

Fanout         Cap        Slew       Delay        Time   Description
---------------------------------------------------------------------------------------------
                      0.150000    0.000000    0.000000   clock i_clk (rise edge)
                                  0.000000    0.000000   clock network delay (ideal)
                      0.150000    0.000000    0.000000 ^ _1229_/CLK (sky130_fd_sc_hd__dfrtp_2)
     3    0.008773    0.046166    0.254049    0.254049 ^ _1229_/Q (sky130_fd_sc_hd__dfrtp_2)
                                                         u_i2c_master_controller.i2cbus_cntrl_fsm.start_gen.delay_done (net)
                      0.046166    0.000000    0.254049 ^ _0734_/A (sky130_fd_sc_hd__and2_2)
     1    0.002087    0.022950    0.076527    0.330576 ^ _0734_/X (sky130_fd_sc_hd__and2_2)
                                                         _0051_ (net)
                      0.022950    0.000000    0.330576 ^ _1231_/D (sky130_fd_sc_hd__dfrtp_2)
                                              0.330576   data arrival time

                      0.150000    0.000000    0.000000   clock i_clk (rise edge)
                                  0.000000    0.000000   clock network delay (ideal)
                                  0.250000    0.250000   clock uncertainty
                                  0.000000    0.250000   clock reconvergence pessimism
                                              0.250000 ^ _1231_/CLK (sky130_fd_sc_hd__dfrtp_2)
                                 -0.016025    0.233975   library hold time
                                              0.233975   data required time
---------------------------------------------------------------------------------------------
                                              0.233975   data required time
                                             -0.330576   data arrival time
---------------------------------------------------------------------------------------------
                                              0.096601   slack (MET)


Startpoint: _1164_ (rising edge-triggered flip-flop clocked by i_clk)
Endpoint: _1194_ (rising edge-triggered flip-flop clocked by i_clk)
Path Group: i_clk
Path Type: min

Fanout         Cap        Slew       Delay        Time   Description
---------------------------------------------------------------------------------------------
                      0.150000    0.000000    0.000000   clock i_clk (rise edge)
                                  0.000000    0.000000   clock network delay (ideal)
                      0.150000    0.000000    0.000000 ^ _1164_/CLK (sky130_fd_sc_hd__dfrtp_2)
     3    0.008779    0.046185    0.254067    0.254067 ^ _1164_/Q (sky130_fd_sc_hd__dfrtp_2)
                                                         u_i2c_master_controller.cntrl_fsm.cntrl_fsm.state[5] (net)
                      0.046185    0.000000    0.254067 ^ _0737_/S (sky130_fd_sc_hd__mux2_1)
     1    0.002087    0.025479    0.077219    0.331285 ^ _0737_/X (sky130_fd_sc_hd__mux2_1)
                                                         _0038_ (net)
                      0.025479    0.000000    0.331285 ^ _1194_/D (sky130_fd_sc_hd__dfrtp_2)
                                              0.331285   data arrival time

                      0.150000    0.000000    0.000000   clock i_clk (rise edge)
                                  0.000000    0.000000   clock network delay (ideal)
                                  0.250000    0.250000   clock uncertainty
                                  0.000000    0.250000   clock reconvergence pessimism
                                              0.250000 ^ _1194_/CLK (sky130_fd_sc_hd__dfrtp_2)
                                 -0.016207    0.233793   library hold time
                                              0.233793   data required time
---------------------------------------------------------------------------------------------
                                              0.233793   data required time
                                             -0.331285   data arrival time
---------------------------------------------------------------------------------------------
                                              0.097493   slack (MET)


Startpoint: _1185_ (rising edge-triggered flip-flop clocked by i_clk)
Endpoint: _1190_ (rising edge-triggered flip-flop clocked by i_clk)
Path Group: i_clk
Path Type: min

Fanout         Cap        Slew       Delay        Time   Description
---------------------------------------------------------------------------------------------
                      0.150000    0.000000    0.000000   clock i_clk (rise edge)
                                  0.000000    0.000000   clock network delay (ideal)
                      0.150000    0.000000    0.000000 ^ _1185_/CLK (sky130_fd_sc_hd__dfrtp_2)
     4    0.011238    0.054041    0.261208    0.261208 ^ _1185_/Q (sky130_fd_sc_hd__dfrtp_2)
                                                         u_i2c_master_controller.cntrl_fsm.cntrl_fsm.i_start (net)
                      0.054041    0.000000    0.261208 ^ _0732_/A2 (sky130_fd_sc_hd__a21o_2)
     1    0.002087    0.016424    0.071252    0.332460 ^ _0732_/X (sky130_fd_sc_hd__a21o_2)
                                                         _0036_ (net)
                      0.016424    0.000000    0.332460 ^ _1190_/D (sky130_fd_sc_hd__dfrtp_2)
                                              0.332460   data arrival time

                      0.150000    0.000000    0.000000   clock i_clk (rise edge)
                                  0.000000    0.000000   clock network delay (ideal)
                                  0.250000    0.250000   clock uncertainty
                                  0.000000    0.250000   clock reconvergence pessimism
                                              0.250000 ^ _1190_/CLK (sky130_fd_sc_hd__dfrtp_2)
                                 -0.015555    0.234445   library hold time
                                              0.234445   data required time
---------------------------------------------------------------------------------------------
                                              0.234445   data required time
                                             -0.332460   data arrival time
---------------------------------------------------------------------------------------------
                                              0.098015   slack (MET)


Startpoint: _1153_ (rising edge-triggered flip-flop clocked by i_clk)
Endpoint: _1155_ (rising edge-triggered flip-flop clocked by i_clk)
Path Group: i_clk
Path Type: min

Fanout         Cap        Slew       Delay        Time   Description
---------------------------------------------------------------------------------------------
                      0.150000    0.000000    0.000000   clock i_clk (rise edge)
                                  0.000000    0.000000   clock network delay (ideal)
                      0.150000    0.000000    0.000000 ^ _1153_/CLK (sky130_fd_sc_hd__dfrtp_2)
     3    0.007014    0.040547    0.248940    0.248940 ^ _1153_/Q (sky130_fd_sc_hd__dfrtp_2)
                                                         u_i2c_master_controller.i2cbus_cntrl_fsm.scl_gen.state[1] (net)
                      0.040547    0.000000    0.248940 ^ _0649_/B2 (sky130_fd_sc_hd__a2bb2o_2)
     1    0.002087    0.019997    0.084114    0.333054 ^ _0649_/X (sky130_fd_sc_hd__a2bb2o_2)
                                                         _0023_ (net)
                      0.019997    0.000000    0.333054 ^ _1155_/D (sky130_fd_sc_hd__dfrtp_2)
                                              0.333054   data arrival time

                      0.150000    0.000000    0.000000   clock i_clk (rise edge)
                                  0.000000    0.000000   clock network delay (ideal)
                                  0.250000    0.250000   clock uncertainty
                                  0.000000    0.250000   clock reconvergence pessimism
                                              0.250000 ^ _1155_/CLK (sky130_fd_sc_hd__dfrtp_2)
                                 -0.015813    0.234187   library hold time
                                              0.234187   data required time
---------------------------------------------------------------------------------------------
                                              0.234187   data required time
                                             -0.333054   data arrival time
---------------------------------------------------------------------------------------------
                                              0.098866   slack (MET)


Startpoint: _1166_ (rising edge-triggered flip-flop clocked by i_clk)
Endpoint: _1166_ (rising edge-triggered flip-flop clocked by i_clk)
Path Group: i_clk
Path Type: min

Fanout         Cap        Slew       Delay        Time   Description
---------------------------------------------------------------------------------------------
                      0.150000    0.000000    0.000000   clock i_clk (rise edge)
                                  0.000000    0.000000   clock network delay (ideal)
                      0.150000    0.000000    0.000000 ^ _1166_/CLK (sky130_fd_sc_hd__dfrtp_2)
     4    0.010367    0.051258    0.258679    0.258679 ^ _1166_/Q (sky130_fd_sc_hd__dfrtp_2)
                                                         u_i2c_master_controller.cntrl_fsm.cntrl_fsm.state[7] (net)
                      0.051258    0.000000    0.258679 ^ _0667_/A1 (sky130_fd_sc_hd__a22o_2)
     1    0.002087    0.019559    0.074637    0.333316 ^ _0667_/X (sky130_fd_sc_hd__a22o_2)
                                                         _0014_ (net)
                      0.019559    0.000000    0.333316 ^ _1166_/D (sky130_fd_sc_hd__dfrtp_2)
                                              0.333316   data arrival time

                      0.150000    0.000000    0.000000   clock i_clk (rise edge)
                                  0.000000    0.000000   clock network delay (ideal)
                                  0.250000    0.250000   clock uncertainty
                                  0.000000    0.250000   clock reconvergence pessimism
                                              0.250000 ^ _1166_/CLK (sky130_fd_sc_hd__dfrtp_2)
                                 -0.015781    0.234219   library hold time
                                              0.234219   data required time
---------------------------------------------------------------------------------------------
                                              0.234219   data required time
                                             -0.333316   data arrival time
---------------------------------------------------------------------------------------------
                                              0.099097   slack (MET)


Startpoint: _1082_ (rising edge-triggered flip-flop clocked by i_clk)
Endpoint: _1082_ (rising edge-triggered flip-flop clocked by i_clk)
Path Group: i_clk
Path Type: min

Fanout         Cap        Slew       Delay        Time   Description
---------------------------------------------------------------------------------------------
                      0.150000    0.000000    0.000000   clock i_clk (rise edge)
                                  0.000000    0.000000   clock network delay (ideal)
                      0.150000    0.000000    0.000000 ^ _1082_/CLK (sky130_fd_sc_hd__dfrtp_2)
     2    0.010672    0.052233    0.259565    0.259565 ^ _1082_/Q (sky130_fd_sc_hd__dfrtp_2)
                                                         u_i2c_master_controller.cntrl_fsm.byte_cnt[0] (net)
                      0.052233    0.000000    0.259565 ^ _0854_/A0 (sky130_fd_sc_hd__mux2_1)
     1    0.002087    0.025471    0.073549    0.333114 ^ _0854_/X (sky130_fd_sc_hd__mux2_1)
                                                         _0205_ (net)
                      0.025471    0.000000    0.333114 ^ _1082_/D (sky130_fd_sc_hd__dfrtp_2)
                                              0.333114   data arrival time

                      0.150000    0.000000    0.000000   clock i_clk (rise edge)
                                  0.000000    0.000000   clock network delay (ideal)
                                  0.250000    0.250000   clock uncertainty
                                  0.000000    0.250000   clock reconvergence pessimism
                                              0.250000 ^ _1082_/CLK (sky130_fd_sc_hd__dfrtp_2)
                                 -0.016207    0.233793   library hold time
                                              0.233793   data required time
---------------------------------------------------------------------------------------------
                                              0.233793   data required time
                                             -0.333114   data arrival time
---------------------------------------------------------------------------------------------
                                              0.099321   slack (MET)


Startpoint: _1083_ (rising edge-triggered flip-flop clocked by i_clk)
Endpoint: _1083_ (rising edge-triggered flip-flop clocked by i_clk)
Path Group: i_clk
Path Type: min

Fanout         Cap        Slew       Delay        Time   Description
---------------------------------------------------------------------------------------------
                      0.150000    0.000000    0.000000   clock i_clk (rise edge)
                                  0.000000    0.000000   clock network delay (ideal)
                      0.150000    0.000000    0.000000 ^ _1083_/CLK (sky130_fd_sc_hd__dfrtp_2)
     2    0.010672    0.052233    0.259565    0.259565 ^ _1083_/Q (sky130_fd_sc_hd__dfrtp_2)
                                                         u_i2c_master_controller.cntrl_fsm.byte_cnt[1] (net)
                      0.052233    0.000000    0.259565 ^ _0855_/A0 (sky130_fd_sc_hd__mux2_1)
     1    0.002087    0.025471    0.073549    0.333114 ^ _0855_/X (sky130_fd_sc_hd__mux2_1)
                                                         _0206_ (net)
                      0.025471    0.000000    0.333114 ^ _1083_/D (sky130_fd_sc_hd__dfrtp_2)
                                              0.333114   data arrival time

                      0.150000    0.000000    0.000000   clock i_clk (rise edge)
                                  0.000000    0.000000   clock network delay (ideal)
                                  0.250000    0.250000   clock uncertainty
                                  0.000000    0.250000   clock reconvergence pessimism
                                              0.250000 ^ _1083_/CLK (sky130_fd_sc_hd__dfrtp_2)
                                 -0.016207    0.233793   library hold time
                                              0.233793   data required time
---------------------------------------------------------------------------------------------
                                              0.233793   data required time
                                             -0.333114   data arrival time
---------------------------------------------------------------------------------------------
                                              0.099321   slack (MET)


Startpoint: _1084_ (rising edge-triggered flip-flop clocked by i_clk)
Endpoint: _1084_ (rising edge-triggered flip-flop clocked by i_clk)
Path Group: i_clk
Path Type: min

Fanout         Cap        Slew       Delay        Time   Description
---------------------------------------------------------------------------------------------
                      0.150000    0.000000    0.000000   clock i_clk (rise edge)
                                  0.000000    0.000000   clock network delay (ideal)
                      0.150000    0.000000    0.000000 ^ _1084_/CLK (sky130_fd_sc_hd__dfrtp_2)
     2    0.010672    0.052233    0.259565    0.259565 ^ _1084_/Q (sky130_fd_sc_hd__dfrtp_2)
                                                         u_i2c_master_controller.cntrl_fsm.byte_cnt[2] (net)
                      0.052233    0.000000    0.259565 ^ _0856_/A0 (sky130_fd_sc_hd__mux2_1)
     1    0.002087    0.025471    0.073549    0.333114 ^ _0856_/X (sky130_fd_sc_hd__mux2_1)
                                                         _0207_ (net)
                      0.025471    0.000000    0.333114 ^ _1084_/D (sky130_fd_sc_hd__dfrtp_2)
                                              0.333114   data arrival time

                      0.150000    0.000000    0.000000   clock i_clk (rise edge)
                                  0.000000    0.000000   clock network delay (ideal)
                                  0.250000    0.250000   clock uncertainty
                                  0.000000    0.250000   clock reconvergence pessimism
                                              0.250000 ^ _1084_/CLK (sky130_fd_sc_hd__dfrtp_2)
                                 -0.016207    0.233793   library hold time
                                              0.233793   data required time
---------------------------------------------------------------------------------------------
                                              0.233793   data required time
                                             -0.333114   data arrival time
---------------------------------------------------------------------------------------------
                                              0.099321   slack (MET)


Startpoint: _1085_ (rising edge-triggered flip-flop clocked by i_clk)
Endpoint: _1085_ (rising edge-triggered flip-flop clocked by i_clk)
Path Group: i_clk
Path Type: min

Fanout         Cap        Slew       Delay        Time   Description
---------------------------------------------------------------------------------------------
                      0.150000    0.000000    0.000000   clock i_clk (rise edge)
                                  0.000000    0.000000   clock network delay (ideal)
                      0.150000    0.000000    0.000000 ^ _1085_/CLK (sky130_fd_sc_hd__dfrtp_2)
     2    0.010672    0.052233    0.259565    0.259565 ^ _1085_/Q (sky130_fd_sc_hd__dfrtp_2)
                                                         u_i2c_master_controller.cntrl_fsm.byte_cnt[3] (net)
                      0.052233    0.000000    0.259565 ^ _0857_/A0 (sky130_fd_sc_hd__mux2_1)
     1    0.002087    0.025471    0.073549    0.333114 ^ _0857_/X (sky130_fd_sc_hd__mux2_1)
                                                         _0208_ (net)
                      0.025471    0.000000    0.333114 ^ _1085_/D (sky130_fd_sc_hd__dfrtp_2)
                                              0.333114   data arrival time

                      0.150000    0.000000    0.000000   clock i_clk (rise edge)
                                  0.000000    0.000000   clock network delay (ideal)
                                  0.250000    0.250000   clock uncertainty
                                  0.000000    0.250000   clock reconvergence pessimism
                                              0.250000 ^ _1085_/CLK (sky130_fd_sc_hd__dfrtp_2)
                                 -0.016207    0.233793   library hold time
                                              0.233793   data required time
---------------------------------------------------------------------------------------------
                                              0.233793   data required time
                                             -0.333114   data arrival time
---------------------------------------------------------------------------------------------
                                              0.099321   slack (MET)


Startpoint: _1086_ (rising edge-triggered flip-flop clocked by i_clk)
Endpoint: _1086_ (rising edge-triggered flip-flop clocked by i_clk)
Path Group: i_clk
Path Type: min

Fanout         Cap        Slew       Delay        Time   Description
---------------------------------------------------------------------------------------------
                      0.150000    0.000000    0.000000   clock i_clk (rise edge)
                                  0.000000    0.000000   clock network delay (ideal)
                      0.150000    0.000000    0.000000 ^ _1086_/CLK (sky130_fd_sc_hd__dfrtp_2)
     2    0.010672    0.052233    0.259565    0.259565 ^ _1086_/Q (sky130_fd_sc_hd__dfrtp_2)
                                                         u_i2c_master_controller.cntrl_fsm.byte_cnt[4] (net)
                      0.052233    0.000000    0.259565 ^ _0858_/A0 (sky130_fd_sc_hd__mux2_1)
     1    0.002087    0.025471    0.073549    0.333114 ^ _0858_/X (sky130_fd_sc_hd__mux2_1)
                                                         _0209_ (net)
                      0.025471    0.000000    0.333114 ^ _1086_/D (sky130_fd_sc_hd__dfrtp_2)
                                              0.333114   data arrival time

                      0.150000    0.000000    0.000000   clock i_clk (rise edge)
                                  0.000000    0.000000   clock network delay (ideal)
                                  0.250000    0.250000   clock uncertainty
                                  0.000000    0.250000   clock reconvergence pessimism
                                              0.250000 ^ _1086_/CLK (sky130_fd_sc_hd__dfrtp_2)
                                 -0.016207    0.233793   library hold time
                                              0.233793   data required time
---------------------------------------------------------------------------------------------
                                              0.233793   data required time
                                             -0.333114   data arrival time
---------------------------------------------------------------------------------------------
                                              0.099321   slack (MET)


Startpoint: _1087_ (rising edge-triggered flip-flop clocked by i_clk)
Endpoint: _1087_ (rising edge-triggered flip-flop clocked by i_clk)
Path Group: i_clk
Path Type: min

Fanout         Cap        Slew       Delay        Time   Description
---------------------------------------------------------------------------------------------
                      0.150000    0.000000    0.000000   clock i_clk (rise edge)
                                  0.000000    0.000000   clock network delay (ideal)
                      0.150000    0.000000    0.000000 ^ _1087_/CLK (sky130_fd_sc_hd__dfrtp_2)
     2    0.010672    0.052233    0.259565    0.259565 ^ _1087_/Q (sky130_fd_sc_hd__dfrtp_2)
                                                         u_i2c_master_controller.cntrl_fsm.byte_cnt[5] (net)
                      0.052233    0.000000    0.259565 ^ _0859_/A0 (sky130_fd_sc_hd__mux2_1)
     1    0.002087    0.025471    0.073549    0.333114 ^ _0859_/X (sky130_fd_sc_hd__mux2_1)
                                                         _0210_ (net)
                      0.025471    0.000000    0.333114 ^ _1087_/D (sky130_fd_sc_hd__dfrtp_2)
                                              0.333114   data arrival time

                      0.150000    0.000000    0.000000   clock i_clk (rise edge)
                                  0.000000    0.000000   clock network delay (ideal)
                                  0.250000    0.250000   clock uncertainty
                                  0.000000    0.250000   clock reconvergence pessimism
                                              0.250000 ^ _1087_/CLK (sky130_fd_sc_hd__dfrtp_2)
                                 -0.016207    0.233793   library hold time
                                              0.233793   data required time
---------------------------------------------------------------------------------------------
                                              0.233793   data required time
                                             -0.333114   data arrival time
---------------------------------------------------------------------------------------------
                                              0.099321   slack (MET)


Startpoint: _1088_ (rising edge-triggered flip-flop clocked by i_clk)
Endpoint: _1088_ (rising edge-triggered flip-flop clocked by i_clk)
Path Group: i_clk
Path Type: min

Fanout         Cap        Slew       Delay        Time   Description
---------------------------------------------------------------------------------------------
                      0.150000    0.000000    0.000000   clock i_clk (rise edge)
                                  0.000000    0.000000   clock network delay (ideal)
                      0.150000    0.000000    0.000000 ^ _1088_/CLK (sky130_fd_sc_hd__dfrtp_2)
     2    0.010672    0.052233    0.259565    0.259565 ^ _1088_/Q (sky130_fd_sc_hd__dfrtp_2)
                                                         u_i2c_master_controller.cntrl_fsm.byte_cnt[6] (net)
                      0.052233    0.000000    0.259565 ^ _0860_/A0 (sky130_fd_sc_hd__mux2_1)
     1    0.002087    0.025471    0.073549    0.333114 ^ _0860_/X (sky130_fd_sc_hd__mux2_1)
                                                         _0211_ (net)
                      0.025471    0.000000    0.333114 ^ _1088_/D (sky130_fd_sc_hd__dfrtp_2)
                                              0.333114   data arrival time

                      0.150000    0.000000    0.000000   clock i_clk (rise edge)
                                  0.000000    0.000000   clock network delay (ideal)
                                  0.250000    0.250000   clock uncertainty
                                  0.000000    0.250000   clock reconvergence pessimism
                                              0.250000 ^ _1088_/CLK (sky130_fd_sc_hd__dfrtp_2)
                                 -0.016207    0.233793   library hold time
                                              0.233793   data required time
---------------------------------------------------------------------------------------------
                                              0.233793   data required time
                                             -0.333114   data arrival time
---------------------------------------------------------------------------------------------
                                              0.099321   slack (MET)


Startpoint: _1089_ (rising edge-triggered flip-flop clocked by i_clk)
Endpoint: _1089_ (rising edge-triggered flip-flop clocked by i_clk)
Path Group: i_clk
Path Type: min

Fanout         Cap        Slew       Delay        Time   Description
---------------------------------------------------------------------------------------------
                      0.150000    0.000000    0.000000   clock i_clk (rise edge)
                                  0.000000    0.000000   clock network delay (ideal)
                      0.150000    0.000000    0.000000 ^ _1089_/CLK (sky130_fd_sc_hd__dfrtp_2)
     2    0.010672    0.052233    0.259565    0.259565 ^ _1089_/Q (sky130_fd_sc_hd__dfrtp_2)
                                                         u_i2c_master_controller.cntrl_fsm.byte_cnt[7] (net)
                      0.052233    0.000000    0.259565 ^ _0861_/A0 (sky130_fd_sc_hd__mux2_1)
     1    0.002087    0.025471    0.073549    0.333114 ^ _0861_/X (sky130_fd_sc_hd__mux2_1)
                                                         _0212_ (net)
                      0.025471    0.000000    0.333114 ^ _1089_/D (sky130_fd_sc_hd__dfrtp_2)
                                              0.333114   data arrival time

                      0.150000    0.000000    0.000000   clock i_clk (rise edge)
                                  0.000000    0.000000   clock network delay (ideal)
                                  0.250000    0.250000   clock uncertainty
                                  0.000000    0.250000   clock reconvergence pessimism
                                              0.250000 ^ _1089_/CLK (sky130_fd_sc_hd__dfrtp_2)
                                 -0.016207    0.233793   library hold time
                                              0.233793   data required time
---------------------------------------------------------------------------------------------
                                              0.233793   data required time
                                             -0.333114   data arrival time
---------------------------------------------------------------------------------------------
                                              0.099321   slack (MET)


Startpoint: _1079_ (rising edge-triggered flip-flop clocked by i_clk)
Endpoint: _1079_ (rising edge-triggered flip-flop clocked by i_clk)
Path Group: i_clk
Path Type: min

Fanout         Cap        Slew       Delay        Time   Description
---------------------------------------------------------------------------------------------
                      0.150000    0.000000    0.000000   clock i_clk (rise edge)
                                  0.000000    0.000000   clock network delay (ideal)
                      0.150000    0.000000    0.000000 ^ _1079_/CLK (sky130_fd_sc_hd__dfrtp_2)
     3    0.010969    0.053182    0.260427    0.260427 ^ _1079_/Q (sky130_fd_sc_hd__dfrtp_2)
                                                         u_i2c_master_controller.bps_mode[1] (net)
                      0.053182    0.000000    0.260427 ^ _0851_/A0 (sky130_fd_sc_hd__mux2_1)
     1    0.002087    0.025472    0.073811    0.334239 ^ _0851_/X (sky130_fd_sc_hd__mux2_1)
                                                         _0202_ (net)
                      0.025472    0.000000    0.334239 ^ _1079_/D (sky130_fd_sc_hd__dfrtp_2)
                                              0.334239   data arrival time

                      0.150000    0.000000    0.000000   clock i_clk (rise edge)
                                  0.000000    0.000000   clock network delay (ideal)
                                  0.250000    0.250000   clock uncertainty
                                  0.000000    0.250000   clock reconvergence pessimism
                                              0.250000 ^ _1079_/CLK (sky130_fd_sc_hd__dfrtp_2)
                                 -0.016207    0.233793   library hold time
                                              0.233793   data required time
---------------------------------------------------------------------------------------------
                                              0.233793   data required time
                                             -0.334239   data arrival time
---------------------------------------------------------------------------------------------
                                              0.100446   slack (MET)


Startpoint: _1174_ (rising edge-triggered flip-flop clocked by i_clk)
Endpoint: _1160_ (rising edge-triggered flip-flop clocked by i_clk)
Path Group: i_clk
Path Type: min

Fanout         Cap        Slew       Delay        Time   Description
---------------------------------------------------------------------------------------------
                      0.150000    0.000000    0.000000   clock i_clk (rise edge)
                                  0.000000    0.000000   clock network delay (ideal)
                      0.150000    0.000000    0.000000 ^ _1174_/CLK (sky130_fd_sc_hd__dfrtp_2)
     2    0.006358    0.038451    0.247035    0.247035 ^ _1174_/Q (sky130_fd_sc_hd__dfrtp_2)
                                                         u_i2c_master_controller.cntrl_fsm.abort_reg (net)
                      0.038451    0.000000    0.247035 ^ _0657_/C (sky130_fd_sc_hd__nor3_2)
     4    0.010404    0.025249    0.030945    0.277981 v _0657_/Y (sky130_fd_sc_hd__nor3_2)
                                                         _0354_ (net)
                      0.025249    0.000000    0.277981 v _0680_/A (sky130_fd_sc_hd__nor2_2)
     1    0.002087    0.038715    0.055980    0.333961 ^ _0680_/Y (sky130_fd_sc_hd__nor2_2)
                                                         _0008_ (net)
                      0.038715    0.000000    0.333961 ^ _1160_/D (sky130_fd_sc_hd__dfrtp_2)
                                              0.333961   data arrival time

                      0.150000    0.000000    0.000000   clock i_clk (rise edge)
                                  0.000000    0.000000   clock network delay (ideal)
                                  0.250000    0.250000   clock uncertainty
                                  0.000000    0.250000   clock reconvergence pessimism
                                              0.250000 ^ _1160_/CLK (sky130_fd_sc_hd__dfrtp_2)
                                 -0.017161    0.232839   library hold time
                                              0.232839   data required time
---------------------------------------------------------------------------------------------
                                              0.232839   data required time
                                             -0.333961   data arrival time
---------------------------------------------------------------------------------------------
                                              0.101122   slack (MET)


Startpoint: _1168_ (rising edge-triggered flip-flop clocked by i_clk)
Endpoint: _1191_ (rising edge-triggered flip-flop clocked by i_clk)
Path Group: i_clk
Path Type: min

Fanout         Cap        Slew       Delay        Time   Description
---------------------------------------------------------------------------------------------
                      0.150000    0.000000    0.000000   clock i_clk (rise edge)
                                  0.000000    0.000000   clock network delay (ideal)
                      0.150000    0.000000    0.000000 ^ _1168_/CLK (sky130_fd_sc_hd__dfrtp_2)
     2    0.004044    0.030884    0.239647    0.239647 ^ _1168_/Q (sky130_fd_sc_hd__dfrtp_2)
                                                         u_i2c_master_controller.cntrl_fsm.cntrl_fsm.state[9] (net)
                      0.030884    0.000000    0.239647 ^ _0658_/A (sky130_fd_sc_hd__and2_2)
     3    0.009291    0.047858    0.094101    0.333748 ^ _0658_/X (sky130_fd_sc_hd__and2_2)
                                                         _0037_ (net)
                      0.047858    0.000000    0.333748 ^ _1191_/D (sky130_fd_sc_hd__dfrtp_2)
                                              0.333748   data arrival time

                      0.150000    0.000000    0.000000   clock i_clk (rise edge)
                                  0.000000    0.000000   clock network delay (ideal)
                                  0.250000    0.250000   clock uncertainty
                                  0.000000    0.250000   clock reconvergence pessimism
                                              0.250000 ^ _1191_/CLK (sky130_fd_sc_hd__dfrtp_2)
                                 -0.017820    0.232180   library hold time
                                              0.232180   data required time
---------------------------------------------------------------------------------------------
                                              0.232180   data required time
                                             -0.333748   data arrival time
---------------------------------------------------------------------------------------------
                                              0.101568   slack (MET)


Startpoint: _1226_ (rising edge-triggered flip-flop clocked by i_clk)
Endpoint: _1226_ (rising edge-triggered flip-flop clocked by i_clk)
Path Group: i_clk
Path Type: min

Fanout         Cap        Slew       Delay        Time   Description
---------------------------------------------------------------------------------------------
                      0.150000    0.000000    0.000000   clock i_clk (rise edge)
                                  0.000000    0.000000   clock network delay (ideal)
                      0.150000    0.000000    0.000000 ^ _1226_/CLK (sky130_fd_sc_hd__dfrtp_2)
     3    0.007201    0.037219    0.276290    0.276290 v _1226_/Q (sky130_fd_sc_hd__dfrtp_2)
                                                         u_i2c_master_controller.i2cbus_cntrl_fsm.start_gen.delay_gen.count[13] (net)
                      0.037219    0.000000    0.276290 v _0562_/A (sky130_fd_sc_hd__inv_2)
     1    0.004514    0.023465    0.034288    0.310578 ^ _0562_/Y (sky130_fd_sc_hd__inv_2)
                                                         _0309_ (net)
                      0.023465    0.000000    0.310578 ^ _0781_/A1 (sky130_fd_sc_hd__a211oi_2)
     1    0.002059    0.025223    0.025882    0.336460 v _0781_/Y (sky130_fd_sc_hd__a211oi_2)
                                                         _0058_ (net)
                      0.025223    0.000000    0.336460 v _1226_/D (sky130_fd_sc_hd__dfrtp_2)
                                              0.336460   data arrival time

                      0.150000    0.000000    0.000000   clock i_clk (rise edge)
                                  0.000000    0.000000   clock network delay (ideal)
                                  0.250000    0.250000   clock uncertainty
                                  0.000000    0.250000   clock reconvergence pessimism
                                              0.250000 ^ _1226_/CLK (sky130_fd_sc_hd__dfrtp_2)
                                 -0.015616    0.234384   library hold time
                                              0.234384   data required time
---------------------------------------------------------------------------------------------
                                              0.234384   data required time
                                             -0.336460   data arrival time
---------------------------------------------------------------------------------------------
                                              0.102076   slack (MET)


Startpoint: _1248_ (rising edge-triggered flip-flop clocked by i_clk)
Endpoint: _1248_ (rising edge-triggered flip-flop clocked by i_clk)
Path Group: i_clk
Path Type: min

Fanout         Cap        Slew       Delay        Time   Description
---------------------------------------------------------------------------------------------
                      0.150000    0.000000    0.000000   clock i_clk (rise edge)
                                  0.000000    0.000000   clock network delay (ideal)
                      0.150000    0.000000    0.000000 ^ _1248_/CLK (sky130_fd_sc_hd__dfrtp_2)
     3    0.007201    0.037219    0.276290    0.276290 v _1248_/Q (sky130_fd_sc_hd__dfrtp_2)
                                                         u_i2c_master_controller.i2cbus_cntrl_fsm.stop_gen.delay_gen.count[13] (net)
                      0.037219    0.000000    0.276290 v _0567_/A (sky130_fd_sc_hd__inv_2)
     1    0.004514    0.023465    0.034288    0.310578 ^ _0567_/Y (sky130_fd_sc_hd__inv_2)
                                                         _0314_ (net)
                      0.023465    0.000000    0.310578 ^ _0825_/A1 (sky130_fd_sc_hd__a211oi_2)
     1    0.002059    0.025223    0.025882    0.336460 v _0825_/Y (sky130_fd_sc_hd__a211oi_2)
                                                         _0077_ (net)
                      0.025223    0.000000    0.336460 v _1248_/D (sky130_fd_sc_hd__dfrtp_2)
                                              0.336460   data arrival time

                      0.150000    0.000000    0.000000   clock i_clk (rise edge)
                                  0.000000    0.000000   clock network delay (ideal)
                                  0.250000    0.250000   clock uncertainty
                                  0.000000    0.250000   clock reconvergence pessimism
                                              0.250000 ^ _1248_/CLK (sky130_fd_sc_hd__dfrtp_2)
                                 -0.015616    0.234384   library hold time
                                              0.234384   data required time
---------------------------------------------------------------------------------------------
                                              0.234384   data required time
                                             -0.336460   data arrival time
---------------------------------------------------------------------------------------------
                                              0.102076   slack (MET)


Startpoint: _1163_ (rising edge-triggered flip-flop clocked by i_clk)
Endpoint: _1163_ (rising edge-triggered flip-flop clocked by i_clk)
Path Group: i_clk
Path Type: min

Fanout         Cap        Slew       Delay        Time   Description
---------------------------------------------------------------------------------------------
                      0.150000    0.000000    0.000000   clock i_clk (rise edge)
                                  0.000000    0.000000   clock network delay (ideal)
                      0.150000    0.000000    0.000000 ^ _1163_/CLK (sky130_fd_sc_hd__dfrtp_2)
     5    0.013810    0.062258    0.268678    0.268678 ^ _1163_/Q (sky130_fd_sc_hd__dfrtp_2)
                                                         u_i2c_master_controller.cntrl_fsm.cntrl_fsm.state[4] (net)
                      0.062258    0.000000    0.268678 ^ _0673_/A1 (sky130_fd_sc_hd__a21o_2)
     1    0.002087    0.016297    0.069128    0.337807 ^ _0673_/X (sky130_fd_sc_hd__a21o_2)
                                                         _0011_ (net)
                      0.016297    0.000000    0.337807 ^ _1163_/D (sky130_fd_sc_hd__dfrtp_2)
                                              0.337807   data arrival time

                      0.150000    0.000000    0.000000   clock i_clk (rise edge)
                                  0.000000    0.000000   clock network delay (ideal)
                                  0.250000    0.250000   clock uncertainty
                                  0.000000    0.250000   clock reconvergence pessimism
                                              0.250000 ^ _1163_/CLK (sky130_fd_sc_hd__dfrtp_2)
                                 -0.015546    0.234454   library hold time
                                              0.234454   data required time
---------------------------------------------------------------------------------------------
                                              0.234454   data required time
                                             -0.337807   data arrival time
---------------------------------------------------------------------------------------------
                                              0.103353   slack (MET)


Startpoint: _1072_ (rising edge-triggered flip-flop clocked by i_clk)
Endpoint: _1072_ (rising edge-triggered flip-flop clocked by i_clk)
Path Group: i_clk
Path Type: min

Fanout         Cap        Slew       Delay        Time   Description
---------------------------------------------------------------------------------------------
                      0.150000    0.000000    0.000000   clock i_clk (rise edge)
                                  0.000000    0.000000   clock network delay (ideal)
                      0.150000    0.000000    0.000000 ^ _1072_/CLK (sky130_fd_sc_hd__dfrtp_2)
     3    0.011799    0.055833    0.262838    0.262838 ^ _1072_/Q (sky130_fd_sc_hd__dfrtp_2)
                                                         u_i2c_master_controller.cntrl_fsm.cntrl_fsm.i_slave_addr[3] (net)
                      0.055833    0.000000    0.262838 ^ _0843_/A0 (sky130_fd_sc_hd__mux2_1)
     1    0.002087    0.025532    0.074360    0.337198 ^ _0843_/X (sky130_fd_sc_hd__mux2_1)
                                                         _0195_ (net)
                      0.025532    0.000000    0.337198 ^ _1072_/D (sky130_fd_sc_hd__dfrtp_2)
                                              0.337198   data arrival time

                      0.150000    0.000000    0.000000   clock i_clk (rise edge)
                                  0.000000    0.000000   clock network delay (ideal)
                                  0.250000    0.250000   clock uncertainty
                                  0.000000    0.250000   clock reconvergence pessimism
                                              0.250000 ^ _1072_/CLK (sky130_fd_sc_hd__dfrtp_2)
                                 -0.016211    0.233789   library hold time
                                              0.233789   data required time
---------------------------------------------------------------------------------------------
                                              0.233789   data required time
                                             -0.337198   data arrival time
---------------------------------------------------------------------------------------------
                                              0.103409   slack (MET)


Startpoint: _1073_ (rising edge-triggered flip-flop clocked by i_clk)
Endpoint: _1073_ (rising edge-triggered flip-flop clocked by i_clk)
Path Group: i_clk
Path Type: min

Fanout         Cap        Slew       Delay        Time   Description
---------------------------------------------------------------------------------------------
                      0.150000    0.000000    0.000000   clock i_clk (rise edge)
                                  0.000000    0.000000   clock network delay (ideal)
                      0.150000    0.000000    0.000000 ^ _1073_/CLK (sky130_fd_sc_hd__dfrtp_2)
     3    0.011799    0.055833    0.262838    0.262838 ^ _1073_/Q (sky130_fd_sc_hd__dfrtp_2)
                                                         u_i2c_master_controller.cntrl_fsm.cntrl_fsm.i_slave_addr[4] (net)
                      0.055833    0.000000    0.262838 ^ _0844_/A0 (sky130_fd_sc_hd__mux2_1)
     1    0.002087    0.025532    0.074360    0.337198 ^ _0844_/X (sky130_fd_sc_hd__mux2_1)
                                                         _0196_ (net)
                      0.025532    0.000000    0.337198 ^ _1073_/D (sky130_fd_sc_hd__dfrtp_2)
                                              0.337198   data arrival time

                      0.150000    0.000000    0.000000   clock i_clk (rise edge)
                                  0.000000    0.000000   clock network delay (ideal)
                                  0.250000    0.250000   clock uncertainty
                                  0.000000    0.250000   clock reconvergence pessimism
                                              0.250000 ^ _1073_/CLK (sky130_fd_sc_hd__dfrtp_2)
                                 -0.016211    0.233789   library hold time
                                              0.233789   data required time
---------------------------------------------------------------------------------------------
                                              0.233789   data required time
                                             -0.337198   data arrival time
---------------------------------------------------------------------------------------------
                                              0.103409   slack (MET)


Startpoint: _1074_ (rising edge-triggered flip-flop clocked by i_clk)
Endpoint: _1074_ (rising edge-triggered flip-flop clocked by i_clk)
Path Group: i_clk
Path Type: min

Fanout         Cap        Slew       Delay        Time   Description
---------------------------------------------------------------------------------------------
                      0.150000    0.000000    0.000000   clock i_clk (rise edge)
                                  0.000000    0.000000   clock network delay (ideal)
                      0.150000    0.000000    0.000000 ^ _1074_/CLK (sky130_fd_sc_hd__dfrtp_2)
     3    0.011799    0.055833    0.262838    0.262838 ^ _1074_/Q (sky130_fd_sc_hd__dfrtp_2)
                                                         u_i2c_master_controller.cntrl_fsm.cntrl_fsm.i_slave_addr[5] (net)
                      0.055833    0.000000    0.262838 ^ _0845_/A0 (sky130_fd_sc_hd__mux2_1)
     1    0.002087    0.025532    0.074360    0.337198 ^ _0845_/X (sky130_fd_sc_hd__mux2_1)
                                                         _0197_ (net)
                      0.025532    0.000000    0.337198 ^ _1074_/D (sky130_fd_sc_hd__dfrtp_2)
                                              0.337198   data arrival time

                      0.150000    0.000000    0.000000   clock i_clk (rise edge)
                                  0.000000    0.000000   clock network delay (ideal)
                                  0.250000    0.250000   clock uncertainty
                                  0.000000    0.250000   clock reconvergence pessimism
                                              0.250000 ^ _1074_/CLK (sky130_fd_sc_hd__dfrtp_2)
                                 -0.016211    0.233789   library hold time
                                              0.233789   data required time
---------------------------------------------------------------------------------------------
                                              0.233789   data required time
                                             -0.337198   data arrival time
---------------------------------------------------------------------------------------------
                                              0.103409   slack (MET)


Startpoint: _1167_ (rising edge-triggered flip-flop clocked by i_clk)
Endpoint: _1161_ (rising edge-triggered flip-flop clocked by i_clk)
Path Group: i_clk
Path Type: min

Fanout         Cap        Slew       Delay        Time   Description
---------------------------------------------------------------------------------------------
                      0.150000    0.000000    0.000000   clock i_clk (rise edge)
                                  0.000000    0.000000   clock network delay (ideal)
                      0.150000    0.000000    0.000000 ^ _1167_/CLK (sky130_fd_sc_hd__dfrtp_2)
     5    0.013489    0.061232    0.267746    0.267746 ^ _1167_/Q (sky130_fd_sc_hd__dfrtp_2)
                                                         u_i2c_master_controller.cntrl_fsm.cntrl_fsm.state[8] (net)
                      0.061232    0.000000    0.267746 ^ _0676_/B1 (sky130_fd_sc_hd__a22o_2)
     1    0.002087    0.019824    0.070007    0.337753 ^ _0676_/X (sky130_fd_sc_hd__a22o_2)
                                                         _0009_ (net)
                      0.019824    0.000000    0.337753 ^ _1161_/D (sky130_fd_sc_hd__dfrtp_2)
                                              0.337753   data arrival time

                      0.150000    0.000000    0.000000   clock i_clk (rise edge)
                                  0.000000    0.000000   clock network delay (ideal)
                                  0.250000    0.250000   clock uncertainty
                                  0.000000    0.250000   clock reconvergence pessimism
                                              0.250000 ^ _1161_/CLK (sky130_fd_sc_hd__dfrtp_2)
                                 -0.015800    0.234200   library hold time
                                              0.234200   data required time
---------------------------------------------------------------------------------------------
                                              0.234200   data required time
                                             -0.337753   data arrival time
---------------------------------------------------------------------------------------------
                                              0.103554   slack (MET)


Startpoint: _1171_ (rising edge-triggered flip-flop clocked by i_clk)
Endpoint: _1171_ (rising edge-triggered flip-flop clocked by i_clk)
Path Group: i_clk
Path Type: min

Fanout         Cap        Slew       Delay        Time   Description
---------------------------------------------------------------------------------------------
                      0.150000    0.000000    0.000000   clock i_clk (rise edge)
                                  0.000000    0.000000   clock network delay (ideal)
                      0.150000    0.000000    0.000000 ^ _1171_/CLK (sky130_fd_sc_hd__dfstp_2)
     2    0.004573    0.018860    0.252137    0.252137 v _1171_/Q (sky130_fd_sc_hd__dfstp_2)
                                                         u_i2c_master_controller.cntrl_fsm.byte_rx_fsm.state[0] (net)
                      0.018860    0.000000    0.252137 v _0685_/A1 (sky130_fd_sc_hd__a21o_2)
     1    0.002259    0.018069    0.106682    0.358819 v _0685_/X (sky130_fd_sc_hd__a21o_2)
                                                         _0003_ (net)
                      0.018069    0.000000    0.358819 v _1171_/D (sky130_fd_sc_hd__dfstp_2)
                                              0.358819   data arrival time

                      0.150000    0.000000    0.000000   clock i_clk (rise edge)
                                  0.000000    0.000000   clock network delay (ideal)
                                  0.250000    0.250000   clock uncertainty
                                  0.000000    0.250000   clock reconvergence pessimism
                                              0.250000 ^ _1171_/CLK (sky130_fd_sc_hd__dfstp_2)
                                  0.004426    0.254426   library hold time
                                              0.254426   data required time
---------------------------------------------------------------------------------------------
                                              0.254426   data required time
                                             -0.358819   data arrival time
---------------------------------------------------------------------------------------------
                                              0.104393   slack (MET)


Startpoint: _1136_ (rising edge-triggered flip-flop clocked by i_clk)
Endpoint: _1136_ (rising edge-triggered flip-flop clocked by i_clk)
Path Group: i_clk
Path Type: min

Fanout         Cap        Slew       Delay        Time   Description
---------------------------------------------------------------------------------------------
                      0.150000    0.000000    0.000000   clock i_clk (rise edge)
                                  0.000000    0.000000   clock network delay (ideal)
                      0.150000    0.000000    0.000000 ^ _1136_/CLK (sky130_fd_sc_hd__dfrtp_2)
     3    0.011342    0.054373    0.261511    0.261511 ^ _1136_/Q (sky130_fd_sc_hd__dfrtp_2)
                                                         u_i2c_master_controller.i2cbus_cntrl_fsm.scl_gen.count[5] (net)
                      0.054373    0.000000    0.261511 ^ _0591_/A1 (sky130_fd_sc_hd__o21ai_2)
     1    0.004145    0.019767    0.037572    0.299083 v _0591_/Y (sky130_fd_sc_hd__o21ai_2)
                                                         _0329_ (net)
                      0.019767    0.000000    0.299083 v _0592_/B (sky130_fd_sc_hd__nor2_2)
     1    0.002087    0.038665    0.038605    0.337688 ^ _0592_/Y (sky130_fd_sc_hd__nor2_2)
                                                         _0259_ (net)
                      0.038665    0.000000    0.337688 ^ _1136_/D (sky130_fd_sc_hd__dfrtp_2)
                                              0.337688   data arrival time

                      0.150000    0.000000    0.000000   clock i_clk (rise edge)
                                  0.000000    0.000000   clock network delay (ideal)
                                  0.250000    0.250000   clock uncertainty
                                  0.000000    0.250000   clock reconvergence pessimism
                                              0.250000 ^ _1136_/CLK (sky130_fd_sc_hd__dfrtp_2)
                                 -0.017158    0.232842   library hold time
                                              0.232842   data required time
---------------------------------------------------------------------------------------------
                                              0.232842   data required time
                                             -0.337688   data arrival time
---------------------------------------------------------------------------------------------
                                              0.104845   slack (MET)


Startpoint: _1218_ (rising edge-triggered flip-flop clocked by i_clk)
Endpoint: _1218_ (rising edge-triggered flip-flop clocked by i_clk)
Path Group: i_clk
Path Type: min

Fanout         Cap        Slew       Delay        Time   Description
---------------------------------------------------------------------------------------------
                      0.150000    0.000000    0.000000   clock i_clk (rise edge)
                                  0.000000    0.000000   clock network delay (ideal)
                      0.150000    0.000000    0.000000 ^ _1218_/CLK (sky130_fd_sc_hd__dfrtp_2)
     4    0.008900    0.040299    0.280485    0.280485 v _1218_/Q (sky130_fd_sc_hd__dfrtp_2)
                                                         u_i2c_master_controller.i2cbus_cntrl_fsm.start_gen.delay_gen.count[5] (net)
                      0.040299    0.000000    0.280485 v _0559_/A (sky130_fd_sc_hd__inv_2)
     1    0.004514    0.023988    0.035543    0.316028 ^ _0559_/Y (sky130_fd_sc_hd__inv_2)
                                                         _0306_ (net)
                      0.023988    0.000000    0.316028 ^ _0757_/A1 (sky130_fd_sc_hd__a211oi_2)
     1    0.002059    0.020755    0.026026    0.342054 v _0757_/Y (sky130_fd_sc_hd__a211oi_2)
                                                         _0065_ (net)
                      0.020755    0.000000    0.342054 v _1218_/D (sky130_fd_sc_hd__dfrtp_2)
                                              0.342054   data arrival time

                      0.150000    0.000000    0.000000   clock i_clk (rise edge)
                                  0.000000    0.000000   clock network delay (ideal)
                                  0.250000    0.250000   clock uncertainty
                                  0.000000    0.250000   clock reconvergence pessimism
                                              0.250000 ^ _1218_/CLK (sky130_fd_sc_hd__dfrtp_2)
                                 -0.014183    0.235817   library hold time
                                              0.235817   data required time
---------------------------------------------------------------------------------------------
                                              0.235817   data required time
                                             -0.342054   data arrival time
---------------------------------------------------------------------------------------------
                                              0.106236   slack (MET)


Startpoint: _1240_ (rising edge-triggered flip-flop clocked by i_clk)
Endpoint: _1240_ (rising edge-triggered flip-flop clocked by i_clk)
Path Group: i_clk
Path Type: min

Fanout         Cap        Slew       Delay        Time   Description
---------------------------------------------------------------------------------------------
                      0.150000    0.000000    0.000000   clock i_clk (rise edge)
                                  0.000000    0.000000   clock network delay (ideal)
                      0.150000    0.000000    0.000000 ^ _1240_/CLK (sky130_fd_sc_hd__dfrtp_2)
     4    0.008900    0.040299    0.280485    0.280485 v _1240_/Q (sky130_fd_sc_hd__dfrtp_2)
                                                         u_i2c_master_controller.i2cbus_cntrl_fsm.stop_gen.delay_gen.count[5] (net)
                      0.040299    0.000000    0.280485 v _0565_/A (sky130_fd_sc_hd__inv_2)
     1    0.004514    0.023988    0.035543    0.316028 ^ _0565_/Y (sky130_fd_sc_hd__inv_2)
                                                         _0312_ (net)
                      0.023988    0.000000    0.316028 ^ _0801_/A1 (sky130_fd_sc_hd__a211oi_2)
     1    0.002059    0.020755    0.026026    0.342054 v _0801_/Y (sky130_fd_sc_hd__a211oi_2)
                                                         _0084_ (net)
                      0.020755    0.000000    0.342054 v _1240_/D (sky130_fd_sc_hd__dfrtp_2)
                                              0.342054   data arrival time

                      0.150000    0.000000    0.000000   clock i_clk (rise edge)
                                  0.000000    0.000000   clock network delay (ideal)
                                  0.250000    0.250000   clock uncertainty
                                  0.000000    0.250000   clock reconvergence pessimism
                                              0.250000 ^ _1240_/CLK (sky130_fd_sc_hd__dfrtp_2)
                                 -0.014183    0.235817   library hold time
                                              0.235817   data required time
---------------------------------------------------------------------------------------------
                                              0.235817   data required time
                                             -0.342054   data arrival time
---------------------------------------------------------------------------------------------
                                              0.106236   slack (MET)


Startpoint: _1119_ (rising edge-triggered flip-flop clocked by i_clk)
Endpoint: _1119_ (rising edge-triggered flip-flop clocked by i_clk)
Path Group: i_clk
Path Type: min

Fanout         Cap        Slew       Delay        Time   Description
---------------------------------------------------------------------------------------------
                      0.150000    0.000000    0.000000   clock i_clk (rise edge)
                                  0.000000    0.000000   clock network delay (ideal)
                      0.150000    0.000000    0.000000 ^ _1119_/CLK (sky130_fd_sc_hd__dfrtp_2)
     5    0.018188    0.076867    0.279836    0.279836 ^ _1119_/Q (sky130_fd_sc_hd__dfrtp_2)
                                                         u_i2c_master_controller.cntrl_fsm.byte_rx_fsm.i_transaction_complete (net)
                      0.076867    0.000000    0.279836 ^ _0929_/B1 (sky130_fd_sc_hd__a21oi_2)
     1    0.004145    0.022602    0.020134    0.299970 v _0929_/Y (sky130_fd_sc_hd__a21oi_2)
                                                         _0509_ (net)
                      0.022602    0.000000    0.299970 v _0930_/B (sky130_fd_sc_hd__nor2_2)
     1    0.002087    0.038597    0.039380    0.339349 ^ _0930_/Y (sky130_fd_sc_hd__nor2_2)
                                                         _0242_ (net)
                      0.038597    0.000000    0.339349 ^ _1119_/D (sky130_fd_sc_hd__dfrtp_2)
                                              0.339349   data arrival time

                      0.150000    0.000000    0.000000   clock i_clk (rise edge)
                                  0.000000    0.000000   clock network delay (ideal)
                                  0.250000    0.250000   clock uncertainty
                                  0.000000    0.250000   clock reconvergence pessimism
                                              0.250000 ^ _1119_/CLK (sky130_fd_sc_hd__dfrtp_2)
                                 -0.017153    0.232847   library hold time
                                              0.232847   data required time
---------------------------------------------------------------------------------------------
                                              0.232847   data required time
                                             -0.339349   data arrival time
---------------------------------------------------------------------------------------------
                                              0.106502   slack (MET)


Startpoint: _1215_ (rising edge-triggered flip-flop clocked by i_clk)
Endpoint: _1215_ (rising edge-triggered flip-flop clocked by i_clk)
Path Group: i_clk
Path Type: min

Fanout         Cap        Slew       Delay        Time   Description
---------------------------------------------------------------------------------------------
                      0.150000    0.000000    0.000000   clock i_clk (rise edge)
                                  0.000000    0.000000   clock network delay (ideal)
                      0.150000    0.000000    0.000000 ^ _1215_/CLK (sky130_fd_sc_hd__dfrtp_2)
     5    0.011800    0.045556    0.287645    0.287645 v _1215_/Q (sky130_fd_sc_hd__dfrtp_2)
                                                         u_i2c_master_controller.i2cbus_cntrl_fsm.start_gen.delay_gen.count[2] (net)
                      0.045556    0.000000    0.287645 v _0558_/A (sky130_fd_sc_hd__inv_2)
     1    0.004628    0.025176    0.038033    0.325678 ^ _0558_/Y (sky130_fd_sc_hd__inv_2)
                                                         _0305_ (net)
                      0.025176    0.000000    0.325678 ^ _0749_/A1 (sky130_fd_sc_hd__a21oi_2)
     1    0.002059    0.011409    0.021137    0.346815 v _0749_/Y (sky130_fd_sc_hd__a21oi_2)
                                                         _0062_ (net)
                      0.011409    0.000000    0.346815 v _1215_/D (sky130_fd_sc_hd__dfrtp_2)
                                              0.346815   data arrival time

                      0.150000    0.000000    0.000000   clock i_clk (rise edge)
                                  0.000000    0.000000   clock network delay (ideal)
                                  0.250000    0.250000   clock uncertainty
                                  0.000000    0.250000   clock reconvergence pessimism
                                              0.250000 ^ _1215_/CLK (sky130_fd_sc_hd__dfrtp_2)
                                 -0.011185    0.238815   library hold time
                                              0.238815   data required time
---------------------------------------------------------------------------------------------
                                              0.238815   data required time
                                             -0.346815   data arrival time
---------------------------------------------------------------------------------------------
                                              0.107999   slack (MET)


Startpoint: _1237_ (rising edge-triggered flip-flop clocked by i_clk)
Endpoint: _1237_ (rising edge-triggered flip-flop clocked by i_clk)
Path Group: i_clk
Path Type: min

Fanout         Cap        Slew       Delay        Time   Description
---------------------------------------------------------------------------------------------
                      0.150000    0.000000    0.000000   clock i_clk (rise edge)
                                  0.000000    0.000000   clock network delay (ideal)
                      0.150000    0.000000    0.000000 ^ _1237_/CLK (sky130_fd_sc_hd__dfrtp_2)
     5    0.011800    0.045556    0.287645    0.287645 v _1237_/Q (sky130_fd_sc_hd__dfrtp_2)
                                                         u_i2c_master_controller.i2cbus_cntrl_fsm.stop_gen.delay_gen.count[2] (net)
                      0.045556    0.000000    0.287645 v _0563_/A (sky130_fd_sc_hd__inv_2)
     1    0.004628    0.025176    0.038033    0.325678 ^ _0563_/Y (sky130_fd_sc_hd__inv_2)
                                                         _0310_ (net)
                      0.025176    0.000000    0.325678 ^ _0793_/A1 (sky130_fd_sc_hd__a21oi_2)
     1    0.002059    0.011409    0.021137    0.346815 v _0793_/Y (sky130_fd_sc_hd__a21oi_2)
                                                         _0081_ (net)
                      0.011409    0.000000    0.346815 v _1237_/D (sky130_fd_sc_hd__dfrtp_2)
                                              0.346815   data arrival time

                      0.150000    0.000000    0.000000   clock i_clk (rise edge)
                                  0.000000    0.000000   clock network delay (ideal)
                                  0.250000    0.250000   clock uncertainty
                                  0.000000    0.250000   clock reconvergence pessimism
                                              0.250000 ^ _1237_/CLK (sky130_fd_sc_hd__dfrtp_2)
                                 -0.011185    0.238815   library hold time
                                              0.238815   data required time
---------------------------------------------------------------------------------------------
                                              0.238815   data required time
                                             -0.346815   data arrival time
---------------------------------------------------------------------------------------------
                                              0.107999   slack (MET)


Startpoint: _1106_ (rising edge-triggered flip-flop clocked by i_clk)
Endpoint: _1177_ (rising edge-triggered flip-flop clocked by i_clk)
Path Group: i_clk
Path Type: min

Fanout         Cap        Slew       Delay        Time   Description
---------------------------------------------------------------------------------------------
                      0.150000    0.000000    0.000000   clock i_clk (rise edge)
                                  0.000000    0.000000   clock network delay (ideal)
                      0.150000    0.000000    0.000000 ^ _1106_/CLK (sky130_fd_sc_hd__dfrtp_2)
     4    0.010241    0.050856    0.258313    0.258313 ^ _1106_/Q (sky130_fd_sc_hd__dfrtp_2)
                                                         u_i2c_master_controller.cntrl_fsm.byte_tx_err (net)
                      0.050856    0.000000    0.258313 ^ _0617_/A (sky130_fd_sc_hd__and2_2)
     2    0.003873    0.029113    0.083978    0.342290 ^ _0617_/X (sky130_fd_sc_hd__and2_2)
                                                         u_i2c_master_controller.cntrl_fsm.tx_err (net)
                      0.029113    0.000000    0.342290 ^ _1177_/D (sky130_fd_sc_hd__dfrtp_2)
                                              0.342290   data arrival time

                      0.150000    0.000000    0.000000   clock i_clk (rise edge)
                                  0.000000    0.000000   clock network delay (ideal)
                                  0.250000    0.250000   clock uncertainty
                                  0.000000    0.250000   clock reconvergence pessimism
                                              0.250000 ^ _1177_/CLK (sky130_fd_sc_hd__dfrtp_2)
                                 -0.016469    0.233531   library hold time
                                              0.233531   data required time
---------------------------------------------------------------------------------------------
                                              0.233531   data required time
                                             -0.342290   data arrival time
---------------------------------------------------------------------------------------------
                                              0.108760   slack (MET)


Startpoint: _1106_ (rising edge-triggered flip-flop clocked by i_clk)
Endpoint: _1180_ (rising edge-triggered flip-flop clocked by i_clk)
Path Group: i_clk
Path Type: min

Fanout         Cap        Slew       Delay        Time   Description
---------------------------------------------------------------------------------------------
                      0.150000    0.000000    0.000000   clock i_clk (rise edge)
                                  0.000000    0.000000   clock network delay (ideal)
                      0.150000    0.000000    0.000000 ^ _1106_/CLK (sky130_fd_sc_hd__dfrtp_2)
     4    0.010241    0.050856    0.258313    0.258313 ^ _1106_/Q (sky130_fd_sc_hd__dfrtp_2)
                                                         u_i2c_master_controller.cntrl_fsm.byte_tx_err (net)
                      0.050856    0.000000    0.258313 ^ _0618_/A (sky130_fd_sc_hd__and2_2)
     2    0.003873    0.029131    0.083978    0.342290 ^ _0618_/X (sky130_fd_sc_hd__and2_2)
                                                         u_i2c_master_controller.cntrl_fsm.rx_err (net)
                      0.029131    0.000000    0.342290 ^ _1180_/D (sky130_fd_sc_hd__dfrtp_2)
                                              0.342290   data arrival time

                      0.150000    0.000000    0.000000   clock i_clk (rise edge)
                                  0.000000    0.000000   clock network delay (ideal)
                                  0.250000    0.250000   clock uncertainty
                                  0.000000    0.250000   clock reconvergence pessimism
                                              0.250000 ^ _1180_/CLK (sky130_fd_sc_hd__dfrtp_2)
                                 -0.016471    0.233529   library hold time
                                              0.233529   data required time
---------------------------------------------------------------------------------------------
                                              0.233529   data required time
                                             -0.342290   data arrival time
---------------------------------------------------------------------------------------------
                                              0.108761   slack (MET)


Startpoint: _1128_ (rising edge-triggered flip-flop clocked by i_clk)
Endpoint: _1140_ (rising edge-triggered flip-flop clocked by i_clk)
Path Group: i_clk
Path Type: min

Fanout         Cap        Slew       Delay        Time   Description
---------------------------------------------------------------------------------------------
                      0.150000    0.000000    0.000000   clock i_clk (rise edge)
                                  0.000000    0.000000   clock network delay (ideal)
                      0.150000    0.000000    0.000000 ^ _1128_/CLK (sky130_fd_sc_hd__dfrtp_2)
     6    0.019687    0.081915    0.283541    0.283541 ^ _1128_/Q (sky130_fd_sc_hd__dfrtp_2)
                                                         u_i2c_master_controller.cntrl_fsm.cntrl_fsm.o_enable_scl (net)
                      0.081915    0.000000    0.283541 ^ _0577_/B1 (sky130_fd_sc_hd__a31o_2)
     1    0.002087    0.019448    0.059948    0.343488 ^ _0577_/X (sky130_fd_sc_hd__a31o_2)
                                                         _0263_ (net)
                      0.019448    0.000000    0.343488 ^ _1140_/D (sky130_fd_sc_hd__dfrtp_2)
                                              0.343488   data arrival time

                      0.150000    0.000000    0.000000   clock i_clk (rise edge)
                                  0.000000    0.000000   clock network delay (ideal)
                                  0.250000    0.250000   clock uncertainty
                                  0.000000    0.250000   clock reconvergence pessimism
                                              0.250000 ^ _1140_/CLK (sky130_fd_sc_hd__dfrtp_2)
                                 -0.015773    0.234227   library hold time
                                              0.234227   data required time
---------------------------------------------------------------------------------------------
                                              0.234227   data required time
                                             -0.343488   data arrival time
---------------------------------------------------------------------------------------------
                                              0.109261   slack (MET)


Startpoint: _1174_ (rising edge-triggered flip-flop clocked by i_clk)
Endpoint: _1193_ (rising edge-triggered flip-flop clocked by i_clk)
Path Group: i_clk
Path Type: min

Fanout         Cap        Slew       Delay        Time   Description
---------------------------------------------------------------------------------------------
                      0.150000    0.000000    0.000000   clock i_clk (rise edge)
                                  0.000000    0.000000   clock network delay (ideal)
                      0.150000    0.000000    0.000000 ^ _1174_/CLK (sky130_fd_sc_hd__dfrtp_2)
     2    0.006358    0.038451    0.247035    0.247035 ^ _1174_/Q (sky130_fd_sc_hd__dfrtp_2)
                                                         u_i2c_master_controller.cntrl_fsm.abort_reg (net)
                      0.038451    0.000000    0.247035 ^ _0657_/C (sky130_fd_sc_hd__nor3_2)
     4    0.010404    0.025249    0.030945    0.277981 v _0657_/Y (sky130_fd_sc_hd__nor3_2)
                                                         _0354_ (net)
                      0.025249    0.000000    0.277981 v _0663_/B1 (sky130_fd_sc_hd__o21a_2)
     2    0.004348    0.018813    0.069290    0.347271 v _0663_/X (sky130_fd_sc_hd__o21a_2)
                                                         _0042_ (net)
                      0.018813    0.000000    0.347271 v _1193_/D (sky130_fd_sc_hd__dfrtp_2)
                                              0.347271   data arrival time

                      0.150000    0.000000    0.000000   clock i_clk (rise edge)
                                  0.000000    0.000000   clock network delay (ideal)
                                  0.250000    0.250000   clock uncertainty
                                  0.000000    0.250000   clock reconvergence pessimism
                                              0.250000 ^ _1193_/CLK (sky130_fd_sc_hd__dfrtp_2)
                                 -0.013560    0.236440   library hold time
                                              0.236440   data required time
---------------------------------------------------------------------------------------------
                                              0.236440   data required time
                                             -0.347271   data arrival time
---------------------------------------------------------------------------------------------
                                              0.110831   slack (MET)


Startpoint: _1081_ (rising edge-triggered flip-flop clocked by i_clk)
Endpoint: _1081_ (rising edge-triggered flip-flop clocked by i_clk)
Path Group: i_clk
Path Type: min

Fanout         Cap        Slew       Delay        Time   Description
---------------------------------------------------------------------------------------------
                      0.150000    0.000000    0.000000   clock i_clk (rise edge)
                                  0.000000    0.000000   clock network delay (ideal)
                      0.150000    0.000000    0.000000 ^ _1081_/CLK (sky130_fd_sc_hd__dfrtp_2)
     6    0.014628    0.064877    0.271038    0.271038 ^ _1081_/Q (sky130_fd_sc_hd__dfrtp_2)
                                                         u_i2c_master_controller.cntrl_fsm.cntrl_fsm.i_rw_mode (net)
                      0.064877    0.000000    0.271038 ^ _0853_/A0 (sky130_fd_sc_hd__mux2_1)
     1    0.002087    0.025740    0.076232    0.347269 ^ _0853_/X (sky130_fd_sc_hd__mux2_1)
                                                         _0204_ (net)
                      0.025740    0.000000    0.347269 ^ _1081_/D (sky130_fd_sc_hd__dfrtp_2)
                                              0.347269   data arrival time

                      0.150000    0.000000    0.000000   clock i_clk (rise edge)
                                  0.000000    0.000000   clock network delay (ideal)
                                  0.250000    0.250000   clock uncertainty
                                  0.000000    0.250000   clock reconvergence pessimism
                                              0.250000 ^ _1081_/CLK (sky130_fd_sc_hd__dfrtp_2)
                                 -0.016226    0.233774   library hold time
                                              0.233774   data required time
---------------------------------------------------------------------------------------------
                                              0.233774   data required time
                                             -0.347269   data arrival time
---------------------------------------------------------------------------------------------
                                              0.113496   slack (MET)


Startpoint: _1167_ (rising edge-triggered flip-flop clocked by i_clk)
Endpoint: _1188_ (rising edge-triggered flip-flop clocked by i_clk)
Path Group: i_clk
Path Type: min

Fanout         Cap        Slew       Delay        Time   Description
---------------------------------------------------------------------------------------------
                      0.150000    0.000000    0.000000   clock i_clk (rise edge)
                                  0.000000    0.000000   clock network delay (ideal)
                      0.150000    0.000000    0.000000 ^ _1167_/CLK (sky130_fd_sc_hd__dfrtp_2)
     5    0.013489    0.061232    0.267746    0.267746 ^ _1167_/Q (sky130_fd_sc_hd__dfrtp_2)
                                                         u_i2c_master_controller.cntrl_fsm.cntrl_fsm.state[8] (net)
                      0.061232    0.000000    0.267746 ^ _0739_/S (sky130_fd_sc_hd__mux2_1)
     1    0.002087    0.025476    0.080582    0.348328 ^ _0739_/X (sky130_fd_sc_hd__mux2_1)
                                                         _0040_ (net)
                      0.025476    0.000000    0.348328 ^ _1188_/D (sky130_fd_sc_hd__dfrtp_2)
                                              0.348328   data arrival time

                      0.150000    0.000000    0.000000   clock i_clk (rise edge)
                                  0.000000    0.000000   clock network delay (ideal)
                                  0.250000    0.250000   clock uncertainty
                                  0.000000    0.250000   clock reconvergence pessimism
                                              0.250000 ^ _1188_/CLK (sky130_fd_sc_hd__dfrtp_2)
                                 -0.016207    0.233793   library hold time
                                              0.233793   data required time
---------------------------------------------------------------------------------------------
                                              0.233793   data required time
                                             -0.348328   data arrival time
---------------------------------------------------------------------------------------------
                                              0.114536   slack (MET)


Startpoint: _1080_ (rising edge-triggered flip-flop clocked by i_clk)
Endpoint: _1080_ (rising edge-triggered flip-flop clocked by i_clk)
Path Group: i_clk
Path Type: min

Fanout         Cap        Slew       Delay        Time   Description
---------------------------------------------------------------------------------------------
                      0.150000    0.000000    0.000000   clock i_clk (rise edge)
                                  0.000000    0.000000   clock network delay (ideal)
                      0.150000    0.000000    0.000000 ^ _1080_/CLK (sky130_fd_sc_hd__dfrtp_2)
     5    0.015659    0.068350    0.273586    0.273586 ^ _1080_/Q (sky130_fd_sc_hd__dfrtp_2)
                                                         u_i2c_master_controller.cntrl_fsm.adr_mode (net)
                      0.068350    0.000000    0.273586 ^ _0852_/A0 (sky130_fd_sc_hd__mux2_1)
     1    0.002087    0.025742    0.076950    0.350536 ^ _0852_/X (sky130_fd_sc_hd__mux2_1)
                                                         _0203_ (net)
                      0.025742    0.000000    0.350536 ^ _1080_/D (sky130_fd_sc_hd__dfrtp_2)
                                              0.350536   data arrival time

                      0.150000    0.000000    0.000000   clock i_clk (rise edge)
                                  0.000000    0.000000   clock network delay (ideal)
                                  0.250000    0.250000   clock uncertainty
                                  0.000000    0.250000   clock reconvergence pessimism
                                              0.250000 ^ _1080_/CLK (sky130_fd_sc_hd__dfrtp_2)
                                 -0.016226    0.233774   library hold time
                                              0.233774   data required time
---------------------------------------------------------------------------------------------
                                              0.233774   data required time
                                             -0.350536   data arrival time
---------------------------------------------------------------------------------------------
                                              0.116762   slack (MET)


Startpoint: _1097_ (rising edge-triggered flip-flop clocked by i_clk)
Endpoint: _1097_ (rising edge-triggered flip-flop clocked by i_clk)
Path Group: i_clk
Path Type: min

Fanout         Cap        Slew       Delay        Time   Description
---------------------------------------------------------------------------------------------
                      0.150000    0.000000    0.000000   clock i_clk (rise edge)
                                  0.000000    0.000000   clock network delay (ideal)
                      0.150000    0.000000    0.000000 ^ _1097_/CLK (sky130_fd_sc_hd__dfstp_2)
     2    0.003762    0.017509    0.250274    0.250274 v _1097_/Q (sky130_fd_sc_hd__dfstp_2)
                                                         u_i2c_master_controller.cntrl_fsm.byte_rx_fsm.o_rx_ack_sda (net)
                      0.017509    0.000000    0.250274 v _0876_/A2 (sky130_fd_sc_hd__a21o_2)
     1    0.002259    0.018069    0.121200    0.371474 v _0876_/X (sky130_fd_sc_hd__a21o_2)
                                                         _0220_ (net)
                      0.018069    0.000000    0.371474 v _1097_/D (sky130_fd_sc_hd__dfstp_2)
                                              0.371474   data arrival time

                      0.150000    0.000000    0.000000   clock i_clk (rise edge)
                                  0.000000    0.000000   clock network delay (ideal)
                                  0.250000    0.250000   clock uncertainty
                                  0.000000    0.250000   clock reconvergence pessimism
                                              0.250000 ^ _1097_/CLK (sky130_fd_sc_hd__dfstp_2)
                                  0.004426    0.254426   library hold time
                                              0.254426   data required time
---------------------------------------------------------------------------------------------
                                              0.254426   data required time
                                             -0.371474   data arrival time
---------------------------------------------------------------------------------------------
                                              0.117048   slack (MET)


Startpoint: _1227_ (rising edge-triggered flip-flop clocked by i_clk)
Endpoint: _1227_ (rising edge-triggered flip-flop clocked by i_clk)
Path Group: i_clk
Path Type: min

Fanout         Cap        Slew       Delay        Time   Description
---------------------------------------------------------------------------------------------
                      0.150000    0.000000    0.000000   clock i_clk (rise edge)
                                  0.000000    0.000000   clock network delay (ideal)
                      0.150000    0.000000    0.000000 ^ _1227_/CLK (sky130_fd_sc_hd__dfrtp_2)
     5    0.015678    0.068414    0.273633    0.273633 ^ _1227_/Q (sky130_fd_sc_hd__dfrtp_2)
                                                         u_i2c_master_controller.i2cbus_cntrl_fsm.start_gen.delay_gen.count[14] (net)
                      0.068414    0.000000    0.273633 ^ _0783_/A1 (sky130_fd_sc_hd__o21a_2)
     1    0.002087    0.017669    0.078109    0.351741 ^ _0783_/X (sky130_fd_sc_hd__o21a_2)
                                                         _0059_ (net)
                      0.017669    0.000000    0.351741 ^ _1227_/D (sky130_fd_sc_hd__dfrtp_2)
                                              0.351741   data arrival time

                      0.150000    0.000000    0.000000   clock i_clk (rise edge)
                                  0.000000    0.000000   clock network delay (ideal)
                                  0.250000    0.250000   clock uncertainty
                                  0.000000    0.250000   clock reconvergence pessimism
                                              0.250000 ^ _1227_/CLK (sky130_fd_sc_hd__dfrtp_2)
                                 -0.015645    0.234355   library hold time
                                              0.234355   data required time
---------------------------------------------------------------------------------------------
                                              0.234355   data required time
                                             -0.351741   data arrival time
---------------------------------------------------------------------------------------------
                                              0.117386   slack (MET)


Startpoint: _1249_ (rising edge-triggered flip-flop clocked by i_clk)
Endpoint: _1249_ (rising edge-triggered flip-flop clocked by i_clk)
Path Group: i_clk
Path Type: min

Fanout         Cap        Slew       Delay        Time   Description
---------------------------------------------------------------------------------------------
                      0.150000    0.000000    0.000000   clock i_clk (rise edge)
                                  0.000000    0.000000   clock network delay (ideal)
                      0.150000    0.000000    0.000000 ^ _1249_/CLK (sky130_fd_sc_hd__dfrtp_2)
     5    0.015678    0.068414    0.273633    0.273633 ^ _1249_/Q (sky130_fd_sc_hd__dfrtp_2)
                                                         u_i2c_master_controller.i2cbus_cntrl_fsm.stop_gen.delay_gen.count[14] (net)
                      0.068414    0.000000    0.273633 ^ _0827_/A1 (sky130_fd_sc_hd__o21a_2)
     1    0.002087    0.017669    0.078109    0.351741 ^ _0827_/X (sky130_fd_sc_hd__o21a_2)
                                                         _0078_ (net)
                      0.017669    0.000000    0.351741 ^ _1249_/D (sky130_fd_sc_hd__dfrtp_2)
                                              0.351741   data arrival time

                      0.150000    0.000000    0.000000   clock i_clk (rise edge)
                                  0.000000    0.000000   clock network delay (ideal)
                                  0.250000    0.250000   clock uncertainty
                                  0.000000    0.250000   clock reconvergence pessimism
                                              0.250000 ^ _1249_/CLK (sky130_fd_sc_hd__dfrtp_2)
                                 -0.015645    0.234355   library hold time
                                              0.234355   data required time
---------------------------------------------------------------------------------------------
                                              0.234355   data required time
                                             -0.351741   data arrival time
---------------------------------------------------------------------------------------------
                                              0.117386   slack (MET)


Startpoint: _1169_ (rising edge-triggered flip-flop clocked by i_clk)
Endpoint: _1169_ (rising edge-triggered flip-flop clocked by i_clk)
Path Group: i_clk
Path Type: min

Fanout         Cap        Slew       Delay        Time   Description
---------------------------------------------------------------------------------------------
                      0.150000    0.000000    0.000000   clock i_clk (rise edge)
                                  0.000000    0.000000   clock network delay (ideal)
                      0.150000    0.000000    0.000000 ^ _1169_/CLK (sky130_fd_sc_hd__dfstp_2)
     2    0.004496    0.018731    0.251960    0.251960 v _1169_/Q (sky130_fd_sc_hd__dfstp_2)
                                                         u_i2c_master_controller.cntrl_fsm.byte_tx_fsm.state[0] (net)
                      0.018731    0.000000    0.251960 v _0683_/A2 (sky130_fd_sc_hd__a21o_2)
     1    0.002259    0.018068    0.121646    0.373606 v _0683_/X (sky130_fd_sc_hd__a21o_2)
                                                         _0005_ (net)
                      0.018068    0.000000    0.373606 v _1169_/D (sky130_fd_sc_hd__dfstp_2)
                                              0.373606   data arrival time

                      0.150000    0.000000    0.000000   clock i_clk (rise edge)
                                  0.000000    0.000000   clock network delay (ideal)
                                  0.250000    0.250000   clock uncertainty
                                  0.000000    0.250000   clock reconvergence pessimism
                                              0.250000 ^ _1169_/CLK (sky130_fd_sc_hd__dfstp_2)
                                  0.004426    0.254426   library hold time
                                              0.254426   data required time
---------------------------------------------------------------------------------------------
                                              0.254426   data required time
                                             -0.373606   data arrival time
---------------------------------------------------------------------------------------------
                                              0.119181   slack (MET)


Startpoint: _1133_ (rising edge-triggered flip-flop clocked by i_clk)
Endpoint: _1133_ (rising edge-triggered flip-flop clocked by i_clk)
Path Group: i_clk
Path Type: min

Fanout         Cap        Slew       Delay        Time   Description
---------------------------------------------------------------------------------------------
                      0.150000    0.000000    0.000000   clock i_clk (rise edge)
                                  0.000000    0.000000   clock network delay (ideal)
                      0.150000    0.000000    0.000000 ^ _1133_/CLK (sky130_fd_sc_hd__dfrtp_2)
     3    0.016067    0.069724    0.274594    0.274594 ^ _1133_/Q (sky130_fd_sc_hd__dfrtp_2)
                                                         u_i2c_master_controller.i2cbus_cntrl_fsm.scl_gen.count[2] (net)
                      0.069724    0.000000    0.274594 ^ _0597_/A1 (sky130_fd_sc_hd__o21ai_2)
     1    0.004145    0.019779    0.038973    0.313567 v _0597_/Y (sky130_fd_sc_hd__o21ai_2)
                                                         _0332_ (net)
                      0.019779    0.000000    0.313567 v _0598_/B (sky130_fd_sc_hd__nor2_2)
     1    0.002087    0.038664    0.038608    0.352175 ^ _0598_/Y (sky130_fd_sc_hd__nor2_2)
                                                         _0256_ (net)
                      0.038664    0.000000    0.352175 ^ _1133_/D (sky130_fd_sc_hd__dfrtp_2)
                                              0.352175   data arrival time

                      0.150000    0.000000    0.000000   clock i_clk (rise edge)
                                  0.000000    0.000000   clock network delay (ideal)
                                  0.250000    0.250000   clock uncertainty
                                  0.000000    0.250000   clock reconvergence pessimism
                                              0.250000 ^ _1133_/CLK (sky130_fd_sc_hd__dfrtp_2)
                                 -0.017157    0.232843   library hold time
                                              0.232843   data required time
---------------------------------------------------------------------------------------------
                                              0.232843   data required time
                                             -0.352175   data arrival time
---------------------------------------------------------------------------------------------
                                              0.119333   slack (MET)


Startpoint: _1222_ (rising edge-triggered flip-flop clocked by i_clk)
Endpoint: _1222_ (rising edge-triggered flip-flop clocked by i_clk)
Path Group: i_clk
Path Type: min

Fanout         Cap        Slew       Delay        Time   Description
---------------------------------------------------------------------------------------------
                      0.150000    0.000000    0.000000   clock i_clk (rise edge)
                                  0.000000    0.000000   clock network delay (ideal)
                      0.150000    0.000000    0.000000 ^ _1222_/CLK (sky130_fd_sc_hd__dfrtp_2)
     6    0.016465    0.071064    0.275578    0.275578 ^ _1222_/Q (sky130_fd_sc_hd__dfrtp_2)
                                                         u_i2c_master_controller.i2cbus_cntrl_fsm.start_gen.delay_gen.count[9] (net)
                      0.071064    0.000000    0.275578 ^ _0768_/A1 (sky130_fd_sc_hd__o21a_2)
     1    0.002087    0.017669    0.078583    0.354160 ^ _0768_/X (sky130_fd_sc_hd__o21a_2)
                                                         _0069_ (net)
                      0.017669    0.000000    0.354160 ^ _1222_/D (sky130_fd_sc_hd__dfrtp_2)
                                              0.354160   data arrival time

                      0.150000    0.000000    0.000000   clock i_clk (rise edge)
                                  0.000000    0.000000   clock network delay (ideal)
                                  0.250000    0.250000   clock uncertainty
                                  0.000000    0.250000   clock reconvergence pessimism
                                              0.250000 ^ _1222_/CLK (sky130_fd_sc_hd__dfrtp_2)
                                 -0.015645    0.234355   library hold time
                                              0.234355   data required time
---------------------------------------------------------------------------------------------
                                              0.234355   data required time
                                             -0.354160   data arrival time
---------------------------------------------------------------------------------------------
                                              0.119805   slack (MET)


Startpoint: _1244_ (rising edge-triggered flip-flop clocked by i_clk)
Endpoint: _1244_ (rising edge-triggered flip-flop clocked by i_clk)
Path Group: i_clk
Path Type: min

Fanout         Cap        Slew       Delay        Time   Description
---------------------------------------------------------------------------------------------
                      0.150000    0.000000    0.000000   clock i_clk (rise edge)
                                  0.000000    0.000000   clock network delay (ideal)
                      0.150000    0.000000    0.000000 ^ _1244_/CLK (sky130_fd_sc_hd__dfrtp_2)
     6    0.016465    0.071064    0.275578    0.275578 ^ _1244_/Q (sky130_fd_sc_hd__dfrtp_2)
                                                         u_i2c_master_controller.i2cbus_cntrl_fsm.stop_gen.delay_gen.count[9] (net)
                      0.071064    0.000000    0.275578 ^ _0812_/A1 (sky130_fd_sc_hd__o21a_2)
     1    0.002087    0.017669    0.078583    0.354160 ^ _0812_/X (sky130_fd_sc_hd__o21a_2)
                                                         _0088_ (net)
                      0.017669    0.000000    0.354160 ^ _1244_/D (sky130_fd_sc_hd__dfrtp_2)
                                              0.354160   data arrival time

                      0.150000    0.000000    0.000000   clock i_clk (rise edge)
                                  0.000000    0.000000   clock network delay (ideal)
                                  0.250000    0.250000   clock uncertainty
                                  0.000000    0.250000   clock reconvergence pessimism
                                              0.250000 ^ _1244_/CLK (sky130_fd_sc_hd__dfrtp_2)
                                 -0.015645    0.234355   library hold time
                                              0.234355   data required time
---------------------------------------------------------------------------------------------
                                              0.234355   data required time
                                             -0.354160   data arrival time
---------------------------------------------------------------------------------------------
                                              0.119805   slack (MET)


Startpoint: _1223_ (rising edge-triggered flip-flop clocked by i_clk)
Endpoint: _1223_ (rising edge-triggered flip-flop clocked by i_clk)
Path Group: i_clk
Path Type: min

Fanout         Cap        Slew       Delay        Time   Description
---------------------------------------------------------------------------------------------
                      0.150000    0.000000    0.000000   clock i_clk (rise edge)
                                  0.000000    0.000000   clock network delay (ideal)
                      0.150000    0.000000    0.000000 ^ _1223_/CLK (sky130_fd_sc_hd__dfrtp_2)
     4    0.008627    0.039804    0.279811    0.279811 v _1223_/Q (sky130_fd_sc_hd__dfrtp_2)
                                                         u_i2c_master_controller.i2cbus_cntrl_fsm.start_gen.delay_gen.count[10] (net)
                      0.039804    0.000000    0.279811 v _0769_/B1 (sky130_fd_sc_hd__a21oi_2)
     1    0.004698    0.047925    0.053574    0.333385 ^ _0769_/Y (sky130_fd_sc_hd__a21oi_2)
                                                         _0423_ (net)
                      0.047925    0.000000    0.333385 ^ _0771_/B (sky130_fd_sc_hd__nor3_2)
     1    0.002059    0.015014    0.024378    0.357763 v _0771_/Y (sky130_fd_sc_hd__nor3_2)
                                                         _0055_ (net)
                      0.015014    0.000000    0.357763 v _1223_/D (sky130_fd_sc_hd__dfrtp_2)
                                              0.357763   data arrival time

                      0.150000    0.000000    0.000000   clock i_clk (rise edge)
                                  0.000000    0.000000   clock network delay (ideal)
                                  0.250000    0.250000   clock uncertainty
                                  0.000000    0.250000   clock reconvergence pessimism
                                              0.250000 ^ _1223_/CLK (sky130_fd_sc_hd__dfrtp_2)
                                 -0.012341    0.237659   library hold time
                                              0.237659   data required time
---------------------------------------------------------------------------------------------
                                              0.237659   data required time
                                             -0.357763   data arrival time
---------------------------------------------------------------------------------------------
                                              0.120104   slack (MET)


Startpoint: _1245_ (rising edge-triggered flip-flop clocked by i_clk)
Endpoint: _1245_ (rising edge-triggered flip-flop clocked by i_clk)
Path Group: i_clk
Path Type: min

Fanout         Cap        Slew       Delay        Time   Description
---------------------------------------------------------------------------------------------
                      0.150000    0.000000    0.000000   clock i_clk (rise edge)
                                  0.000000    0.000000   clock network delay (ideal)
                      0.150000    0.000000    0.000000 ^ _1245_/CLK (sky130_fd_sc_hd__dfrtp_2)
     4    0.008627    0.039804    0.279811    0.279811 v _1245_/Q (sky130_fd_sc_hd__dfrtp_2)
                                                         u_i2c_master_controller.i2cbus_cntrl_fsm.stop_gen.delay_gen.count[10] (net)
                      0.039804    0.000000    0.279811 v _0813_/B1 (sky130_fd_sc_hd__a21oi_2)
     1    0.004698    0.047925    0.053574    0.333385 ^ _0813_/Y (sky130_fd_sc_hd__a21oi_2)
                                                         _0451_ (net)
                      0.047925    0.000000    0.333385 ^ _0815_/B (sky130_fd_sc_hd__nor3_2)
     1    0.002059    0.015014    0.024378    0.357763 v _0815_/Y (sky130_fd_sc_hd__nor3_2)
                                                         _0074_ (net)
                      0.015014    0.000000    0.357763 v _1245_/D (sky130_fd_sc_hd__dfrtp_2)
                                              0.357763   data arrival time

                      0.150000    0.000000    0.000000   clock i_clk (rise edge)
                                  0.000000    0.000000   clock network delay (ideal)
                                  0.250000    0.250000   clock uncertainty
                                  0.000000    0.250000   clock reconvergence pessimism
                                              0.250000 ^ _1245_/CLK (sky130_fd_sc_hd__dfrtp_2)
                                 -0.012341    0.237659   library hold time
                                              0.237659   data required time
---------------------------------------------------------------------------------------------
                                              0.237659   data required time
                                             -0.357763   data arrival time
---------------------------------------------------------------------------------------------
                                              0.120104   slack (MET)


Startpoint: _1129_ (rising edge-triggered flip-flop clocked by i_clk)
Endpoint: _1233_ (rising edge-triggered flip-flop clocked by i_clk)
Path Group: i_clk
Path Type: min

Fanout         Cap        Slew       Delay        Time   Description
---------------------------------------------------------------------------------------------
                      0.150000    0.000000    0.000000   clock i_clk (rise edge)
                                  0.000000    0.000000   clock network delay (ideal)
                      0.150000    0.000000    0.000000 ^ _1129_/CLK (sky130_fd_sc_hd__dfrtp_2)
    14    0.041758    0.156246    0.338087    0.338087 ^ _1129_/Q (sky130_fd_sc_hd__dfrtp_2)
                                                         u_i2c_master_controller.filter_scl.out_n (net)
                      0.156246    0.000000    0.338087 ^ _0575_/B (sky130_fd_sc_hd__nor2_2)
     2    0.003955    0.024218    0.017711    0.355798 v _0575_/Y (sky130_fd_sc_hd__nor2_2)
                                                         _0048_ (net)
                      0.024218    0.000000    0.355798 v _1233_/D (sky130_fd_sc_hd__dfrtp_2)
                                              0.355798   data arrival time

                      0.150000    0.000000    0.000000   clock i_clk (rise edge)
                                  0.000000    0.000000   clock network delay (ideal)
                                  0.250000    0.250000   clock uncertainty
                                  0.000000    0.250000   clock reconvergence pessimism
                                              0.250000 ^ _1233_/CLK (sky130_fd_sc_hd__dfrtp_2)
                                 -0.015294    0.234706   library hold time
                                              0.234706   data required time
---------------------------------------------------------------------------------------------
                                              0.234706   data required time
                                             -0.355798   data arrival time
---------------------------------------------------------------------------------------------
                                              0.121092   slack (MET)


Startpoint: _1143_ (rising edge-triggered flip-flop clocked by i_clk)
Endpoint: _1253_ (rising edge-triggered flip-flop clocked by i_clk)
Path Group: i_clk
Path Type: min

Fanout         Cap        Slew       Delay        Time   Description
---------------------------------------------------------------------------------------------
                      0.150000    0.000000    0.000000   clock i_clk (rise edge)
                                  0.000000    0.000000   clock network delay (ideal)
                      0.150000    0.000000    0.000000 ^ _1143_/CLK (sky130_fd_sc_hd__dfrtp_2)
     3    0.008707    0.045955    0.253857    0.253857 ^ _1143_/Q (sky130_fd_sc_hd__dfrtp_2)
                                                         u_i2c_master_controller.i2cbus_cntrl_fsm.stop_gen.state[1] (net)
                      0.045955    0.000000    0.253857 ^ _0611_/B (sky130_fd_sc_hd__and2_2)
     3    0.008608    0.045522    0.099589    0.353446 ^ _0611_/X (sky130_fd_sc_hd__and2_2)
                                                         _0033_ (net)
                      0.045522    0.000000    0.353446 ^ _1253_/D (sky130_fd_sc_hd__dfrtp_2)
                                              0.353446   data arrival time

                      0.150000    0.000000    0.000000   clock i_clk (rise edge)
                                  0.000000    0.000000   clock network delay (ideal)
                                  0.250000    0.250000   clock uncertainty
                                  0.000000    0.250000   clock reconvergence pessimism
                                              0.250000 ^ _1253_/CLK (sky130_fd_sc_hd__dfrtp_2)
                                 -0.017652    0.232348   library hold time
                                              0.232348   data required time
---------------------------------------------------------------------------------------------
                                              0.232348   data required time
                                             -0.353446   data arrival time
---------------------------------------------------------------------------------------------
                                              0.121098   slack (MET)


Startpoint: _1128_ (rising edge-triggered flip-flop clocked by i_clk)
Endpoint: _1200_ (rising edge-triggered flip-flop clocked by i_clk)
Path Group: i_clk
Path Type: min

Fanout         Cap        Slew       Delay        Time   Description
---------------------------------------------------------------------------------------------
                      0.150000    0.000000    0.000000   clock i_clk (rise edge)
                                  0.000000    0.000000   clock network delay (ideal)
                      0.150000    0.000000    0.000000 ^ _1128_/CLK (sky130_fd_sc_hd__dfrtp_2)
     6    0.019687    0.081915    0.283541    0.283541 ^ _1128_/Q (sky130_fd_sc_hd__dfrtp_2)
                                                         u_i2c_master_controller.cntrl_fsm.cntrl_fsm.o_enable_scl (net)
                      0.081915    0.000000    0.283541 ^ _0742_/A1 (sky130_fd_sc_hd__a21o_2)
     1    0.002087    0.016138    0.072750    0.356290 ^ _0742_/X (sky130_fd_sc_hd__a21o_2)
                                                         _0046_ (net)
                      0.016138    0.000000    0.356290 ^ _1200_/D (sky130_fd_sc_hd__dfrtp_2)
                                              0.356290   data arrival time

                      0.150000    0.000000    0.000000   clock i_clk (rise edge)
                                  0.000000    0.000000   clock network delay (ideal)
                                  0.250000    0.250000   clock uncertainty
                                  0.000000    0.250000   clock reconvergence pessimism
                                              0.250000 ^ _1200_/CLK (sky130_fd_sc_hd__dfrtp_2)
                                 -0.015534    0.234466   library hold time
                                              0.234466   data required time
---------------------------------------------------------------------------------------------
                                              0.234466   data required time
                                             -0.356290   data arrival time
---------------------------------------------------------------------------------------------
                                              0.121825   slack (MET)


Startpoint: _1221_ (rising edge-triggered flip-flop clocked by i_clk)
Endpoint: _1221_ (rising edge-triggered flip-flop clocked by i_clk)
Path Group: i_clk
Path Type: min

Fanout         Cap        Slew       Delay        Time   Description
---------------------------------------------------------------------------------------------
                      0.150000    0.000000    0.000000   clock i_clk (rise edge)
                                  0.000000    0.000000   clock network delay (ideal)
                      0.150000    0.000000    0.000000 ^ _1221_/CLK (sky130_fd_sc_hd__dfrtp_2)
     4    0.008977    0.040439    0.280675    0.280675 v _1221_/Q (sky130_fd_sc_hd__dfrtp_2)
                                                         u_i2c_master_controller.i2cbus_cntrl_fsm.start_gen.delay_gen.count[8] (net)
                      0.040439    0.000000    0.280675 v _0764_/B1 (sky130_fd_sc_hd__a21oi_2)
     1    0.004698    0.047947    0.053829    0.334504 ^ _0764_/Y (sky130_fd_sc_hd__a21oi_2)
                                                         _0420_ (net)
                      0.047947    0.000000    0.334504 ^ _0766_/B (sky130_fd_sc_hd__nor3_2)
     1    0.002059    0.019392    0.024382    0.358886 v _0766_/Y (sky130_fd_sc_hd__nor3_2)
                                                         _0068_ (net)
                      0.019392    0.000000    0.358886 v _1221_/D (sky130_fd_sc_hd__dfrtp_2)
                                              0.358886   data arrival time

                      0.150000    0.000000    0.000000   clock i_clk (rise edge)
                                  0.000000    0.000000   clock network delay (ideal)
                                  0.250000    0.250000   clock uncertainty
                                  0.000000    0.250000   clock reconvergence pessimism
                                              0.250000 ^ _1221_/CLK (sky130_fd_sc_hd__dfrtp_2)
                                 -0.013746    0.236254   library hold time
                                              0.236254   data required time
---------------------------------------------------------------------------------------------
                                              0.236254   data required time
                                             -0.358886   data arrival time
---------------------------------------------------------------------------------------------
                                              0.122632   slack (MET)


Startpoint: _1243_ (rising edge-triggered flip-flop clocked by i_clk)
Endpoint: _1243_ (rising edge-triggered flip-flop clocked by i_clk)
Path Group: i_clk
Path Type: min

Fanout         Cap        Slew       Delay        Time   Description
---------------------------------------------------------------------------------------------
                      0.150000    0.000000    0.000000   clock i_clk (rise edge)
                                  0.000000    0.000000   clock network delay (ideal)
                      0.150000    0.000000    0.000000 ^ _1243_/CLK (sky130_fd_sc_hd__dfrtp_2)
     4    0.008977    0.040439    0.280675    0.280675 v _1243_/Q (sky130_fd_sc_hd__dfrtp_2)
                                                         u_i2c_master_controller.i2cbus_cntrl_fsm.stop_gen.delay_gen.count[8] (net)
                      0.040439    0.000000    0.280675 v _0808_/B1 (sky130_fd_sc_hd__a21oi_2)
     1    0.004698    0.047947    0.053829    0.334504 ^ _0808_/Y (sky130_fd_sc_hd__a21oi_2)
                                                         _0448_ (net)
                      0.047947    0.000000    0.334504 ^ _0810_/B (sky130_fd_sc_hd__nor3_2)
     1    0.002059    0.019392    0.024382    0.358886 v _0810_/Y (sky130_fd_sc_hd__nor3_2)
                                                         _0087_ (net)
                      0.019392    0.000000    0.358886 v _1243_/D (sky130_fd_sc_hd__dfrtp_2)
                                              0.358886   data arrival time

                      0.150000    0.000000    0.000000   clock i_clk (rise edge)
                                  0.000000    0.000000   clock network delay (ideal)
                                  0.250000    0.250000   clock uncertainty
                                  0.000000    0.250000   clock reconvergence pessimism
                                              0.250000 ^ _1243_/CLK (sky130_fd_sc_hd__dfrtp_2)
                                 -0.013746    0.236254   library hold time
                                              0.236254   data required time
---------------------------------------------------------------------------------------------
                                              0.236254   data required time
                                             -0.358886   data arrival time
---------------------------------------------------------------------------------------------
                                              0.122632   slack (MET)


Startpoint: _1113_ (rising edge-triggered flip-flop clocked by i_clk)
Endpoint: _1196_ (rising edge-triggered flip-flop clocked by i_clk)
Path Group: i_clk
Path Type: min

Fanout         Cap        Slew       Delay        Time   Description
---------------------------------------------------------------------------------------------
                      0.150000    0.000000    0.000000   clock i_clk (rise edge)
                                  0.000000    0.000000   clock network delay (ideal)
                      0.150000    0.000000    0.000000 ^ _1113_/CLK (sky130_fd_sc_hd__dfrtp_2)
     2    0.005006    0.034132    0.243108    0.243108 ^ _1113_/Q (sky130_fd_sc_hd__dfrtp_2)
                                                         u_i2c_master_controller.cntrl_fsm.byte_tx_fsm.i_tx_data[2] (net)
                      0.034132    0.000000    0.243108 ^ _0837_/B1 (sky130_fd_sc_hd__a221o_2)
     1    0.001556    0.015430    0.068725    0.311833 ^ _0837_/X (sky130_fd_sc_hd__a221o_2)
                                                         _0469_ (net)
                      0.015430    0.000000    0.311833 ^ _0838_/C (sky130_fd_sc_hd__or3_2)
     1    0.002517    0.019781    0.057020    0.368853 ^ _0838_/X (sky130_fd_sc_hd__or3_2)
                                                         _0281_ (net)
                      0.019781    0.000000    0.368853 ^ _1196_/D (sky130_fd_sc_hd__dfstp_2)
                                              0.368853   data arrival time

                      0.150000    0.000000    0.000000   clock i_clk (rise edge)
                                  0.000000    0.000000   clock network delay (ideal)
                                  0.250000    0.250000   clock uncertainty
                                  0.000000    0.250000   clock reconvergence pessimism
                                              0.250000 ^ _1196_/CLK (sky130_fd_sc_hd__dfstp_2)
                                 -0.015647    0.234353   library hold time
                                              0.234353   data required time
---------------------------------------------------------------------------------------------
                                              0.234353   data required time
                                             -0.368853   data arrival time
---------------------------------------------------------------------------------------------
                                              0.134500   slack (MET)


Startpoint: _1156_ (rising edge-triggered flip-flop clocked by i_clk)
Endpoint: _1158_ (rising edge-triggered flip-flop clocked by i_clk)
Path Group: i_clk
Path Type: min

Fanout         Cap        Slew       Delay        Time   Description
---------------------------------------------------------------------------------------------
                      0.150000    0.000000    0.000000   clock i_clk (rise edge)
                                  0.000000    0.000000   clock network delay (ideal)
                      0.150000    0.000000    0.000000 ^ _1156_/CLK (sky130_fd_sc_hd__dfstp_2)
     2    0.003724    0.017445    0.250187    0.250187 v _1156_/Q (sky130_fd_sc_hd__dfstp_2)
                                                         u_i2c_master_controller.i2cbus_cntrl_fsm.falling_scl_detect.state[0] (net)
                      0.017445    0.000000    0.250187 v _0653_/B (sky130_fd_sc_hd__and2_2)
     2    0.006252    0.031541    0.117124    0.367311 v _0653_/X (sky130_fd_sc_hd__and2_2)
                                                         _0019_ (net)
                      0.031541    0.000000    0.367311 v _1158_/D (sky130_fd_sc_hd__dfrtp_2)
                                              0.367311   data arrival time

                      0.150000    0.000000    0.000000   clock i_clk (rise edge)
                                  0.000000    0.000000   clock network delay (ideal)
                                  0.250000    0.250000   clock uncertainty
                                  0.000000    0.250000   clock reconvergence pessimism
                                              0.250000 ^ _1158_/CLK (sky130_fd_sc_hd__dfrtp_2)
                                 -0.017643    0.232357   library hold time
                                              0.232357   data required time
---------------------------------------------------------------------------------------------
                                              0.232357   data required time
                                             -0.367311   data arrival time
---------------------------------------------------------------------------------------------
                                              0.134954   slack (MET)


Startpoint: _1189_ (rising edge-triggered flip-flop clocked by i_clk)
Endpoint: _1144_ (rising edge-triggered flip-flop clocked by i_clk)
Path Group: i_clk
Path Type: min

Fanout         Cap        Slew       Delay        Time   Description
---------------------------------------------------------------------------------------------
                      0.150000    0.000000    0.000000   clock i_clk (rise edge)
                                  0.000000    0.000000   clock network delay (ideal)
                      0.150000    0.000000    0.000000 ^ _1189_/CLK (sky130_fd_sc_hd__dfrtp_2)
     3    0.008971    0.046799    0.254624    0.254624 ^ _1189_/Q (sky130_fd_sc_hd__dfrtp_2)
                                                         u_i2c_master_controller.cntrl_fsm.cntrl_fsm.o_stop_gen_en (net)
                      0.046799    0.000000    0.254624 ^ _0636_/A1_N (sky130_fd_sc_hd__o2bb2a_2)
     1    0.002059    0.019506    0.121083    0.375707 v _0636_/X (sky130_fd_sc_hd__o2bb2a_2)
                                                         _0032_ (net)
                      0.019506    0.000000    0.375707 v _1144_/D (sky130_fd_sc_hd__dfrtp_2)
                                              0.375707   data arrival time

                      0.150000    0.000000    0.000000   clock i_clk (rise edge)
                                  0.000000    0.000000   clock network delay (ideal)
                                  0.250000    0.250000   clock uncertainty
                                  0.000000    0.250000   clock reconvergence pessimism
                                              0.250000 ^ _1144_/CLK (sky130_fd_sc_hd__dfrtp_2)
                                 -0.013782    0.236218   library hold time
                                              0.236218   data required time
---------------------------------------------------------------------------------------------
                                              0.236218   data required time
                                             -0.375707   data arrival time
---------------------------------------------------------------------------------------------
                                              0.139490   slack (MET)


Startpoint: _1197_ (rising edge-triggered flip-flop clocked by i_clk)
Endpoint: _1186_ (rising edge-triggered flip-flop clocked by i_clk)
Path Group: i_clk
Path Type: min

Fanout         Cap        Slew       Delay        Time   Description
---------------------------------------------------------------------------------------------
                      0.150000    0.000000    0.000000   clock i_clk (rise edge)
                                  0.000000    0.000000   clock network delay (ideal)
                      0.150000    0.000000    0.000000 ^ _1197_/CLK (sky130_fd_sc_hd__dfrtp_2)
     5    0.014094    0.063165    0.269503    0.269503 ^ _1197_/Q (sky130_fd_sc_hd__dfrtp_2)
                                                         u_i2c_master_controller.cntrl_fsm.byte_tx_done (net)
                      0.063165    0.000000    0.269503 ^ _0672_/A (sky130_fd_sc_hd__and3_2)
     2    0.004703    0.034984    0.104924    0.374427 ^ _0672_/X (sky130_fd_sc_hd__and3_2)
                                                         _0041_ (net)
                      0.034984    0.000000    0.374427 ^ _1186_/D (sky130_fd_sc_hd__dfrtp_2)
                                              0.374427   data arrival time

                      0.150000    0.000000    0.000000   clock i_clk (rise edge)
                                  0.000000    0.000000   clock network delay (ideal)
                                  0.250000    0.250000   clock uncertainty
                                  0.000000    0.250000   clock reconvergence pessimism
                                              0.250000 ^ _1186_/CLK (sky130_fd_sc_hd__dfrtp_2)
                                 -0.016892    0.233108   library hold time
                                              0.233108   data required time
---------------------------------------------------------------------------------------------
                                              0.233108   data required time
                                             -0.374427   data arrival time
---------------------------------------------------------------------------------------------
                                              0.141319   slack (MET)


Startpoint: _1216_ (rising edge-triggered flip-flop clocked by i_clk)
Endpoint: _1216_ (rising edge-triggered flip-flop clocked by i_clk)
Path Group: i_clk
Path Type: min

Fanout         Cap        Slew       Delay        Time   Description
---------------------------------------------------------------------------------------------
                      0.150000    0.000000    0.000000   clock i_clk (rise edge)
                                  0.000000    0.000000   clock network delay (ideal)
                      0.150000    0.000000    0.000000 ^ _1216_/CLK (sky130_fd_sc_hd__dfrtp_2)
     3    0.005825    0.036748    0.245487    0.245487 ^ _1216_/Q (sky130_fd_sc_hd__dfrtp_2)
                                                         u_i2c_master_controller.i2cbus_cntrl_fsm.start_gen.delay_gen.count[3] (net)
                      0.036748    0.000000    0.245487 ^ _0751_/B1 (sky130_fd_sc_hd__a31o_2)
     1    0.001617    0.016511    0.050349    0.295836 ^ _0751_/X (sky130_fd_sc_hd__a31o_2)
                                                         _0412_ (net)
                      0.016511    0.000000    0.295836 ^ _0752_/B (sky130_fd_sc_hd__and3b_2)
     1    0.002087    0.025555    0.088996    0.384832 ^ _0752_/X (sky130_fd_sc_hd__and3b_2)
                                                         _0063_ (net)
                      0.025555    0.000000    0.384832 ^ _1216_/D (sky130_fd_sc_hd__dfrtp_2)
                                              0.384832   data arrival time

                      0.150000    0.000000    0.000000   clock i_clk (rise edge)
                                  0.000000    0.000000   clock network delay (ideal)
                                  0.250000    0.250000   clock uncertainty
                                  0.000000    0.250000   clock reconvergence pessimism
                                              0.250000 ^ _1216_/CLK (sky130_fd_sc_hd__dfrtp_2)
                                 -0.016213    0.233787   library hold time
                                              0.233787   data required time
---------------------------------------------------------------------------------------------
                                              0.233787   data required time
                                             -0.384832   data arrival time
---------------------------------------------------------------------------------------------
                                              0.151045   slack (MET)


Startpoint: _1238_ (rising edge-triggered flip-flop clocked by i_clk)
Endpoint: _1238_ (rising edge-triggered flip-flop clocked by i_clk)
Path Group: i_clk
Path Type: min

Fanout         Cap        Slew       Delay        Time   Description
---------------------------------------------------------------------------------------------
                      0.150000    0.000000    0.000000   clock i_clk (rise edge)
                                  0.000000    0.000000   clock network delay (ideal)
                      0.150000    0.000000    0.000000 ^ _1238_/CLK (sky130_fd_sc_hd__dfrtp_2)
     3    0.005825    0.036748    0.245487    0.245487 ^ _1238_/Q (sky130_fd_sc_hd__dfrtp_2)
                                                         u_i2c_master_controller.i2cbus_cntrl_fsm.stop_gen.delay_gen.count[3] (net)
                      0.036748    0.000000    0.245487 ^ _0795_/B1 (sky130_fd_sc_hd__a31o_2)
     1    0.001617    0.016511    0.050349    0.295836 ^ _0795_/X (sky130_fd_sc_hd__a31o_2)
                                                         _0440_ (net)
                      0.016511    0.000000    0.295836 ^ _0796_/B (sky130_fd_sc_hd__and3b_2)
     1    0.002087    0.025555    0.088996    0.384832 ^ _0796_/X (sky130_fd_sc_hd__and3b_2)
                                                         _0082_ (net)
                      0.025555    0.000000    0.384832 ^ _1238_/D (sky130_fd_sc_hd__dfrtp_2)
                                              0.384832   data arrival time

                      0.150000    0.000000    0.000000   clock i_clk (rise edge)
                                  0.000000    0.000000   clock network delay (ideal)
                                  0.250000    0.250000   clock uncertainty
                                  0.000000    0.250000   clock reconvergence pessimism
                                              0.250000 ^ _1238_/CLK (sky130_fd_sc_hd__dfrtp_2)
                                 -0.016213    0.233787   library hold time
                                              0.233787   data required time
---------------------------------------------------------------------------------------------
                                              0.233787   data required time
                                             -0.384832   data arrival time
---------------------------------------------------------------------------------------------
                                              0.151045   slack (MET)


Startpoint: _1098_ (rising edge-triggered flip-flop clocked by i_clk)
Endpoint: _1098_ (rising edge-triggered flip-flop clocked by i_clk)
Path Group: i_clk
Path Type: min

Fanout         Cap        Slew       Delay        Time   Description
---------------------------------------------------------------------------------------------
                      0.150000    0.000000    0.000000   clock i_clk (rise edge)
                                  0.000000    0.000000   clock network delay (ideal)
                      0.150000    0.000000    0.000000 ^ _1098_/CLK (sky130_fd_sc_hd__dfxtp_2)
     2    0.035511    0.139748    0.301423    0.301423 ^ _1098_/Q (sky130_fd_sc_hd__dfxtp_2)
                                                         o_receive_data[0] (net)
                      0.139748    0.000000    0.301423 ^ _0878_/A1 (sky130_fd_sc_hd__mux2_1)
     1    0.001748    0.023732    0.089597    0.391020 ^ _0878_/X (sky130_fd_sc_hd__mux2_1)
                                                         _0221_ (net)
                      0.023732    0.000000    0.391020 ^ _1098_/D (sky130_fd_sc_hd__dfxtp_2)
                                              0.391020   data arrival time

                      0.150000    0.000000    0.000000   clock i_clk (rise edge)
                                  0.000000    0.000000   clock network delay (ideal)
                                  0.250000    0.250000   clock uncertainty
                                  0.000000    0.250000   clock reconvergence pessimism
                                              0.250000 ^ _1098_/CLK (sky130_fd_sc_hd__dfxtp_2)
                                 -0.013955    0.236045   library hold time
                                              0.236045   data required time
---------------------------------------------------------------------------------------------
                                              0.236045   data required time
                                             -0.391020   data arrival time
---------------------------------------------------------------------------------------------
                                              0.154974   slack (MET)


Startpoint: _1099_ (rising edge-triggered flip-flop clocked by i_clk)
Endpoint: _1099_ (rising edge-triggered flip-flop clocked by i_clk)
Path Group: i_clk
Path Type: min

Fanout         Cap        Slew       Delay        Time   Description
---------------------------------------------------------------------------------------------
                      0.150000    0.000000    0.000000   clock i_clk (rise edge)
                                  0.000000    0.000000   clock network delay (ideal)
                      0.150000    0.000000    0.000000 ^ _1099_/CLK (sky130_fd_sc_hd__dfxtp_2)
     2    0.035511    0.139748    0.301423    0.301423 ^ _1099_/Q (sky130_fd_sc_hd__dfxtp_2)
                                                         o_receive_data[1] (net)
                      0.139748    0.000000    0.301423 ^ _0880_/A1 (sky130_fd_sc_hd__mux2_1)
     1    0.001748    0.023732    0.089597    0.391020 ^ _0880_/X (sky130_fd_sc_hd__mux2_1)
                                                         _0222_ (net)
                      0.023732    0.000000    0.391020 ^ _1099_/D (sky130_fd_sc_hd__dfxtp_2)
                                              0.391020   data arrival time

                      0.150000    0.000000    0.000000   clock i_clk (rise edge)
                                  0.000000    0.000000   clock network delay (ideal)
                                  0.250000    0.250000   clock uncertainty
                                  0.000000    0.250000   clock reconvergence pessimism
                                              0.250000 ^ _1099_/CLK (sky130_fd_sc_hd__dfxtp_2)
                                 -0.013955    0.236045   library hold time
                                              0.236045   data required time
---------------------------------------------------------------------------------------------
                                              0.236045   data required time
                                             -0.391020   data arrival time
---------------------------------------------------------------------------------------------
                                              0.154974   slack (MET)


Startpoint: _1100_ (rising edge-triggered flip-flop clocked by i_clk)
Endpoint: _1100_ (rising edge-triggered flip-flop clocked by i_clk)
Path Group: i_clk
Path Type: min

Fanout         Cap        Slew       Delay        Time   Description
---------------------------------------------------------------------------------------------
                      0.150000    0.000000    0.000000   clock i_clk (rise edge)
                                  0.000000    0.000000   clock network delay (ideal)
                      0.150000    0.000000    0.000000 ^ _1100_/CLK (sky130_fd_sc_hd__dfxtp_2)
     2    0.035511    0.139748    0.301423    0.301423 ^ _1100_/Q (sky130_fd_sc_hd__dfxtp_2)
                                                         o_receive_data[2] (net)
                      0.139748    0.000000    0.301423 ^ _0882_/A1 (sky130_fd_sc_hd__mux2_1)
     1    0.001748    0.023732    0.089597    0.391020 ^ _0882_/X (sky130_fd_sc_hd__mux2_1)
                                                         _0223_ (net)
                      0.023732    0.000000    0.391020 ^ _1100_/D (sky130_fd_sc_hd__dfxtp_2)
                                              0.391020   data arrival time

                      0.150000    0.000000    0.000000   clock i_clk (rise edge)
                                  0.000000    0.000000   clock network delay (ideal)
                                  0.250000    0.250000   clock uncertainty
                                  0.000000    0.250000   clock reconvergence pessimism
                                              0.250000 ^ _1100_/CLK (sky130_fd_sc_hd__dfxtp_2)
                                 -0.013955    0.236045   library hold time
                                              0.236045   data required time
---------------------------------------------------------------------------------------------
                                              0.236045   data required time
                                             -0.391020   data arrival time
---------------------------------------------------------------------------------------------
                                              0.154974   slack (MET)


Startpoint: _1101_ (rising edge-triggered flip-flop clocked by i_clk)
Endpoint: _1101_ (rising edge-triggered flip-flop clocked by i_clk)
Path Group: i_clk
Path Type: min

Fanout         Cap        Slew       Delay        Time   Description
---------------------------------------------------------------------------------------------
                      0.150000    0.000000    0.000000   clock i_clk (rise edge)
                                  0.000000    0.000000   clock network delay (ideal)
                      0.150000    0.000000    0.000000 ^ _1101_/CLK (sky130_fd_sc_hd__dfxtp_2)
     2    0.035511    0.139748    0.301423    0.301423 ^ _1101_/Q (sky130_fd_sc_hd__dfxtp_2)
                                                         o_receive_data[3] (net)
                      0.139748    0.000000    0.301423 ^ _0884_/A1 (sky130_fd_sc_hd__mux2_1)
     1    0.001748    0.023732    0.089597    0.391020 ^ _0884_/X (sky130_fd_sc_hd__mux2_1)
                                                         _0224_ (net)
                      0.023732    0.000000    0.391020 ^ _1101_/D (sky130_fd_sc_hd__dfxtp_2)
                                              0.391020   data arrival time

                      0.150000    0.000000    0.000000   clock i_clk (rise edge)
                                  0.000000    0.000000   clock network delay (ideal)
                                  0.250000    0.250000   clock uncertainty
                                  0.000000    0.250000   clock reconvergence pessimism
                                              0.250000 ^ _1101_/CLK (sky130_fd_sc_hd__dfxtp_2)
                                 -0.013955    0.236045   library hold time
                                              0.236045   data required time
---------------------------------------------------------------------------------------------
                                              0.236045   data required time
                                             -0.391020   data arrival time
---------------------------------------------------------------------------------------------
                                              0.154974   slack (MET)


Startpoint: _1102_ (rising edge-triggered flip-flop clocked by i_clk)
Endpoint: _1102_ (rising edge-triggered flip-flop clocked by i_clk)
Path Group: i_clk
Path Type: min

Fanout         Cap        Slew       Delay        Time   Description
---------------------------------------------------------------------------------------------
                      0.150000    0.000000    0.000000   clock i_clk (rise edge)
                                  0.000000    0.000000   clock network delay (ideal)
                      0.150000    0.000000    0.000000 ^ _1102_/CLK (sky130_fd_sc_hd__dfxtp_2)
     2    0.035511    0.139748    0.301423    0.301423 ^ _1102_/Q (sky130_fd_sc_hd__dfxtp_2)
                                                         o_receive_data[4] (net)
                      0.139748    0.000000    0.301423 ^ _0886_/A1 (sky130_fd_sc_hd__mux2_1)
     1    0.001748    0.023732    0.089597    0.391020 ^ _0886_/X (sky130_fd_sc_hd__mux2_1)
                                                         _0225_ (net)
                      0.023732    0.000000    0.391020 ^ _1102_/D (sky130_fd_sc_hd__dfxtp_2)
                                              0.391020   data arrival time

                      0.150000    0.000000    0.000000   clock i_clk (rise edge)
                                  0.000000    0.000000   clock network delay (ideal)
                                  0.250000    0.250000   clock uncertainty
                                  0.000000    0.250000   clock reconvergence pessimism
                                              0.250000 ^ _1102_/CLK (sky130_fd_sc_hd__dfxtp_2)
                                 -0.013955    0.236045   library hold time
                                              0.236045   data required time
---------------------------------------------------------------------------------------------
                                              0.236045   data required time
                                             -0.391020   data arrival time
---------------------------------------------------------------------------------------------
                                              0.154974   slack (MET)


Startpoint: _1103_ (rising edge-triggered flip-flop clocked by i_clk)
Endpoint: _1103_ (rising edge-triggered flip-flop clocked by i_clk)
Path Group: i_clk
Path Type: min

Fanout         Cap        Slew       Delay        Time   Description
---------------------------------------------------------------------------------------------
                      0.150000    0.000000    0.000000   clock i_clk (rise edge)
                                  0.000000    0.000000   clock network delay (ideal)
                      0.150000    0.000000    0.000000 ^ _1103_/CLK (sky130_fd_sc_hd__dfxtp_2)
     2    0.035511    0.139748    0.301423    0.301423 ^ _1103_/Q (sky130_fd_sc_hd__dfxtp_2)
                                                         o_receive_data[5] (net)
                      0.139748    0.000000    0.301423 ^ _0888_/A1 (sky130_fd_sc_hd__mux2_1)
     1    0.001748    0.023732    0.089597    0.391020 ^ _0888_/X (sky130_fd_sc_hd__mux2_1)
                                                         _0226_ (net)
                      0.023732    0.000000    0.391020 ^ _1103_/D (sky130_fd_sc_hd__dfxtp_2)
                                              0.391020   data arrival time

                      0.150000    0.000000    0.000000   clock i_clk (rise edge)
                                  0.000000    0.000000   clock network delay (ideal)
                                  0.250000    0.250000   clock uncertainty
                                  0.000000    0.250000   clock reconvergence pessimism
                                              0.250000 ^ _1103_/CLK (sky130_fd_sc_hd__dfxtp_2)
                                 -0.013955    0.236045   library hold time
                                              0.236045   data required time
---------------------------------------------------------------------------------------------
                                              0.236045   data required time
                                             -0.391020   data arrival time
---------------------------------------------------------------------------------------------
                                              0.154974   slack (MET)


Startpoint: _1104_ (rising edge-triggered flip-flop clocked by i_clk)
Endpoint: _1104_ (rising edge-triggered flip-flop clocked by i_clk)
Path Group: i_clk
Path Type: min

Fanout         Cap        Slew       Delay        Time   Description
---------------------------------------------------------------------------------------------
                      0.150000    0.000000    0.000000   clock i_clk (rise edge)
                                  0.000000    0.000000   clock network delay (ideal)
                      0.150000    0.000000    0.000000 ^ _1104_/CLK (sky130_fd_sc_hd__dfxtp_2)
     2    0.035511    0.139748    0.301423    0.301423 ^ _1104_/Q (sky130_fd_sc_hd__dfxtp_2)
                                                         o_receive_data[6] (net)
                      0.139748    0.000000    0.301423 ^ _0890_/A1 (sky130_fd_sc_hd__mux2_1)
     1    0.001748    0.023732    0.089597    0.391020 ^ _0890_/X (sky130_fd_sc_hd__mux2_1)
                                                         _0227_ (net)
                      0.023732    0.000000    0.391020 ^ _1104_/D (sky130_fd_sc_hd__dfxtp_2)
                                              0.391020   data arrival time

                      0.150000    0.000000    0.000000   clock i_clk (rise edge)
                                  0.000000    0.000000   clock network delay (ideal)
                                  0.250000    0.250000   clock uncertainty
                                  0.000000    0.250000   clock reconvergence pessimism
                                              0.250000 ^ _1104_/CLK (sky130_fd_sc_hd__dfxtp_2)
                                 -0.013955    0.236045   library hold time
                                              0.236045   data required time
---------------------------------------------------------------------------------------------
                                              0.236045   data required time
                                             -0.391020   data arrival time
---------------------------------------------------------------------------------------------
                                              0.154974   slack (MET)


Startpoint: _1105_ (rising edge-triggered flip-flop clocked by i_clk)
Endpoint: _1105_ (rising edge-triggered flip-flop clocked by i_clk)
Path Group: i_clk
Path Type: min

Fanout         Cap        Slew       Delay        Time   Description
---------------------------------------------------------------------------------------------
                      0.150000    0.000000    0.000000   clock i_clk (rise edge)
                                  0.000000    0.000000   clock network delay (ideal)
                      0.150000    0.000000    0.000000 ^ _1105_/CLK (sky130_fd_sc_hd__dfxtp_2)
     2    0.035511    0.139748    0.301423    0.301423 ^ _1105_/Q (sky130_fd_sc_hd__dfxtp_2)
                                                         o_receive_data[7] (net)
                      0.139748    0.000000    0.301423 ^ _0892_/A1 (sky130_fd_sc_hd__mux2_1)
     1    0.001748    0.023733    0.089597    0.391020 ^ _0892_/X (sky130_fd_sc_hd__mux2_1)
                                                         _0228_ (net)
                      0.023733    0.000000    0.391020 ^ _1105_/D (sky130_fd_sc_hd__dfxtp_2)
                                              0.391020   data arrival time

                      0.150000    0.000000    0.000000   clock i_clk (rise edge)
                                  0.000000    0.000000   clock network delay (ideal)
                                  0.250000    0.250000   clock uncertainty
                                  0.000000    0.250000   clock reconvergence pessimism
                                              0.250000 ^ _1105_/CLK (sky130_fd_sc_hd__dfxtp_2)
                                 -0.013955    0.236045   library hold time
                                              0.236045   data required time
---------------------------------------------------------------------------------------------
                                              0.236045   data required time
                                             -0.391020   data arrival time
---------------------------------------------------------------------------------------------
                                              0.154974   slack (MET)


Startpoint: _1224_ (rising edge-triggered flip-flop clocked by i_clk)
Endpoint: _1229_ (rising edge-triggered flip-flop clocked by i_clk)
Path Group: i_clk
Path Type: min

Fanout         Cap        Slew       Delay        Time   Description
---------------------------------------------------------------------------------------------
                      0.150000    0.000000    0.000000   clock i_clk (rise edge)
                                  0.000000    0.000000   clock network delay (ideal)
                      0.150000    0.000000    0.000000 ^ _1224_/CLK (sky130_fd_sc_hd__dfrtp_2)
     3    0.005769    0.036569    0.245324    0.245324 ^ _1224_/Q (sky130_fd_sc_hd__dfrtp_2)
                                                         u_i2c_master_controller.i2cbus_cntrl_fsm.start_gen.delay_gen.count[11] (net)
                      0.036569    0.000000    0.245324 ^ _0706_/C (sky130_fd_sc_hd__or4_2)
     1    0.001587    0.016986    0.064435    0.309760 ^ _0706_/X (sky130_fd_sc_hd__or4_2)
                                                         _0384_ (net)
                      0.016986    0.000000    0.309760 ^ _0707_/B (sky130_fd_sc_hd__or2_2)
     2    0.007239    0.037234    0.069580    0.379340 ^ _0707_/X (sky130_fd_sc_hd__or2_2)
                                                         _0385_ (net)
                      0.037234    0.000000    0.379340 ^ _0708_/C (sky130_fd_sc_hd__nor3_2)
     2    0.006187    0.019264    0.024852    0.404192 v _0708_/Y (sky130_fd_sc_hd__nor3_2)
                                                         _0070_ (net)
                      0.019264    0.000000    0.404192 v _1229_/D (sky130_fd_sc_hd__dfrtp_2)
                                              0.404192   data arrival time

                      0.150000    0.000000    0.000000   clock i_clk (rise edge)
                                  0.000000    0.000000   clock network delay (ideal)
                                  0.250000    0.250000   clock uncertainty
                                  0.000000    0.250000   clock reconvergence pessimism
                                              0.250000 ^ _1229_/CLK (sky130_fd_sc_hd__dfrtp_2)
                                 -0.013704    0.236296   library hold time
                                              0.236296   data required time
---------------------------------------------------------------------------------------------
                                              0.236296   data required time
                                             -0.404192   data arrival time
---------------------------------------------------------------------------------------------
                                              0.167896   slack (MET)


Startpoint: _1246_ (rising edge-triggered flip-flop clocked by i_clk)
Endpoint: _1251_ (rising edge-triggered flip-flop clocked by i_clk)
Path Group: i_clk
Path Type: min

Fanout         Cap        Slew       Delay        Time   Description
---------------------------------------------------------------------------------------------
                      0.150000    0.000000    0.000000   clock i_clk (rise edge)
                                  0.000000    0.000000   clock network delay (ideal)
                      0.150000    0.000000    0.000000 ^ _1246_/CLK (sky130_fd_sc_hd__dfrtp_2)
     3    0.005769    0.036569    0.245324    0.245324 ^ _1246_/Q (sky130_fd_sc_hd__dfrtp_2)
                                                         u_i2c_master_controller.i2cbus_cntrl_fsm.stop_gen.delay_gen.count[11] (net)
                      0.036569    0.000000    0.245324 ^ _0716_/C (sky130_fd_sc_hd__or4_2)
     1    0.001587    0.016986    0.064435    0.309760 ^ _0716_/X (sky130_fd_sc_hd__or4_2)
                                                         _0393_ (net)
                      0.016986    0.000000    0.309760 ^ _0717_/B (sky130_fd_sc_hd__or2_2)
     2    0.007239    0.037234    0.069580    0.379340 ^ _0717_/X (sky130_fd_sc_hd__or2_2)
                                                         _0394_ (net)
                      0.037234    0.000000    0.379340 ^ _0718_/C (sky130_fd_sc_hd__nor3_2)
     2    0.006187    0.019264    0.024852    0.404192 v _0718_/Y (sky130_fd_sc_hd__nor3_2)
                                                         _0089_ (net)
                      0.019264    0.000000    0.404192 v _1251_/D (sky130_fd_sc_hd__dfrtp_2)
                                              0.404192   data arrival time

                      0.150000    0.000000    0.000000   clock i_clk (rise edge)
                                  0.000000    0.000000   clock network delay (ideal)
                                  0.250000    0.250000   clock uncertainty
                                  0.000000    0.250000   clock reconvergence pessimism
                                              0.250000 ^ _1251_/CLK (sky130_fd_sc_hd__dfrtp_2)
                                 -0.013704    0.236296   library hold time
                                              0.236296   data required time
---------------------------------------------------------------------------------------------
                                              0.236296   data required time
                                             -0.404192   data arrival time
---------------------------------------------------------------------------------------------
                                              0.167896   slack (MET)


Startpoint: _1135_ (rising edge-triggered flip-flop clocked by i_clk)
Endpoint: _1135_ (rising edge-triggered flip-flop clocked by i_clk)
Path Group: i_clk
Path Type: min

Fanout         Cap        Slew       Delay        Time   Description
---------------------------------------------------------------------------------------------
                      0.150000    0.000000    0.000000   clock i_clk (rise edge)
                                  0.000000    0.000000   clock network delay (ideal)
                      0.150000    0.000000    0.000000 ^ _1135_/CLK (sky130_fd_sc_hd__dfrtp_2)
     4    0.010462    0.051562    0.258955    0.258955 ^ _1135_/Q (sky130_fd_sc_hd__dfrtp_2)
                                                         u_i2c_master_controller.i2cbus_cntrl_fsm.scl_gen.count[4] (net)
                      0.051562    0.000000    0.258955 ^ _0593_/B1 (sky130_fd_sc_hd__a21o_2)
     1    0.001687    0.015233    0.050256    0.309211 ^ _0593_/X (sky130_fd_sc_hd__a21o_2)
                                                         _0330_ (net)
                      0.015233    0.000000    0.309211 ^ _0594_/C (sky130_fd_sc_hd__and3b_2)
     1    0.002087    0.025578    0.093250    0.402460 ^ _0594_/X (sky130_fd_sc_hd__and3b_2)
                                                         _0258_ (net)
                      0.025578    0.000000    0.402460 ^ _1135_/D (sky130_fd_sc_hd__dfrtp_2)
                                              0.402460   data arrival time

                      0.150000    0.000000    0.000000   clock i_clk (rise edge)
                                  0.000000    0.000000   clock network delay (ideal)
                                  0.250000    0.250000   clock uncertainty
                                  0.000000    0.250000   clock reconvergence pessimism
                                              0.250000 ^ _1135_/CLK (sky130_fd_sc_hd__dfrtp_2)
                                 -0.016215    0.233785   library hold time
                                              0.233785   data required time
---------------------------------------------------------------------------------------------
                                              0.233785   data required time
                                             -0.402460   data arrival time
---------------------------------------------------------------------------------------------
                                              0.168675   slack (MET)


Startpoint: _1072_ (rising edge-triggered flip-flop clocked by i_clk)
Endpoint: _1179_ (rising edge-triggered flip-flop clocked by i_clk)
Path Group: i_clk
Path Type: min

Fanout         Cap        Slew       Delay        Time   Description
---------------------------------------------------------------------------------------------
                      0.150000    0.000000    0.000000   clock i_clk (rise edge)
                                  0.000000    0.000000   clock network delay (ideal)
                      0.150000    0.000000    0.000000 ^ _1072_/CLK (sky130_fd_sc_hd__dfrtp_2)
     3    0.011799    0.055833    0.262838    0.262838 ^ _1072_/Q (sky130_fd_sc_hd__dfrtp_2)
                                                         u_i2c_master_controller.cntrl_fsm.cntrl_fsm.i_slave_addr[3] (net)
                      0.055833    0.000000    0.262838 ^ _0690_/B (sky130_fd_sc_hd__xor2_2)
     1    0.001603    0.040860    0.073198    0.336036 ^ _0690_/X (sky130_fd_sc_hd__xor2_2)
                                                         _0369_ (net)
                      0.040860    0.000000    0.336036 ^ _0699_/A (sky130_fd_sc_hd__or4_2)
     1    0.002087    0.018643    0.068585    0.404621 ^ _0699_/X (sky130_fd_sc_hd__or4_2)
                                                         _0034_ (net)
                      0.018643    0.000000    0.404621 ^ _1179_/D (sky130_fd_sc_hd__dfrtp_2)
                                              0.404621   data arrival time

                      0.150000    0.000000    0.000000   clock i_clk (rise edge)
                                  0.000000    0.000000   clock network delay (ideal)
                                  0.250000    0.250000   clock uncertainty
                                  0.000000    0.250000   clock reconvergence pessimism
                                              0.250000 ^ _1179_/CLK (sky130_fd_sc_hd__dfrtp_2)
                                 -0.015715    0.234285   library hold time
                                              0.234285   data required time
---------------------------------------------------------------------------------------------
                                              0.234285   data required time
                                             -0.404621   data arrival time
---------------------------------------------------------------------------------------------
                                              0.170336   slack (MET)


Startpoint: _1241_ (rising edge-triggered flip-flop clocked by i_clk)
Endpoint: _1241_ (rising edge-triggered flip-flop clocked by i_clk)
Path Group: i_clk
Path Type: min

Fanout         Cap        Slew       Delay        Time   Description
---------------------------------------------------------------------------------------------
                      0.150000    0.000000    0.000000   clock i_clk (rise edge)
                                  0.000000    0.000000   clock network delay (ideal)
                      0.150000    0.000000    0.000000 ^ _1241_/CLK (sky130_fd_sc_hd__dfrtp_2)
     5    0.011386    0.054514    0.261638    0.261638 ^ _1241_/Q (sky130_fd_sc_hd__dfrtp_2)
                                                         u_i2c_master_controller.i2cbus_cntrl_fsm.stop_gen.delay_gen.count[6] (net)
                      0.054514    0.000000    0.261638 ^ _0802_/A (sky130_fd_sc_hd__nand2_2)
     2    0.006162    0.026891    0.031924    0.293562 v _0802_/Y (sky130_fd_sc_hd__nand2_2)
                                                         _0444_ (net)
                      0.026891    0.000000    0.293562 v _0804_/B (sky130_fd_sc_hd__and3_2)
     1    0.002059    0.022792    0.112056    0.405619 v _0804_/X (sky130_fd_sc_hd__and3_2)
                                                         _0085_ (net)
                      0.022792    0.000000    0.405619 v _1241_/D (sky130_fd_sc_hd__dfrtp_2)
                                              0.405619   data arrival time

                      0.150000    0.000000    0.000000   clock i_clk (rise edge)
                                  0.000000    0.000000   clock network delay (ideal)
                                  0.250000    0.250000   clock uncertainty
                                  0.000000    0.250000   clock reconvergence pessimism
                                              0.250000 ^ _1241_/CLK (sky130_fd_sc_hd__dfrtp_2)
                                 -0.014836    0.235164   library hold time
                                              0.235164   data required time
---------------------------------------------------------------------------------------------
                                              0.235164   data required time
                                             -0.405619   data arrival time
---------------------------------------------------------------------------------------------
                                              0.170455   slack (MET)


Startpoint: _1225_ (rising edge-triggered flip-flop clocked by i_clk)
Endpoint: _1225_ (rising edge-triggered flip-flop clocked by i_clk)
Path Group: i_clk
Path Type: min

Fanout         Cap        Slew       Delay        Time   Description
---------------------------------------------------------------------------------------------
                      0.150000    0.000000    0.000000   clock i_clk (rise edge)
                                  0.000000    0.000000   clock network delay (ideal)
                      0.150000    0.000000    0.000000 ^ _1225_/CLK (sky130_fd_sc_hd__dfrtp_2)
     4    0.009784    0.049396    0.256985    0.256985 ^ _1225_/Q (sky130_fd_sc_hd__dfrtp_2)
                                                         u_i2c_master_controller.i2cbus_cntrl_fsm.start_gen.delay_gen.count[12] (net)
                      0.049396    0.000000    0.256985 ^ _0777_/A (sky130_fd_sc_hd__nand2_2)
     2    0.005730    0.026051    0.030275    0.287261 v _0777_/Y (sky130_fd_sc_hd__nand2_2)
                                                         _0429_ (net)
                      0.026051    0.000000    0.287261 v _0778_/C (sky130_fd_sc_hd__and3_2)
     1    0.002059    0.022847    0.120897    0.408158 v _0778_/X (sky130_fd_sc_hd__and3_2)
                                                         _0057_ (net)
                      0.022847    0.000000    0.408158 v _1225_/D (sky130_fd_sc_hd__dfrtp_2)
                                              0.408158   data arrival time

                      0.150000    0.000000    0.000000   clock i_clk (rise edge)
                                  0.000000    0.000000   clock network delay (ideal)
                                  0.250000    0.250000   clock uncertainty
                                  0.000000    0.250000   clock reconvergence pessimism
                                              0.250000 ^ _1225_/CLK (sky130_fd_sc_hd__dfrtp_2)
                                 -0.014854    0.235146   library hold time
                                              0.235146   data required time
---------------------------------------------------------------------------------------------
                                              0.235146   data required time
                                             -0.408158   data arrival time
---------------------------------------------------------------------------------------------
                                              0.173012   slack (MET)


Startpoint: _1247_ (rising edge-triggered flip-flop clocked by i_clk)
Endpoint: _1247_ (rising edge-triggered flip-flop clocked by i_clk)
Path Group: i_clk
Path Type: min

Fanout         Cap        Slew       Delay        Time   Description
---------------------------------------------------------------------------------------------
                      0.150000    0.000000    0.000000   clock i_clk (rise edge)
                                  0.000000    0.000000   clock network delay (ideal)
                      0.150000    0.000000    0.000000 ^ _1247_/CLK (sky130_fd_sc_hd__dfrtp_2)
     4    0.009784    0.049396    0.256985    0.256985 ^ _1247_/Q (sky130_fd_sc_hd__dfrtp_2)
                                                         u_i2c_master_controller.i2cbus_cntrl_fsm.stop_gen.delay_gen.count[12] (net)
                      0.049396    0.000000    0.256985 ^ _0821_/A (sky130_fd_sc_hd__nand2_2)
     2    0.005730    0.026051    0.030275    0.287261 v _0821_/Y (sky130_fd_sc_hd__nand2_2)
                                                         _0457_ (net)
                      0.026051    0.000000    0.287261 v _0822_/C (sky130_fd_sc_hd__and3_2)
     1    0.002059    0.022847    0.120897    0.408158 v _0822_/X (sky130_fd_sc_hd__and3_2)
                                                         _0076_ (net)
                      0.022847    0.000000    0.408158 v _1247_/D (sky130_fd_sc_hd__dfrtp_2)
                                              0.408158   data arrival time

                      0.150000    0.000000    0.000000   clock i_clk (rise edge)
                                  0.000000    0.000000   clock network delay (ideal)
                                  0.250000    0.250000   clock uncertainty
                                  0.000000    0.250000   clock reconvergence pessimism
                                              0.250000 ^ _1247_/CLK (sky130_fd_sc_hd__dfrtp_2)
                                 -0.014854    0.235146   library hold time
                                              0.235146   data required time
---------------------------------------------------------------------------------------------
                                              0.235146   data required time
                                             -0.408158   data arrival time
---------------------------------------------------------------------------------------------
                                              0.173012   slack (MET)


Startpoint: _1123_ (rising edge-triggered flip-flop clocked by i_clk)
Endpoint: _1123_ (rising edge-triggered flip-flop clocked by i_clk)
Path Group: i_clk
Path Type: min

Fanout         Cap        Slew       Delay        Time   Description
---------------------------------------------------------------------------------------------
                      0.150000    0.000000    0.000000   clock i_clk (rise edge)
                                  0.000000    0.000000   clock network delay (ideal)
                      0.150000    0.000000    0.000000 ^ _1123_/CLK (sky130_fd_sc_hd__dfrtp_2)
     6    0.020278    0.083905    0.285001    0.285001 ^ _1123_/Q (sky130_fd_sc_hd__dfrtp_2)
                                                         u_i2c_master_controller.cntrl_fsm.cntrl_fsm.byte_count_i[3] (net)
                      0.083905    0.000000    0.285001 ^ _0942_/A (sky130_fd_sc_hd__nand2_2)
     1    0.001549    0.018388    0.019453    0.304454 v _0942_/Y (sky130_fd_sc_hd__nand2_2)
                                                         _0518_ (net)
                      0.018388    0.000000    0.304454 v _0944_/B (sky130_fd_sc_hd__and3_2)
     1    0.002059    0.022794    0.109005    0.413459 v _0944_/X (sky130_fd_sc_hd__and3_2)
                                                         _0246_ (net)
                      0.022794    0.000000    0.413459 v _1123_/D (sky130_fd_sc_hd__dfrtp_2)
                                              0.413459   data arrival time

                      0.150000    0.000000    0.000000   clock i_clk (rise edge)
                                  0.000000    0.000000   clock network delay (ideal)
                                  0.250000    0.250000   clock uncertainty
                                  0.000000    0.250000   clock reconvergence pessimism
                                              0.250000 ^ _1123_/CLK (sky130_fd_sc_hd__dfrtp_2)
                                 -0.014837    0.235163   library hold time
                                              0.235163   data required time
---------------------------------------------------------------------------------------------
                                              0.235163   data required time
                                             -0.413459   data arrival time
---------------------------------------------------------------------------------------------
                                              0.178296   slack (MET)


Startpoint: _1127_ (rising edge-triggered flip-flop clocked by i_clk)
Endpoint: _1127_ (rising edge-triggered flip-flop clocked by i_clk)
Path Group: i_clk
Path Type: min

Fanout         Cap        Slew       Delay        Time   Description
---------------------------------------------------------------------------------------------
                      0.150000    0.000000    0.000000   clock i_clk (rise edge)
                                  0.000000    0.000000   clock network delay (ideal)
                      0.150000    0.000000    0.000000 ^ _1127_/CLK (sky130_fd_sc_hd__dfrtp_2)
     3    0.015597    0.068141    0.273433    0.273433 ^ _1127_/Q (sky130_fd_sc_hd__dfrtp_2)
                                                         u_i2c_master_controller.cntrl_fsm.cntrl_fsm.byte_count_i[7] (net)
                      0.068141    0.000000    0.273433 ^ _0954_/B1 (sky130_fd_sc_hd__a21o_2)
     1    0.001620    0.015573    0.052045    0.325478 ^ _0954_/X (sky130_fd_sc_hd__a21o_2)
                                                         _0526_ (net)
                      0.015573    0.000000    0.325478 ^ _0956_/B (sky130_fd_sc_hd__and3_2)
     1    0.002087    0.025381    0.086894    0.412371 ^ _0956_/X (sky130_fd_sc_hd__and3_2)
                                                         _0250_ (net)
                      0.025381    0.000000    0.412371 ^ _1127_/D (sky130_fd_sc_hd__dfrtp_2)
                                              0.412371   data arrival time

                      0.150000    0.000000    0.000000   clock i_clk (rise edge)
                                  0.000000    0.000000   clock network delay (ideal)
                                  0.250000    0.250000   clock uncertainty
                                  0.000000    0.250000   clock reconvergence pessimism
                                              0.250000 ^ _1127_/CLK (sky130_fd_sc_hd__dfrtp_2)
                                 -0.016200    0.233800   library hold time
                                              0.233800   data required time
---------------------------------------------------------------------------------------------
                                              0.233800   data required time
                                             -0.412371   data arrival time
---------------------------------------------------------------------------------------------
                                              0.178572   slack (MET)


Startpoint: _1207_ (rising edge-triggered flip-flop clocked by i_clk)
Endpoint: _1211_ (rising edge-triggered flip-flop clocked by i_clk)
Path Group: i_clk
Path Type: min

Fanout         Cap        Slew       Delay        Time   Description
---------------------------------------------------------------------------------------------
                      0.150000    0.000000    0.000000   clock i_clk (rise edge)
                                  0.000000    0.000000   clock network delay (ideal)
                      0.150000    0.000000    0.000000 ^ _1207_/CLK (sky130_fd_sc_hd__dfrtp_2)
     2    0.004339    0.031901    0.240787    0.240787 ^ _1207_/Q (sky130_fd_sc_hd__dfrtp_2)
                                                         u_i2c_master_controller.i2cbus_cntrl_fsm.scl_gen.modulus[6] (net)
                      0.031901    0.000000    0.240787 ^ _0726_/B1 (sky130_fd_sc_hd__o221a_2)
     1    0.001617    0.020081    0.081778    0.322565 ^ _0726_/X (sky130_fd_sc_hd__o221a_2)
                                                         _0402_ (net)
                      0.020081    0.000000    0.322565 ^ _0729_/B (sky130_fd_sc_hd__and3b_2)
     1    0.002087    0.025543    0.089854    0.412419 ^ _0729_/X (sky130_fd_sc_hd__and3b_2)
                                                         _0045_ (net)
                      0.025543    0.000000    0.412419 ^ _1211_/D (sky130_fd_sc_hd__dfrtp_2)
                                              0.412419   data arrival time

                      0.150000    0.000000    0.000000   clock i_clk (rise edge)
                                  0.000000    0.000000   clock network delay (ideal)
                                  0.250000    0.250000   clock uncertainty
                                  0.000000    0.250000   clock reconvergence pessimism
                                              0.250000 ^ _1211_/CLK (sky130_fd_sc_hd__dfrtp_2)
                                 -0.016212    0.233788   library hold time
                                              0.233788   data required time
---------------------------------------------------------------------------------------------
                                              0.233788   data required time
                                             -0.412419   data arrival time
---------------------------------------------------------------------------------------------
                                              0.178631   slack (MET)


Startpoint: _1139_ (rising edge-triggered flip-flop clocked by i_clk)
Endpoint: _1139_ (rising edge-triggered flip-flop clocked by i_clk)
Path Group: i_clk
Path Type: min

Fanout         Cap        Slew       Delay        Time   Description
---------------------------------------------------------------------------------------------
                      0.150000    0.000000    0.000000   clock i_clk (rise edge)
                                  0.000000    0.000000   clock network delay (ideal)
                      0.150000    0.000000    0.000000 ^ _1139_/CLK (sky130_fd_sc_hd__dfrtp_2)
     3    0.015882    0.069101    0.274137    0.274137 ^ _1139_/Q (sky130_fd_sc_hd__dfrtp_2)
                                                         u_i2c_master_controller.i2cbus_cntrl_fsm.scl_gen.count[8] (net)
                      0.069101    0.000000    0.274137 ^ _0582_/B1 (sky130_fd_sc_hd__a31o_2)
     1    0.001551    0.017002    0.056500    0.330637 ^ _0582_/X (sky130_fd_sc_hd__a31o_2)
                                                         _0323_ (net)
                      0.017002    0.000000    0.330637 ^ _0585_/A (sky130_fd_sc_hd__and3_2)
     1    0.002087    0.025375    0.082684    0.413321 ^ _0585_/X (sky130_fd_sc_hd__and3_2)
                                                         _0262_ (net)
                      0.025375    0.000000    0.413321 ^ _1139_/D (sky130_fd_sc_hd__dfrtp_2)
                                              0.413321   data arrival time

                      0.150000    0.000000    0.000000   clock i_clk (rise edge)
                                  0.000000    0.000000   clock network delay (ideal)
                                  0.250000    0.250000   clock uncertainty
                                  0.000000    0.250000   clock reconvergence pessimism
                                              0.250000 ^ _1139_/CLK (sky130_fd_sc_hd__dfrtp_2)
                                 -0.016200    0.233800   library hold time
                                              0.233800   data required time
---------------------------------------------------------------------------------------------
                                              0.233800   data required time
                                             -0.413321   data arrival time
---------------------------------------------------------------------------------------------
                                              0.179521   slack (MET)


Startpoint: _1219_ (rising edge-triggered flip-flop clocked by i_clk)
Endpoint: _1219_ (rising edge-triggered flip-flop clocked by i_clk)
Path Group: i_clk
Path Type: min

Fanout         Cap        Slew       Delay        Time   Description
---------------------------------------------------------------------------------------------
                      0.150000    0.000000    0.000000   clock i_clk (rise edge)
                                  0.000000    0.000000   clock network delay (ideal)
                      0.150000    0.000000    0.000000 ^ _1219_/CLK (sky130_fd_sc_hd__dfrtp_2)
     5    0.014317    0.063877    0.270151    0.270151 ^ _1219_/Q (sky130_fd_sc_hd__dfrtp_2)
                                                         u_i2c_master_controller.i2cbus_cntrl_fsm.start_gen.delay_gen.count[6] (net)
                      0.063877    0.000000    0.270151 ^ _0758_/A (sky130_fd_sc_hd__nand2_2)
     2    0.006162    0.026891    0.032516    0.302667 v _0758_/Y (sky130_fd_sc_hd__nand2_2)
                                                         _0416_ (net)
                      0.026891    0.000000    0.302667 v _0760_/B (sky130_fd_sc_hd__and3_2)
     1    0.002059    0.022792    0.112056    0.414723 v _0760_/X (sky130_fd_sc_hd__and3_2)
                                                         _0066_ (net)
                      0.022792    0.000000    0.414723 v _1219_/D (sky130_fd_sc_hd__dfrtp_2)
                                              0.414723   data arrival time

                      0.150000    0.000000    0.000000   clock i_clk (rise edge)
                                  0.000000    0.000000   clock network delay (ideal)
                                  0.250000    0.250000   clock uncertainty
                                  0.000000    0.250000   clock reconvergence pessimism
                                              0.250000 ^ _1219_/CLK (sky130_fd_sc_hd__dfrtp_2)
                                 -0.014836    0.235164   library hold time
                                              0.235164   data required time
---------------------------------------------------------------------------------------------
                                              0.235164   data required time
                                             -0.414723   data arrival time
---------------------------------------------------------------------------------------------
                                              0.179560   slack (MET)


Startpoint: _1124_ (rising edge-triggered flip-flop clocked by i_clk)
Endpoint: _1124_ (rising edge-triggered flip-flop clocked by i_clk)
Path Group: i_clk
Path Type: min

Fanout         Cap        Slew       Delay        Time   Description
---------------------------------------------------------------------------------------------
                      0.150000    0.000000    0.000000   clock i_clk (rise edge)
                                  0.000000    0.000000   clock network delay (ideal)
                      0.150000    0.000000    0.000000 ^ _1124_/CLK (sky130_fd_sc_hd__dfrtp_2)
     4    0.014274    0.063740    0.270026    0.270026 ^ _1124_/Q (sky130_fd_sc_hd__dfrtp_2)
                                                         u_i2c_master_controller.cntrl_fsm.cntrl_fsm.byte_count_i[4] (net)
                      0.063740    0.000000    0.270026 ^ _0945_/B1 (sky130_fd_sc_hd__a21o_2)
     1    0.001687    0.015640    0.051772    0.321798 ^ _0945_/X (sky130_fd_sc_hd__a21o_2)
                                                         _0520_ (net)
                      0.015640    0.000000    0.321798 ^ _0947_/C (sky130_fd_sc_hd__and3b_2)
     1    0.002087    0.025579    0.093337    0.415135 ^ _0947_/X (sky130_fd_sc_hd__and3b_2)
                                                         _0247_ (net)
                      0.025579    0.000000    0.415135 ^ _1124_/D (sky130_fd_sc_hd__dfrtp_2)
                                              0.415135   data arrival time

                      0.150000    0.000000    0.000000   clock i_clk (rise edge)
                                  0.000000    0.000000   clock network delay (ideal)
                                  0.250000    0.250000   clock uncertainty
                                  0.000000    0.250000   clock reconvergence pessimism
                                              0.250000 ^ _1124_/CLK (sky130_fd_sc_hd__dfrtp_2)
                                 -0.016215    0.233785   library hold time
                                              0.233785   data required time
---------------------------------------------------------------------------------------------
                                              0.233785   data required time
                                             -0.415135   data arrival time
---------------------------------------------------------------------------------------------
                                              0.181350   slack (MET)


Startpoint: _1132_ (rising edge-triggered flip-flop clocked by i_clk)
Endpoint: _1132_ (rising edge-triggered flip-flop clocked by i_clk)
Path Group: i_clk
Path Type: min

Fanout         Cap        Slew       Delay        Time   Description
---------------------------------------------------------------------------------------------
                      0.150000    0.000000    0.000000   clock i_clk (rise edge)
                                  0.000000    0.000000   clock network delay (ideal)
                      0.150000    0.000000    0.000000 ^ _1132_/CLK (sky130_fd_sc_hd__dfrtp_2)
     4    0.014842    0.065598    0.271567    0.271567 ^ _1132_/Q (sky130_fd_sc_hd__dfrtp_2)
                                                         u_i2c_master_controller.i2cbus_cntrl_fsm.scl_gen.count[1] (net)
                      0.065598    0.000000    0.271567 ^ _0599_/B1 (sky130_fd_sc_hd__a21o_2)
     1    0.001687    0.015706    0.051969    0.323536 ^ _0599_/X (sky130_fd_sc_hd__a21o_2)
                                                         _0333_ (net)
                      0.015706    0.000000    0.323536 ^ _0600_/C (sky130_fd_sc_hd__and3b_2)
     1    0.002087    0.025578    0.093351    0.416887 ^ _0600_/X (sky130_fd_sc_hd__and3b_2)
                                                         _0255_ (net)
                      0.025578    0.000000    0.416887 ^ _1132_/D (sky130_fd_sc_hd__dfrtp_2)
                                              0.416887   data arrival time

                      0.150000    0.000000    0.000000   clock i_clk (rise edge)
                                  0.000000    0.000000   clock network delay (ideal)
                                  0.250000    0.250000   clock uncertainty
                                  0.000000    0.250000   clock reconvergence pessimism
                                              0.250000 ^ _1132_/CLK (sky130_fd_sc_hd__dfrtp_2)
                                 -0.016215    0.233785   library hold time
                                              0.233785   data required time
---------------------------------------------------------------------------------------------
                                              0.233785   data required time
                                             -0.416887   data arrival time
---------------------------------------------------------------------------------------------
                                              0.183102   slack (MET)


Startpoint: _1121_ (rising edge-triggered flip-flop clocked by i_clk)
Endpoint: _1121_ (rising edge-triggered flip-flop clocked by i_clk)
Path Group: i_clk
Path Type: min

Fanout         Cap        Slew       Delay        Time   Description
---------------------------------------------------------------------------------------------
                      0.150000    0.000000    0.000000   clock i_clk (rise edge)
                                  0.000000    0.000000   clock network delay (ideal)
                      0.150000    0.000000    0.000000 ^ _1121_/CLK (sky130_fd_sc_hd__dfrtp_2)
     4    0.015221    0.066875    0.272503    0.272503 ^ _1121_/Q (sky130_fd_sc_hd__dfrtp_2)
                                                         u_i2c_master_controller.cntrl_fsm.cntrl_fsm.byte_count_i[1] (net)
                      0.066875    0.000000    0.272503 ^ _0936_/B1 (sky130_fd_sc_hd__a21o_2)
     1    0.001687    0.015751    0.052105    0.324608 ^ _0936_/X (sky130_fd_sc_hd__a21o_2)
                                                         _0514_ (net)
                      0.015751    0.000000    0.324608 ^ _0938_/C (sky130_fd_sc_hd__and3b_2)
     1    0.002087    0.025579    0.093361    0.417969 ^ _0938_/X (sky130_fd_sc_hd__and3b_2)
                                                         _0244_ (net)
                      0.025579    0.000000    0.417969 ^ _1121_/D (sky130_fd_sc_hd__dfrtp_2)
                                              0.417969   data arrival time

                      0.150000    0.000000    0.000000   clock i_clk (rise edge)
                                  0.000000    0.000000   clock network delay (ideal)
                                  0.250000    0.250000   clock uncertainty
                                  0.000000    0.250000   clock reconvergence pessimism
                                              0.250000 ^ _1121_/CLK (sky130_fd_sc_hd__dfrtp_2)
                                 -0.016215    0.233785   library hold time
                                              0.233785   data required time
---------------------------------------------------------------------------------------------
                                              0.233785   data required time
                                             -0.417969   data arrival time
---------------------------------------------------------------------------------------------
                                              0.184183   slack (MET)


Startpoint: _1239_ (rising edge-triggered flip-flop clocked by i_clk)
Endpoint: _1239_ (rising edge-triggered flip-flop clocked by i_clk)
Path Group: i_clk
Path Type: min

Fanout         Cap        Slew       Delay        Time   Description
---------------------------------------------------------------------------------------------
                      0.150000    0.000000    0.000000   clock i_clk (rise edge)
                                  0.000000    0.000000   clock network delay (ideal)
                      0.150000    0.000000    0.000000 ^ _1239_/CLK (sky130_fd_sc_hd__dfrtp_2)
     6    0.015854    0.069006    0.274068    0.274068 ^ _1239_/Q (sky130_fd_sc_hd__dfrtp_2)
                                                         u_i2c_master_controller.i2cbus_cntrl_fsm.stop_gen.delay_gen.count[4] (net)
                      0.069006    0.000000    0.274068 ^ _0797_/A (sky130_fd_sc_hd__nand2_2)
     2    0.005731    0.030568    0.031862    0.305930 v _0797_/Y (sky130_fd_sc_hd__nand2_2)
                                                         _0441_ (net)
                      0.030568    0.000000    0.305930 v _0799_/B (sky130_fd_sc_hd__and3_2)
     1    0.002059    0.022792    0.113451    0.419381 v _0799_/X (sky130_fd_sc_hd__and3_2)
                                                         _0083_ (net)
                      0.022792    0.000000    0.419381 v _1239_/D (sky130_fd_sc_hd__dfrtp_2)
                                              0.419381   data arrival time

                      0.150000    0.000000    0.000000   clock i_clk (rise edge)
                                  0.000000    0.000000   clock network delay (ideal)
                                  0.250000    0.250000   clock uncertainty
                                  0.000000    0.250000   clock reconvergence pessimism
                                              0.250000 ^ _1239_/CLK (sky130_fd_sc_hd__dfrtp_2)
                                 -0.014836    0.235164   library hold time
                                              0.235164   data required time
---------------------------------------------------------------------------------------------
                                              0.235164   data required time
                                             -0.419381   data arrival time
---------------------------------------------------------------------------------------------
                                              0.184217   slack (MET)


Startpoint: _1122_ (rising edge-triggered flip-flop clocked by i_clk)
Endpoint: _1122_ (rising edge-triggered flip-flop clocked by i_clk)
Path Group: i_clk
Path Type: min

Fanout         Cap        Slew       Delay        Time   Description
---------------------------------------------------------------------------------------------
                      0.150000    0.000000    0.000000   clock i_clk (rise edge)
                                  0.000000    0.000000   clock network delay (ideal)
                      0.150000    0.000000    0.000000 ^ _1122_/CLK (sky130_fd_sc_hd__dfrtp_2)
     3    0.012569    0.058293    0.265074    0.265074 ^ _1122_/Q (sky130_fd_sc_hd__dfrtp_2)
                                                         u_i2c_master_controller.cntrl_fsm.cntrl_fsm.byte_count_i[2] (net)
                      0.058293    0.000000    0.265074 ^ _0940_/A (sky130_fd_sc_hd__or2_2)
     1    0.001617    0.017194    0.066950    0.332024 ^ _0940_/X (sky130_fd_sc_hd__or2_2)
                                                         _0517_ (net)
                      0.017194    0.000000    0.332024 ^ _0941_/B (sky130_fd_sc_hd__and3b_2)
     1    0.002087    0.025553    0.089160    0.421184 ^ _0941_/X (sky130_fd_sc_hd__and3b_2)
                                                         _0245_ (net)
                      0.025553    0.000000    0.421184 ^ _1122_/D (sky130_fd_sc_hd__dfrtp_2)
                                              0.421184   data arrival time

                      0.150000    0.000000    0.000000   clock i_clk (rise edge)
                                  0.000000    0.000000   clock network delay (ideal)
                                  0.250000    0.250000   clock uncertainty
                                  0.000000    0.250000   clock reconvergence pessimism
                                              0.250000 ^ _1122_/CLK (sky130_fd_sc_hd__dfrtp_2)
                                 -0.016213    0.233787   library hold time
                                              0.233787   data required time
---------------------------------------------------------------------------------------------
                                              0.233787   data required time
                                             -0.421184   data arrival time
---------------------------------------------------------------------------------------------
                                              0.187397   slack (MET)


Startpoint: _1210_ (rising edge-triggered flip-flop clocked by i_clk)
Endpoint: _1259_ (rising edge-triggered flip-flop clocked by i_clk)
Path Group: i_clk
Path Type: min

Fanout         Cap        Slew       Delay        Time   Description
---------------------------------------------------------------------------------------------
                      0.150000    0.000000    0.000000   clock i_clk (rise edge)
                                  0.000000    0.000000   clock network delay (ideal)
                      0.150000    0.000000    0.000000 ^ _1210_/CLK (sky130_fd_sc_hd__dfstp_2)
     1    0.002258    0.025176    0.323939    0.323939 ^ _1210_/Q (sky130_fd_sc_hd__dfstp_2)
                                                         u_i2c_master_controller.i2cbus_cntrl_fsm.o_i2c_master_scl (net)
                      0.025176    0.000000    0.323939 ^ _0975_/A (sky130_fd_sc_hd__buf_1)
     1    0.004377    0.046732    0.060014    0.383953 ^ _0975_/X (sky130_fd_sc_hd__buf_1)
                                                         _0529_ (net)
                      0.046732    0.000000    0.383953 ^ _1289_/TE_B (sky130_fd_sc_hd__ebufn_2)
     2    0.040570    0.000000    0.025609    0.409562 v _1289_/Z (sky130_fd_sc_hd__ebufn_2)
                                                         io_scl (net)
                      0.000000    0.000000    0.409562 v _0574_/A (sky130_fd_sc_hd__inv_2)
     1    0.002087    0.011803    0.013483    0.423045 ^ _0574_/Y (sky130_fd_sc_hd__inv_2)
                                                         _0043_ (net)
                      0.011803    0.000000    0.423045 ^ _1259_/D (sky130_fd_sc_hd__dfrtp_2)
                                              0.423045   data arrival time

                      0.150000    0.000000    0.000000   clock i_clk (rise edge)
                                  0.000000    0.000000   clock network delay (ideal)
                                  0.250000    0.250000   clock uncertainty
                                  0.000000    0.250000   clock reconvergence pessimism
                                              0.250000 ^ _1259_/CLK (sky130_fd_sc_hd__dfrtp_2)
                                 -0.015222    0.234778   library hold time
                                              0.234778   data required time
---------------------------------------------------------------------------------------------
                                              0.234778   data required time
                                             -0.423045   data arrival time
---------------------------------------------------------------------------------------------
                                              0.188267   slack (MET)


Startpoint: _1120_ (rising edge-triggered flip-flop clocked by i_clk)
Endpoint: _1120_ (rising edge-triggered flip-flop clocked by i_clk)
Path Group: i_clk
Path Type: min

Fanout         Cap        Slew       Delay        Time   Description
---------------------------------------------------------------------------------------------
                      0.150000    0.000000    0.000000   clock i_clk (rise edge)
                                  0.000000    0.000000   clock network delay (ideal)
                      0.150000    0.000000    0.000000 ^ _1120_/CLK (sky130_fd_sc_hd__dfrtp_2)
     6    0.021130    0.086775    0.287107    0.287107 ^ _1120_/Q (sky130_fd_sc_hd__dfrtp_2)
                                                         u_i2c_master_controller.cntrl_fsm.cntrl_fsm.byte_count_i[0] (net)
                      0.086775    0.000000    0.287107 ^ _0934_/A (sky130_fd_sc_hd__nand2_2)
     1    0.001548    0.016208    0.019404    0.306511 v _0934_/Y (sky130_fd_sc_hd__nand2_2)
                                                         _0513_ (net)
                      0.016208    0.000000    0.306511 v _0935_/C (sky130_fd_sc_hd__and3_2)
     1    0.002059    0.022794    0.117441    0.423951 v _0935_/X (sky130_fd_sc_hd__and3_2)
                                                         _0243_ (net)
                      0.022794    0.000000    0.423951 v _1120_/D (sky130_fd_sc_hd__dfrtp_2)
                                              0.423951   data arrival time

                      0.150000    0.000000    0.000000   clock i_clk (rise edge)
                                  0.000000    0.000000   clock network delay (ideal)
                                  0.250000    0.250000   clock uncertainty
                                  0.000000    0.250000   clock reconvergence pessimism
                                              0.250000 ^ _1120_/CLK (sky130_fd_sc_hd__dfrtp_2)
                                 -0.014837    0.235163   library hold time
                                              0.235163   data required time
---------------------------------------------------------------------------------------------
                                              0.235163   data required time
                                             -0.423951   data arrival time
---------------------------------------------------------------------------------------------
                                              0.188788   slack (MET)


Startpoint: _1125_ (rising edge-triggered flip-flop clocked by i_clk)
Endpoint: _1125_ (rising edge-triggered flip-flop clocked by i_clk)
Path Group: i_clk
Path Type: min

Fanout         Cap        Slew       Delay        Time   Description
---------------------------------------------------------------------------------------------
                      0.150000    0.000000    0.000000   clock i_clk (rise edge)
                                  0.000000    0.000000   clock network delay (ideal)
                      0.150000    0.000000    0.000000 ^ _1125_/CLK (sky130_fd_sc_hd__dfrtp_2)
     3    0.011693    0.055494    0.262530    0.262530 ^ _1125_/Q (sky130_fd_sc_hd__dfrtp_2)
                                                         u_i2c_master_controller.cntrl_fsm.cntrl_fsm.byte_count_i[5] (net)
                      0.055494    0.000000    0.262530 ^ _0948_/A (sky130_fd_sc_hd__or2_2)
     1    0.001687    0.017438    0.066525    0.329055 ^ _0948_/X (sky130_fd_sc_hd__or2_2)
                                                         _0522_ (net)
                      0.017438    0.000000    0.329055 ^ _0950_/C (sky130_fd_sc_hd__and3b_2)
     1    0.002087    0.025576    0.093723    0.422777 ^ _0950_/X (sky130_fd_sc_hd__and3b_2)
                                                         _0248_ (net)
                      0.025576    0.000000    0.422777 ^ _1125_/D (sky130_fd_sc_hd__dfrtp_2)
                                              0.422777   data arrival time

                      0.150000    0.000000    0.000000   clock i_clk (rise edge)
                                  0.000000    0.000000   clock network delay (ideal)
                                  0.250000    0.250000   clock uncertainty
                                  0.000000    0.250000   clock reconvergence pessimism
                                              0.250000 ^ _1125_/CLK (sky130_fd_sc_hd__dfrtp_2)
                                 -0.016214    0.233786   library hold time
                                              0.233786   data required time
---------------------------------------------------------------------------------------------
                                              0.233786   data required time
                                             -0.422777   data arrival time
---------------------------------------------------------------------------------------------
                                              0.188992   slack (MET)


Startpoint: _1217_ (rising edge-triggered flip-flop clocked by i_clk)
Endpoint: _1217_ (rising edge-triggered flip-flop clocked by i_clk)
Path Group: i_clk
Path Type: min

Fanout         Cap        Slew       Delay        Time   Description
---------------------------------------------------------------------------------------------
                      0.150000    0.000000    0.000000   clock i_clk (rise edge)
                                  0.000000    0.000000   clock network delay (ideal)
                      0.150000    0.000000    0.000000 ^ _1217_/CLK (sky130_fd_sc_hd__dfrtp_2)
     5    0.017825    0.075644    0.278939    0.278939 ^ _1217_/Q (sky130_fd_sc_hd__dfrtp_2)
                                                         u_i2c_master_controller.i2cbus_cntrl_fsm.start_gen.delay_gen.count[4] (net)
                      0.075644    0.000000    0.278939 ^ _0753_/A (sky130_fd_sc_hd__nand2_2)
     2    0.005731    0.031806    0.032240    0.311179 v _0753_/Y (sky130_fd_sc_hd__nand2_2)
                                                         _0413_ (net)
                      0.031806    0.000000    0.311179 v _0755_/B (sky130_fd_sc_hd__and3_2)
     1    0.002059    0.022792    0.113921    0.425100 v _0755_/X (sky130_fd_sc_hd__and3_2)
                                                         _0064_ (net)
                      0.022792    0.000000    0.425100 v _1217_/D (sky130_fd_sc_hd__dfrtp_2)
                                              0.425100   data arrival time

                      0.150000    0.000000    0.000000   clock i_clk (rise edge)
                                  0.000000    0.000000   clock network delay (ideal)
                                  0.250000    0.250000   clock uncertainty
                                  0.000000    0.250000   clock reconvergence pessimism
                                              0.250000 ^ _1217_/CLK (sky130_fd_sc_hd__dfrtp_2)
                                 -0.014836    0.235164   library hold time
                                              0.235164   data required time
---------------------------------------------------------------------------------------------
                                              0.235164   data required time
                                             -0.425100   data arrival time
---------------------------------------------------------------------------------------------
                                              0.189936   slack (MET)


Startpoint: _1214_ (rising edge-triggered flip-flop clocked by i_clk)
Endpoint: _1214_ (rising edge-triggered flip-flop clocked by i_clk)
Path Group: i_clk
Path Type: min

Fanout         Cap        Slew       Delay        Time   Description
---------------------------------------------------------------------------------------------
                      0.150000    0.000000    0.000000   clock i_clk (rise edge)
                                  0.000000    0.000000   clock network delay (ideal)
                      0.150000    0.000000    0.000000 ^ _1214_/CLK (sky130_fd_sc_hd__dfrtp_2)
     6    0.014447    0.064293    0.270529    0.270529 ^ _1214_/Q (sky130_fd_sc_hd__dfrtp_2)
                                                         u_i2c_master_controller.i2cbus_cntrl_fsm.start_gen.delay_gen.count[1] (net)
                      0.064293    0.000000    0.270529 ^ _0746_/A (sky130_fd_sc_hd__nand2_2)
     2    0.006161    0.030549    0.032540    0.303069 v _0746_/Y (sky130_fd_sc_hd__nand2_2)
                                                         _0409_ (net)
                      0.030549    0.000000    0.303069 v _0747_/C (sky130_fd_sc_hd__and3_2)
     1    0.002059    0.022792    0.122595    0.425664 v _0747_/X (sky130_fd_sc_hd__and3_2)
                                                         _0061_ (net)
                      0.022792    0.000000    0.425664 v _1214_/D (sky130_fd_sc_hd__dfrtp_2)
                                              0.425664   data arrival time

                      0.150000    0.000000    0.000000   clock i_clk (rise edge)
                                  0.000000    0.000000   clock network delay (ideal)
                                  0.250000    0.250000   clock uncertainty
                                  0.000000    0.250000   clock reconvergence pessimism
                                              0.250000 ^ _1214_/CLK (sky130_fd_sc_hd__dfrtp_2)
                                 -0.014836    0.235164   library hold time
                                              0.235164   data required time
---------------------------------------------------------------------------------------------
                                              0.235164   data required time
                                             -0.425664   data arrival time
---------------------------------------------------------------------------------------------
                                              0.190500   slack (MET)


Startpoint: _1236_ (rising edge-triggered flip-flop clocked by i_clk)
Endpoint: _1236_ (rising edge-triggered flip-flop clocked by i_clk)
Path Group: i_clk
Path Type: min

Fanout         Cap        Slew       Delay        Time   Description
---------------------------------------------------------------------------------------------
                      0.150000    0.000000    0.000000   clock i_clk (rise edge)
                                  0.000000    0.000000   clock network delay (ideal)
                      0.150000    0.000000    0.000000 ^ _1236_/CLK (sky130_fd_sc_hd__dfrtp_2)
     6    0.014447    0.064293    0.270529    0.270529 ^ _1236_/Q (sky130_fd_sc_hd__dfrtp_2)
                                                         u_i2c_master_controller.i2cbus_cntrl_fsm.stop_gen.delay_gen.count[1] (net)
                      0.064293    0.000000    0.270529 ^ _0790_/A (sky130_fd_sc_hd__nand2_2)
     2    0.006161    0.030549    0.032540    0.303069 v _0790_/Y (sky130_fd_sc_hd__nand2_2)
                                                         _0437_ (net)
                      0.030549    0.000000    0.303069 v _0791_/C (sky130_fd_sc_hd__and3_2)
     1    0.002059    0.022792    0.122595    0.425664 v _0791_/X (sky130_fd_sc_hd__and3_2)
                                                         _0080_ (net)
                      0.022792    0.000000    0.425664 v _1236_/D (sky130_fd_sc_hd__dfrtp_2)
                                              0.425664   data arrival time

                      0.150000    0.000000    0.000000   clock i_clk (rise edge)
                                  0.000000    0.000000   clock network delay (ideal)
                                  0.250000    0.250000   clock uncertainty
                                  0.000000    0.250000   clock reconvergence pessimism
                                              0.250000 ^ _1236_/CLK (sky130_fd_sc_hd__dfrtp_2)
                                 -0.014836    0.235164   library hold time
                                              0.235164   data required time
---------------------------------------------------------------------------------------------
                                              0.235164   data required time
                                             -0.425664   data arrival time
---------------------------------------------------------------------------------------------
                                              0.190500   slack (MET)


Startpoint: _1126_ (rising edge-triggered flip-flop clocked by i_clk)
Endpoint: _1126_ (rising edge-triggered flip-flop clocked by i_clk)
Path Group: i_clk
Path Type: min

Fanout         Cap        Slew       Delay        Time   Description
---------------------------------------------------------------------------------------------
                      0.150000    0.000000    0.000000   clock i_clk (rise edge)
                                  0.000000    0.000000   clock network delay (ideal)
                      0.150000    0.000000    0.000000 ^ _1126_/CLK (sky130_fd_sc_hd__dfrtp_2)
     5    0.021523    0.088098    0.288078    0.288078 ^ _1126_/Q (sky130_fd_sc_hd__dfrtp_2)
                                                         u_i2c_master_controller.cntrl_fsm.cntrl_fsm.byte_count_i[6] (net)
                      0.088098    0.000000    0.288078 ^ _0952_/A (sky130_fd_sc_hd__nand2_2)
     1    0.001548    0.020200    0.019383    0.307461 v _0952_/Y (sky130_fd_sc_hd__nand2_2)
                                                         _0525_ (net)
                      0.020200    0.000000    0.307461 v _0953_/C (sky130_fd_sc_hd__and3_2)
     1    0.002059    0.022794    0.118796    0.426257 v _0953_/X (sky130_fd_sc_hd__and3_2)
                                                         _0249_ (net)
                      0.022794    0.000000    0.426257 v _1126_/D (sky130_fd_sc_hd__dfrtp_2)
                                              0.426257   data arrival time

                      0.150000    0.000000    0.000000   clock i_clk (rise edge)
                                  0.000000    0.000000   clock network delay (ideal)
                                  0.250000    0.250000   clock uncertainty
                                  0.000000    0.250000   clock reconvergence pessimism
                                              0.250000 ^ _1126_/CLK (sky130_fd_sc_hd__dfrtp_2)
                                 -0.014837    0.235163   library hold time
                                              0.235163   data required time
---------------------------------------------------------------------------------------------
                                              0.235163   data required time
                                             -0.426257   data arrival time
---------------------------------------------------------------------------------------------
                                              0.191094   slack (MET)


Startpoint: _1230_ (rising edge-triggered flip-flop clocked by i_clk)
Endpoint: _1256_ (rising edge-triggered flip-flop clocked by i_clk)
Path Group: i_clk
Path Type: min

Fanout         Cap        Slew       Delay        Time   Description
---------------------------------------------------------------------------------------------
                      0.150000    0.000000    0.000000   clock i_clk (rise edge)
                                  0.000000    0.000000   clock network delay (ideal)
                      0.150000    0.000000    0.000000 ^ _1230_/CLK (sky130_fd_sc_hd__dfstp_2)
     1    0.001615    0.023371    0.321635    0.321635 ^ _1230_/Q (sky130_fd_sc_hd__dfstp_2)
                                                         u_i2c_master_controller.i2cbus_cntrl_fsm.i2c_master_start_sda_i (net)
                      0.023371    0.000000    0.321635 ^ _0610_/A (sky130_fd_sc_hd__and4_2)
     1    0.004377    0.038391    0.110639    0.432274 ^ _0610_/X (sky130_fd_sc_hd__and4_2)
                                                         _0530_ (net)
                      0.038391    0.000000    0.432274 ^ _1290_/TE_B (sky130_fd_sc_hd__ebufn_2)
     2    0.040570    0.000000    0.025460    0.457734 v _1290_/Z (sky130_fd_sc_hd__ebufn_2)
                                                         io_sda (net)
                      0.000000    0.000000    0.457734 v _0573_/A (sky130_fd_sc_hd__inv_2)
     1    0.002087    0.011803    0.013483    0.471217 ^ _0573_/Y (sky130_fd_sc_hd__inv_2)
                                                         _0044_ (net)
                      0.011803    0.000000    0.471217 ^ _1256_/D (sky130_fd_sc_hd__dfrtp_2)
                                              0.471217   data arrival time

                      0.150000    0.000000    0.000000   clock i_clk (rise edge)
                                  0.000000    0.000000   clock network delay (ideal)
                                  0.250000    0.250000   clock uncertainty
                                  0.000000    0.250000   clock reconvergence pessimism
                                              0.250000 ^ _1256_/CLK (sky130_fd_sc_hd__dfrtp_2)
                                 -0.015222    0.234778   library hold time
                                              0.234778   data required time
---------------------------------------------------------------------------------------------
                                              0.234778   data required time
                                             -0.471217   data arrival time
---------------------------------------------------------------------------------------------
                                              0.236439   slack (MET)


Startpoint: _1260_ (rising edge-triggered flip-flop clocked by i_clk)
Endpoint: _1129_ (removal check against rising-edge clock i_clk)
Path Group: asynchronous
Path Type: min

Fanout         Cap        Slew       Delay        Time   Description
---------------------------------------------------------------------------------------------
                      0.150000    0.000000    0.000000   clock i_clk (rise edge)
                                  0.000000    0.000000   clock network delay (ideal)
                      0.150000    0.000000    0.000000 ^ _1260_/CLK (sky130_fd_sc_hd__dfrtp_2)
    93    0.239475    0.849226    0.813062    0.813062 ^ _1260_/Q (sky130_fd_sc_hd__dfrtp_2)
                                                         u_i2c_master_controller.soft_reset_d3 (net)
                      0.849226    0.000000    0.813062 ^ _0977_/A2 (sky130_fd_sc_hd__o21a_2)
     1    0.003617    0.037575    0.056616    0.869678 ^ _0977_/X (sky130_fd_sc_hd__o21a_2)
                                                         _0102_ (net)
                      0.037575    0.000000    0.869678 ^ _1129_/RESET_B (sky130_fd_sc_hd__dfrtp_2)
                                              0.869678   data arrival time

                      0.150000    0.000000    0.000000   clock i_clk (rise edge)
                                  0.000000    0.000000   clock network delay (ideal)
                                  0.250000    0.250000   clock uncertainty
                                  0.000000    0.250000   clock reconvergence pessimism
                                              0.250000 ^ _1129_/CLK (sky130_fd_sc_hd__dfrtp_2)
                                  0.215242    0.465242   library removal time
                                              0.465242   data required time
---------------------------------------------------------------------------------------------
                                              0.465242   data required time
                                             -0.869678   data arrival time
---------------------------------------------------------------------------------------------
                                              0.404435   slack (MET)


Startpoint: _1260_ (rising edge-triggered flip-flop clocked by i_clk)
Endpoint: _1130_ (removal check against rising-edge clock i_clk)
Path Group: asynchronous
Path Type: min

Fanout         Cap        Slew       Delay        Time   Description
---------------------------------------------------------------------------------------------
                      0.150000    0.000000    0.000000   clock i_clk (rise edge)
                                  0.000000    0.000000   clock network delay (ideal)
                      0.150000    0.000000    0.000000 ^ _1260_/CLK (sky130_fd_sc_hd__dfrtp_2)
    93    0.239475    0.849226    0.813062    0.813062 ^ _1260_/Q (sky130_fd_sc_hd__dfrtp_2)
                                                         u_i2c_master_controller.soft_reset_d3 (net)
                      0.849226    0.000000    0.813062 ^ _0978_/A2 (sky130_fd_sc_hd__o21a_2)
     1    0.003617    0.037575    0.056616    0.869678 ^ _0978_/X (sky130_fd_sc_hd__o21a_2)
                                                         _0103_ (net)
                      0.037575    0.000000    0.869678 ^ _1130_/RESET_B (sky130_fd_sc_hd__dfrtp_2)
                                              0.869678   data arrival time

                      0.150000    0.000000    0.000000   clock i_clk (rise edge)
                                  0.000000    0.000000   clock network delay (ideal)
                                  0.250000    0.250000   clock uncertainty
                                  0.000000    0.250000   clock reconvergence pessimism
                                              0.250000 ^ _1130_/CLK (sky130_fd_sc_hd__dfrtp_2)
                                  0.215242    0.465242   library removal time
                                              0.465242   data required time
---------------------------------------------------------------------------------------------
                                              0.465242   data required time
                                             -0.869678   data arrival time
---------------------------------------------------------------------------------------------
                                              0.404435   slack (MET)


Startpoint: _1260_ (rising edge-triggered flip-flop clocked by i_clk)
Endpoint: _1131_ (removal check against rising-edge clock i_clk)
Path Group: asynchronous
Path Type: min

Fanout         Cap        Slew       Delay        Time   Description
---------------------------------------------------------------------------------------------
                      0.150000    0.000000    0.000000   clock i_clk (rise edge)
                                  0.000000    0.000000   clock network delay (ideal)
                      0.150000    0.000000    0.000000 ^ _1260_/CLK (sky130_fd_sc_hd__dfrtp_2)
    93    0.239475    0.849226    0.813062    0.813062 ^ _1260_/Q (sky130_fd_sc_hd__dfrtp_2)
                                                         u_i2c_master_controller.soft_reset_d3 (net)
                      0.849226    0.000000    0.813062 ^ _0979_/A2 (sky130_fd_sc_hd__o21a_2)
     1    0.003617    0.037575    0.056616    0.869678 ^ _0979_/X (sky130_fd_sc_hd__o21a_2)
                                                         _0104_ (net)
                      0.037575    0.000000    0.869678 ^ _1131_/RESET_B (sky130_fd_sc_hd__dfrtp_2)
                                              0.869678   data arrival time

                      0.150000    0.000000    0.000000   clock i_clk (rise edge)
                                  0.000000    0.000000   clock network delay (ideal)
                                  0.250000    0.250000   clock uncertainty
                                  0.000000    0.250000   clock reconvergence pessimism
                                              0.250000 ^ _1131_/CLK (sky130_fd_sc_hd__dfrtp_2)
                                  0.215242    0.465242   library removal time
                                              0.465242   data required time
---------------------------------------------------------------------------------------------
                                              0.465242   data required time
                                             -0.869678   data arrival time
---------------------------------------------------------------------------------------------
                                              0.404435   slack (MET)


Startpoint: _1260_ (rising edge-triggered flip-flop clocked by i_clk)
Endpoint: _1132_ (removal check against rising-edge clock i_clk)
Path Group: asynchronous
Path Type: min

Fanout         Cap        Slew       Delay        Time   Description
---------------------------------------------------------------------------------------------
                      0.150000    0.000000    0.000000   clock i_clk (rise edge)
                                  0.000000    0.000000   clock network delay (ideal)
                      0.150000    0.000000    0.000000 ^ _1260_/CLK (sky130_fd_sc_hd__dfrtp_2)
    93    0.239475    0.849226    0.813062    0.813062 ^ _1260_/Q (sky130_fd_sc_hd__dfrtp_2)
                                                         u_i2c_master_controller.soft_reset_d3 (net)
                      0.849226    0.000000    0.813062 ^ _0980_/A2 (sky130_fd_sc_hd__o21a_2)
     1    0.003617    0.037575    0.056616    0.869678 ^ _0980_/X (sky130_fd_sc_hd__o21a_2)
                                                         _0105_ (net)
                      0.037575    0.000000    0.869678 ^ _1132_/RESET_B (sky130_fd_sc_hd__dfrtp_2)
                                              0.869678   data arrival time

                      0.150000    0.000000    0.000000   clock i_clk (rise edge)
                                  0.000000    0.000000   clock network delay (ideal)
                                  0.250000    0.250000   clock uncertainty
                                  0.000000    0.250000   clock reconvergence pessimism
                                              0.250000 ^ _1132_/CLK (sky130_fd_sc_hd__dfrtp_2)
                                  0.215242    0.465242   library removal time
                                              0.465242   data required time
---------------------------------------------------------------------------------------------
                                              0.465242   data required time
                                             -0.869678   data arrival time
---------------------------------------------------------------------------------------------
                                              0.404435   slack (MET)


Startpoint: _1260_ (rising edge-triggered flip-flop clocked by i_clk)
Endpoint: _1133_ (removal check against rising-edge clock i_clk)
Path Group: asynchronous
Path Type: min

Fanout         Cap        Slew       Delay        Time   Description
---------------------------------------------------------------------------------------------
                      0.150000    0.000000    0.000000   clock i_clk (rise edge)
                                  0.000000    0.000000   clock network delay (ideal)
                      0.150000    0.000000    0.000000 ^ _1260_/CLK (sky130_fd_sc_hd__dfrtp_2)
    93    0.239475    0.849226    0.813062    0.813062 ^ _1260_/Q (sky130_fd_sc_hd__dfrtp_2)
                                                         u_i2c_master_controller.soft_reset_d3 (net)
                      0.849226    0.000000    0.813062 ^ _0981_/A2 (sky130_fd_sc_hd__o21a_2)
     1    0.003617    0.037575    0.056616    0.869678 ^ _0981_/X (sky130_fd_sc_hd__o21a_2)
                                                         _0106_ (net)
                      0.037575    0.000000    0.869678 ^ _1133_/RESET_B (sky130_fd_sc_hd__dfrtp_2)
                                              0.869678   data arrival time

                      0.150000    0.000000    0.000000   clock i_clk (rise edge)
                                  0.000000    0.000000   clock network delay (ideal)
                                  0.250000    0.250000   clock uncertainty
                                  0.000000    0.250000   clock reconvergence pessimism
                                              0.250000 ^ _1133_/CLK (sky130_fd_sc_hd__dfrtp_2)
                                  0.215242    0.465242   library removal time
                                              0.465242   data required time
---------------------------------------------------------------------------------------------
                                              0.465242   data required time
                                             -0.869678   data arrival time
---------------------------------------------------------------------------------------------
                                              0.404435   slack (MET)


Startpoint: _1260_ (rising edge-triggered flip-flop clocked by i_clk)
Endpoint: _1134_ (removal check against rising-edge clock i_clk)
Path Group: asynchronous
Path Type: min

Fanout         Cap        Slew       Delay        Time   Description
---------------------------------------------------------------------------------------------
                      0.150000    0.000000    0.000000   clock i_clk (rise edge)
                                  0.000000    0.000000   clock network delay (ideal)
                      0.150000    0.000000    0.000000 ^ _1260_/CLK (sky130_fd_sc_hd__dfrtp_2)
    93    0.239475    0.849226    0.813062    0.813062 ^ _1260_/Q (sky130_fd_sc_hd__dfrtp_2)
                                                         u_i2c_master_controller.soft_reset_d3 (net)
                      0.849226    0.000000    0.813062 ^ _0982_/A2 (sky130_fd_sc_hd__o21a_2)
     1    0.003617    0.037575    0.056616    0.869678 ^ _0982_/X (sky130_fd_sc_hd__o21a_2)
                                                         _0107_ (net)
                      0.037575    0.000000    0.869678 ^ _1134_/RESET_B (sky130_fd_sc_hd__dfrtp_2)
                                              0.869678   data arrival time

                      0.150000    0.000000    0.000000   clock i_clk (rise edge)
                                  0.000000    0.000000   clock network delay (ideal)
                                  0.250000    0.250000   clock uncertainty
                                  0.000000    0.250000   clock reconvergence pessimism
                                              0.250000 ^ _1134_/CLK (sky130_fd_sc_hd__dfrtp_2)
                                  0.215242    0.465242   library removal time
                                              0.465242   data required time
---------------------------------------------------------------------------------------------
                                              0.465242   data required time
                                             -0.869678   data arrival time
---------------------------------------------------------------------------------------------
                                              0.404435   slack (MET)


Startpoint: _1260_ (rising edge-triggered flip-flop clocked by i_clk)
Endpoint: _1135_ (removal check against rising-edge clock i_clk)
Path Group: asynchronous
Path Type: min

Fanout         Cap        Slew       Delay        Time   Description
---------------------------------------------------------------------------------------------
                      0.150000    0.000000    0.000000   clock i_clk (rise edge)
                                  0.000000    0.000000   clock network delay (ideal)
                      0.150000    0.000000    0.000000 ^ _1260_/CLK (sky130_fd_sc_hd__dfrtp_2)
    93    0.239475    0.849226    0.813062    0.813062 ^ _1260_/Q (sky130_fd_sc_hd__dfrtp_2)
                                                         u_i2c_master_controller.soft_reset_d3 (net)
                      0.849226    0.000000    0.813062 ^ _0983_/A2 (sky130_fd_sc_hd__o21a_2)
     1    0.003617    0.037575    0.056616    0.869678 ^ _0983_/X (sky130_fd_sc_hd__o21a_2)
                                                         _0108_ (net)
                      0.037575    0.000000    0.869678 ^ _1135_/RESET_B (sky130_fd_sc_hd__dfrtp_2)
                                              0.869678   data arrival time

                      0.150000    0.000000    0.000000   clock i_clk (rise edge)
                                  0.000000    0.000000   clock network delay (ideal)
                                  0.250000    0.250000   clock uncertainty
                                  0.000000    0.250000   clock reconvergence pessimism
                                              0.250000 ^ _1135_/CLK (sky130_fd_sc_hd__dfrtp_2)
                                  0.215242    0.465242   library removal time
                                              0.465242   data required time
---------------------------------------------------------------------------------------------
                                              0.465242   data required time
                                             -0.869678   data arrival time
---------------------------------------------------------------------------------------------
                                              0.404435   slack (MET)


Startpoint: _1260_ (rising edge-triggered flip-flop clocked by i_clk)
Endpoint: _1136_ (removal check against rising-edge clock i_clk)
Path Group: asynchronous
Path Type: min

Fanout         Cap        Slew       Delay        Time   Description
---------------------------------------------------------------------------------------------
                      0.150000    0.000000    0.000000   clock i_clk (rise edge)
                                  0.000000    0.000000   clock network delay (ideal)
                      0.150000    0.000000    0.000000 ^ _1260_/CLK (sky130_fd_sc_hd__dfrtp_2)
    93    0.239475    0.849226    0.813062    0.813062 ^ _1260_/Q (sky130_fd_sc_hd__dfrtp_2)
                                                         u_i2c_master_controller.soft_reset_d3 (net)
                      0.849226    0.000000    0.813062 ^ _0984_/A2 (sky130_fd_sc_hd__o21a_2)
     1    0.003617    0.037575    0.056616    0.869678 ^ _0984_/X (sky130_fd_sc_hd__o21a_2)
                                                         _0109_ (net)
                      0.037575    0.000000    0.869678 ^ _1136_/RESET_B (sky130_fd_sc_hd__dfrtp_2)
                                              0.869678   data arrival time

                      0.150000    0.000000    0.000000   clock i_clk (rise edge)
                                  0.000000    0.000000   clock network delay (ideal)
                                  0.250000    0.250000   clock uncertainty
                                  0.000000    0.250000   clock reconvergence pessimism
                                              0.250000 ^ _1136_/CLK (sky130_fd_sc_hd__dfrtp_2)
                                  0.215242    0.465242   library removal time
                                              0.465242   data required time
---------------------------------------------------------------------------------------------
                                              0.465242   data required time
                                             -0.869678   data arrival time
---------------------------------------------------------------------------------------------
                                              0.404435   slack (MET)


Startpoint: _1260_ (rising edge-triggered flip-flop clocked by i_clk)
Endpoint: _1137_ (removal check against rising-edge clock i_clk)
Path Group: asynchronous
Path Type: min

Fanout         Cap        Slew       Delay        Time   Description
---------------------------------------------------------------------------------------------
                      0.150000    0.000000    0.000000   clock i_clk (rise edge)
                                  0.000000    0.000000   clock network delay (ideal)
                      0.150000    0.000000    0.000000 ^ _1260_/CLK (sky130_fd_sc_hd__dfrtp_2)
    93    0.239475    0.849226    0.813062    0.813062 ^ _1260_/Q (sky130_fd_sc_hd__dfrtp_2)
                                                         u_i2c_master_controller.soft_reset_d3 (net)
                      0.849226    0.000000    0.813062 ^ _0985_/A2 (sky130_fd_sc_hd__o21a_2)
     1    0.003617    0.037575    0.056616    0.869678 ^ _0985_/X (sky130_fd_sc_hd__o21a_2)
                                                         _0110_ (net)
                      0.037575    0.000000    0.869678 ^ _1137_/RESET_B (sky130_fd_sc_hd__dfrtp_2)
                                              0.869678   data arrival time

                      0.150000    0.000000    0.000000   clock i_clk (rise edge)
                                  0.000000    0.000000   clock network delay (ideal)
                                  0.250000    0.250000   clock uncertainty
                                  0.000000    0.250000   clock reconvergence pessimism
                                              0.250000 ^ _1137_/CLK (sky130_fd_sc_hd__dfrtp_2)
                                  0.215242    0.465242   library removal time
                                              0.465242   data required time
---------------------------------------------------------------------------------------------
                                              0.465242   data required time
                                             -0.869678   data arrival time
---------------------------------------------------------------------------------------------
                                              0.404435   slack (MET)


Startpoint: _1260_ (rising edge-triggered flip-flop clocked by i_clk)
Endpoint: _1138_ (removal check against rising-edge clock i_clk)
Path Group: asynchronous
Path Type: min

Fanout         Cap        Slew       Delay        Time   Description
---------------------------------------------------------------------------------------------
                      0.150000    0.000000    0.000000   clock i_clk (rise edge)
                                  0.000000    0.000000   clock network delay (ideal)
                      0.150000    0.000000    0.000000 ^ _1260_/CLK (sky130_fd_sc_hd__dfrtp_2)
    93    0.239475    0.849226    0.813062    0.813062 ^ _1260_/Q (sky130_fd_sc_hd__dfrtp_2)
                                                         u_i2c_master_controller.soft_reset_d3 (net)
                      0.849226    0.000000    0.813062 ^ _0986_/A2 (sky130_fd_sc_hd__o21a_2)
     1    0.003617    0.037575    0.056616    0.869678 ^ _0986_/X (sky130_fd_sc_hd__o21a_2)
                                                         _0111_ (net)
                      0.037575    0.000000    0.869678 ^ _1138_/RESET_B (sky130_fd_sc_hd__dfrtp_2)
                                              0.869678   data arrival time

                      0.150000    0.000000    0.000000   clock i_clk (rise edge)
                                  0.000000    0.000000   clock network delay (ideal)
                                  0.250000    0.250000   clock uncertainty
                                  0.000000    0.250000   clock reconvergence pessimism
                                              0.250000 ^ _1138_/CLK (sky130_fd_sc_hd__dfrtp_2)
                                  0.215242    0.465242   library removal time
                                              0.465242   data required time
---------------------------------------------------------------------------------------------
                                              0.465242   data required time
                                             -0.869678   data arrival time
---------------------------------------------------------------------------------------------
                                              0.404435   slack (MET)


Startpoint: _1260_ (rising edge-triggered flip-flop clocked by i_clk)
Endpoint: _1139_ (removal check against rising-edge clock i_clk)
Path Group: asynchronous
Path Type: min

Fanout         Cap        Slew       Delay        Time   Description
---------------------------------------------------------------------------------------------
                      0.150000    0.000000    0.000000   clock i_clk (rise edge)
                                  0.000000    0.000000   clock network delay (ideal)
                      0.150000    0.000000    0.000000 ^ _1260_/CLK (sky130_fd_sc_hd__dfrtp_2)
    93    0.239475    0.849226    0.813062    0.813062 ^ _1260_/Q (sky130_fd_sc_hd__dfrtp_2)
                                                         u_i2c_master_controller.soft_reset_d3 (net)
                      0.849226    0.000000    0.813062 ^ _0987_/A2 (sky130_fd_sc_hd__o21a_2)
     1    0.003617    0.037575    0.056616    0.869678 ^ _0987_/X (sky130_fd_sc_hd__o21a_2)
                                                         _0112_ (net)
                      0.037575    0.000000    0.869678 ^ _1139_/RESET_B (sky130_fd_sc_hd__dfrtp_2)
                                              0.869678   data arrival time

                      0.150000    0.000000    0.000000   clock i_clk (rise edge)
                                  0.000000    0.000000   clock network delay (ideal)
                                  0.250000    0.250000   clock uncertainty
                                  0.000000    0.250000   clock reconvergence pessimism
                                              0.250000 ^ _1139_/CLK (sky130_fd_sc_hd__dfrtp_2)
                                  0.215242    0.465242   library removal time
                                              0.465242   data required time
---------------------------------------------------------------------------------------------
                                              0.465242   data required time
                                             -0.869678   data arrival time
---------------------------------------------------------------------------------------------
                                              0.404435   slack (MET)


Startpoint: _1260_ (rising edge-triggered flip-flop clocked by i_clk)
Endpoint: _1140_ (removal check against rising-edge clock i_clk)
Path Group: asynchronous
Path Type: min

Fanout         Cap        Slew       Delay        Time   Description
---------------------------------------------------------------------------------------------
                      0.150000    0.000000    0.000000   clock i_clk (rise edge)
                                  0.000000    0.000000   clock network delay (ideal)
                      0.150000    0.000000    0.000000 ^ _1260_/CLK (sky130_fd_sc_hd__dfrtp_2)
    93    0.239475    0.849226    0.813062    0.813062 ^ _1260_/Q (sky130_fd_sc_hd__dfrtp_2)
                                                         u_i2c_master_controller.soft_reset_d3 (net)
                      0.849226    0.000000    0.813062 ^ _0988_/A2 (sky130_fd_sc_hd__o21a_2)
     1    0.003617    0.037575    0.056616    0.869678 ^ _0988_/X (sky130_fd_sc_hd__o21a_2)
                                                         _0113_ (net)
                      0.037575    0.000000    0.869678 ^ _1140_/RESET_B (sky130_fd_sc_hd__dfrtp_2)
                                              0.869678   data arrival time

                      0.150000    0.000000    0.000000   clock i_clk (rise edge)
                                  0.000000    0.000000   clock network delay (ideal)
                                  0.250000    0.250000   clock uncertainty
                                  0.000000    0.250000   clock reconvergence pessimism
                                              0.250000 ^ _1140_/CLK (sky130_fd_sc_hd__dfrtp_2)
                                  0.215242    0.465242   library removal time
                                              0.465242   data required time
---------------------------------------------------------------------------------------------
                                              0.465242   data required time
                                             -0.869678   data arrival time
---------------------------------------------------------------------------------------------
                                              0.404435   slack (MET)


Startpoint: _1260_ (rising edge-triggered flip-flop clocked by i_clk)
Endpoint: _1141_ (removal check against rising-edge clock i_clk)
Path Group: asynchronous
Path Type: min

Fanout         Cap        Slew       Delay        Time   Description
---------------------------------------------------------------------------------------------
                      0.150000    0.000000    0.000000   clock i_clk (rise edge)
                                  0.000000    0.000000   clock network delay (ideal)
                      0.150000    0.000000    0.000000 ^ _1260_/CLK (sky130_fd_sc_hd__dfrtp_2)
    93    0.239475    0.849226    0.813062    0.813062 ^ _1260_/Q (sky130_fd_sc_hd__dfrtp_2)
                                                         u_i2c_master_controller.soft_reset_d3 (net)
                      0.849226    0.000000    0.813062 ^ _0989_/A2 (sky130_fd_sc_hd__o21a_2)
     1    0.003617    0.037575    0.056616    0.869678 ^ _0989_/X (sky130_fd_sc_hd__o21a_2)
                                                         _0114_ (net)
                      0.037575    0.000000    0.869678 ^ _1141_/RESET_B (sky130_fd_sc_hd__dfrtp_2)
                                              0.869678   data arrival time

                      0.150000    0.000000    0.000000   clock i_clk (rise edge)
                                  0.000000    0.000000   clock network delay (ideal)
                                  0.250000    0.250000   clock uncertainty
                                  0.000000    0.250000   clock reconvergence pessimism
                                              0.250000 ^ _1141_/CLK (sky130_fd_sc_hd__dfrtp_2)
                                  0.215242    0.465242   library removal time
                                              0.465242   data required time
---------------------------------------------------------------------------------------------
                                              0.465242   data required time
                                             -0.869678   data arrival time
---------------------------------------------------------------------------------------------
                                              0.404435   slack (MET)


Startpoint: _1260_ (rising edge-triggered flip-flop clocked by i_clk)
Endpoint: _1143_ (removal check against rising-edge clock i_clk)
Path Group: asynchronous
Path Type: min

Fanout         Cap        Slew       Delay        Time   Description
---------------------------------------------------------------------------------------------
                      0.150000    0.000000    0.000000   clock i_clk (rise edge)
                                  0.000000    0.000000   clock network delay (ideal)
                      0.150000    0.000000    0.000000 ^ _1260_/CLK (sky130_fd_sc_hd__dfrtp_2)
    93    0.239475    0.849226    0.813062    0.813062 ^ _1260_/Q (sky130_fd_sc_hd__dfrtp_2)
                                                         u_i2c_master_controller.soft_reset_d3 (net)
                      0.849226    0.000000    0.813062 ^ _0991_/A2 (sky130_fd_sc_hd__o21a_2)
     1    0.003617    0.037575    0.056616    0.869678 ^ _0991_/X (sky130_fd_sc_hd__o21a_2)
                                                         _0116_ (net)
                      0.037575    0.000000    0.869678 ^ _1143_/RESET_B (sky130_fd_sc_hd__dfrtp_2)
                                              0.869678   data arrival time

                      0.150000    0.000000    0.000000   clock i_clk (rise edge)
                                  0.000000    0.000000   clock network delay (ideal)
                                  0.250000    0.250000   clock uncertainty
                                  0.000000    0.250000   clock reconvergence pessimism
                                              0.250000 ^ _1143_/CLK (sky130_fd_sc_hd__dfrtp_2)
                                  0.215242    0.465242   library removal time
                                              0.465242   data required time
---------------------------------------------------------------------------------------------
                                              0.465242   data required time
                                             -0.869678   data arrival time
---------------------------------------------------------------------------------------------
                                              0.404435   slack (MET)


Startpoint: _1260_ (rising edge-triggered flip-flop clocked by i_clk)
Endpoint: _1144_ (removal check against rising-edge clock i_clk)
Path Group: asynchronous
Path Type: min

Fanout         Cap        Slew       Delay        Time   Description
---------------------------------------------------------------------------------------------
                      0.150000    0.000000    0.000000   clock i_clk (rise edge)
                                  0.000000    0.000000   clock network delay (ideal)
                      0.150000    0.000000    0.000000 ^ _1260_/CLK (sky130_fd_sc_hd__dfrtp_2)
    93    0.239475    0.849226    0.813062    0.813062 ^ _1260_/Q (sky130_fd_sc_hd__dfrtp_2)
                                                         u_i2c_master_controller.soft_reset_d3 (net)
                      0.849226    0.000000    0.813062 ^ _0992_/A2 (sky130_fd_sc_hd__o21a_2)
     1    0.003617    0.037575    0.056616    0.869678 ^ _0992_/X (sky130_fd_sc_hd__o21a_2)
                                                         _0117_ (net)
                      0.037575    0.000000    0.869678 ^ _1144_/RESET_B (sky130_fd_sc_hd__dfrtp_2)
                                              0.869678   data arrival time

                      0.150000    0.000000    0.000000   clock i_clk (rise edge)
                                  0.000000    0.000000   clock network delay (ideal)
                                  0.250000    0.250000   clock uncertainty
                                  0.000000    0.250000   clock reconvergence pessimism
                                              0.250000 ^ _1144_/CLK (sky130_fd_sc_hd__dfrtp_2)
                                  0.215242    0.465242   library removal time
                                              0.465242   data required time
---------------------------------------------------------------------------------------------
                                              0.465242   data required time
                                             -0.869678   data arrival time
---------------------------------------------------------------------------------------------
                                              0.404435   slack (MET)


Startpoint: _1260_ (rising edge-triggered flip-flop clocked by i_clk)
Endpoint: _1146_ (removal check against rising-edge clock i_clk)
Path Group: asynchronous
Path Type: min

Fanout         Cap        Slew       Delay        Time   Description
---------------------------------------------------------------------------------------------
                      0.150000    0.000000    0.000000   clock i_clk (rise edge)
                                  0.000000    0.000000   clock network delay (ideal)
                      0.150000    0.000000    0.000000 ^ _1260_/CLK (sky130_fd_sc_hd__dfrtp_2)
    93    0.239475    0.849226    0.813062    0.813062 ^ _1260_/Q (sky130_fd_sc_hd__dfrtp_2)
                                                         u_i2c_master_controller.soft_reset_d3 (net)
                      0.849226    0.000000    0.813062 ^ _0994_/A2 (sky130_fd_sc_hd__o21a_2)
     1    0.003617    0.037575    0.056616    0.869678 ^ _0994_/X (sky130_fd_sc_hd__o21a_2)
                                                         _0119_ (net)
                      0.037575    0.000000    0.869678 ^ _1146_/RESET_B (sky130_fd_sc_hd__dfrtp_2)
                                              0.869678   data arrival time

                      0.150000    0.000000    0.000000   clock i_clk (rise edge)
                                  0.000000    0.000000   clock network delay (ideal)
                                  0.250000    0.250000   clock uncertainty
                                  0.000000    0.250000   clock reconvergence pessimism
                                              0.250000 ^ _1146_/CLK (sky130_fd_sc_hd__dfrtp_2)
                                  0.215242    0.465242   library removal time
                                              0.465242   data required time
---------------------------------------------------------------------------------------------
                                              0.465242   data required time
                                             -0.869678   data arrival time
---------------------------------------------------------------------------------------------
                                              0.404435   slack (MET)


Startpoint: _1260_ (rising edge-triggered flip-flop clocked by i_clk)
Endpoint: _1147_ (removal check against rising-edge clock i_clk)
Path Group: asynchronous
Path Type: min

Fanout         Cap        Slew       Delay        Time   Description
---------------------------------------------------------------------------------------------
                      0.150000    0.000000    0.000000   clock i_clk (rise edge)
                                  0.000000    0.000000   clock network delay (ideal)
                      0.150000    0.000000    0.000000 ^ _1260_/CLK (sky130_fd_sc_hd__dfrtp_2)
    93    0.239475    0.849226    0.813062    0.813062 ^ _1260_/Q (sky130_fd_sc_hd__dfrtp_2)
                                                         u_i2c_master_controller.soft_reset_d3 (net)
                      0.849226    0.000000    0.813062 ^ _0995_/A2 (sky130_fd_sc_hd__o21a_2)
     1    0.003617    0.037575    0.056616    0.869678 ^ _0995_/X (sky130_fd_sc_hd__o21a_2)
                                                         _0120_ (net)
                      0.037575    0.000000    0.869678 ^ _1147_/RESET_B (sky130_fd_sc_hd__dfrtp_2)
                                              0.869678   data arrival time

                      0.150000    0.000000    0.000000   clock i_clk (rise edge)
                                  0.000000    0.000000   clock network delay (ideal)
                                  0.250000    0.250000   clock uncertainty
                                  0.000000    0.250000   clock reconvergence pessimism
                                              0.250000 ^ _1147_/CLK (sky130_fd_sc_hd__dfrtp_2)
                                  0.215242    0.465242   library removal time
                                              0.465242   data required time
---------------------------------------------------------------------------------------------
                                              0.465242   data required time
                                             -0.869678   data arrival time
---------------------------------------------------------------------------------------------
                                              0.404435   slack (MET)


Startpoint: _1260_ (rising edge-triggered flip-flop clocked by i_clk)
Endpoint: _1148_ (removal check against rising-edge clock i_clk)
Path Group: asynchronous
Path Type: min

Fanout         Cap        Slew       Delay        Time   Description
---------------------------------------------------------------------------------------------
                      0.150000    0.000000    0.000000   clock i_clk (rise edge)
                                  0.000000    0.000000   clock network delay (ideal)
                      0.150000    0.000000    0.000000 ^ _1260_/CLK (sky130_fd_sc_hd__dfrtp_2)
    93    0.239475    0.849226    0.813062    0.813062 ^ _1260_/Q (sky130_fd_sc_hd__dfrtp_2)
                                                         u_i2c_master_controller.soft_reset_d3 (net)
                      0.849226    0.000000    0.813062 ^ _0996_/A2 (sky130_fd_sc_hd__o21a_2)
     1    0.003617    0.037575    0.056616    0.869678 ^ _0996_/X (sky130_fd_sc_hd__o21a_2)
                                                         _0121_ (net)
                      0.037575    0.000000    0.869678 ^ _1148_/RESET_B (sky130_fd_sc_hd__dfrtp_2)
                                              0.869678   data arrival time

                      0.150000    0.000000    0.000000   clock i_clk (rise edge)
                                  0.000000    0.000000   clock network delay (ideal)
                                  0.250000    0.250000   clock uncertainty
                                  0.000000    0.250000   clock reconvergence pessimism
                                              0.250000 ^ _1148_/CLK (sky130_fd_sc_hd__dfrtp_2)
                                  0.215242    0.465242   library removal time
                                              0.465242   data required time
---------------------------------------------------------------------------------------------
                                              0.465242   data required time
                                             -0.869678   data arrival time
---------------------------------------------------------------------------------------------
                                              0.404435   slack (MET)


Startpoint: _1260_ (rising edge-triggered flip-flop clocked by i_clk)
Endpoint: _1149_ (removal check against rising-edge clock i_clk)
Path Group: asynchronous
Path Type: min

Fanout         Cap        Slew       Delay        Time   Description
---------------------------------------------------------------------------------------------
                      0.150000    0.000000    0.000000   clock i_clk (rise edge)
                                  0.000000    0.000000   clock network delay (ideal)
                      0.150000    0.000000    0.000000 ^ _1260_/CLK (sky130_fd_sc_hd__dfrtp_2)
    93    0.239475    0.849226    0.813062    0.813062 ^ _1260_/Q (sky130_fd_sc_hd__dfrtp_2)
                                                         u_i2c_master_controller.soft_reset_d3 (net)
                      0.849226    0.000000    0.813062 ^ _0997_/A2 (sky130_fd_sc_hd__o21a_2)
     1    0.003617    0.037575    0.056616    0.869678 ^ _0997_/X (sky130_fd_sc_hd__o21a_2)
                                                         _0122_ (net)
                      0.037575    0.000000    0.869678 ^ _1149_/RESET_B (sky130_fd_sc_hd__dfrtp_2)
                                              0.869678   data arrival time

                      0.150000    0.000000    0.000000   clock i_clk (rise edge)
                                  0.000000    0.000000   clock network delay (ideal)
                                  0.250000    0.250000   clock uncertainty
                                  0.000000    0.250000   clock reconvergence pessimism
                                              0.250000 ^ _1149_/CLK (sky130_fd_sc_hd__dfrtp_2)
                                  0.215242    0.465242   library removal time
                                              0.465242   data required time
---------------------------------------------------------------------------------------------
                                              0.465242   data required time
                                             -0.869678   data arrival time
---------------------------------------------------------------------------------------------
                                              0.404435   slack (MET)


Startpoint: _1260_ (rising edge-triggered flip-flop clocked by i_clk)
Endpoint: _1150_ (removal check against rising-edge clock i_clk)
Path Group: asynchronous
Path Type: min

Fanout         Cap        Slew       Delay        Time   Description
---------------------------------------------------------------------------------------------
                      0.150000    0.000000    0.000000   clock i_clk (rise edge)
                                  0.000000    0.000000   clock network delay (ideal)
                      0.150000    0.000000    0.000000 ^ _1260_/CLK (sky130_fd_sc_hd__dfrtp_2)
    93    0.239475    0.849226    0.813062    0.813062 ^ _1260_/Q (sky130_fd_sc_hd__dfrtp_2)
                                                         u_i2c_master_controller.soft_reset_d3 (net)
                      0.849226    0.000000    0.813062 ^ _0998_/A2 (sky130_fd_sc_hd__o21a_2)
     1    0.003617    0.037575    0.056616    0.869678 ^ _0998_/X (sky130_fd_sc_hd__o21a_2)
                                                         _0123_ (net)
                      0.037575    0.000000    0.869678 ^ _1150_/RESET_B (sky130_fd_sc_hd__dfrtp_2)
                                              0.869678   data arrival time

                      0.150000    0.000000    0.000000   clock i_clk (rise edge)
                                  0.000000    0.000000   clock network delay (ideal)
                                  0.250000    0.250000   clock uncertainty
                                  0.000000    0.250000   clock reconvergence pessimism
                                              0.250000 ^ _1150_/CLK (sky130_fd_sc_hd__dfrtp_2)
                                  0.215242    0.465242   library removal time
                                              0.465242   data required time
---------------------------------------------------------------------------------------------
                                              0.465242   data required time
                                             -0.869678   data arrival time
---------------------------------------------------------------------------------------------
                                              0.404435   slack (MET)


Startpoint: _1260_ (rising edge-triggered flip-flop clocked by i_clk)
Endpoint: _1151_ (removal check against rising-edge clock i_clk)
Path Group: asynchronous
Path Type: min

Fanout         Cap        Slew       Delay        Time   Description
---------------------------------------------------------------------------------------------
                      0.150000    0.000000    0.000000   clock i_clk (rise edge)
                                  0.000000    0.000000   clock network delay (ideal)
                      0.150000    0.000000    0.000000 ^ _1260_/CLK (sky130_fd_sc_hd__dfrtp_2)
    93    0.239475    0.849226    0.813062    0.813062 ^ _1260_/Q (sky130_fd_sc_hd__dfrtp_2)
                                                         u_i2c_master_controller.soft_reset_d3 (net)
                      0.849226    0.000000    0.813062 ^ _0999_/A2 (sky130_fd_sc_hd__o21a_2)
     1    0.003617    0.037575    0.056616    0.869678 ^ _0999_/X (sky130_fd_sc_hd__o21a_2)
                                                         _0124_ (net)
                      0.037575    0.000000    0.869678 ^ _1151_/RESET_B (sky130_fd_sc_hd__dfrtp_2)
                                              0.869678   data arrival time

                      0.150000    0.000000    0.000000   clock i_clk (rise edge)
                                  0.000000    0.000000   clock network delay (ideal)
                                  0.250000    0.250000   clock uncertainty
                                  0.000000    0.250000   clock reconvergence pessimism
                                              0.250000 ^ _1151_/CLK (sky130_fd_sc_hd__dfrtp_2)
                                  0.215242    0.465242   library removal time
                                              0.465242   data required time
---------------------------------------------------------------------------------------------
                                              0.465242   data required time
                                             -0.869678   data arrival time
---------------------------------------------------------------------------------------------
                                              0.404435   slack (MET)


Startpoint: _1260_ (rising edge-triggered flip-flop clocked by i_clk)
Endpoint: _1153_ (removal check against rising-edge clock i_clk)
Path Group: asynchronous
Path Type: min

Fanout         Cap        Slew       Delay        Time   Description
---------------------------------------------------------------------------------------------
                      0.150000    0.000000    0.000000   clock i_clk (rise edge)
                                  0.000000    0.000000   clock network delay (ideal)
                      0.150000    0.000000    0.000000 ^ _1260_/CLK (sky130_fd_sc_hd__dfrtp_2)
    93    0.239475    0.849226    0.813062    0.813062 ^ _1260_/Q (sky130_fd_sc_hd__dfrtp_2)
                                                         u_i2c_master_controller.soft_reset_d3 (net)
                      0.849226    0.000000    0.813062 ^ _1001_/A2 (sky130_fd_sc_hd__o21a_2)
     1    0.003617    0.037575    0.056616    0.869678 ^ _1001_/X (sky130_fd_sc_hd__o21a_2)
                                                         _0126_ (net)
                      0.037575    0.000000    0.869678 ^ _1153_/RESET_B (sky130_fd_sc_hd__dfrtp_2)
                                              0.869678   data arrival time

                      0.150000    0.000000    0.000000   clock i_clk (rise edge)
                                  0.000000    0.000000   clock network delay (ideal)
                                  0.250000    0.250000   clock uncertainty
                                  0.000000    0.250000   clock reconvergence pessimism
                                              0.250000 ^ _1153_/CLK (sky130_fd_sc_hd__dfrtp_2)
                                  0.215242    0.465242   library removal time
                                              0.465242   data required time
---------------------------------------------------------------------------------------------
                                              0.465242   data required time
                                             -0.869678   data arrival time
---------------------------------------------------------------------------------------------
                                              0.404435   slack (MET)


Startpoint: _1260_ (rising edge-triggered flip-flop clocked by i_clk)
Endpoint: _1154_ (removal check against rising-edge clock i_clk)
Path Group: asynchronous
Path Type: min

Fanout         Cap        Slew       Delay        Time   Description
---------------------------------------------------------------------------------------------
                      0.150000    0.000000    0.000000   clock i_clk (rise edge)
                                  0.000000    0.000000   clock network delay (ideal)
                      0.150000    0.000000    0.000000 ^ _1260_/CLK (sky130_fd_sc_hd__dfrtp_2)
    93    0.239475    0.849226    0.813062    0.813062 ^ _1260_/Q (sky130_fd_sc_hd__dfrtp_2)
                                                         u_i2c_master_controller.soft_reset_d3 (net)
                      0.849226    0.000000    0.813062 ^ _1002_/A2 (sky130_fd_sc_hd__o21a_2)
     1    0.003617    0.037575    0.056616    0.869678 ^ _1002_/X (sky130_fd_sc_hd__o21a_2)
                                                         _0127_ (net)
                      0.037575    0.000000    0.869678 ^ _1154_/RESET_B (sky130_fd_sc_hd__dfrtp_2)
                                              0.869678   data arrival time

                      0.150000    0.000000    0.000000   clock i_clk (rise edge)
                                  0.000000    0.000000   clock network delay (ideal)
                                  0.250000    0.250000   clock uncertainty
                                  0.000000    0.250000   clock reconvergence pessimism
                                              0.250000 ^ _1154_/CLK (sky130_fd_sc_hd__dfrtp_2)
                                  0.215242    0.465242   library removal time
                                              0.465242   data required time
---------------------------------------------------------------------------------------------
                                              0.465242   data required time
                                             -0.869678   data arrival time
---------------------------------------------------------------------------------------------
                                              0.404435   slack (MET)


Startpoint: _1260_ (rising edge-triggered flip-flop clocked by i_clk)
Endpoint: _1155_ (removal check against rising-edge clock i_clk)
Path Group: asynchronous
Path Type: min

Fanout         Cap        Slew       Delay        Time   Description
---------------------------------------------------------------------------------------------
                      0.150000    0.000000    0.000000   clock i_clk (rise edge)
                                  0.000000    0.000000   clock network delay (ideal)
                      0.150000    0.000000    0.000000 ^ _1260_/CLK (sky130_fd_sc_hd__dfrtp_2)
    93    0.239475    0.849226    0.813062    0.813062 ^ _1260_/Q (sky130_fd_sc_hd__dfrtp_2)
                                                         u_i2c_master_controller.soft_reset_d3 (net)
                      0.849226    0.000000    0.813062 ^ _1003_/A2 (sky130_fd_sc_hd__o21a_2)
     1    0.003617    0.037575    0.056616    0.869678 ^ _1003_/X (sky130_fd_sc_hd__o21a_2)
                                                         _0128_ (net)
                      0.037575    0.000000    0.869678 ^ _1155_/RESET_B (sky130_fd_sc_hd__dfrtp_2)
                                              0.869678   data arrival time

                      0.150000    0.000000    0.000000   clock i_clk (rise edge)
                                  0.000000    0.000000   clock network delay (ideal)
                                  0.250000    0.250000   clock uncertainty
                                  0.000000    0.250000   clock reconvergence pessimism
                                              0.250000 ^ _1155_/CLK (sky130_fd_sc_hd__dfrtp_2)
                                  0.215242    0.465242   library removal time
                                              0.465242   data required time
---------------------------------------------------------------------------------------------
                                              0.465242   data required time
                                             -0.869678   data arrival time
---------------------------------------------------------------------------------------------
                                              0.404435   slack (MET)


Startpoint: _1260_ (rising edge-triggered flip-flop clocked by i_clk)
Endpoint: _1157_ (removal check against rising-edge clock i_clk)
Path Group: asynchronous
Path Type: min

Fanout         Cap        Slew       Delay        Time   Description
---------------------------------------------------------------------------------------------
                      0.150000    0.000000    0.000000   clock i_clk (rise edge)
                                  0.000000    0.000000   clock network delay (ideal)
                      0.150000    0.000000    0.000000 ^ _1260_/CLK (sky130_fd_sc_hd__dfrtp_2)
    93    0.239475    0.849226    0.813062    0.813062 ^ _1260_/Q (sky130_fd_sc_hd__dfrtp_2)
                                                         u_i2c_master_controller.soft_reset_d3 (net)
                      0.849226    0.000000    0.813062 ^ _1005_/A2 (sky130_fd_sc_hd__o21a_2)
     1    0.003617    0.037575    0.056616    0.869678 ^ _1005_/X (sky130_fd_sc_hd__o21a_2)
                                                         _0130_ (net)
                      0.037575    0.000000    0.869678 ^ _1157_/RESET_B (sky130_fd_sc_hd__dfrtp_2)
                                              0.869678   data arrival time

                      0.150000    0.000000    0.000000   clock i_clk (rise edge)
                                  0.000000    0.000000   clock network delay (ideal)
                                  0.250000    0.250000   clock uncertainty
                                  0.000000    0.250000   clock reconvergence pessimism
                                              0.250000 ^ _1157_/CLK (sky130_fd_sc_hd__dfrtp_2)
                                  0.215242    0.465242   library removal time
                                              0.465242   data required time
---------------------------------------------------------------------------------------------
                                              0.465242   data required time
                                             -0.869678   data arrival time
---------------------------------------------------------------------------------------------
                                              0.404435   slack (MET)


Startpoint: _1260_ (rising edge-triggered flip-flop clocked by i_clk)
Endpoint: _1158_ (removal check against rising-edge clock i_clk)
Path Group: asynchronous
Path Type: min

Fanout         Cap        Slew       Delay        Time   Description
---------------------------------------------------------------------------------------------
                      0.150000    0.000000    0.000000   clock i_clk (rise edge)
                                  0.000000    0.000000   clock network delay (ideal)
                      0.150000    0.000000    0.000000 ^ _1260_/CLK (sky130_fd_sc_hd__dfrtp_2)
    93    0.239475    0.849226    0.813062    0.813062 ^ _1260_/Q (sky130_fd_sc_hd__dfrtp_2)
                                                         u_i2c_master_controller.soft_reset_d3 (net)
                      0.849226    0.000000    0.813062 ^ _1006_/A2 (sky130_fd_sc_hd__o21a_2)
     1    0.003617    0.037575    0.056616    0.869678 ^ _1006_/X (sky130_fd_sc_hd__o21a_2)
                                                         _0131_ (net)
                      0.037575    0.000000    0.869678 ^ _1158_/RESET_B (sky130_fd_sc_hd__dfrtp_2)
                                              0.869678   data arrival time

                      0.150000    0.000000    0.000000   clock i_clk (rise edge)
                                  0.000000    0.000000   clock network delay (ideal)
                                  0.250000    0.250000   clock uncertainty
                                  0.000000    0.250000   clock reconvergence pessimism
                                              0.250000 ^ _1158_/CLK (sky130_fd_sc_hd__dfrtp_2)
                                  0.215242    0.465242   library removal time
                                              0.465242   data required time
---------------------------------------------------------------------------------------------
                                              0.465242   data required time
                                             -0.869678   data arrival time
---------------------------------------------------------------------------------------------
                                              0.404435   slack (MET)


Startpoint: _1260_ (rising edge-triggered flip-flop clocked by i_clk)
Endpoint: _1199_ (removal check against rising-edge clock i_clk)
Path Group: asynchronous
Path Type: min

Fanout         Cap        Slew       Delay        Time   Description
---------------------------------------------------------------------------------------------
                      0.150000    0.000000    0.000000   clock i_clk (rise edge)
                                  0.000000    0.000000   clock network delay (ideal)
                      0.150000    0.000000    0.000000 ^ _1260_/CLK (sky130_fd_sc_hd__dfrtp_2)
    93    0.239475    0.849226    0.813062    0.813062 ^ _1260_/Q (sky130_fd_sc_hd__dfrtp_2)
                                                         u_i2c_master_controller.soft_reset_d3 (net)
                      0.849226    0.000000    0.813062 ^ _1007_/A2 (sky130_fd_sc_hd__o21a_2)
     1    0.003617    0.037575    0.056616    0.869678 ^ _1007_/X (sky130_fd_sc_hd__o21a_2)
                                                         _0132_ (net)
                      0.037575    0.000000    0.869678 ^ _1199_/RESET_B (sky130_fd_sc_hd__dfrtp_2)
                                              0.869678   data arrival time

                      0.150000    0.000000    0.000000   clock i_clk (rise edge)
                                  0.000000    0.000000   clock network delay (ideal)
                                  0.250000    0.250000   clock uncertainty
                                  0.000000    0.250000   clock reconvergence pessimism
                                              0.250000 ^ _1199_/CLK (sky130_fd_sc_hd__dfrtp_2)
                                  0.215242    0.465242   library removal time
                                              0.465242   data required time
---------------------------------------------------------------------------------------------
                                              0.465242   data required time
                                             -0.869678   data arrival time
---------------------------------------------------------------------------------------------
                                              0.404435   slack (MET)


Startpoint: _1260_ (rising edge-triggered flip-flop clocked by i_clk)
Endpoint: _1200_ (removal check against rising-edge clock i_clk)
Path Group: asynchronous
Path Type: min

Fanout         Cap        Slew       Delay        Time   Description
---------------------------------------------------------------------------------------------
                      0.150000    0.000000    0.000000   clock i_clk (rise edge)
                                  0.000000    0.000000   clock network delay (ideal)
                      0.150000    0.000000    0.000000 ^ _1260_/CLK (sky130_fd_sc_hd__dfrtp_2)
    93    0.239475    0.849226    0.813062    0.813062 ^ _1260_/Q (sky130_fd_sc_hd__dfrtp_2)
                                                         u_i2c_master_controller.soft_reset_d3 (net)
                      0.849226    0.000000    0.813062 ^ _1008_/A2 (sky130_fd_sc_hd__o21a_2)
     1    0.003617    0.037575    0.056616    0.869678 ^ _1008_/X (sky130_fd_sc_hd__o21a_2)
                                                         _0133_ (net)
                      0.037575    0.000000    0.869678 ^ _1200_/RESET_B (sky130_fd_sc_hd__dfrtp_2)
                                              0.869678   data arrival time

                      0.150000    0.000000    0.000000   clock i_clk (rise edge)
                                  0.000000    0.000000   clock network delay (ideal)
                                  0.250000    0.250000   clock uncertainty
                                  0.000000    0.250000   clock reconvergence pessimism
                                              0.250000 ^ _1200_/CLK (sky130_fd_sc_hd__dfrtp_2)
                                  0.215242    0.465242   library removal time
                                              0.465242   data required time
---------------------------------------------------------------------------------------------
                                              0.465242   data required time
                                             -0.869678   data arrival time
---------------------------------------------------------------------------------------------
                                              0.404435   slack (MET)


Startpoint: _1260_ (rising edge-triggered flip-flop clocked by i_clk)
Endpoint: _1201_ (removal check against rising-edge clock i_clk)
Path Group: asynchronous
Path Type: min

Fanout         Cap        Slew       Delay        Time   Description
---------------------------------------------------------------------------------------------
                      0.150000    0.000000    0.000000   clock i_clk (rise edge)
                                  0.000000    0.000000   clock network delay (ideal)
                      0.150000    0.000000    0.000000 ^ _1260_/CLK (sky130_fd_sc_hd__dfrtp_2)
    93    0.239475    0.849226    0.813062    0.813062 ^ _1260_/Q (sky130_fd_sc_hd__dfrtp_2)
                                                         u_i2c_master_controller.soft_reset_d3 (net)
                      0.849226    0.000000    0.813062 ^ _1009_/A2 (sky130_fd_sc_hd__o21a_2)
     1    0.003617    0.037575    0.056616    0.869678 ^ _1009_/X (sky130_fd_sc_hd__o21a_2)
                                                         _0134_ (net)
                      0.037575    0.000000    0.869678 ^ _1201_/RESET_B (sky130_fd_sc_hd__dfrtp_2)
                                              0.869678   data arrival time

                      0.150000    0.000000    0.000000   clock i_clk (rise edge)
                                  0.000000    0.000000   clock network delay (ideal)
                                  0.250000    0.250000   clock uncertainty
                                  0.000000    0.250000   clock reconvergence pessimism
                                              0.250000 ^ _1201_/CLK (sky130_fd_sc_hd__dfrtp_2)
                                  0.215242    0.465242   library removal time
                                              0.465242   data required time
---------------------------------------------------------------------------------------------
                                              0.465242   data required time
                                             -0.869678   data arrival time
---------------------------------------------------------------------------------------------
                                              0.404435   slack (MET)


Startpoint: _1260_ (rising edge-triggered flip-flop clocked by i_clk)
Endpoint: _1202_ (removal check against rising-edge clock i_clk)
Path Group: asynchronous
Path Type: min

Fanout         Cap        Slew       Delay        Time   Description
---------------------------------------------------------------------------------------------
                      0.150000    0.000000    0.000000   clock i_clk (rise edge)
                                  0.000000    0.000000   clock network delay (ideal)
                      0.150000    0.000000    0.000000 ^ _1260_/CLK (sky130_fd_sc_hd__dfrtp_2)
    93    0.239475    0.849226    0.813062    0.813062 ^ _1260_/Q (sky130_fd_sc_hd__dfrtp_2)
                                                         u_i2c_master_controller.soft_reset_d3 (net)
                      0.849226    0.000000    0.813062 ^ _1010_/A2 (sky130_fd_sc_hd__o21a_2)
     1    0.003617    0.037575    0.056616    0.869678 ^ _1010_/X (sky130_fd_sc_hd__o21a_2)
                                                         _0135_ (net)
                      0.037575    0.000000    0.869678 ^ _1202_/RESET_B (sky130_fd_sc_hd__dfrtp_2)
                                              0.869678   data arrival time

                      0.150000    0.000000    0.000000   clock i_clk (rise edge)
                                  0.000000    0.000000   clock network delay (ideal)
                                  0.250000    0.250000   clock uncertainty
                                  0.000000    0.250000   clock reconvergence pessimism
                                              0.250000 ^ _1202_/CLK (sky130_fd_sc_hd__dfrtp_2)
                                  0.215242    0.465242   library removal time
                                              0.465242   data required time
---------------------------------------------------------------------------------------------
                                              0.465242   data required time
                                             -0.869678   data arrival time
---------------------------------------------------------------------------------------------
                                              0.404435   slack (MET)


Startpoint: _1260_ (rising edge-triggered flip-flop clocked by i_clk)
Endpoint: _1203_ (removal check against rising-edge clock i_clk)
Path Group: asynchronous
Path Type: min

Fanout         Cap        Slew       Delay        Time   Description
---------------------------------------------------------------------------------------------
                      0.150000    0.000000    0.000000   clock i_clk (rise edge)
                                  0.000000    0.000000   clock network delay (ideal)
                      0.150000    0.000000    0.000000 ^ _1260_/CLK (sky130_fd_sc_hd__dfrtp_2)
    93    0.239475    0.849226    0.813062    0.813062 ^ _1260_/Q (sky130_fd_sc_hd__dfrtp_2)
                                                         u_i2c_master_controller.soft_reset_d3 (net)
                      0.849226    0.000000    0.813062 ^ _1011_/A2 (sky130_fd_sc_hd__o21a_2)
     1    0.003617    0.037575    0.056616    0.869678 ^ _1011_/X (sky130_fd_sc_hd__o21a_2)
                                                         _0136_ (net)
                      0.037575    0.000000    0.869678 ^ _1203_/RESET_B (sky130_fd_sc_hd__dfrtp_2)
                                              0.869678   data arrival time

                      0.150000    0.000000    0.000000   clock i_clk (rise edge)
                                  0.000000    0.000000   clock network delay (ideal)
                                  0.250000    0.250000   clock uncertainty
                                  0.000000    0.250000   clock reconvergence pessimism
                                              0.250000 ^ _1203_/CLK (sky130_fd_sc_hd__dfrtp_2)
                                  0.215242    0.465242   library removal time
                                              0.465242   data required time
---------------------------------------------------------------------------------------------
                                              0.465242   data required time
                                             -0.869678   data arrival time
---------------------------------------------------------------------------------------------
                                              0.404435   slack (MET)


Startpoint: _1260_ (rising edge-triggered flip-flop clocked by i_clk)
Endpoint: _1204_ (removal check against rising-edge clock i_clk)
Path Group: asynchronous
Path Type: min

Fanout         Cap        Slew       Delay        Time   Description
---------------------------------------------------------------------------------------------
                      0.150000    0.000000    0.000000   clock i_clk (rise edge)
                                  0.000000    0.000000   clock network delay (ideal)
                      0.150000    0.000000    0.000000 ^ _1260_/CLK (sky130_fd_sc_hd__dfrtp_2)
    93    0.239475    0.849226    0.813062    0.813062 ^ _1260_/Q (sky130_fd_sc_hd__dfrtp_2)
                                                         u_i2c_master_controller.soft_reset_d3 (net)
                      0.849226    0.000000    0.813062 ^ _1012_/A2 (sky130_fd_sc_hd__o21a_2)
     1    0.003617    0.037575    0.056616    0.869678 ^ _1012_/X (sky130_fd_sc_hd__o21a_2)
                                                         _0137_ (net)
                      0.037575    0.000000    0.869678 ^ _1204_/RESET_B (sky130_fd_sc_hd__dfrtp_2)
                                              0.869678   data arrival time

                      0.150000    0.000000    0.000000   clock i_clk (rise edge)
                                  0.000000    0.000000   clock network delay (ideal)
                                  0.250000    0.250000   clock uncertainty
                                  0.000000    0.250000   clock reconvergence pessimism
                                              0.250000 ^ _1204_/CLK (sky130_fd_sc_hd__dfrtp_2)
                                  0.215242    0.465242   library removal time
                                              0.465242   data required time
---------------------------------------------------------------------------------------------
                                              0.465242   data required time
                                             -0.869678   data arrival time
---------------------------------------------------------------------------------------------
                                              0.404435   slack (MET)


Startpoint: _1260_ (rising edge-triggered flip-flop clocked by i_clk)
Endpoint: _1205_ (removal check against rising-edge clock i_clk)
Path Group: asynchronous
Path Type: min

Fanout         Cap        Slew       Delay        Time   Description
---------------------------------------------------------------------------------------------
                      0.150000    0.000000    0.000000   clock i_clk (rise edge)
                                  0.000000    0.000000   clock network delay (ideal)
                      0.150000    0.000000    0.000000 ^ _1260_/CLK (sky130_fd_sc_hd__dfrtp_2)
    93    0.239475    0.849226    0.813062    0.813062 ^ _1260_/Q (sky130_fd_sc_hd__dfrtp_2)
                                                         u_i2c_master_controller.soft_reset_d3 (net)
                      0.849226    0.000000    0.813062 ^ _1013_/A2 (sky130_fd_sc_hd__o21a_2)
     1    0.003617    0.037575    0.056616    0.869678 ^ _1013_/X (sky130_fd_sc_hd__o21a_2)
                                                         _0138_ (net)
                      0.037575    0.000000    0.869678 ^ _1205_/RESET_B (sky130_fd_sc_hd__dfrtp_2)
                                              0.869678   data arrival time

                      0.150000    0.000000    0.000000   clock i_clk (rise edge)
                                  0.000000    0.000000   clock network delay (ideal)
                                  0.250000    0.250000   clock uncertainty
                                  0.000000    0.250000   clock reconvergence pessimism
                                              0.250000 ^ _1205_/CLK (sky130_fd_sc_hd__dfrtp_2)
                                  0.215242    0.465242   library removal time
                                              0.465242   data required time
---------------------------------------------------------------------------------------------
                                              0.465242   data required time
                                             -0.869678   data arrival time
---------------------------------------------------------------------------------------------
                                              0.404435   slack (MET)


Startpoint: _1260_ (rising edge-triggered flip-flop clocked by i_clk)
Endpoint: _1206_ (removal check against rising-edge clock i_clk)
Path Group: asynchronous
Path Type: min

Fanout         Cap        Slew       Delay        Time   Description
---------------------------------------------------------------------------------------------
                      0.150000    0.000000    0.000000   clock i_clk (rise edge)
                                  0.000000    0.000000   clock network delay (ideal)
                      0.150000    0.000000    0.000000 ^ _1260_/CLK (sky130_fd_sc_hd__dfrtp_2)
    93    0.239475    0.849226    0.813062    0.813062 ^ _1260_/Q (sky130_fd_sc_hd__dfrtp_2)
                                                         u_i2c_master_controller.soft_reset_d3 (net)
                      0.849226    0.000000    0.813062 ^ _1014_/A2 (sky130_fd_sc_hd__o21a_2)
     1    0.003617    0.037575    0.056616    0.869678 ^ _1014_/X (sky130_fd_sc_hd__o21a_2)
                                                         _0139_ (net)
                      0.037575    0.000000    0.869678 ^ _1206_/RESET_B (sky130_fd_sc_hd__dfrtp_2)
                                              0.869678   data arrival time

                      0.150000    0.000000    0.000000   clock i_clk (rise edge)
                                  0.000000    0.000000   clock network delay (ideal)
                                  0.250000    0.250000   clock uncertainty
                                  0.000000    0.250000   clock reconvergence pessimism
                                              0.250000 ^ _1206_/CLK (sky130_fd_sc_hd__dfrtp_2)
                                  0.215242    0.465242   library removal time
                                              0.465242   data required time
---------------------------------------------------------------------------------------------
                                              0.465242   data required time
                                             -0.869678   data arrival time
---------------------------------------------------------------------------------------------
                                              0.404435   slack (MET)


Startpoint: _1260_ (rising edge-triggered flip-flop clocked by i_clk)
Endpoint: _1207_ (removal check against rising-edge clock i_clk)
Path Group: asynchronous
Path Type: min

Fanout         Cap        Slew       Delay        Time   Description
---------------------------------------------------------------------------------------------
                      0.150000    0.000000    0.000000   clock i_clk (rise edge)
                                  0.000000    0.000000   clock network delay (ideal)
                      0.150000    0.000000    0.000000 ^ _1260_/CLK (sky130_fd_sc_hd__dfrtp_2)
    93    0.239475    0.849226    0.813062    0.813062 ^ _1260_/Q (sky130_fd_sc_hd__dfrtp_2)
                                                         u_i2c_master_controller.soft_reset_d3 (net)
                      0.849226    0.000000    0.813062 ^ _1015_/A2 (sky130_fd_sc_hd__o21a_2)
     1    0.003617    0.037575    0.056616    0.869678 ^ _1015_/X (sky130_fd_sc_hd__o21a_2)
                                                         _0140_ (net)
                      0.037575    0.000000    0.869678 ^ _1207_/RESET_B (sky130_fd_sc_hd__dfrtp_2)
                                              0.869678   data arrival time

                      0.150000    0.000000    0.000000   clock i_clk (rise edge)
                                  0.000000    0.000000   clock network delay (ideal)
                                  0.250000    0.250000   clock uncertainty
                                  0.000000    0.250000   clock reconvergence pessimism
                                              0.250000 ^ _1207_/CLK (sky130_fd_sc_hd__dfrtp_2)
                                  0.215242    0.465242   library removal time
                                              0.465242   data required time
---------------------------------------------------------------------------------------------
                                              0.465242   data required time
                                             -0.869678   data arrival time
---------------------------------------------------------------------------------------------
                                              0.404435   slack (MET)


Startpoint: _1260_ (rising edge-triggered flip-flop clocked by i_clk)
Endpoint: _1208_ (removal check against rising-edge clock i_clk)
Path Group: asynchronous
Path Type: min

Fanout         Cap        Slew       Delay        Time   Description
---------------------------------------------------------------------------------------------
                      0.150000    0.000000    0.000000   clock i_clk (rise edge)
                                  0.000000    0.000000   clock network delay (ideal)
                      0.150000    0.000000    0.000000 ^ _1260_/CLK (sky130_fd_sc_hd__dfrtp_2)
    93    0.239475    0.849226    0.813062    0.813062 ^ _1260_/Q (sky130_fd_sc_hd__dfrtp_2)
                                                         u_i2c_master_controller.soft_reset_d3 (net)
                      0.849226    0.000000    0.813062 ^ _1016_/A2 (sky130_fd_sc_hd__o21a_2)
     1    0.003617    0.037575    0.056616    0.869678 ^ _1016_/X (sky130_fd_sc_hd__o21a_2)
                                                         _0141_ (net)
                      0.037575    0.000000    0.869678 ^ _1208_/RESET_B (sky130_fd_sc_hd__dfrtp_2)
                                              0.869678   data arrival time

                      0.150000    0.000000    0.000000   clock i_clk (rise edge)
                                  0.000000    0.000000   clock network delay (ideal)
                                  0.250000    0.250000   clock uncertainty
                                  0.000000    0.250000   clock reconvergence pessimism
                                              0.250000 ^ _1208_/CLK (sky130_fd_sc_hd__dfrtp_2)
                                  0.215242    0.465242   library removal time
                                              0.465242   data required time
---------------------------------------------------------------------------------------------
                                              0.465242   data required time
                                             -0.869678   data arrival time
---------------------------------------------------------------------------------------------
                                              0.404435   slack (MET)


Startpoint: _1260_ (rising edge-triggered flip-flop clocked by i_clk)
Endpoint: _1209_ (removal check against rising-edge clock i_clk)
Path Group: asynchronous
Path Type: min

Fanout         Cap        Slew       Delay        Time   Description
---------------------------------------------------------------------------------------------
                      0.150000    0.000000    0.000000   clock i_clk (rise edge)
                                  0.000000    0.000000   clock network delay (ideal)
                      0.150000    0.000000    0.000000 ^ _1260_/CLK (sky130_fd_sc_hd__dfrtp_2)
    93    0.239475    0.849226    0.813062    0.813062 ^ _1260_/Q (sky130_fd_sc_hd__dfrtp_2)
                                                         u_i2c_master_controller.soft_reset_d3 (net)
                      0.849226    0.000000    0.813062 ^ _1017_/A2 (sky130_fd_sc_hd__o21a_2)
     1    0.003617    0.037575    0.056616    0.869678 ^ _1017_/X (sky130_fd_sc_hd__o21a_2)
                                                         _0142_ (net)
                      0.037575    0.000000    0.869678 ^ _1209_/RESET_B (sky130_fd_sc_hd__dfrtp_2)
                                              0.869678   data arrival time

                      0.150000    0.000000    0.000000   clock i_clk (rise edge)
                                  0.000000    0.000000   clock network delay (ideal)
                                  0.250000    0.250000   clock uncertainty
                                  0.000000    0.250000   clock reconvergence pessimism
                                              0.250000 ^ _1209_/CLK (sky130_fd_sc_hd__dfrtp_2)
                                  0.215242    0.465242   library removal time
                                              0.465242   data required time
---------------------------------------------------------------------------------------------
                                              0.465242   data required time
                                             -0.869678   data arrival time
---------------------------------------------------------------------------------------------
                                              0.404435   slack (MET)


Startpoint: _1260_ (rising edge-triggered flip-flop clocked by i_clk)
Endpoint: _1211_ (removal check against rising-edge clock i_clk)
Path Group: asynchronous
Path Type: min

Fanout         Cap        Slew       Delay        Time   Description
---------------------------------------------------------------------------------------------
                      0.150000    0.000000    0.000000   clock i_clk (rise edge)
                                  0.000000    0.000000   clock network delay (ideal)
                      0.150000    0.000000    0.000000 ^ _1260_/CLK (sky130_fd_sc_hd__dfrtp_2)
    93    0.239475    0.849226    0.813062    0.813062 ^ _1260_/Q (sky130_fd_sc_hd__dfrtp_2)
                                                         u_i2c_master_controller.soft_reset_d3 (net)
                      0.849226    0.000000    0.813062 ^ _1019_/A2 (sky130_fd_sc_hd__o21a_2)
     1    0.003617    0.037575    0.056616    0.869678 ^ _1019_/X (sky130_fd_sc_hd__o21a_2)
                                                         _0144_ (net)
                      0.037575    0.000000    0.869678 ^ _1211_/RESET_B (sky130_fd_sc_hd__dfrtp_2)
                                              0.869678   data arrival time

                      0.150000    0.000000    0.000000   clock i_clk (rise edge)
                                  0.000000    0.000000   clock network delay (ideal)
                                  0.250000    0.250000   clock uncertainty
                                  0.000000    0.250000   clock reconvergence pessimism
                                              0.250000 ^ _1211_/CLK (sky130_fd_sc_hd__dfrtp_2)
                                  0.215242    0.465242   library removal time
                                              0.465242   data required time
---------------------------------------------------------------------------------------------
                                              0.465242   data required time
                                             -0.869678   data arrival time
---------------------------------------------------------------------------------------------
                                              0.404435   slack (MET)


Startpoint: _1260_ (rising edge-triggered flip-flop clocked by i_clk)
Endpoint: _1212_ (removal check against rising-edge clock i_clk)
Path Group: asynchronous
Path Type: min

Fanout         Cap        Slew       Delay        Time   Description
---------------------------------------------------------------------------------------------
                      0.150000    0.000000    0.000000   clock i_clk (rise edge)
                                  0.000000    0.000000   clock network delay (ideal)
                      0.150000    0.000000    0.000000 ^ _1260_/CLK (sky130_fd_sc_hd__dfrtp_2)
    93    0.239475    0.849226    0.813062    0.813062 ^ _1260_/Q (sky130_fd_sc_hd__dfrtp_2)
                                                         u_i2c_master_controller.soft_reset_d3 (net)
                      0.849226    0.000000    0.813062 ^ _1020_/A2 (sky130_fd_sc_hd__o21a_2)
     1    0.003617    0.037575    0.056616    0.869678 ^ _1020_/X (sky130_fd_sc_hd__o21a_2)
                                                         _0145_ (net)
                      0.037575    0.000000    0.869678 ^ _1212_/RESET_B (sky130_fd_sc_hd__dfrtp_2)
                                              0.869678   data arrival time

                      0.150000    0.000000    0.000000   clock i_clk (rise edge)
                                  0.000000    0.000000   clock network delay (ideal)
                                  0.250000    0.250000   clock uncertainty
                                  0.000000    0.250000   clock reconvergence pessimism
                                              0.250000 ^ _1212_/CLK (sky130_fd_sc_hd__dfrtp_2)
                                  0.215242    0.465242   library removal time
                                              0.465242   data required time
---------------------------------------------------------------------------------------------
                                              0.465242   data required time
                                             -0.869678   data arrival time
---------------------------------------------------------------------------------------------
                                              0.404435   slack (MET)


Startpoint: _1260_ (rising edge-triggered flip-flop clocked by i_clk)
Endpoint: _1213_ (removal check against rising-edge clock i_clk)
Path Group: asynchronous
Path Type: min

Fanout         Cap        Slew       Delay        Time   Description
---------------------------------------------------------------------------------------------
                      0.150000    0.000000    0.000000   clock i_clk (rise edge)
                                  0.000000    0.000000   clock network delay (ideal)
                      0.150000    0.000000    0.000000 ^ _1260_/CLK (sky130_fd_sc_hd__dfrtp_2)
    93    0.239475    0.849226    0.813062    0.813062 ^ _1260_/Q (sky130_fd_sc_hd__dfrtp_2)
                                                         u_i2c_master_controller.soft_reset_d3 (net)
                      0.849226    0.000000    0.813062 ^ _1021_/A2 (sky130_fd_sc_hd__o21a_2)
     1    0.003617    0.037575    0.056616    0.869678 ^ _1021_/X (sky130_fd_sc_hd__o21a_2)
                                                         _0146_ (net)
                      0.037575    0.000000    0.869678 ^ _1213_/RESET_B (sky130_fd_sc_hd__dfrtp_2)
                                              0.869678   data arrival time

                      0.150000    0.000000    0.000000   clock i_clk (rise edge)
                                  0.000000    0.000000   clock network delay (ideal)
                                  0.250000    0.250000   clock uncertainty
                                  0.000000    0.250000   clock reconvergence pessimism
                                              0.250000 ^ _1213_/CLK (sky130_fd_sc_hd__dfrtp_2)
                                  0.215242    0.465242   library removal time
                                              0.465242   data required time
---------------------------------------------------------------------------------------------
                                              0.465242   data required time
                                             -0.869678   data arrival time
---------------------------------------------------------------------------------------------
                                              0.404435   slack (MET)


Startpoint: _1260_ (rising edge-triggered flip-flop clocked by i_clk)
Endpoint: _1214_ (removal check against rising-edge clock i_clk)
Path Group: asynchronous
Path Type: min

Fanout         Cap        Slew       Delay        Time   Description
---------------------------------------------------------------------------------------------
                      0.150000    0.000000    0.000000   clock i_clk (rise edge)
                                  0.000000    0.000000   clock network delay (ideal)
                      0.150000    0.000000    0.000000 ^ _1260_/CLK (sky130_fd_sc_hd__dfrtp_2)
    93    0.239475    0.849226    0.813062    0.813062 ^ _1260_/Q (sky130_fd_sc_hd__dfrtp_2)
                                                         u_i2c_master_controller.soft_reset_d3 (net)
                      0.849226    0.000000    0.813062 ^ _1022_/A2 (sky130_fd_sc_hd__o21a_2)
     1    0.003617    0.037575    0.056616    0.869678 ^ _1022_/X (sky130_fd_sc_hd__o21a_2)
                                                         _0147_ (net)
                      0.037575    0.000000    0.869678 ^ _1214_/RESET_B (sky130_fd_sc_hd__dfrtp_2)
                                              0.869678   data arrival time

                      0.150000    0.000000    0.000000   clock i_clk (rise edge)
                                  0.000000    0.000000   clock network delay (ideal)
                                  0.250000    0.250000   clock uncertainty
                                  0.000000    0.250000   clock reconvergence pessimism
                                              0.250000 ^ _1214_/CLK (sky130_fd_sc_hd__dfrtp_2)
                                  0.215242    0.465242   library removal time
                                              0.465242   data required time
---------------------------------------------------------------------------------------------
                                              0.465242   data required time
                                             -0.869678   data arrival time
---------------------------------------------------------------------------------------------
                                              0.404435   slack (MET)


Startpoint: _1260_ (rising edge-triggered flip-flop clocked by i_clk)
Endpoint: _1215_ (removal check against rising-edge clock i_clk)
Path Group: asynchronous
Path Type: min

Fanout         Cap        Slew       Delay        Time   Description
---------------------------------------------------------------------------------------------
                      0.150000    0.000000    0.000000   clock i_clk (rise edge)
                                  0.000000    0.000000   clock network delay (ideal)
                      0.150000    0.000000    0.000000 ^ _1260_/CLK (sky130_fd_sc_hd__dfrtp_2)
    93    0.239475    0.849226    0.813062    0.813062 ^ _1260_/Q (sky130_fd_sc_hd__dfrtp_2)
                                                         u_i2c_master_controller.soft_reset_d3 (net)
                      0.849226    0.000000    0.813062 ^ _1023_/A2 (sky130_fd_sc_hd__o21a_2)
     1    0.003617    0.037575    0.056616    0.869678 ^ _1023_/X (sky130_fd_sc_hd__o21a_2)
                                                         _0148_ (net)
                      0.037575    0.000000    0.869678 ^ _1215_/RESET_B (sky130_fd_sc_hd__dfrtp_2)
                                              0.869678   data arrival time

                      0.150000    0.000000    0.000000   clock i_clk (rise edge)
                                  0.000000    0.000000   clock network delay (ideal)
                                  0.250000    0.250000   clock uncertainty
                                  0.000000    0.250000   clock reconvergence pessimism
                                              0.250000 ^ _1215_/CLK (sky130_fd_sc_hd__dfrtp_2)
                                  0.215242    0.465242   library removal time
                                              0.465242   data required time
---------------------------------------------------------------------------------------------
                                              0.465242   data required time
                                             -0.869678   data arrival time
---------------------------------------------------------------------------------------------
                                              0.404435   slack (MET)


Startpoint: _1260_ (rising edge-triggered flip-flop clocked by i_clk)
Endpoint: _1216_ (removal check against rising-edge clock i_clk)
Path Group: asynchronous
Path Type: min

Fanout         Cap        Slew       Delay        Time   Description
---------------------------------------------------------------------------------------------
                      0.150000    0.000000    0.000000   clock i_clk (rise edge)
                                  0.000000    0.000000   clock network delay (ideal)
                      0.150000    0.000000    0.000000 ^ _1260_/CLK (sky130_fd_sc_hd__dfrtp_2)
    93    0.239475    0.849226    0.813062    0.813062 ^ _1260_/Q (sky130_fd_sc_hd__dfrtp_2)
                                                         u_i2c_master_controller.soft_reset_d3 (net)
                      0.849226    0.000000    0.813062 ^ _1024_/A2 (sky130_fd_sc_hd__o21a_2)
     1    0.003617    0.037575    0.056616    0.869678 ^ _1024_/X (sky130_fd_sc_hd__o21a_2)
                                                         _0149_ (net)
                      0.037575    0.000000    0.869678 ^ _1216_/RESET_B (sky130_fd_sc_hd__dfrtp_2)
                                              0.869678   data arrival time

                      0.150000    0.000000    0.000000   clock i_clk (rise edge)
                                  0.000000    0.000000   clock network delay (ideal)
                                  0.250000    0.250000   clock uncertainty
                                  0.000000    0.250000   clock reconvergence pessimism
                                              0.250000 ^ _1216_/CLK (sky130_fd_sc_hd__dfrtp_2)
                                  0.215242    0.465242   library removal time
                                              0.465242   data required time
---------------------------------------------------------------------------------------------
                                              0.465242   data required time
                                             -0.869678   data arrival time
---------------------------------------------------------------------------------------------
                                              0.404435   slack (MET)


Startpoint: _1260_ (rising edge-triggered flip-flop clocked by i_clk)
Endpoint: _1217_ (removal check against rising-edge clock i_clk)
Path Group: asynchronous
Path Type: min

Fanout         Cap        Slew       Delay        Time   Description
---------------------------------------------------------------------------------------------
                      0.150000    0.000000    0.000000   clock i_clk (rise edge)
                                  0.000000    0.000000   clock network delay (ideal)
                      0.150000    0.000000    0.000000 ^ _1260_/CLK (sky130_fd_sc_hd__dfrtp_2)
    93    0.239475    0.849226    0.813062    0.813062 ^ _1260_/Q (sky130_fd_sc_hd__dfrtp_2)
                                                         u_i2c_master_controller.soft_reset_d3 (net)
                      0.849226    0.000000    0.813062 ^ _1025_/A2 (sky130_fd_sc_hd__o21a_2)
     1    0.003617    0.037575    0.056616    0.869678 ^ _1025_/X (sky130_fd_sc_hd__o21a_2)
                                                         _0150_ (net)
                      0.037575    0.000000    0.869678 ^ _1217_/RESET_B (sky130_fd_sc_hd__dfrtp_2)
                                              0.869678   data arrival time

                      0.150000    0.000000    0.000000   clock i_clk (rise edge)
                                  0.000000    0.000000   clock network delay (ideal)
                                  0.250000    0.250000   clock uncertainty
                                  0.000000    0.250000   clock reconvergence pessimism
                                              0.250000 ^ _1217_/CLK (sky130_fd_sc_hd__dfrtp_2)
                                  0.215242    0.465242   library removal time
                                              0.465242   data required time
---------------------------------------------------------------------------------------------
                                              0.465242   data required time
                                             -0.869678   data arrival time
---------------------------------------------------------------------------------------------
                                              0.404435   slack (MET)


Startpoint: _1260_ (rising edge-triggered flip-flop clocked by i_clk)
Endpoint: _1218_ (removal check against rising-edge clock i_clk)
Path Group: asynchronous
Path Type: min

Fanout         Cap        Slew       Delay        Time   Description
---------------------------------------------------------------------------------------------
                      0.150000    0.000000    0.000000   clock i_clk (rise edge)
                                  0.000000    0.000000   clock network delay (ideal)
                      0.150000    0.000000    0.000000 ^ _1260_/CLK (sky130_fd_sc_hd__dfrtp_2)
    93    0.239475    0.849226    0.813062    0.813062 ^ _1260_/Q (sky130_fd_sc_hd__dfrtp_2)
                                                         u_i2c_master_controller.soft_reset_d3 (net)
                      0.849226    0.000000    0.813062 ^ _1026_/A2 (sky130_fd_sc_hd__o21a_2)
     1    0.003617    0.037575    0.056616    0.869678 ^ _1026_/X (sky130_fd_sc_hd__o21a_2)
                                                         _0151_ (net)
                      0.037575    0.000000    0.869678 ^ _1218_/RESET_B (sky130_fd_sc_hd__dfrtp_2)
                                              0.869678   data arrival time

                      0.150000    0.000000    0.000000   clock i_clk (rise edge)
                                  0.000000    0.000000   clock network delay (ideal)
                                  0.250000    0.250000   clock uncertainty
                                  0.000000    0.250000   clock reconvergence pessimism
                                              0.250000 ^ _1218_/CLK (sky130_fd_sc_hd__dfrtp_2)
                                  0.215242    0.465242   library removal time
                                              0.465242   data required time
---------------------------------------------------------------------------------------------
                                              0.465242   data required time
                                             -0.869678   data arrival time
---------------------------------------------------------------------------------------------
                                              0.404435   slack (MET)


Startpoint: _1260_ (rising edge-triggered flip-flop clocked by i_clk)
Endpoint: _1219_ (removal check against rising-edge clock i_clk)
Path Group: asynchronous
Path Type: min

Fanout         Cap        Slew       Delay        Time   Description
---------------------------------------------------------------------------------------------
                      0.150000    0.000000    0.000000   clock i_clk (rise edge)
                                  0.000000    0.000000   clock network delay (ideal)
                      0.150000    0.000000    0.000000 ^ _1260_/CLK (sky130_fd_sc_hd__dfrtp_2)
    93    0.239475    0.849226    0.813062    0.813062 ^ _1260_/Q (sky130_fd_sc_hd__dfrtp_2)
                                                         u_i2c_master_controller.soft_reset_d3 (net)
                      0.849226    0.000000    0.813062 ^ _1027_/A2 (sky130_fd_sc_hd__o21a_2)
     1    0.003617    0.037575    0.056616    0.869678 ^ _1027_/X (sky130_fd_sc_hd__o21a_2)
                                                         _0152_ (net)
                      0.037575    0.000000    0.869678 ^ _1219_/RESET_B (sky130_fd_sc_hd__dfrtp_2)
                                              0.869678   data arrival time

                      0.150000    0.000000    0.000000   clock i_clk (rise edge)
                                  0.000000    0.000000   clock network delay (ideal)
                                  0.250000    0.250000   clock uncertainty
                                  0.000000    0.250000   clock reconvergence pessimism
                                              0.250000 ^ _1219_/CLK (sky130_fd_sc_hd__dfrtp_2)
                                  0.215242    0.465242   library removal time
                                              0.465242   data required time
---------------------------------------------------------------------------------------------
                                              0.465242   data required time
                                             -0.869678   data arrival time
---------------------------------------------------------------------------------------------
                                              0.404435   slack (MET)


Startpoint: _1260_ (rising edge-triggered flip-flop clocked by i_clk)
Endpoint: _1220_ (removal check against rising-edge clock i_clk)
Path Group: asynchronous
Path Type: min

Fanout         Cap        Slew       Delay        Time   Description
---------------------------------------------------------------------------------------------
                      0.150000    0.000000    0.000000   clock i_clk (rise edge)
                                  0.000000    0.000000   clock network delay (ideal)
                      0.150000    0.000000    0.000000 ^ _1260_/CLK (sky130_fd_sc_hd__dfrtp_2)
    93    0.239475    0.849226    0.813062    0.813062 ^ _1260_/Q (sky130_fd_sc_hd__dfrtp_2)
                                                         u_i2c_master_controller.soft_reset_d3 (net)
                      0.849226    0.000000    0.813062 ^ _1028_/A2 (sky130_fd_sc_hd__o21a_2)
     1    0.003617    0.037575    0.056616    0.869678 ^ _1028_/X (sky130_fd_sc_hd__o21a_2)
                                                         _0153_ (net)
                      0.037575    0.000000    0.869678 ^ _1220_/RESET_B (sky130_fd_sc_hd__dfrtp_2)
                                              0.869678   data arrival time

                      0.150000    0.000000    0.000000   clock i_clk (rise edge)
                                  0.000000    0.000000   clock network delay (ideal)
                                  0.250000    0.250000   clock uncertainty
                                  0.000000    0.250000   clock reconvergence pessimism
                                              0.250000 ^ _1220_/CLK (sky130_fd_sc_hd__dfrtp_2)
                                  0.215242    0.465242   library removal time
                                              0.465242   data required time
---------------------------------------------------------------------------------------------
                                              0.465242   data required time
                                             -0.869678   data arrival time
---------------------------------------------------------------------------------------------
                                              0.404435   slack (MET)


Startpoint: _1260_ (rising edge-triggered flip-flop clocked by i_clk)
Endpoint: _1221_ (removal check against rising-edge clock i_clk)
Path Group: asynchronous
Path Type: min

Fanout         Cap        Slew       Delay        Time   Description
---------------------------------------------------------------------------------------------
                      0.150000    0.000000    0.000000   clock i_clk (rise edge)
                                  0.000000    0.000000   clock network delay (ideal)
                      0.150000    0.000000    0.000000 ^ _1260_/CLK (sky130_fd_sc_hd__dfrtp_2)
    93    0.239475    0.849226    0.813062    0.813062 ^ _1260_/Q (sky130_fd_sc_hd__dfrtp_2)
                                                         u_i2c_master_controller.soft_reset_d3 (net)
                      0.849226    0.000000    0.813062 ^ _1029_/A2 (sky130_fd_sc_hd__o21a_2)
     1    0.003617    0.037575    0.056616    0.869678 ^ _1029_/X (sky130_fd_sc_hd__o21a_2)
                                                         _0154_ (net)
                      0.037575    0.000000    0.869678 ^ _1221_/RESET_B (sky130_fd_sc_hd__dfrtp_2)
                                              0.869678   data arrival time

                      0.150000    0.000000    0.000000   clock i_clk (rise edge)
                                  0.000000    0.000000   clock network delay (ideal)
                                  0.250000    0.250000   clock uncertainty
                                  0.000000    0.250000   clock reconvergence pessimism
                                              0.250000 ^ _1221_/CLK (sky130_fd_sc_hd__dfrtp_2)
                                  0.215242    0.465242   library removal time
                                              0.465242   data required time
---------------------------------------------------------------------------------------------
                                              0.465242   data required time
                                             -0.869678   data arrival time
---------------------------------------------------------------------------------------------
                                              0.404435   slack (MET)


Startpoint: _1260_ (rising edge-triggered flip-flop clocked by i_clk)
Endpoint: _1222_ (removal check against rising-edge clock i_clk)
Path Group: asynchronous
Path Type: min

Fanout         Cap        Slew       Delay        Time   Description
---------------------------------------------------------------------------------------------
                      0.150000    0.000000    0.000000   clock i_clk (rise edge)
                                  0.000000    0.000000   clock network delay (ideal)
                      0.150000    0.000000    0.000000 ^ _1260_/CLK (sky130_fd_sc_hd__dfrtp_2)
    93    0.239475    0.849226    0.813062    0.813062 ^ _1260_/Q (sky130_fd_sc_hd__dfrtp_2)
                                                         u_i2c_master_controller.soft_reset_d3 (net)
                      0.849226    0.000000    0.813062 ^ _1030_/A2 (sky130_fd_sc_hd__o21a_2)
     1    0.003617    0.037575    0.056616    0.869678 ^ _1030_/X (sky130_fd_sc_hd__o21a_2)
                                                         _0155_ (net)
                      0.037575    0.000000    0.869678 ^ _1222_/RESET_B (sky130_fd_sc_hd__dfrtp_2)
                                              0.869678   data arrival time

                      0.150000    0.000000    0.000000   clock i_clk (rise edge)
                                  0.000000    0.000000   clock network delay (ideal)
                                  0.250000    0.250000   clock uncertainty
                                  0.000000    0.250000   clock reconvergence pessimism
                                              0.250000 ^ _1222_/CLK (sky130_fd_sc_hd__dfrtp_2)
                                  0.215242    0.465242   library removal time
                                              0.465242   data required time
---------------------------------------------------------------------------------------------
                                              0.465242   data required time
                                             -0.869678   data arrival time
---------------------------------------------------------------------------------------------
                                              0.404435   slack (MET)


Startpoint: _1260_ (rising edge-triggered flip-flop clocked by i_clk)
Endpoint: _1223_ (removal check against rising-edge clock i_clk)
Path Group: asynchronous
Path Type: min

Fanout         Cap        Slew       Delay        Time   Description
---------------------------------------------------------------------------------------------
                      0.150000    0.000000    0.000000   clock i_clk (rise edge)
                                  0.000000    0.000000   clock network delay (ideal)
                      0.150000    0.000000    0.000000 ^ _1260_/CLK (sky130_fd_sc_hd__dfrtp_2)
    93    0.239475    0.849226    0.813062    0.813062 ^ _1260_/Q (sky130_fd_sc_hd__dfrtp_2)
                                                         u_i2c_master_controller.soft_reset_d3 (net)
                      0.849226    0.000000    0.813062 ^ _1031_/A2 (sky130_fd_sc_hd__o21a_2)
     1    0.003617    0.037575    0.056616    0.869678 ^ _1031_/X (sky130_fd_sc_hd__o21a_2)
                                                         _0156_ (net)
                      0.037575    0.000000    0.869678 ^ _1223_/RESET_B (sky130_fd_sc_hd__dfrtp_2)
                                              0.869678   data arrival time

                      0.150000    0.000000    0.000000   clock i_clk (rise edge)
                                  0.000000    0.000000   clock network delay (ideal)
                                  0.250000    0.250000   clock uncertainty
                                  0.000000    0.250000   clock reconvergence pessimism
                                              0.250000 ^ _1223_/CLK (sky130_fd_sc_hd__dfrtp_2)
                                  0.215242    0.465242   library removal time
                                              0.465242   data required time
---------------------------------------------------------------------------------------------
                                              0.465242   data required time
                                             -0.869678   data arrival time
---------------------------------------------------------------------------------------------
                                              0.404435   slack (MET)


Startpoint: _1260_ (rising edge-triggered flip-flop clocked by i_clk)
Endpoint: _1224_ (removal check against rising-edge clock i_clk)
Path Group: asynchronous
Path Type: min

Fanout         Cap        Slew       Delay        Time   Description
---------------------------------------------------------------------------------------------
                      0.150000    0.000000    0.000000   clock i_clk (rise edge)
                                  0.000000    0.000000   clock network delay (ideal)
                      0.150000    0.000000    0.000000 ^ _1260_/CLK (sky130_fd_sc_hd__dfrtp_2)
    93    0.239475    0.849226    0.813062    0.813062 ^ _1260_/Q (sky130_fd_sc_hd__dfrtp_2)
                                                         u_i2c_master_controller.soft_reset_d3 (net)
                      0.849226    0.000000    0.813062 ^ _1032_/A2 (sky130_fd_sc_hd__o21a_2)
     1    0.003617    0.037575    0.056616    0.869678 ^ _1032_/X (sky130_fd_sc_hd__o21a_2)
                                                         _0157_ (net)
                      0.037575    0.000000    0.869678 ^ _1224_/RESET_B (sky130_fd_sc_hd__dfrtp_2)
                                              0.869678   data arrival time

                      0.150000    0.000000    0.000000   clock i_clk (rise edge)
                                  0.000000    0.000000   clock network delay (ideal)
                                  0.250000    0.250000   clock uncertainty
                                  0.000000    0.250000   clock reconvergence pessimism
                                              0.250000 ^ _1224_/CLK (sky130_fd_sc_hd__dfrtp_2)
                                  0.215242    0.465242   library removal time
                                              0.465242   data required time
---------------------------------------------------------------------------------------------
                                              0.465242   data required time
                                             -0.869678   data arrival time
---------------------------------------------------------------------------------------------
                                              0.404435   slack (MET)


Startpoint: _1260_ (rising edge-triggered flip-flop clocked by i_clk)
Endpoint: _1225_ (removal check against rising-edge clock i_clk)
Path Group: asynchronous
Path Type: min

Fanout         Cap        Slew       Delay        Time   Description
---------------------------------------------------------------------------------------------
                      0.150000    0.000000    0.000000   clock i_clk (rise edge)
                                  0.000000    0.000000   clock network delay (ideal)
                      0.150000    0.000000    0.000000 ^ _1260_/CLK (sky130_fd_sc_hd__dfrtp_2)
    93    0.239475    0.849226    0.813062    0.813062 ^ _1260_/Q (sky130_fd_sc_hd__dfrtp_2)
                                                         u_i2c_master_controller.soft_reset_d3 (net)
                      0.849226    0.000000    0.813062 ^ _1033_/A2 (sky130_fd_sc_hd__o21a_2)
     1    0.003617    0.037575    0.056616    0.869678 ^ _1033_/X (sky130_fd_sc_hd__o21a_2)
                                                         _0158_ (net)
                      0.037575    0.000000    0.869678 ^ _1225_/RESET_B (sky130_fd_sc_hd__dfrtp_2)
                                              0.869678   data arrival time

                      0.150000    0.000000    0.000000   clock i_clk (rise edge)
                                  0.000000    0.000000   clock network delay (ideal)
                                  0.250000    0.250000   clock uncertainty
                                  0.000000    0.250000   clock reconvergence pessimism
                                              0.250000 ^ _1225_/CLK (sky130_fd_sc_hd__dfrtp_2)
                                  0.215242    0.465242   library removal time
                                              0.465242   data required time
---------------------------------------------------------------------------------------------
                                              0.465242   data required time
                                             -0.869678   data arrival time
---------------------------------------------------------------------------------------------
                                              0.404435   slack (MET)


Startpoint: _1260_ (rising edge-triggered flip-flop clocked by i_clk)
Endpoint: _1226_ (removal check against rising-edge clock i_clk)
Path Group: asynchronous
Path Type: min

Fanout         Cap        Slew       Delay        Time   Description
---------------------------------------------------------------------------------------------
                      0.150000    0.000000    0.000000   clock i_clk (rise edge)
                                  0.000000    0.000000   clock network delay (ideal)
                      0.150000    0.000000    0.000000 ^ _1260_/CLK (sky130_fd_sc_hd__dfrtp_2)
    93    0.239475    0.849226    0.813062    0.813062 ^ _1260_/Q (sky130_fd_sc_hd__dfrtp_2)
                                                         u_i2c_master_controller.soft_reset_d3 (net)
                      0.849226    0.000000    0.813062 ^ _1034_/A2 (sky130_fd_sc_hd__o21a_2)
     1    0.003617    0.037575    0.056616    0.869678 ^ _1034_/X (sky130_fd_sc_hd__o21a_2)
                                                         _0159_ (net)
                      0.037575    0.000000    0.869678 ^ _1226_/RESET_B (sky130_fd_sc_hd__dfrtp_2)
                                              0.869678   data arrival time

                      0.150000    0.000000    0.000000   clock i_clk (rise edge)
                                  0.000000    0.000000   clock network delay (ideal)
                                  0.250000    0.250000   clock uncertainty
                                  0.000000    0.250000   clock reconvergence pessimism
                                              0.250000 ^ _1226_/CLK (sky130_fd_sc_hd__dfrtp_2)
                                  0.215242    0.465242   library removal time
                                              0.465242   data required time
---------------------------------------------------------------------------------------------
                                              0.465242   data required time
                                             -0.869678   data arrival time
---------------------------------------------------------------------------------------------
                                              0.404435   slack (MET)


Startpoint: _1260_ (rising edge-triggered flip-flop clocked by i_clk)
Endpoint: _1227_ (removal check against rising-edge clock i_clk)
Path Group: asynchronous
Path Type: min

Fanout         Cap        Slew       Delay        Time   Description
---------------------------------------------------------------------------------------------
                      0.150000    0.000000    0.000000   clock i_clk (rise edge)
                                  0.000000    0.000000   clock network delay (ideal)
                      0.150000    0.000000    0.000000 ^ _1260_/CLK (sky130_fd_sc_hd__dfrtp_2)
    93    0.239475    0.849226    0.813062    0.813062 ^ _1260_/Q (sky130_fd_sc_hd__dfrtp_2)
                                                         u_i2c_master_controller.soft_reset_d3 (net)
                      0.849226    0.000000    0.813062 ^ _1035_/A2 (sky130_fd_sc_hd__o21a_2)
     1    0.003617    0.037575    0.056616    0.869678 ^ _1035_/X (sky130_fd_sc_hd__o21a_2)
                                                         _0160_ (net)
                      0.037575    0.000000    0.869678 ^ _1227_/RESET_B (sky130_fd_sc_hd__dfrtp_2)
                                              0.869678   data arrival time

                      0.150000    0.000000    0.000000   clock i_clk (rise edge)
                                  0.000000    0.000000   clock network delay (ideal)
                                  0.250000    0.250000   clock uncertainty
                                  0.000000    0.250000   clock reconvergence pessimism
                                              0.250000 ^ _1227_/CLK (sky130_fd_sc_hd__dfrtp_2)
                                  0.215242    0.465242   library removal time
                                              0.465242   data required time
---------------------------------------------------------------------------------------------
                                              0.465242   data required time
                                             -0.869678   data arrival time
---------------------------------------------------------------------------------------------
                                              0.404435   slack (MET)


Startpoint: _1260_ (rising edge-triggered flip-flop clocked by i_clk)
Endpoint: _1228_ (removal check against rising-edge clock i_clk)
Path Group: asynchronous
Path Type: min

Fanout         Cap        Slew       Delay        Time   Description
---------------------------------------------------------------------------------------------
                      0.150000    0.000000    0.000000   clock i_clk (rise edge)
                                  0.000000    0.000000   clock network delay (ideal)
                      0.150000    0.000000    0.000000 ^ _1260_/CLK (sky130_fd_sc_hd__dfrtp_2)
    93    0.239475    0.849226    0.813062    0.813062 ^ _1260_/Q (sky130_fd_sc_hd__dfrtp_2)
                                                         u_i2c_master_controller.soft_reset_d3 (net)
                      0.849226    0.000000    0.813062 ^ _1036_/A2 (sky130_fd_sc_hd__o21a_2)
     1    0.003617    0.037575    0.056616    0.869678 ^ _1036_/X (sky130_fd_sc_hd__o21a_2)
                                                         _0161_ (net)
                      0.037575    0.000000    0.869678 ^ _1228_/RESET_B (sky130_fd_sc_hd__dfrtp_2)
                                              0.869678   data arrival time

                      0.150000    0.000000    0.000000   clock i_clk (rise edge)
                                  0.000000    0.000000   clock network delay (ideal)
                                  0.250000    0.250000   clock uncertainty
                                  0.000000    0.250000   clock reconvergence pessimism
                                              0.250000 ^ _1228_/CLK (sky130_fd_sc_hd__dfrtp_2)
                                  0.215242    0.465242   library removal time
                                              0.465242   data required time
---------------------------------------------------------------------------------------------
                                              0.465242   data required time
                                             -0.869678   data arrival time
---------------------------------------------------------------------------------------------
                                              0.404435   slack (MET)


Startpoint: _1260_ (rising edge-triggered flip-flop clocked by i_clk)
Endpoint: _1229_ (removal check against rising-edge clock i_clk)
Path Group: asynchronous
Path Type: min

Fanout         Cap        Slew       Delay        Time   Description
---------------------------------------------------------------------------------------------
                      0.150000    0.000000    0.000000   clock i_clk (rise edge)
                                  0.000000    0.000000   clock network delay (ideal)
                      0.150000    0.000000    0.000000 ^ _1260_/CLK (sky130_fd_sc_hd__dfrtp_2)
    93    0.239475    0.849226    0.813062    0.813062 ^ _1260_/Q (sky130_fd_sc_hd__dfrtp_2)
                                                         u_i2c_master_controller.soft_reset_d3 (net)
                      0.849226    0.000000    0.813062 ^ _1037_/A2 (sky130_fd_sc_hd__o21a_2)
     1    0.003617    0.037575    0.056616    0.869678 ^ _1037_/X (sky130_fd_sc_hd__o21a_2)
                                                         _0162_ (net)
                      0.037575    0.000000    0.869678 ^ _1229_/RESET_B (sky130_fd_sc_hd__dfrtp_2)
                                              0.869678   data arrival time

                      0.150000    0.000000    0.000000   clock i_clk (rise edge)
                                  0.000000    0.000000   clock network delay (ideal)
                                  0.250000    0.250000   clock uncertainty
                                  0.000000    0.250000   clock reconvergence pessimism
                                              0.250000 ^ _1229_/CLK (sky130_fd_sc_hd__dfrtp_2)
                                  0.215242    0.465242   library removal time
                                              0.465242   data required time
---------------------------------------------------------------------------------------------
                                              0.465242   data required time
                                             -0.869678   data arrival time
---------------------------------------------------------------------------------------------
                                              0.404435   slack (MET)


Startpoint: _1260_ (rising edge-triggered flip-flop clocked by i_clk)
Endpoint: _1231_ (removal check against rising-edge clock i_clk)
Path Group: asynchronous
Path Type: min

Fanout         Cap        Slew       Delay        Time   Description
---------------------------------------------------------------------------------------------
                      0.150000    0.000000    0.000000   clock i_clk (rise edge)
                                  0.000000    0.000000   clock network delay (ideal)
                      0.150000    0.000000    0.000000 ^ _1260_/CLK (sky130_fd_sc_hd__dfrtp_2)
    93    0.239475    0.849226    0.813062    0.813062 ^ _1260_/Q (sky130_fd_sc_hd__dfrtp_2)
                                                         u_i2c_master_controller.soft_reset_d3 (net)
                      0.849226    0.000000    0.813062 ^ _1039_/A2 (sky130_fd_sc_hd__o21a_2)
     1    0.003617    0.037575    0.056616    0.869678 ^ _1039_/X (sky130_fd_sc_hd__o21a_2)
                                                         _0164_ (net)
                      0.037575    0.000000    0.869678 ^ _1231_/RESET_B (sky130_fd_sc_hd__dfrtp_2)
                                              0.869678   data arrival time

                      0.150000    0.000000    0.000000   clock i_clk (rise edge)
                                  0.000000    0.000000   clock network delay (ideal)
                                  0.250000    0.250000   clock uncertainty
                                  0.000000    0.250000   clock reconvergence pessimism
                                              0.250000 ^ _1231_/CLK (sky130_fd_sc_hd__dfrtp_2)
                                  0.215242    0.465242   library removal time
                                              0.465242   data required time
---------------------------------------------------------------------------------------------
                                              0.465242   data required time
                                             -0.869678   data arrival time
---------------------------------------------------------------------------------------------
                                              0.404435   slack (MET)


Startpoint: _1260_ (rising edge-triggered flip-flop clocked by i_clk)
Endpoint: _1232_ (removal check against rising-edge clock i_clk)
Path Group: asynchronous
Path Type: min

Fanout         Cap        Slew       Delay        Time   Description
---------------------------------------------------------------------------------------------
                      0.150000    0.000000    0.000000   clock i_clk (rise edge)
                                  0.000000    0.000000   clock network delay (ideal)
                      0.150000    0.000000    0.000000 ^ _1260_/CLK (sky130_fd_sc_hd__dfrtp_2)
    93    0.239475    0.849226    0.813062    0.813062 ^ _1260_/Q (sky130_fd_sc_hd__dfrtp_2)
                                                         u_i2c_master_controller.soft_reset_d3 (net)
                      0.849226    0.000000    0.813062 ^ _1040_/A2 (sky130_fd_sc_hd__o21a_2)
     1    0.003617    0.037575    0.056616    0.869678 ^ _1040_/X (sky130_fd_sc_hd__o21a_2)
                                                         _0165_ (net)
                      0.037575    0.000000    0.869678 ^ _1232_/RESET_B (sky130_fd_sc_hd__dfrtp_2)
                                              0.869678   data arrival time

                      0.150000    0.000000    0.000000   clock i_clk (rise edge)
                                  0.000000    0.000000   clock network delay (ideal)
                                  0.250000    0.250000   clock uncertainty
                                  0.000000    0.250000   clock reconvergence pessimism
                                              0.250000 ^ _1232_/CLK (sky130_fd_sc_hd__dfrtp_2)
                                  0.215242    0.465242   library removal time
                                              0.465242   data required time
---------------------------------------------------------------------------------------------
                                              0.465242   data required time
                                             -0.869678   data arrival time
---------------------------------------------------------------------------------------------
                                              0.404435   slack (MET)


Startpoint: _1260_ (rising edge-triggered flip-flop clocked by i_clk)
Endpoint: _1233_ (removal check against rising-edge clock i_clk)
Path Group: asynchronous
Path Type: min

Fanout         Cap        Slew       Delay        Time   Description
---------------------------------------------------------------------------------------------
                      0.150000    0.000000    0.000000   clock i_clk (rise edge)
                                  0.000000    0.000000   clock network delay (ideal)
                      0.150000    0.000000    0.000000 ^ _1260_/CLK (sky130_fd_sc_hd__dfrtp_2)
    93    0.239475    0.849226    0.813062    0.813062 ^ _1260_/Q (sky130_fd_sc_hd__dfrtp_2)
                                                         u_i2c_master_controller.soft_reset_d3 (net)
                      0.849226    0.000000    0.813062 ^ _1041_/A2 (sky130_fd_sc_hd__o21a_2)
     1    0.003617    0.037575    0.056616    0.869678 ^ _1041_/X (sky130_fd_sc_hd__o21a_2)
                                                         _0166_ (net)
                      0.037575    0.000000    0.869678 ^ _1233_/RESET_B (sky130_fd_sc_hd__dfrtp_2)
                                              0.869678   data arrival time

                      0.150000    0.000000    0.000000   clock i_clk (rise edge)
                                  0.000000    0.000000   clock network delay (ideal)
                                  0.250000    0.250000   clock uncertainty
                                  0.000000    0.250000   clock reconvergence pessimism
                                              0.250000 ^ _1233_/CLK (sky130_fd_sc_hd__dfrtp_2)
                                  0.215242    0.465242   library removal time
                                              0.465242   data required time
---------------------------------------------------------------------------------------------
                                              0.465242   data required time
                                             -0.869678   data arrival time
---------------------------------------------------------------------------------------------
                                              0.404435   slack (MET)


Startpoint: _1260_ (rising edge-triggered flip-flop clocked by i_clk)
Endpoint: _1234_ (removal check against rising-edge clock i_clk)
Path Group: asynchronous
Path Type: min

Fanout         Cap        Slew       Delay        Time   Description
---------------------------------------------------------------------------------------------
                      0.150000    0.000000    0.000000   clock i_clk (rise edge)
                                  0.000000    0.000000   clock network delay (ideal)
                      0.150000    0.000000    0.000000 ^ _1260_/CLK (sky130_fd_sc_hd__dfrtp_2)
    93    0.239475    0.849226    0.813062    0.813062 ^ _1260_/Q (sky130_fd_sc_hd__dfrtp_2)
                                                         u_i2c_master_controller.soft_reset_d3 (net)
                      0.849226    0.000000    0.813062 ^ _1042_/A2 (sky130_fd_sc_hd__o21a_2)
     1    0.003617    0.037575    0.056616    0.869678 ^ _1042_/X (sky130_fd_sc_hd__o21a_2)
                                                         _0167_ (net)
                      0.037575    0.000000    0.869678 ^ _1234_/RESET_B (sky130_fd_sc_hd__dfrtp_2)
                                              0.869678   data arrival time

                      0.150000    0.000000    0.000000   clock i_clk (rise edge)
                                  0.000000    0.000000   clock network delay (ideal)
                                  0.250000    0.250000   clock uncertainty
                                  0.000000    0.250000   clock reconvergence pessimism
                                              0.250000 ^ _1234_/CLK (sky130_fd_sc_hd__dfrtp_2)
                                  0.215242    0.465242   library removal time
                                              0.465242   data required time
---------------------------------------------------------------------------------------------
                                              0.465242   data required time
                                             -0.869678   data arrival time
---------------------------------------------------------------------------------------------
                                              0.404435   slack (MET)


Startpoint: _1260_ (rising edge-triggered flip-flop clocked by i_clk)
Endpoint: _1235_ (removal check against rising-edge clock i_clk)
Path Group: asynchronous
Path Type: min

Fanout         Cap        Slew       Delay        Time   Description
---------------------------------------------------------------------------------------------
                      0.150000    0.000000    0.000000   clock i_clk (rise edge)
                                  0.000000    0.000000   clock network delay (ideal)
                      0.150000    0.000000    0.000000 ^ _1260_/CLK (sky130_fd_sc_hd__dfrtp_2)
    93    0.239475    0.849226    0.813062    0.813062 ^ _1260_/Q (sky130_fd_sc_hd__dfrtp_2)
                                                         u_i2c_master_controller.soft_reset_d3 (net)
                      0.849226    0.000000    0.813062 ^ _1043_/A2 (sky130_fd_sc_hd__o21a_2)
     1    0.003617    0.037575    0.056616    0.869678 ^ _1043_/X (sky130_fd_sc_hd__o21a_2)
                                                         _0168_ (net)
                      0.037575    0.000000    0.869678 ^ _1235_/RESET_B (sky130_fd_sc_hd__dfrtp_2)
                                              0.869678   data arrival time

                      0.150000    0.000000    0.000000   clock i_clk (rise edge)
                                  0.000000    0.000000   clock network delay (ideal)
                                  0.250000    0.250000   clock uncertainty
                                  0.000000    0.250000   clock reconvergence pessimism
                                              0.250000 ^ _1235_/CLK (sky130_fd_sc_hd__dfrtp_2)
                                  0.215242    0.465242   library removal time
                                              0.465242   data required time
---------------------------------------------------------------------------------------------
                                              0.465242   data required time
                                             -0.869678   data arrival time
---------------------------------------------------------------------------------------------
                                              0.404435   slack (MET)


Startpoint: _1260_ (rising edge-triggered flip-flop clocked by i_clk)
Endpoint: _1236_ (removal check against rising-edge clock i_clk)
Path Group: asynchronous
Path Type: min

Fanout         Cap        Slew       Delay        Time   Description
---------------------------------------------------------------------------------------------
                      0.150000    0.000000    0.000000   clock i_clk (rise edge)
                                  0.000000    0.000000   clock network delay (ideal)
                      0.150000    0.000000    0.000000 ^ _1260_/CLK (sky130_fd_sc_hd__dfrtp_2)
    93    0.239475    0.849226    0.813062    0.813062 ^ _1260_/Q (sky130_fd_sc_hd__dfrtp_2)
                                                         u_i2c_master_controller.soft_reset_d3 (net)
                      0.849226    0.000000    0.813062 ^ _1044_/A2 (sky130_fd_sc_hd__o21a_2)
     1    0.003617    0.037575    0.056616    0.869678 ^ _1044_/X (sky130_fd_sc_hd__o21a_2)
                                                         _0169_ (net)
                      0.037575    0.000000    0.869678 ^ _1236_/RESET_B (sky130_fd_sc_hd__dfrtp_2)
                                              0.869678   data arrival time

                      0.150000    0.000000    0.000000   clock i_clk (rise edge)
                                  0.000000    0.000000   clock network delay (ideal)
                                  0.250000    0.250000   clock uncertainty
                                  0.000000    0.250000   clock reconvergence pessimism
                                              0.250000 ^ _1236_/CLK (sky130_fd_sc_hd__dfrtp_2)
                                  0.215242    0.465242   library removal time
                                              0.465242   data required time
---------------------------------------------------------------------------------------------
                                              0.465242   data required time
                                             -0.869678   data arrival time
---------------------------------------------------------------------------------------------
                                              0.404435   slack (MET)


Startpoint: _1260_ (rising edge-triggered flip-flop clocked by i_clk)
Endpoint: _1237_ (removal check against rising-edge clock i_clk)
Path Group: asynchronous
Path Type: min

Fanout         Cap        Slew       Delay        Time   Description
---------------------------------------------------------------------------------------------
                      0.150000    0.000000    0.000000   clock i_clk (rise edge)
                                  0.000000    0.000000   clock network delay (ideal)
                      0.150000    0.000000    0.000000 ^ _1260_/CLK (sky130_fd_sc_hd__dfrtp_2)
    93    0.239475    0.849226    0.813062    0.813062 ^ _1260_/Q (sky130_fd_sc_hd__dfrtp_2)
                                                         u_i2c_master_controller.soft_reset_d3 (net)
                      0.849226    0.000000    0.813062 ^ _1045_/A2 (sky130_fd_sc_hd__o21a_2)
     1    0.003617    0.037575    0.056616    0.869678 ^ _1045_/X (sky130_fd_sc_hd__o21a_2)
                                                         _0170_ (net)
                      0.037575    0.000000    0.869678 ^ _1237_/RESET_B (sky130_fd_sc_hd__dfrtp_2)
                                              0.869678   data arrival time

                      0.150000    0.000000    0.000000   clock i_clk (rise edge)
                                  0.000000    0.000000   clock network delay (ideal)
                                  0.250000    0.250000   clock uncertainty
                                  0.000000    0.250000   clock reconvergence pessimism
                                              0.250000 ^ _1237_/CLK (sky130_fd_sc_hd__dfrtp_2)
                                  0.215242    0.465242   library removal time
                                              0.465242   data required time
---------------------------------------------------------------------------------------------
                                              0.465242   data required time
                                             -0.869678   data arrival time
---------------------------------------------------------------------------------------------
                                              0.404435   slack (MET)


Startpoint: _1260_ (rising edge-triggered flip-flop clocked by i_clk)
Endpoint: _1238_ (removal check against rising-edge clock i_clk)
Path Group: asynchronous
Path Type: min

Fanout         Cap        Slew       Delay        Time   Description
---------------------------------------------------------------------------------------------
                      0.150000    0.000000    0.000000   clock i_clk (rise edge)
                                  0.000000    0.000000   clock network delay (ideal)
                      0.150000    0.000000    0.000000 ^ _1260_/CLK (sky130_fd_sc_hd__dfrtp_2)
    93    0.239475    0.849226    0.813062    0.813062 ^ _1260_/Q (sky130_fd_sc_hd__dfrtp_2)
                                                         u_i2c_master_controller.soft_reset_d3 (net)
                      0.849226    0.000000    0.813062 ^ _1046_/A2 (sky130_fd_sc_hd__o21a_2)
     1    0.003617    0.037575    0.056616    0.869678 ^ _1046_/X (sky130_fd_sc_hd__o21a_2)
                                                         _0171_ (net)
                      0.037575    0.000000    0.869678 ^ _1238_/RESET_B (sky130_fd_sc_hd__dfrtp_2)
                                              0.869678   data arrival time

                      0.150000    0.000000    0.000000   clock i_clk (rise edge)
                                  0.000000    0.000000   clock network delay (ideal)
                                  0.250000    0.250000   clock uncertainty
                                  0.000000    0.250000   clock reconvergence pessimism
                                              0.250000 ^ _1238_/CLK (sky130_fd_sc_hd__dfrtp_2)
                                  0.215242    0.465242   library removal time
                                              0.465242   data required time
---------------------------------------------------------------------------------------------
                                              0.465242   data required time
                                             -0.869678   data arrival time
---------------------------------------------------------------------------------------------
                                              0.404435   slack (MET)


Startpoint: _1260_ (rising edge-triggered flip-flop clocked by i_clk)
Endpoint: _1239_ (removal check against rising-edge clock i_clk)
Path Group: asynchronous
Path Type: min

Fanout         Cap        Slew       Delay        Time   Description
---------------------------------------------------------------------------------------------
                      0.150000    0.000000    0.000000   clock i_clk (rise edge)
                                  0.000000    0.000000   clock network delay (ideal)
                      0.150000    0.000000    0.000000 ^ _1260_/CLK (sky130_fd_sc_hd__dfrtp_2)
    93    0.239475    0.849226    0.813062    0.813062 ^ _1260_/Q (sky130_fd_sc_hd__dfrtp_2)
                                                         u_i2c_master_controller.soft_reset_d3 (net)
                      0.849226    0.000000    0.813062 ^ _1047_/A2 (sky130_fd_sc_hd__o21a_2)
     1    0.003617    0.037575    0.056616    0.869678 ^ _1047_/X (sky130_fd_sc_hd__o21a_2)
                                                         _0172_ (net)
                      0.037575    0.000000    0.869678 ^ _1239_/RESET_B (sky130_fd_sc_hd__dfrtp_2)
                                              0.869678   data arrival time

                      0.150000    0.000000    0.000000   clock i_clk (rise edge)
                                  0.000000    0.000000   clock network delay (ideal)
                                  0.250000    0.250000   clock uncertainty
                                  0.000000    0.250000   clock reconvergence pessimism
                                              0.250000 ^ _1239_/CLK (sky130_fd_sc_hd__dfrtp_2)
                                  0.215242    0.465242   library removal time
                                              0.465242   data required time
---------------------------------------------------------------------------------------------
                                              0.465242   data required time
                                             -0.869678   data arrival time
---------------------------------------------------------------------------------------------
                                              0.404435   slack (MET)


Startpoint: _1260_ (rising edge-triggered flip-flop clocked by i_clk)
Endpoint: _1240_ (removal check against rising-edge clock i_clk)
Path Group: asynchronous
Path Type: min

Fanout         Cap        Slew       Delay        Time   Description
---------------------------------------------------------------------------------------------
                      0.150000    0.000000    0.000000   clock i_clk (rise edge)
                                  0.000000    0.000000   clock network delay (ideal)
                      0.150000    0.000000    0.000000 ^ _1260_/CLK (sky130_fd_sc_hd__dfrtp_2)
    93    0.239475    0.849226    0.813062    0.813062 ^ _1260_/Q (sky130_fd_sc_hd__dfrtp_2)
                                                         u_i2c_master_controller.soft_reset_d3 (net)
                      0.849226    0.000000    0.813062 ^ _1048_/A2 (sky130_fd_sc_hd__o21a_2)
     1    0.003617    0.037575    0.056616    0.869678 ^ _1048_/X (sky130_fd_sc_hd__o21a_2)
                                                         _0173_ (net)
                      0.037575    0.000000    0.869678 ^ _1240_/RESET_B (sky130_fd_sc_hd__dfrtp_2)
                                              0.869678   data arrival time

                      0.150000    0.000000    0.000000   clock i_clk (rise edge)
                                  0.000000    0.000000   clock network delay (ideal)
                                  0.250000    0.250000   clock uncertainty
                                  0.000000    0.250000   clock reconvergence pessimism
                                              0.250000 ^ _1240_/CLK (sky130_fd_sc_hd__dfrtp_2)
                                  0.215242    0.465242   library removal time
                                              0.465242   data required time
---------------------------------------------------------------------------------------------
                                              0.465242   data required time
                                             -0.869678   data arrival time
---------------------------------------------------------------------------------------------
                                              0.404435   slack (MET)


Startpoint: _1260_ (rising edge-triggered flip-flop clocked by i_clk)
Endpoint: _1241_ (removal check against rising-edge clock i_clk)
Path Group: asynchronous
Path Type: min

Fanout         Cap        Slew       Delay        Time   Description
---------------------------------------------------------------------------------------------
                      0.150000    0.000000    0.000000   clock i_clk (rise edge)
                                  0.000000    0.000000   clock network delay (ideal)
                      0.150000    0.000000    0.000000 ^ _1260_/CLK (sky130_fd_sc_hd__dfrtp_2)
    93    0.239475    0.849226    0.813062    0.813062 ^ _1260_/Q (sky130_fd_sc_hd__dfrtp_2)
                                                         u_i2c_master_controller.soft_reset_d3 (net)
                      0.849226    0.000000    0.813062 ^ _1049_/A2 (sky130_fd_sc_hd__o21a_2)
     1    0.003617    0.037575    0.056616    0.869678 ^ _1049_/X (sky130_fd_sc_hd__o21a_2)
                                                         _0174_ (net)
                      0.037575    0.000000    0.869678 ^ _1241_/RESET_B (sky130_fd_sc_hd__dfrtp_2)
                                              0.869678   data arrival time

                      0.150000    0.000000    0.000000   clock i_clk (rise edge)
                                  0.000000    0.000000   clock network delay (ideal)
                                  0.250000    0.250000   clock uncertainty
                                  0.000000    0.250000   clock reconvergence pessimism
                                              0.250000 ^ _1241_/CLK (sky130_fd_sc_hd__dfrtp_2)
                                  0.215242    0.465242   library removal time
                                              0.465242   data required time
---------------------------------------------------------------------------------------------
                                              0.465242   data required time
                                             -0.869678   data arrival time
---------------------------------------------------------------------------------------------
                                              0.404435   slack (MET)


Startpoint: _1260_ (rising edge-triggered flip-flop clocked by i_clk)
Endpoint: _1242_ (removal check against rising-edge clock i_clk)
Path Group: asynchronous
Path Type: min

Fanout         Cap        Slew       Delay        Time   Description
---------------------------------------------------------------------------------------------
                      0.150000    0.000000    0.000000   clock i_clk (rise edge)
                                  0.000000    0.000000   clock network delay (ideal)
                      0.150000    0.000000    0.000000 ^ _1260_/CLK (sky130_fd_sc_hd__dfrtp_2)
    93    0.239475    0.849226    0.813062    0.813062 ^ _1260_/Q (sky130_fd_sc_hd__dfrtp_2)
                                                         u_i2c_master_controller.soft_reset_d3 (net)
                      0.849226    0.000000    0.813062 ^ _1050_/A2 (sky130_fd_sc_hd__o21a_2)
     1    0.003617    0.037575    0.056616    0.869678 ^ _1050_/X (sky130_fd_sc_hd__o21a_2)
                                                         _0175_ (net)
                      0.037575    0.000000    0.869678 ^ _1242_/RESET_B (sky130_fd_sc_hd__dfrtp_2)
                                              0.869678   data arrival time

                      0.150000    0.000000    0.000000   clock i_clk (rise edge)
                                  0.000000    0.000000   clock network delay (ideal)
                                  0.250000    0.250000   clock uncertainty
                                  0.000000    0.250000   clock reconvergence pessimism
                                              0.250000 ^ _1242_/CLK (sky130_fd_sc_hd__dfrtp_2)
                                  0.215242    0.465242   library removal time
                                              0.465242   data required time
---------------------------------------------------------------------------------------------
                                              0.465242   data required time
                                             -0.869678   data arrival time
---------------------------------------------------------------------------------------------
                                              0.404435   slack (MET)


Startpoint: _1260_ (rising edge-triggered flip-flop clocked by i_clk)
Endpoint: _1243_ (removal check against rising-edge clock i_clk)
Path Group: asynchronous
Path Type: min

Fanout         Cap        Slew       Delay        Time   Description
---------------------------------------------------------------------------------------------
                      0.150000    0.000000    0.000000   clock i_clk (rise edge)
                                  0.000000    0.000000   clock network delay (ideal)
                      0.150000    0.000000    0.000000 ^ _1260_/CLK (sky130_fd_sc_hd__dfrtp_2)
    93    0.239475    0.849226    0.813062    0.813062 ^ _1260_/Q (sky130_fd_sc_hd__dfrtp_2)
                                                         u_i2c_master_controller.soft_reset_d3 (net)
                      0.849226    0.000000    0.813062 ^ _1051_/A2 (sky130_fd_sc_hd__o21a_2)
     1    0.003617    0.037575    0.056616    0.869678 ^ _1051_/X (sky130_fd_sc_hd__o21a_2)
                                                         _0176_ (net)
                      0.037575    0.000000    0.869678 ^ _1243_/RESET_B (sky130_fd_sc_hd__dfrtp_2)
                                              0.869678   data arrival time

                      0.150000    0.000000    0.000000   clock i_clk (rise edge)
                                  0.000000    0.000000   clock network delay (ideal)
                                  0.250000    0.250000   clock uncertainty
                                  0.000000    0.250000   clock reconvergence pessimism
                                              0.250000 ^ _1243_/CLK (sky130_fd_sc_hd__dfrtp_2)
                                  0.215242    0.465242   library removal time
                                              0.465242   data required time
---------------------------------------------------------------------------------------------
                                              0.465242   data required time
                                             -0.869678   data arrival time
---------------------------------------------------------------------------------------------
                                              0.404435   slack (MET)


Startpoint: _1260_ (rising edge-triggered flip-flop clocked by i_clk)
Endpoint: _1244_ (removal check against rising-edge clock i_clk)
Path Group: asynchronous
Path Type: min

Fanout         Cap        Slew       Delay        Time   Description
---------------------------------------------------------------------------------------------
                      0.150000    0.000000    0.000000   clock i_clk (rise edge)
                                  0.000000    0.000000   clock network delay (ideal)
                      0.150000    0.000000    0.000000 ^ _1260_/CLK (sky130_fd_sc_hd__dfrtp_2)
    93    0.239475    0.849226    0.813062    0.813062 ^ _1260_/Q (sky130_fd_sc_hd__dfrtp_2)
                                                         u_i2c_master_controller.soft_reset_d3 (net)
                      0.849226    0.000000    0.813062 ^ _1052_/A2 (sky130_fd_sc_hd__o21a_2)
     1    0.003617    0.037575    0.056616    0.869678 ^ _1052_/X (sky130_fd_sc_hd__o21a_2)
                                                         _0177_ (net)
                      0.037575    0.000000    0.869678 ^ _1244_/RESET_B (sky130_fd_sc_hd__dfrtp_2)
                                              0.869678   data arrival time

                      0.150000    0.000000    0.000000   clock i_clk (rise edge)
                                  0.000000    0.000000   clock network delay (ideal)
                                  0.250000    0.250000   clock uncertainty
                                  0.000000    0.250000   clock reconvergence pessimism
                                              0.250000 ^ _1244_/CLK (sky130_fd_sc_hd__dfrtp_2)
                                  0.215242    0.465242   library removal time
                                              0.465242   data required time
---------------------------------------------------------------------------------------------
                                              0.465242   data required time
                                             -0.869678   data arrival time
---------------------------------------------------------------------------------------------
                                              0.404435   slack (MET)


Startpoint: _1260_ (rising edge-triggered flip-flop clocked by i_clk)
Endpoint: _1245_ (removal check against rising-edge clock i_clk)
Path Group: asynchronous
Path Type: min

Fanout         Cap        Slew       Delay        Time   Description
---------------------------------------------------------------------------------------------
                      0.150000    0.000000    0.000000   clock i_clk (rise edge)
                                  0.000000    0.000000   clock network delay (ideal)
                      0.150000    0.000000    0.000000 ^ _1260_/CLK (sky130_fd_sc_hd__dfrtp_2)
    93    0.239475    0.849226    0.813062    0.813062 ^ _1260_/Q (sky130_fd_sc_hd__dfrtp_2)
                                                         u_i2c_master_controller.soft_reset_d3 (net)
                      0.849226    0.000000    0.813062 ^ _1053_/A2 (sky130_fd_sc_hd__o21a_2)
     1    0.003617    0.037575    0.056616    0.869678 ^ _1053_/X (sky130_fd_sc_hd__o21a_2)
                                                         _0178_ (net)
                      0.037575    0.000000    0.869678 ^ _1245_/RESET_B (sky130_fd_sc_hd__dfrtp_2)
                                              0.869678   data arrival time

                      0.150000    0.000000    0.000000   clock i_clk (rise edge)
                                  0.000000    0.000000   clock network delay (ideal)
                                  0.250000    0.250000   clock uncertainty
                                  0.000000    0.250000   clock reconvergence pessimism
                                              0.250000 ^ _1245_/CLK (sky130_fd_sc_hd__dfrtp_2)
                                  0.215242    0.465242   library removal time
                                              0.465242   data required time
---------------------------------------------------------------------------------------------
                                              0.465242   data required time
                                             -0.869678   data arrival time
---------------------------------------------------------------------------------------------
                                              0.404435   slack (MET)


Startpoint: _1260_ (rising edge-triggered flip-flop clocked by i_clk)
Endpoint: _1246_ (removal check against rising-edge clock i_clk)
Path Group: asynchronous
Path Type: min

Fanout         Cap        Slew       Delay        Time   Description
---------------------------------------------------------------------------------------------
                      0.150000    0.000000    0.000000   clock i_clk (rise edge)
                                  0.000000    0.000000   clock network delay (ideal)
                      0.150000    0.000000    0.000000 ^ _1260_/CLK (sky130_fd_sc_hd__dfrtp_2)
    93    0.239475    0.849226    0.813062    0.813062 ^ _1260_/Q (sky130_fd_sc_hd__dfrtp_2)
                                                         u_i2c_master_controller.soft_reset_d3 (net)
                      0.849226    0.000000    0.813062 ^ _1054_/A2 (sky130_fd_sc_hd__o21a_2)
     1    0.003617    0.037575    0.056616    0.869678 ^ _1054_/X (sky130_fd_sc_hd__o21a_2)
                                                         _0179_ (net)
                      0.037575    0.000000    0.869678 ^ _1246_/RESET_B (sky130_fd_sc_hd__dfrtp_2)
                                              0.869678   data arrival time

                      0.150000    0.000000    0.000000   clock i_clk (rise edge)
                                  0.000000    0.000000   clock network delay (ideal)
                                  0.250000    0.250000   clock uncertainty
                                  0.000000    0.250000   clock reconvergence pessimism
                                              0.250000 ^ _1246_/CLK (sky130_fd_sc_hd__dfrtp_2)
                                  0.215242    0.465242   library removal time
                                              0.465242   data required time
---------------------------------------------------------------------------------------------
                                              0.465242   data required time
                                             -0.869678   data arrival time
---------------------------------------------------------------------------------------------
                                              0.404435   slack (MET)


Startpoint: _1260_ (rising edge-triggered flip-flop clocked by i_clk)
Endpoint: _1247_ (removal check against rising-edge clock i_clk)
Path Group: asynchronous
Path Type: min

Fanout         Cap        Slew       Delay        Time   Description
---------------------------------------------------------------------------------------------
                      0.150000    0.000000    0.000000   clock i_clk (rise edge)
                                  0.000000    0.000000   clock network delay (ideal)
                      0.150000    0.000000    0.000000 ^ _1260_/CLK (sky130_fd_sc_hd__dfrtp_2)
    93    0.239475    0.849226    0.813062    0.813062 ^ _1260_/Q (sky130_fd_sc_hd__dfrtp_2)
                                                         u_i2c_master_controller.soft_reset_d3 (net)
                      0.849226    0.000000    0.813062 ^ _1055_/A2 (sky130_fd_sc_hd__o21a_2)
     1    0.003617    0.037575    0.056616    0.869678 ^ _1055_/X (sky130_fd_sc_hd__o21a_2)
                                                         _0180_ (net)
                      0.037575    0.000000    0.869678 ^ _1247_/RESET_B (sky130_fd_sc_hd__dfrtp_2)
                                              0.869678   data arrival time

                      0.150000    0.000000    0.000000   clock i_clk (rise edge)
                                  0.000000    0.000000   clock network delay (ideal)
                                  0.250000    0.250000   clock uncertainty
                                  0.000000    0.250000   clock reconvergence pessimism
                                              0.250000 ^ _1247_/CLK (sky130_fd_sc_hd__dfrtp_2)
                                  0.215242    0.465242   library removal time
                                              0.465242   data required time
---------------------------------------------------------------------------------------------
                                              0.465242   data required time
                                             -0.869678   data arrival time
---------------------------------------------------------------------------------------------
                                              0.404435   slack (MET)


Startpoint: _1260_ (rising edge-triggered flip-flop clocked by i_clk)
Endpoint: _1248_ (removal check against rising-edge clock i_clk)
Path Group: asynchronous
Path Type: min

Fanout         Cap        Slew       Delay        Time   Description
---------------------------------------------------------------------------------------------
                      0.150000    0.000000    0.000000   clock i_clk (rise edge)
                                  0.000000    0.000000   clock network delay (ideal)
                      0.150000    0.000000    0.000000 ^ _1260_/CLK (sky130_fd_sc_hd__dfrtp_2)
    93    0.239475    0.849226    0.813062    0.813062 ^ _1260_/Q (sky130_fd_sc_hd__dfrtp_2)
                                                         u_i2c_master_controller.soft_reset_d3 (net)
                      0.849226    0.000000    0.813062 ^ _1056_/A2 (sky130_fd_sc_hd__o21a_2)
     1    0.003617    0.037575    0.056616    0.869678 ^ _1056_/X (sky130_fd_sc_hd__o21a_2)
                                                         _0181_ (net)
                      0.037575    0.000000    0.869678 ^ _1248_/RESET_B (sky130_fd_sc_hd__dfrtp_2)
                                              0.869678   data arrival time

                      0.150000    0.000000    0.000000   clock i_clk (rise edge)
                                  0.000000    0.000000   clock network delay (ideal)
                                  0.250000    0.250000   clock uncertainty
                                  0.000000    0.250000   clock reconvergence pessimism
                                              0.250000 ^ _1248_/CLK (sky130_fd_sc_hd__dfrtp_2)
                                  0.215242    0.465242   library removal time
                                              0.465242   data required time
---------------------------------------------------------------------------------------------
                                              0.465242   data required time
                                             -0.869678   data arrival time
---------------------------------------------------------------------------------------------
                                              0.404435   slack (MET)


Startpoint: _1260_ (rising edge-triggered flip-flop clocked by i_clk)
Endpoint: _1249_ (removal check against rising-edge clock i_clk)
Path Group: asynchronous
Path Type: min

Fanout         Cap        Slew       Delay        Time   Description
---------------------------------------------------------------------------------------------
                      0.150000    0.000000    0.000000   clock i_clk (rise edge)
                                  0.000000    0.000000   clock network delay (ideal)
                      0.150000    0.000000    0.000000 ^ _1260_/CLK (sky130_fd_sc_hd__dfrtp_2)
    93    0.239475    0.849226    0.813062    0.813062 ^ _1260_/Q (sky130_fd_sc_hd__dfrtp_2)
                                                         u_i2c_master_controller.soft_reset_d3 (net)
                      0.849226    0.000000    0.813062 ^ _1057_/A2 (sky130_fd_sc_hd__o21a_2)
     1    0.003617    0.037575    0.056616    0.869678 ^ _1057_/X (sky130_fd_sc_hd__o21a_2)
                                                         _0182_ (net)
                      0.037575    0.000000    0.869678 ^ _1249_/RESET_B (sky130_fd_sc_hd__dfrtp_2)
                                              0.869678   data arrival time

                      0.150000    0.000000    0.000000   clock i_clk (rise edge)
                                  0.000000    0.000000   clock network delay (ideal)
                                  0.250000    0.250000   clock uncertainty
                                  0.000000    0.250000   clock reconvergence pessimism
                                              0.250000 ^ _1249_/CLK (sky130_fd_sc_hd__dfrtp_2)
                                  0.215242    0.465242   library removal time
                                              0.465242   data required time
---------------------------------------------------------------------------------------------
                                              0.465242   data required time
                                             -0.869678   data arrival time
---------------------------------------------------------------------------------------------
                                              0.404435   slack (MET)


Startpoint: _1260_ (rising edge-triggered flip-flop clocked by i_clk)
Endpoint: _1250_ (removal check against rising-edge clock i_clk)
Path Group: asynchronous
Path Type: min

Fanout         Cap        Slew       Delay        Time   Description
---------------------------------------------------------------------------------------------
                      0.150000    0.000000    0.000000   clock i_clk (rise edge)
                                  0.000000    0.000000   clock network delay (ideal)
                      0.150000    0.000000    0.000000 ^ _1260_/CLK (sky130_fd_sc_hd__dfrtp_2)
    93    0.239475    0.849226    0.813062    0.813062 ^ _1260_/Q (sky130_fd_sc_hd__dfrtp_2)
                                                         u_i2c_master_controller.soft_reset_d3 (net)
                      0.849226    0.000000    0.813062 ^ _1058_/A2 (sky130_fd_sc_hd__o21a_2)
     1    0.003617    0.037575    0.056616    0.869678 ^ _1058_/X (sky130_fd_sc_hd__o21a_2)
                                                         _0183_ (net)
                      0.037575    0.000000    0.869678 ^ _1250_/RESET_B (sky130_fd_sc_hd__dfrtp_2)
                                              0.869678   data arrival time

                      0.150000    0.000000    0.000000   clock i_clk (rise edge)
                                  0.000000    0.000000   clock network delay (ideal)
                                  0.250000    0.250000   clock uncertainty
                                  0.000000    0.250000   clock reconvergence pessimism
                                              0.250000 ^ _1250_/CLK (sky130_fd_sc_hd__dfrtp_2)
                                  0.215242    0.465242   library removal time
                                              0.465242   data required time
---------------------------------------------------------------------------------------------
                                              0.465242   data required time
                                             -0.869678   data arrival time
---------------------------------------------------------------------------------------------
                                              0.404435   slack (MET)


Startpoint: _1260_ (rising edge-triggered flip-flop clocked by i_clk)
Endpoint: _1251_ (removal check against rising-edge clock i_clk)
Path Group: asynchronous
Path Type: min

Fanout         Cap        Slew       Delay        Time   Description
---------------------------------------------------------------------------------------------
                      0.150000    0.000000    0.000000   clock i_clk (rise edge)
                                  0.000000    0.000000   clock network delay (ideal)
                      0.150000    0.000000    0.000000 ^ _1260_/CLK (sky130_fd_sc_hd__dfrtp_2)
    93    0.239475    0.849226    0.813062    0.813062 ^ _1260_/Q (sky130_fd_sc_hd__dfrtp_2)
                                                         u_i2c_master_controller.soft_reset_d3 (net)
                      0.849226    0.000000    0.813062 ^ _1059_/A2 (sky130_fd_sc_hd__o21a_2)
     1    0.003617    0.037575    0.056616    0.869678 ^ _1059_/X (sky130_fd_sc_hd__o21a_2)
                                                         _0184_ (net)
                      0.037575    0.000000    0.869678 ^ _1251_/RESET_B (sky130_fd_sc_hd__dfrtp_2)
                                              0.869678   data arrival time

                      0.150000    0.000000    0.000000   clock i_clk (rise edge)
                                  0.000000    0.000000   clock network delay (ideal)
                                  0.250000    0.250000   clock uncertainty
                                  0.000000    0.250000   clock reconvergence pessimism
                                              0.250000 ^ _1251_/CLK (sky130_fd_sc_hd__dfrtp_2)
                                  0.215242    0.465242   library removal time
                                              0.465242   data required time
---------------------------------------------------------------------------------------------
                                              0.465242   data required time
                                             -0.869678   data arrival time
---------------------------------------------------------------------------------------------
                                              0.404435   slack (MET)


Startpoint: _1260_ (rising edge-triggered flip-flop clocked by i_clk)
Endpoint: _1253_ (removal check against rising-edge clock i_clk)
Path Group: asynchronous
Path Type: min

Fanout         Cap        Slew       Delay        Time   Description
---------------------------------------------------------------------------------------------
                      0.150000    0.000000    0.000000   clock i_clk (rise edge)
                                  0.000000    0.000000   clock network delay (ideal)
                      0.150000    0.000000    0.000000 ^ _1260_/CLK (sky130_fd_sc_hd__dfrtp_2)
    93    0.239475    0.849226    0.813062    0.813062 ^ _1260_/Q (sky130_fd_sc_hd__dfrtp_2)
                                                         u_i2c_master_controller.soft_reset_d3 (net)
                      0.849226    0.000000    0.813062 ^ _1061_/A2 (sky130_fd_sc_hd__o21a_2)
     1    0.003617    0.037575    0.056616    0.869678 ^ _1061_/X (sky130_fd_sc_hd__o21a_2)
                                                         _0186_ (net)
                      0.037575    0.000000    0.869678 ^ _1253_/RESET_B (sky130_fd_sc_hd__dfrtp_2)
                                              0.869678   data arrival time

                      0.150000    0.000000    0.000000   clock i_clk (rise edge)
                                  0.000000    0.000000   clock network delay (ideal)
                                  0.250000    0.250000   clock uncertainty
                                  0.000000    0.250000   clock reconvergence pessimism
                                              0.250000 ^ _1253_/CLK (sky130_fd_sc_hd__dfrtp_2)
                                  0.215242    0.465242   library removal time
                                              0.465242   data required time
---------------------------------------------------------------------------------------------
                                              0.465242   data required time
                                             -0.869678   data arrival time
---------------------------------------------------------------------------------------------
                                              0.404435   slack (MET)


Startpoint: _1260_ (rising edge-triggered flip-flop clocked by i_clk)
Endpoint: _1254_ (removal check against rising-edge clock i_clk)
Path Group: asynchronous
Path Type: min

Fanout         Cap        Slew       Delay        Time   Description
---------------------------------------------------------------------------------------------
                      0.150000    0.000000    0.000000   clock i_clk (rise edge)
                                  0.000000    0.000000   clock network delay (ideal)
                      0.150000    0.000000    0.000000 ^ _1260_/CLK (sky130_fd_sc_hd__dfrtp_2)
    93    0.239475    0.849226    0.813062    0.813062 ^ _1260_/Q (sky130_fd_sc_hd__dfrtp_2)
                                                         u_i2c_master_controller.soft_reset_d3 (net)
                      0.849226    0.000000    0.813062 ^ _1062_/A2 (sky130_fd_sc_hd__o21a_2)
     1    0.003617    0.037575    0.056616    0.869678 ^ _1062_/X (sky130_fd_sc_hd__o21a_2)
                                                         _0187_ (net)
                      0.037575    0.000000    0.869678 ^ _1254_/RESET_B (sky130_fd_sc_hd__dfrtp_2)
                                              0.869678   data arrival time

                      0.150000    0.000000    0.000000   clock i_clk (rise edge)
                                  0.000000    0.000000   clock network delay (ideal)
                                  0.250000    0.250000   clock uncertainty
                                  0.000000    0.250000   clock reconvergence pessimism
                                              0.250000 ^ _1254_/CLK (sky130_fd_sc_hd__dfrtp_2)
                                  0.215242    0.465242   library removal time
                                              0.465242   data required time
---------------------------------------------------------------------------------------------
                                              0.465242   data required time
                                             -0.869678   data arrival time
---------------------------------------------------------------------------------------------
                                              0.404435   slack (MET)


Startpoint: _1260_ (rising edge-triggered flip-flop clocked by i_clk)
Endpoint: _1255_ (removal check against rising-edge clock i_clk)
Path Group: asynchronous
Path Type: min

Fanout         Cap        Slew       Delay        Time   Description
---------------------------------------------------------------------------------------------
                      0.150000    0.000000    0.000000   clock i_clk (rise edge)
                                  0.000000    0.000000   clock network delay (ideal)
                      0.150000    0.000000    0.000000 ^ _1260_/CLK (sky130_fd_sc_hd__dfrtp_2)
    93    0.239475    0.849226    0.813062    0.813062 ^ _1260_/Q (sky130_fd_sc_hd__dfrtp_2)
                                                         u_i2c_master_controller.soft_reset_d3 (net)
                      0.849226    0.000000    0.813062 ^ _1063_/A2 (sky130_fd_sc_hd__o21a_2)
     1    0.003617    0.037575    0.056616    0.869678 ^ _1063_/X (sky130_fd_sc_hd__o21a_2)
                                                         _0188_ (net)
                      0.037575    0.000000    0.869678 ^ _1255_/RESET_B (sky130_fd_sc_hd__dfrtp_2)
                                              0.869678   data arrival time

                      0.150000    0.000000    0.000000   clock i_clk (rise edge)
                                  0.000000    0.000000   clock network delay (ideal)
                                  0.250000    0.250000   clock uncertainty
                                  0.000000    0.250000   clock reconvergence pessimism
                                              0.250000 ^ _1255_/CLK (sky130_fd_sc_hd__dfrtp_2)
                                  0.215242    0.465242   library removal time
                                              0.465242   data required time
---------------------------------------------------------------------------------------------
                                              0.465242   data required time
                                             -0.869678   data arrival time
---------------------------------------------------------------------------------------------
                                              0.404435   slack (MET)


Startpoint: _1260_ (rising edge-triggered flip-flop clocked by i_clk)
Endpoint: _1256_ (removal check against rising-edge clock i_clk)
Path Group: asynchronous
Path Type: min

Fanout         Cap        Slew       Delay        Time   Description
---------------------------------------------------------------------------------------------
                      0.150000    0.000000    0.000000   clock i_clk (rise edge)
                                  0.000000    0.000000   clock network delay (ideal)
                      0.150000    0.000000    0.000000 ^ _1260_/CLK (sky130_fd_sc_hd__dfrtp_2)
    93    0.239475    0.849226    0.813062    0.813062 ^ _1260_/Q (sky130_fd_sc_hd__dfrtp_2)
                                                         u_i2c_master_controller.soft_reset_d3 (net)
                      0.849226    0.000000    0.813062 ^ _1064_/A2 (sky130_fd_sc_hd__o21a_2)
     1    0.003617    0.037575    0.056616    0.869678 ^ _1064_/X (sky130_fd_sc_hd__o21a_2)
                                                         _0189_ (net)
                      0.037575    0.000000    0.869678 ^ _1256_/RESET_B (sky130_fd_sc_hd__dfrtp_2)
                                              0.869678   data arrival time

                      0.150000    0.000000    0.000000   clock i_clk (rise edge)
                                  0.000000    0.000000   clock network delay (ideal)
                                  0.250000    0.250000   clock uncertainty
                                  0.000000    0.250000   clock reconvergence pessimism
                                              0.250000 ^ _1256_/CLK (sky130_fd_sc_hd__dfrtp_2)
                                  0.215242    0.465242   library removal time
                                              0.465242   data required time
---------------------------------------------------------------------------------------------
                                              0.465242   data required time
                                             -0.869678   data arrival time
---------------------------------------------------------------------------------------------
                                              0.404435   slack (MET)


Startpoint: _1260_ (rising edge-triggered flip-flop clocked by i_clk)
Endpoint: _1257_ (removal check against rising-edge clock i_clk)
Path Group: asynchronous
Path Type: min

Fanout         Cap        Slew       Delay        Time   Description
---------------------------------------------------------------------------------------------
                      0.150000    0.000000    0.000000   clock i_clk (rise edge)
                                  0.000000    0.000000   clock network delay (ideal)
                      0.150000    0.000000    0.000000 ^ _1260_/CLK (sky130_fd_sc_hd__dfrtp_2)
    93    0.239475    0.849226    0.813062    0.813062 ^ _1260_/Q (sky130_fd_sc_hd__dfrtp_2)
                                                         u_i2c_master_controller.soft_reset_d3 (net)
                      0.849226    0.000000    0.813062 ^ _1065_/A2 (sky130_fd_sc_hd__o21a_2)
     1    0.003617    0.037575    0.056616    0.869678 ^ _1065_/X (sky130_fd_sc_hd__o21a_2)
                                                         _0190_ (net)
                      0.037575    0.000000    0.869678 ^ _1257_/RESET_B (sky130_fd_sc_hd__dfrtp_2)
                                              0.869678   data arrival time

                      0.150000    0.000000    0.000000   clock i_clk (rise edge)
                                  0.000000    0.000000   clock network delay (ideal)
                                  0.250000    0.250000   clock uncertainty
                                  0.000000    0.250000   clock reconvergence pessimism
                                              0.250000 ^ _1257_/CLK (sky130_fd_sc_hd__dfrtp_2)
                                  0.215242    0.465242   library removal time
                                              0.465242   data required time
---------------------------------------------------------------------------------------------
                                              0.465242   data required time
                                             -0.869678   data arrival time
---------------------------------------------------------------------------------------------
                                              0.404435   slack (MET)


Startpoint: _1260_ (rising edge-triggered flip-flop clocked by i_clk)
Endpoint: _1258_ (removal check against rising-edge clock i_clk)
Path Group: asynchronous
Path Type: min

Fanout         Cap        Slew       Delay        Time   Description
---------------------------------------------------------------------------------------------
                      0.150000    0.000000    0.000000   clock i_clk (rise edge)
                                  0.000000    0.000000   clock network delay (ideal)
                      0.150000    0.000000    0.000000 ^ _1260_/CLK (sky130_fd_sc_hd__dfrtp_2)
    93    0.239475    0.849226    0.813062    0.813062 ^ _1260_/Q (sky130_fd_sc_hd__dfrtp_2)
                                                         u_i2c_master_controller.soft_reset_d3 (net)
                      0.849226    0.000000    0.813062 ^ _1066_/A2 (sky130_fd_sc_hd__o21a_2)
     1    0.003617    0.037575    0.056616    0.869678 ^ _1066_/X (sky130_fd_sc_hd__o21a_2)
                                                         _0191_ (net)
                      0.037575    0.000000    0.869678 ^ _1258_/RESET_B (sky130_fd_sc_hd__dfrtp_2)
                                              0.869678   data arrival time

                      0.150000    0.000000    0.000000   clock i_clk (rise edge)
                                  0.000000    0.000000   clock network delay (ideal)
                                  0.250000    0.250000   clock uncertainty
                                  0.000000    0.250000   clock reconvergence pessimism
                                              0.250000 ^ _1258_/CLK (sky130_fd_sc_hd__dfrtp_2)
                                  0.215242    0.465242   library removal time
                                              0.465242   data required time
---------------------------------------------------------------------------------------------
                                              0.465242   data required time
                                             -0.869678   data arrival time
---------------------------------------------------------------------------------------------
                                              0.404435   slack (MET)


Startpoint: _1260_ (rising edge-triggered flip-flop clocked by i_clk)
Endpoint: _1259_ (removal check against rising-edge clock i_clk)
Path Group: asynchronous
Path Type: min

Fanout         Cap        Slew       Delay        Time   Description
---------------------------------------------------------------------------------------------
                      0.150000    0.000000    0.000000   clock i_clk (rise edge)
                                  0.000000    0.000000   clock network delay (ideal)
                      0.150000    0.000000    0.000000 ^ _1260_/CLK (sky130_fd_sc_hd__dfrtp_2)
    93    0.239475    0.849226    0.813062    0.813062 ^ _1260_/Q (sky130_fd_sc_hd__dfrtp_2)
                                                         u_i2c_master_controller.soft_reset_d3 (net)
                      0.849226    0.000000    0.813062 ^ _1067_/A2 (sky130_fd_sc_hd__o21a_2)
     1    0.003617    0.037575    0.056616    0.869678 ^ _1067_/X (sky130_fd_sc_hd__o21a_2)
                                                         _0192_ (net)
                      0.037575    0.000000    0.869678 ^ _1259_/RESET_B (sky130_fd_sc_hd__dfrtp_2)
                                              0.869678   data arrival time

                      0.150000    0.000000    0.000000   clock i_clk (rise edge)
                                  0.000000    0.000000   clock network delay (ideal)
                                  0.250000    0.250000   clock uncertainty
                                  0.000000    0.250000   clock reconvergence pessimism
                                              0.250000 ^ _1259_/CLK (sky130_fd_sc_hd__dfrtp_2)
                                  0.215242    0.465242   library removal time
                                              0.465242   data required time
---------------------------------------------------------------------------------------------
                                              0.465242   data required time
                                             -0.869678   data arrival time
---------------------------------------------------------------------------------------------
                                              0.404435   slack (MET)


Startpoint: _1260_ (rising edge-triggered flip-flop clocked by i_clk)
Endpoint: _1068_ (removal check against rising-edge clock i_clk)
Path Group: asynchronous
Path Type: min

Fanout         Cap        Slew       Delay        Time   Description
---------------------------------------------------------------------------------------------
                      0.150000    0.000000    0.000000   clock i_clk (rise edge)
                                  0.000000    0.000000   clock network delay (ideal)
                      0.150000    0.000000    0.000000 ^ _1260_/CLK (sky130_fd_sc_hd__dfrtp_2)
    93    0.239475    0.849226    0.813062    0.813062 ^ _1260_/Q (sky130_fd_sc_hd__dfrtp_2)
                                                         u_i2c_master_controller.soft_reset_d3 (net)
                      0.849226    0.000000    0.813062 ^ _0840_/A2 (sky130_fd_sc_hd__o21a_2)
     1    0.003562    0.037371    0.056337    0.869399 ^ _0840_/X (sky130_fd_sc_hd__o21a_2)
                                                         _0099_ (net)
                      0.037371    0.000000    0.869399 ^ _1068_/SET_B (sky130_fd_sc_hd__dfstp_2)
                                              0.869399   data arrival time

                      0.150000    0.000000    0.000000   clock i_clk (rise edge)
                                  0.000000    0.000000   clock network delay (ideal)
                                  0.250000    0.250000   clock uncertainty
                                  0.000000    0.250000   clock reconvergence pessimism
                                              0.250000 ^ _1068_/CLK (sky130_fd_sc_hd__dfstp_2)
                                  0.115735    0.365735   library removal time
                                              0.365735   data required time
---------------------------------------------------------------------------------------------
                                              0.365735   data required time
                                             -0.869399   data arrival time
---------------------------------------------------------------------------------------------
                                              0.503664   slack (MET)


Startpoint: _1260_ (rising edge-triggered flip-flop clocked by i_clk)
Endpoint: _1069_ (removal check against rising-edge clock i_clk)
Path Group: asynchronous
Path Type: min

Fanout         Cap        Slew       Delay        Time   Description
---------------------------------------------------------------------------------------------
                      0.150000    0.000000    0.000000   clock i_clk (rise edge)
                                  0.000000    0.000000   clock network delay (ideal)
                      0.150000    0.000000    0.000000 ^ _1260_/CLK (sky130_fd_sc_hd__dfrtp_2)
    93    0.239475    0.849226    0.813062    0.813062 ^ _1260_/Q (sky130_fd_sc_hd__dfrtp_2)
                                                         u_i2c_master_controller.soft_reset_d3 (net)
                      0.849226    0.000000    0.813062 ^ _0976_/A2 (sky130_fd_sc_hd__o21a_2)
     1    0.003562    0.037371    0.056337    0.869399 ^ _0976_/X (sky130_fd_sc_hd__o21a_2)
                                                         _0100_ (net)
                      0.037371    0.000000    0.869399 ^ _1069_/SET_B (sky130_fd_sc_hd__dfstp_2)
                                              0.869399   data arrival time

                      0.150000    0.000000    0.000000   clock i_clk (rise edge)
                                  0.000000    0.000000   clock network delay (ideal)
                                  0.250000    0.250000   clock uncertainty
                                  0.000000    0.250000   clock reconvergence pessimism
                                              0.250000 ^ _1069_/CLK (sky130_fd_sc_hd__dfstp_2)
                                  0.115735    0.365735   library removal time
                                              0.365735   data required time
---------------------------------------------------------------------------------------------
                                              0.365735   data required time
                                             -0.869399   data arrival time
---------------------------------------------------------------------------------------------
                                              0.503664   slack (MET)


Startpoint: _1260_ (rising edge-triggered flip-flop clocked by i_clk)
Endpoint: _1142_ (removal check against rising-edge clock i_clk)
Path Group: asynchronous
Path Type: min

Fanout         Cap        Slew       Delay        Time   Description
---------------------------------------------------------------------------------------------
                      0.150000    0.000000    0.000000   clock i_clk (rise edge)
                                  0.000000    0.000000   clock network delay (ideal)
                      0.150000    0.000000    0.000000 ^ _1260_/CLK (sky130_fd_sc_hd__dfrtp_2)
    93    0.239475    0.849226    0.813062    0.813062 ^ _1260_/Q (sky130_fd_sc_hd__dfrtp_2)
                                                         u_i2c_master_controller.soft_reset_d3 (net)
                      0.849226    0.000000    0.813062 ^ _0990_/A2 (sky130_fd_sc_hd__o21a_2)
     1    0.003562    0.037371    0.056337    0.869399 ^ _0990_/X (sky130_fd_sc_hd__o21a_2)
                                                         _0115_ (net)
                      0.037371    0.000000    0.869399 ^ _1142_/SET_B (sky130_fd_sc_hd__dfstp_2)
                                              0.869399   data arrival time

                      0.150000    0.000000    0.000000   clock i_clk (rise edge)
                                  0.000000    0.000000   clock network delay (ideal)
                                  0.250000    0.250000   clock uncertainty
                                  0.000000    0.250000   clock reconvergence pessimism
                                              0.250000 ^ _1142_/CLK (sky130_fd_sc_hd__dfstp_2)
                                  0.115735    0.365735   library removal time
                                              0.365735   data required time
---------------------------------------------------------------------------------------------
                                              0.365735   data required time
                                             -0.869399   data arrival time
---------------------------------------------------------------------------------------------
                                              0.503664   slack (MET)


Startpoint: _1260_ (rising edge-triggered flip-flop clocked by i_clk)
Endpoint: _1145_ (removal check against rising-edge clock i_clk)
Path Group: asynchronous
Path Type: min

Fanout         Cap        Slew       Delay        Time   Description
---------------------------------------------------------------------------------------------
                      0.150000    0.000000    0.000000   clock i_clk (rise edge)
                                  0.000000    0.000000   clock network delay (ideal)
                      0.150000    0.000000    0.000000 ^ _1260_/CLK (sky130_fd_sc_hd__dfrtp_2)
    93    0.239475    0.849226    0.813062    0.813062 ^ _1260_/Q (sky130_fd_sc_hd__dfrtp_2)
                                                         u_i2c_master_controller.soft_reset_d3 (net)
                      0.849226    0.000000    0.813062 ^ _0993_/A2 (sky130_fd_sc_hd__o21a_2)
     1    0.003562    0.037371    0.056337    0.869399 ^ _0993_/X (sky130_fd_sc_hd__o21a_2)
                                                         _0118_ (net)
                      0.037371    0.000000    0.869399 ^ _1145_/SET_B (sky130_fd_sc_hd__dfstp_2)
                                              0.869399   data arrival time

                      0.150000    0.000000    0.000000   clock i_clk (rise edge)
                                  0.000000    0.000000   clock network delay (ideal)
                                  0.250000    0.250000   clock uncertainty
                                  0.000000    0.250000   clock reconvergence pessimism
                                              0.250000 ^ _1145_/CLK (sky130_fd_sc_hd__dfstp_2)
                                  0.115735    0.365735   library removal time
                                              0.365735   data required time
---------------------------------------------------------------------------------------------
                                              0.365735   data required time
                                             -0.869399   data arrival time
---------------------------------------------------------------------------------------------
                                              0.503664   slack (MET)


Startpoint: _1260_ (rising edge-triggered flip-flop clocked by i_clk)
Endpoint: _1152_ (removal check against rising-edge clock i_clk)
Path Group: asynchronous
Path Type: min

Fanout         Cap        Slew       Delay        Time   Description
---------------------------------------------------------------------------------------------
                      0.150000    0.000000    0.000000   clock i_clk (rise edge)
                                  0.000000    0.000000   clock network delay (ideal)
                      0.150000    0.000000    0.000000 ^ _1260_/CLK (sky130_fd_sc_hd__dfrtp_2)
    93    0.239475    0.849226    0.813062    0.813062 ^ _1260_/Q (sky130_fd_sc_hd__dfrtp_2)
                                                         u_i2c_master_controller.soft_reset_d3 (net)
                      0.849226    0.000000    0.813062 ^ _1000_/A2 (sky130_fd_sc_hd__o21a_2)
     1    0.003562    0.037371    0.056337    0.869399 ^ _1000_/X (sky130_fd_sc_hd__o21a_2)
                                                         _0125_ (net)
                      0.037371    0.000000    0.869399 ^ _1152_/SET_B (sky130_fd_sc_hd__dfstp_2)
                                              0.869399   data arrival time

                      0.150000    0.000000    0.000000   clock i_clk (rise edge)
                                  0.000000    0.000000   clock network delay (ideal)
                                  0.250000    0.250000   clock uncertainty
                                  0.000000    0.250000   clock reconvergence pessimism
                                              0.250000 ^ _1152_/CLK (sky130_fd_sc_hd__dfstp_2)
                                  0.115735    0.365735   library removal time
                                              0.365735   data required time
---------------------------------------------------------------------------------------------
                                              0.365735   data required time
                                             -0.869399   data arrival time
---------------------------------------------------------------------------------------------
                                              0.503664   slack (MET)


Startpoint: _1260_ (rising edge-triggered flip-flop clocked by i_clk)
Endpoint: _1156_ (removal check against rising-edge clock i_clk)
Path Group: asynchronous
Path Type: min

Fanout         Cap        Slew       Delay        Time   Description
---------------------------------------------------------------------------------------------
                      0.150000    0.000000    0.000000   clock i_clk (rise edge)
                                  0.000000    0.000000   clock network delay (ideal)
                      0.150000    0.000000    0.000000 ^ _1260_/CLK (sky130_fd_sc_hd__dfrtp_2)
    93    0.239475    0.849226    0.813062    0.813062 ^ _1260_/Q (sky130_fd_sc_hd__dfrtp_2)
                                                         u_i2c_master_controller.soft_reset_d3 (net)
                      0.849226    0.000000    0.813062 ^ _1004_/A2 (sky130_fd_sc_hd__o21a_2)
     1    0.003562    0.037371    0.056337    0.869399 ^ _1004_/X (sky130_fd_sc_hd__o21a_2)
                                                         _0129_ (net)
                      0.037371    0.000000    0.869399 ^ _1156_/SET_B (sky130_fd_sc_hd__dfstp_2)
                                              0.869399   data arrival time

                      0.150000    0.000000    0.000000   clock i_clk (rise edge)
                                  0.000000    0.000000   clock network delay (ideal)
                                  0.250000    0.250000   clock uncertainty
                                  0.000000    0.250000   clock reconvergence pessimism
                                              0.250000 ^ _1156_/CLK (sky130_fd_sc_hd__dfstp_2)
                                  0.115735    0.365735   library removal time
                                              0.365735   data required time
---------------------------------------------------------------------------------------------
                                              0.365735   data required time
                                             -0.869399   data arrival time
---------------------------------------------------------------------------------------------
                                              0.503664   slack (MET)


Startpoint: _1260_ (rising edge-triggered flip-flop clocked by i_clk)
Endpoint: _1210_ (removal check against rising-edge clock i_clk)
Path Group: asynchronous
Path Type: min

Fanout         Cap        Slew       Delay        Time   Description
---------------------------------------------------------------------------------------------
                      0.150000    0.000000    0.000000   clock i_clk (rise edge)
                                  0.000000    0.000000   clock network delay (ideal)
                      0.150000    0.000000    0.000000 ^ _1260_/CLK (sky130_fd_sc_hd__dfrtp_2)
    93    0.239475    0.849226    0.813062    0.813062 ^ _1260_/Q (sky130_fd_sc_hd__dfrtp_2)
                                                         u_i2c_master_controller.soft_reset_d3 (net)
                      0.849226    0.000000    0.813062 ^ _1018_/A2 (sky130_fd_sc_hd__o21a_2)
     1    0.003562    0.037371    0.056337    0.869399 ^ _1018_/X (sky130_fd_sc_hd__o21a_2)
                                                         _0143_ (net)
                      0.037371    0.000000    0.869399 ^ _1210_/SET_B (sky130_fd_sc_hd__dfstp_2)
                                              0.869399   data arrival time

                      0.150000    0.000000    0.000000   clock i_clk (rise edge)
                                  0.000000    0.000000   clock network delay (ideal)
                                  0.250000    0.250000   clock uncertainty
                                  0.000000    0.250000   clock reconvergence pessimism
                                              0.250000 ^ _1210_/CLK (sky130_fd_sc_hd__dfstp_2)
                                  0.115735    0.365735   library removal time
                                              0.365735   data required time
---------------------------------------------------------------------------------------------
                                              0.365735   data required time
                                             -0.869399   data arrival time
---------------------------------------------------------------------------------------------
                                              0.503664   slack (MET)


Startpoint: _1260_ (rising edge-triggered flip-flop clocked by i_clk)
Endpoint: _1230_ (removal check against rising-edge clock i_clk)
Path Group: asynchronous
Path Type: min

Fanout         Cap        Slew       Delay        Time   Description
---------------------------------------------------------------------------------------------
                      0.150000    0.000000    0.000000   clock i_clk (rise edge)
                                  0.000000    0.000000   clock network delay (ideal)
                      0.150000    0.000000    0.000000 ^ _1260_/CLK (sky130_fd_sc_hd__dfrtp_2)
    93    0.239475    0.849226    0.813062    0.813062 ^ _1260_/Q (sky130_fd_sc_hd__dfrtp_2)
                                                         u_i2c_master_controller.soft_reset_d3 (net)
                      0.849226    0.000000    0.813062 ^ _1038_/A2 (sky130_fd_sc_hd__o21a_2)
     1    0.003562    0.037371    0.056337    0.869399 ^ _1038_/X (sky130_fd_sc_hd__o21a_2)
                                                         _0163_ (net)
                      0.037371    0.000000    0.869399 ^ _1230_/SET_B (sky130_fd_sc_hd__dfstp_2)
                                              0.869399   data arrival time

                      0.150000    0.000000    0.000000   clock i_clk (rise edge)
                                  0.000000    0.000000   clock network delay (ideal)
                                  0.250000    0.250000   clock uncertainty
                                  0.000000    0.250000   clock reconvergence pessimism
                                              0.250000 ^ _1230_/CLK (sky130_fd_sc_hd__dfstp_2)
                                  0.115735    0.365735   library removal time
                                              0.365735   data required time
---------------------------------------------------------------------------------------------
                                              0.365735   data required time
                                             -0.869399   data arrival time
---------------------------------------------------------------------------------------------
                                              0.503664   slack (MET)


Startpoint: _1260_ (rising edge-triggered flip-flop clocked by i_clk)
Endpoint: _1252_ (removal check against rising-edge clock i_clk)
Path Group: asynchronous
Path Type: min

Fanout         Cap        Slew       Delay        Time   Description
---------------------------------------------------------------------------------------------
                      0.150000    0.000000    0.000000   clock i_clk (rise edge)
                                  0.000000    0.000000   clock network delay (ideal)
                      0.150000    0.000000    0.000000 ^ _1260_/CLK (sky130_fd_sc_hd__dfrtp_2)
    93    0.239475    0.849226    0.813062    0.813062 ^ _1260_/Q (sky130_fd_sc_hd__dfrtp_2)
                                                         u_i2c_master_controller.soft_reset_d3 (net)
                      0.849226    0.000000    0.813062 ^ _1060_/A2 (sky130_fd_sc_hd__o21a_2)
     1    0.003562    0.037371    0.056337    0.869399 ^ _1060_/X (sky130_fd_sc_hd__o21a_2)
                                                         _0185_ (net)
                      0.037371    0.000000    0.869399 ^ _1252_/SET_B (sky130_fd_sc_hd__dfstp_2)
                                              0.869399   data arrival time

                      0.150000    0.000000    0.000000   clock i_clk (rise edge)
                                  0.000000    0.000000   clock network delay (ideal)
                                  0.250000    0.250000   clock uncertainty
                                  0.000000    0.250000   clock reconvergence pessimism
                                              0.250000 ^ _1252_/CLK (sky130_fd_sc_hd__dfstp_2)
                                  0.115735    0.365735   library removal time
                                              0.365735   data required time
---------------------------------------------------------------------------------------------
                                              0.365735   data required time
                                             -0.869399   data arrival time
---------------------------------------------------------------------------------------------
                                              0.503664   slack (MET)


Startpoint: i_config_reg[4] (input port clocked by i_clk)
Endpoint: _1176_ (rising edge-triggered flip-flop clocked by i_clk)
Path Group: i_clk
Path Type: min

Fanout         Cap        Slew       Delay        Time   Description
---------------------------------------------------------------------------------------------
                      0.150000    0.000000    0.000000   clock i_clk (rise edge)
                                  0.000000    0.000000   clock network delay (ideal)
                                  6.000000    6.000000 v input external delay
     1    0.002059    0.003783    0.001601    6.001601 v i_config_reg[4] (in)
                                                         i_config_reg[4] (net)
                      0.003783    0.000000    6.001601 v _1176_/D (sky130_fd_sc_hd__dfrtp_2)
                                              6.001601   data arrival time

                      0.150000    0.000000    0.000000   clock i_clk (rise edge)
                                  0.000000    0.000000   clock network delay (ideal)
                                  0.250000    0.250000   clock uncertainty
                                  0.000000    0.250000   clock reconvergence pessimism
                                              0.250000 ^ _1176_/CLK (sky130_fd_sc_hd__dfrtp_2)
                                 -0.008738    0.241262   library hold time
                                              0.241262   data required time
---------------------------------------------------------------------------------------------
                                              0.241262   data required time
                                             -6.001601   data arrival time
---------------------------------------------------------------------------------------------
                                              5.760339   slack (MET)


Startpoint: i_config_reg[0] (input port clocked by i_clk)
Endpoint: _1184_ (rising edge-triggered flip-flop clocked by i_clk)
Path Group: i_clk
Path Type: min

Fanout         Cap        Slew       Delay        Time   Description
---------------------------------------------------------------------------------------------
                      0.150000    0.000000    0.000000   clock i_clk (rise edge)
                                  0.000000    0.000000   clock network delay (ideal)
                                  6.000000    6.000000 v input external delay
     1    0.002059    0.003783    0.001601    6.001601 v i_config_reg[0] (in)
                                                         i_config_reg[0] (net)
                      0.003783    0.000000    6.001601 v _1184_/D (sky130_fd_sc_hd__dfrtp_2)
                                              6.001601   data arrival time

                      0.150000    0.000000    0.000000   clock i_clk (rise edge)
                                  0.000000    0.000000   clock network delay (ideal)
                                  0.250000    0.250000   clock uncertainty
                                  0.000000    0.250000   clock reconvergence pessimism
                                              0.250000 ^ _1184_/CLK (sky130_fd_sc_hd__dfrtp_2)
                                 -0.008738    0.241262   library hold time
                                              0.241262   data required time
---------------------------------------------------------------------------------------------
                                              0.241262   data required time
                                             -6.001601   data arrival time
---------------------------------------------------------------------------------------------
                                              5.760339   slack (MET)


Startpoint: i_config_reg[5] (input port clocked by i_clk)
Endpoint: _1261_ (rising edge-triggered flip-flop clocked by i_clk)
Path Group: i_clk
Path Type: min

Fanout         Cap        Slew       Delay        Time   Description
---------------------------------------------------------------------------------------------
                      0.150000    0.000000    0.000000   clock i_clk (rise edge)
                                  0.000000    0.000000   clock network delay (ideal)
                                  6.000000    6.000000 v input external delay
     1    0.002059    0.003783    0.001601    6.001601 v i_config_reg[5] (in)
                                                         i_config_reg[5] (net)
                      0.003783    0.000000    6.001601 v _1261_/D (sky130_fd_sc_hd__dfrtp_2)
                                              6.001601   data arrival time

                      0.150000    0.000000    0.000000   clock i_clk (rise edge)
                                  0.000000    0.000000   clock network delay (ideal)
                                  0.250000    0.250000   clock uncertainty
                                  0.000000    0.250000   clock reconvergence pessimism
                                              0.250000 ^ _1261_/CLK (sky130_fd_sc_hd__dfrtp_2)
                                 -0.008738    0.241262   library hold time
                                              0.241262   data required time
---------------------------------------------------------------------------------------------
                                              0.241262   data required time
                                             -6.001601   data arrival time
---------------------------------------------------------------------------------------------
                                              5.760339   slack (MET)


Startpoint: i_config_reg[1] (input port clocked by i_clk)
Endpoint: _1183_ (rising edge-triggered flip-flop clocked by i_clk)
Path Group: i_clk
Path Type: min

Fanout         Cap        Slew       Delay        Time   Description
---------------------------------------------------------------------------------------------
                      0.150000    0.000000    0.000000   clock i_clk (rise edge)
                                  0.000000    0.000000   clock network delay (ideal)
                                  6.000000    6.000000 v input external delay
     2    0.003601    0.006130    0.002948    6.002948 v i_config_reg[1] (in)
                                                         i_config_reg[1] (net)
                      0.006130    0.000000    6.002948 v _1183_/D (sky130_fd_sc_hd__dfrtp_2)
                                              6.002948   data arrival time

                      0.150000    0.000000    0.000000   clock i_clk (rise edge)
                                  0.000000    0.000000   clock network delay (ideal)
                                  0.250000    0.250000   clock uncertainty
                                  0.000000    0.250000   clock reconvergence pessimism
                                              0.250000 ^ _1183_/CLK (sky130_fd_sc_hd__dfrtp_2)
                                 -0.009491    0.240509   library hold time
                                              0.240509   data required time
---------------------------------------------------------------------------------------------
                                              0.240509   data required time
                                             -6.002948   data arrival time
---------------------------------------------------------------------------------------------
                                              5.762439   slack (MET)


Startpoint: i_mode_reg[0] (input port clocked by i_clk)
Endpoint: _1208_ (rising edge-triggered flip-flop clocked by i_clk)
Path Group: i_clk
Path Type: min

Fanout         Cap        Slew       Delay        Time   Description
---------------------------------------------------------------------------------------------
                      0.150000    0.000000    0.000000   clock i_clk (rise edge)
                                  0.000000    0.000000   clock network delay (ideal)
                                  6.000000    6.000000 v input external delay
     2    0.005826    0.009633    0.005155    6.005154 v i_mode_reg[0] (in)
                                                         i_mode_reg[0] (net)
                      0.009633    0.000000    6.005154 v _0632_/A (sky130_fd_sc_hd__nand2_2)
     1    0.004614    0.027019    0.029257    6.034411 ^ _0632_/Y (sky130_fd_sc_hd__nand2_2)
                                                         _0347_ (net)
                      0.027019    0.000000    6.034411 ^ _0633_/B (sky130_fd_sc_hd__nand2_2)
     1    0.002059    0.013622    0.023361    6.057772 v _0633_/Y (sky130_fd_sc_hd__nand2_2)
                                                         _0097_ (net)
                      0.013622    0.000000    6.057772 v _1208_/D (sky130_fd_sc_hd__dfrtp_2)
                                              6.057772   data arrival time

                      0.150000    0.000000    0.000000   clock i_clk (rise edge)
                                  0.000000    0.000000   clock network delay (ideal)
                                  0.250000    0.250000   clock uncertainty
                                  0.000000    0.250000   clock reconvergence pessimism
                                              0.250000 ^ _1208_/CLK (sky130_fd_sc_hd__dfrtp_2)
                                 -0.011895    0.238105   library hold time
                                              0.238105   data required time
---------------------------------------------------------------------------------------------
                                              0.238105   data required time
                                             -6.057772   data arrival time
---------------------------------------------------------------------------------------------
                                              5.819667   slack (MET)


Startpoint: i_mode_reg[1] (input port clocked by i_clk)
Endpoint: _1209_ (rising edge-triggered flip-flop clocked by i_clk)
Path Group: i_clk
Path Type: min

Fanout         Cap        Slew       Delay        Time   Description
---------------------------------------------------------------------------------------------
                      0.150000    0.000000    0.000000   clock i_clk (rise edge)
                                  0.000000    0.000000   clock network delay (ideal)
                                  6.000000    6.000000 ^ input external delay
     1    0.008977    0.035982    0.022553    6.022553 ^ i_mode_reg[1] (in)
                                                         i_mode_reg[1] (net)
                      0.035982    0.000000    6.022553 ^ _0634_/A (sky130_fd_sc_hd__xnor2_2)
     1    0.002059    0.019478    0.033348    6.055901 v _0634_/Y (sky130_fd_sc_hd__xnor2_2)
                                                         _0098_ (net)
                      0.019478    0.000000    6.055901 v _1209_/D (sky130_fd_sc_hd__dfrtp_2)
                                              6.055901   data arrival time

                      0.150000    0.000000    0.000000   clock i_clk (rise edge)
                                  0.000000    0.000000   clock network delay (ideal)
                                  0.250000    0.250000   clock uncertainty
                                  0.000000    0.250000   clock reconvergence pessimism
                                              0.250000 ^ _1209_/CLK (sky130_fd_sc_hd__dfrtp_2)
                                 -0.013773    0.236227   library hold time
                                              0.236227   data required time
---------------------------------------------------------------------------------------------
                                              0.236227   data required time
                                             -6.055901   data arrival time
---------------------------------------------------------------------------------------------
                                              5.819674   slack (MET)


Startpoint: i_clk_div_lsb[7] (input port clocked by i_clk)
Endpoint: _1207_ (rising edge-triggered flip-flop clocked by i_clk)
Path Group: i_clk
Path Type: min

Fanout         Cap        Slew       Delay        Time   Description
---------------------------------------------------------------------------------------------
                      0.150000    0.000000    0.000000   clock i_clk (rise edge)
                                  0.000000    0.000000   clock network delay (ideal)
                                  6.000000    6.000000 v input external delay
     2    0.005868    0.009701    0.005202    6.005202 v i_clk_div_lsb[7] (in)
                                                         i_clk_div_lsb[7] (net)
                      0.009701    0.000000    6.005202 v _0629_/B1 (sky130_fd_sc_hd__o21ai_2)
     1    0.004614    0.028341    0.029665    6.034867 ^ _0629_/Y (sky130_fd_sc_hd__o21ai_2)
                                                         _0345_ (net)
                      0.028341    0.000000    6.034867 ^ _0630_/B (sky130_fd_sc_hd__nand2_2)
     1    0.002059    0.013845    0.023520    6.058387 v _0630_/Y (sky130_fd_sc_hd__nand2_2)
                                                         _0096_ (net)
                      0.013845    0.000000    6.058387 v _1207_/D (sky130_fd_sc_hd__dfrtp_2)
                                              6.058387   data arrival time

                      0.150000    0.000000    0.000000   clock i_clk (rise edge)
                                  0.000000    0.000000   clock network delay (ideal)
                                  0.250000    0.250000   clock uncertainty
                                  0.000000    0.250000   clock reconvergence pessimism
                                              0.250000 ^ _1207_/CLK (sky130_fd_sc_hd__dfrtp_2)
                                 -0.011966    0.238034   library hold time
                                              0.238034   data required time
---------------------------------------------------------------------------------------------
                                              0.238034   data required time
                                             -6.058387   data arrival time
---------------------------------------------------------------------------------------------
                                              5.820353   slack (MET)


Startpoint: i_clk_div_lsb[5] (input port clocked by i_clk)
Endpoint: _1205_ (rising edge-triggered flip-flop clocked by i_clk)
Path Group: i_clk
Path Type: min

Fanout         Cap        Slew       Delay        Time   Description
---------------------------------------------------------------------------------------------
                      0.150000    0.000000    0.000000   clock i_clk (rise edge)
                                  0.000000    0.000000   clock network delay (ideal)
                                  6.000000    6.000000 v input external delay
     2    0.006508    0.010746    0.005920    6.005920 v i_clk_div_lsb[5] (in)
                                                         i_clk_div_lsb[5] (net)
                      0.010746    0.000000    6.005920 v _0625_/B1 (sky130_fd_sc_hd__o21ai_2)
     1    0.004614    0.028338    0.030050    6.035970 ^ _0625_/Y (sky130_fd_sc_hd__o21ai_2)
                                                         _0343_ (net)
                      0.028338    0.000000    6.035970 ^ _0626_/B (sky130_fd_sc_hd__nand2_2)
     1    0.002059    0.013844    0.023519    6.059490 v _0626_/Y (sky130_fd_sc_hd__nand2_2)
                                                         _0094_ (net)
                      0.013844    0.000000    6.059490 v _1205_/D (sky130_fd_sc_hd__dfrtp_2)
                                              6.059490   data arrival time

                      0.150000    0.000000    0.000000   clock i_clk (rise edge)
                                  0.000000    0.000000   clock network delay (ideal)
                                  0.250000    0.250000   clock uncertainty
                                  0.000000    0.250000   clock reconvergence pessimism
                                              0.250000 ^ _1205_/CLK (sky130_fd_sc_hd__dfrtp_2)
                                 -0.011966    0.238034   library hold time
                                              0.238034   data required time
---------------------------------------------------------------------------------------------
                                              0.238034   data required time
                                             -6.059490   data arrival time
---------------------------------------------------------------------------------------------
                                              5.821455   slack (MET)


Startpoint: i_clk_div_lsb[1] (input port clocked by i_clk)
Endpoint: _1201_ (rising edge-triggered flip-flop clocked by i_clk)
Path Group: i_clk
Path Type: min

Fanout         Cap        Slew       Delay        Time   Description
---------------------------------------------------------------------------------------------
                      0.150000    0.000000    0.000000   clock i_clk (rise edge)
                                  0.000000    0.000000   clock network delay (ideal)
                                  6.000000    6.000000 v input external delay
     4    0.017509    0.028331    0.018226    6.018226 v i_clk_div_lsb[1] (in)
                                                         i_clk_div_lsb[1] (net)
                      0.028331    0.000000    6.018226 v _0541_/A (sky130_fd_sc_hd__inv_2)
     2    0.007162    0.030526    0.037099    6.055325 ^ _0541_/Y (sky130_fd_sc_hd__inv_2)
                                                         _0090_ (net)
                      0.030526    0.000000    6.055325 ^ _1201_/D (sky130_fd_sc_hd__dfrtp_2)
                                              6.055325   data arrival time

                      0.150000    0.000000    0.000000   clock i_clk (rise edge)
                                  0.000000    0.000000   clock network delay (ideal)
                                  0.250000    0.250000   clock uncertainty
                                  0.000000    0.250000   clock reconvergence pessimism
                                              0.250000 ^ _1201_/CLK (sky130_fd_sc_hd__dfrtp_2)
                                 -0.016571    0.233429   library hold time
                                              0.233429   data required time
---------------------------------------------------------------------------------------------
                                              0.233429   data required time
                                             -6.055325   data arrival time
---------------------------------------------------------------------------------------------
                                              5.821896   slack (MET)


Startpoint: i_clk_div_lsb[3] (input port clocked by i_clk)
Endpoint: _1203_ (rising edge-triggered flip-flop clocked by i_clk)
Path Group: i_clk
Path Type: min

Fanout         Cap        Slew       Delay        Time   Description
---------------------------------------------------------------------------------------------
                      0.150000    0.000000    0.000000   clock i_clk (rise edge)
                                  0.000000    0.000000   clock network delay (ideal)
                                  6.000000    6.000000 v input external delay
     3    0.008740    0.014390    0.008426    6.008426 v i_clk_div_lsb[3] (in)
                                                         i_clk_div_lsb[3] (net)
                      0.014390    0.000000    6.008426 v _0621_/B (sky130_fd_sc_hd__nand2_2)
     1    0.004721    0.027825    0.038227    6.046653 ^ _0621_/Y (sky130_fd_sc_hd__nand2_2)
                                                         _0341_ (net)
                      0.027825    0.000000    6.046653 ^ _0622_/A2 (sky130_fd_sc_hd__o21ai_2)
     1    0.002059    0.013396    0.023735    6.070388 v _0622_/Y (sky130_fd_sc_hd__o21ai_2)
                                                         _0092_ (net)
                      0.013396    0.000000    6.070388 v _1203_/D (sky130_fd_sc_hd__dfrtp_2)
                                              6.070388   data arrival time

                      0.150000    0.000000    0.000000   clock i_clk (rise edge)
                                  0.000000    0.000000   clock network delay (ideal)
                                  0.250000    0.250000   clock uncertainty
                                  0.000000    0.250000   clock reconvergence pessimism
                                              0.250000 ^ _1203_/CLK (sky130_fd_sc_hd__dfrtp_2)
                                 -0.011822    0.238178   library hold time
                                              0.238178   data required time
---------------------------------------------------------------------------------------------
                                              0.238178   data required time
                                             -6.070388   data arrival time
---------------------------------------------------------------------------------------------
                                              5.832210   slack (MET)


Startpoint: i_clk_div_lsb[6] (input port clocked by i_clk)
Endpoint: _1206_ (rising edge-triggered flip-flop clocked by i_clk)
Path Group: i_clk
Path Type: min

Fanout         Cap        Slew       Delay        Time   Description
---------------------------------------------------------------------------------------------
                      0.150000    0.000000    0.000000   clock i_clk (rise edge)
                                  0.000000    0.000000   clock network delay (ideal)
                                  6.000000    6.000000 ^ input external delay
     3    0.015810    0.059131    0.038991    6.038991 ^ i_clk_div_lsb[6] (in)
                                                         i_clk_div_lsb[6] (net)
                      0.059131    0.000000    6.038991 ^ _0627_/A (sky130_fd_sc_hd__xnor2_2)
     1    0.002059    0.021094    0.036628    6.075619 v _0627_/Y (sky130_fd_sc_hd__xnor2_2)
                                                         _0095_ (net)
                      0.021094    0.000000    6.075619 v _1206_/D (sky130_fd_sc_hd__dfrtp_2)
                                              6.075619   data arrival time

                      0.150000    0.000000    0.000000   clock i_clk (rise edge)
                                  0.000000    0.000000   clock network delay (ideal)
                                  0.250000    0.250000   clock uncertainty
                                  0.000000    0.250000   clock reconvergence pessimism
                                              0.250000 ^ _1206_/CLK (sky130_fd_sc_hd__dfrtp_2)
                                 -0.014292    0.235708   library hold time
                                              0.235708   data required time
---------------------------------------------------------------------------------------------
                                              0.235708   data required time
                                             -6.075619   data arrival time
---------------------------------------------------------------------------------------------
                                              5.839911   slack (MET)


Startpoint: i_clk_div_lsb[2] (input port clocked by i_clk)
Endpoint: _1202_ (rising edge-triggered flip-flop clocked by i_clk)
Path Group: i_clk
Path Type: min

Fanout         Cap        Slew       Delay        Time   Description
---------------------------------------------------------------------------------------------
                      0.150000    0.000000    0.000000   clock i_clk (rise edge)
                                  0.000000    0.000000   clock network delay (ideal)
                                  6.000000    6.000000 ^ input external delay
     4    0.017920    0.066161    0.043893    6.043893 ^ i_clk_div_lsb[2] (in)
                                                         i_clk_div_lsb[2] (net)
                      0.066161    0.000000    6.043893 ^ _0619_/B (sky130_fd_sc_hd__xor2_2)
     1    0.002059    0.020063    0.033081    6.076974 v _0619_/X (sky130_fd_sc_hd__xor2_2)
                                                         _0091_ (net)
                      0.020063    0.000000    6.076974 v _1202_/D (sky130_fd_sc_hd__dfrtp_2)
                                              6.076974   data arrival time

                      0.150000    0.000000    0.000000   clock i_clk (rise edge)
                                  0.000000    0.000000   clock network delay (ideal)
                                  0.250000    0.250000   clock uncertainty
                                  0.000000    0.250000   clock reconvergence pessimism
                                              0.250000 ^ _1202_/CLK (sky130_fd_sc_hd__dfrtp_2)
                                 -0.013961    0.236039   library hold time
                                              0.236039   data required time
---------------------------------------------------------------------------------------------
                                              0.236039   data required time
                                             -6.076974   data arrival time
---------------------------------------------------------------------------------------------
                                              5.840935   slack (MET)


Startpoint: i_clk_div_lsb[4] (input port clocked by i_clk)
Endpoint: _1204_ (rising edge-triggered flip-flop clocked by i_clk)
Path Group: i_clk
Path Type: min

Fanout         Cap        Slew       Delay        Time   Description
---------------------------------------------------------------------------------------------
                      0.150000    0.000000    0.000000   clock i_clk (rise edge)
                                  0.000000    0.000000   clock network delay (ideal)
                                  6.000000    6.000000 ^ input external delay
     3    0.016694    0.062076    0.041045    6.041045 ^ i_clk_div_lsb[4] (in)
                                                         i_clk_div_lsb[4] (net)
                      0.062076    0.000000    6.041045 ^ _0623_/A (sky130_fd_sc_hd__xnor2_2)
     1    0.002059    0.021096    0.036846    6.077890 v _0623_/Y (sky130_fd_sc_hd__xnor2_2)
                                                         _0093_ (net)
                      0.021096    0.000000    6.077890 v _1204_/D (sky130_fd_sc_hd__dfrtp_2)
                                              6.077890   data arrival time

                      0.150000    0.000000    0.000000   clock i_clk (rise edge)
                                  0.000000    0.000000   clock network delay (ideal)
                                  0.250000    0.250000   clock uncertainty
                                  0.000000    0.250000   clock reconvergence pessimism
                                              0.250000 ^ _1204_/CLK (sky130_fd_sc_hd__dfrtp_2)
                                 -0.014292    0.235708   library hold time
                                              0.235708   data required time
---------------------------------------------------------------------------------------------
                                              0.235708   data required time
                                             -6.077890   data arrival time
---------------------------------------------------------------------------------------------
                                              5.842183   slack (MET)


Startpoint: _1098_ (rising edge-triggered flip-flop clocked by i_clk)
Endpoint: o_receive_data[0] (output port clocked by i_clk)
Path Group: i_clk
Path Type: min

Fanout         Cap        Slew       Delay        Time   Description
---------------------------------------------------------------------------------------------
                      0.150000    0.000000    0.000000   clock i_clk (rise edge)
                                  0.000000    0.000000   clock network delay (ideal)
                      0.150000    0.000000    0.000000 ^ _1098_/CLK (sky130_fd_sc_hd__dfxtp_2)
     2    0.035338    0.064270    0.267091    0.267091 v _1098_/Q (sky130_fd_sc_hd__dfxtp_2)
                                                         o_receive_data[0] (net)
                      0.064270    0.000000    0.267091 v o_receive_data[0] (out)
                                              0.267091   data arrival time

                      0.150000    0.000000    0.000000   clock i_clk (rise edge)
                                  0.000000    0.000000   clock network delay (ideal)
                                  0.250000    0.250000   clock uncertainty
                                  0.000000    0.250000   clock reconvergence pessimism
                                 -6.000000   -5.750000   output external delay
                                             -5.750000   data required time
---------------------------------------------------------------------------------------------
                                             -5.750000   data required time
                                             -0.267091   data arrival time
---------------------------------------------------------------------------------------------
                                              6.017090   slack (MET)


Startpoint: _1099_ (rising edge-triggered flip-flop clocked by i_clk)
Endpoint: o_receive_data[1] (output port clocked by i_clk)
Path Group: i_clk
Path Type: min

Fanout         Cap        Slew       Delay        Time   Description
---------------------------------------------------------------------------------------------
                      0.150000    0.000000    0.000000   clock i_clk (rise edge)
                                  0.000000    0.000000   clock network delay (ideal)
                      0.150000    0.000000    0.000000 ^ _1099_/CLK (sky130_fd_sc_hd__dfxtp_2)
     2    0.035338    0.064270    0.267091    0.267091 v _1099_/Q (sky130_fd_sc_hd__dfxtp_2)
                                                         o_receive_data[1] (net)
                      0.064270    0.000000    0.267091 v o_receive_data[1] (out)
                                              0.267091   data arrival time

                      0.150000    0.000000    0.000000   clock i_clk (rise edge)
                                  0.000000    0.000000   clock network delay (ideal)
                                  0.250000    0.250000   clock uncertainty
                                  0.000000    0.250000   clock reconvergence pessimism
                                 -6.000000   -5.750000   output external delay
                                             -5.750000   data required time
---------------------------------------------------------------------------------------------
                                             -5.750000   data required time
                                             -0.267091   data arrival time
---------------------------------------------------------------------------------------------
                                              6.017090   slack (MET)


Startpoint: _1100_ (rising edge-triggered flip-flop clocked by i_clk)
Endpoint: o_receive_data[2] (output port clocked by i_clk)
Path Group: i_clk
Path Type: min

Fanout         Cap        Slew       Delay        Time   Description
---------------------------------------------------------------------------------------------
                      0.150000    0.000000    0.000000   clock i_clk (rise edge)
                                  0.000000    0.000000   clock network delay (ideal)
                      0.150000    0.000000    0.000000 ^ _1100_/CLK (sky130_fd_sc_hd__dfxtp_2)
     2    0.035338    0.064270    0.267091    0.267091 v _1100_/Q (sky130_fd_sc_hd__dfxtp_2)
                                                         o_receive_data[2] (net)
                      0.064270    0.000000    0.267091 v o_receive_data[2] (out)
                                              0.267091   data arrival time

                      0.150000    0.000000    0.000000   clock i_clk (rise edge)
                                  0.000000    0.000000   clock network delay (ideal)
                                  0.250000    0.250000   clock uncertainty
                                  0.000000    0.250000   clock reconvergence pessimism
                                 -6.000000   -5.750000   output external delay
                                             -5.750000   data required time
---------------------------------------------------------------------------------------------
                                             -5.750000   data required time
                                             -0.267091   data arrival time
---------------------------------------------------------------------------------------------
                                              6.017090   slack (MET)


Startpoint: _1101_ (rising edge-triggered flip-flop clocked by i_clk)
Endpoint: o_receive_data[3] (output port clocked by i_clk)
Path Group: i_clk
Path Type: min

Fanout         Cap        Slew       Delay        Time   Description
---------------------------------------------------------------------------------------------
                      0.150000    0.000000    0.000000   clock i_clk (rise edge)
                                  0.000000    0.000000   clock network delay (ideal)
                      0.150000    0.000000    0.000000 ^ _1101_/CLK (sky130_fd_sc_hd__dfxtp_2)
     2    0.035338    0.064270    0.267091    0.267091 v _1101_/Q (sky130_fd_sc_hd__dfxtp_2)
                                                         o_receive_data[3] (net)
                      0.064270    0.000000    0.267091 v o_receive_data[3] (out)
                                              0.267091   data arrival time

                      0.150000    0.000000    0.000000   clock i_clk (rise edge)
                                  0.000000    0.000000   clock network delay (ideal)
                                  0.250000    0.250000   clock uncertainty
                                  0.000000    0.250000   clock reconvergence pessimism
                                 -6.000000   -5.750000   output external delay
                                             -5.750000   data required time
---------------------------------------------------------------------------------------------
                                             -5.750000   data required time
                                             -0.267091   data arrival time
---------------------------------------------------------------------------------------------
                                              6.017090   slack (MET)


Startpoint: _1102_ (rising edge-triggered flip-flop clocked by i_clk)
Endpoint: o_receive_data[4] (output port clocked by i_clk)
Path Group: i_clk
Path Type: min

Fanout         Cap        Slew       Delay        Time   Description
---------------------------------------------------------------------------------------------
                      0.150000    0.000000    0.000000   clock i_clk (rise edge)
                                  0.000000    0.000000   clock network delay (ideal)
                      0.150000    0.000000    0.000000 ^ _1102_/CLK (sky130_fd_sc_hd__dfxtp_2)
     2    0.035338    0.064270    0.267091    0.267091 v _1102_/Q (sky130_fd_sc_hd__dfxtp_2)
                                                         o_receive_data[4] (net)
                      0.064270    0.000000    0.267091 v o_receive_data[4] (out)
                                              0.267091   data arrival time

                      0.150000    0.000000    0.000000   clock i_clk (rise edge)
                                  0.000000    0.000000   clock network delay (ideal)
                                  0.250000    0.250000   clock uncertainty
                                  0.000000    0.250000   clock reconvergence pessimism
                                 -6.000000   -5.750000   output external delay
                                             -5.750000   data required time
---------------------------------------------------------------------------------------------
                                             -5.750000   data required time
                                             -0.267091   data arrival time
---------------------------------------------------------------------------------------------
                                              6.017090   slack (MET)


Startpoint: _1103_ (rising edge-triggered flip-flop clocked by i_clk)
Endpoint: o_receive_data[5] (output port clocked by i_clk)
Path Group: i_clk
Path Type: min

Fanout         Cap        Slew       Delay        Time   Description
---------------------------------------------------------------------------------------------
                      0.150000    0.000000    0.000000   clock i_clk (rise edge)
                                  0.000000    0.000000   clock network delay (ideal)
                      0.150000    0.000000    0.000000 ^ _1103_/CLK (sky130_fd_sc_hd__dfxtp_2)
     2    0.035338    0.064270    0.267091    0.267091 v _1103_/Q (sky130_fd_sc_hd__dfxtp_2)
                                                         o_receive_data[5] (net)
                      0.064270    0.000000    0.267091 v o_receive_data[5] (out)
                                              0.267091   data arrival time

                      0.150000    0.000000    0.000000   clock i_clk (rise edge)
                                  0.000000    0.000000   clock network delay (ideal)
                                  0.250000    0.250000   clock uncertainty
                                  0.000000    0.250000   clock reconvergence pessimism
                                 -6.000000   -5.750000   output external delay
                                             -5.750000   data required time
---------------------------------------------------------------------------------------------
                                             -5.750000   data required time
                                             -0.267091   data arrival time
---------------------------------------------------------------------------------------------
                                              6.017090   slack (MET)


Startpoint: _1104_ (rising edge-triggered flip-flop clocked by i_clk)
Endpoint: o_receive_data[6] (output port clocked by i_clk)
Path Group: i_clk
Path Type: min

Fanout         Cap        Slew       Delay        Time   Description
---------------------------------------------------------------------------------------------
                      0.150000    0.000000    0.000000   clock i_clk (rise edge)
                                  0.000000    0.000000   clock network delay (ideal)
                      0.150000    0.000000    0.000000 ^ _1104_/CLK (sky130_fd_sc_hd__dfxtp_2)
     2    0.035338    0.064270    0.267091    0.267091 v _1104_/Q (sky130_fd_sc_hd__dfxtp_2)
                                                         o_receive_data[6] (net)
                      0.064270    0.000000    0.267091 v o_receive_data[6] (out)
                                              0.267091   data arrival time

                      0.150000    0.000000    0.000000   clock i_clk (rise edge)
                                  0.000000    0.000000   clock network delay (ideal)
                                  0.250000    0.250000   clock uncertainty
                                  0.000000    0.250000   clock reconvergence pessimism
                                 -6.000000   -5.750000   output external delay
                                             -5.750000   data required time
---------------------------------------------------------------------------------------------
                                             -5.750000   data required time
                                             -0.267091   data arrival time
---------------------------------------------------------------------------------------------
                                              6.017090   slack (MET)


Startpoint: _1105_ (rising edge-triggered flip-flop clocked by i_clk)
Endpoint: o_receive_data[7] (output port clocked by i_clk)
Path Group: i_clk
Path Type: min

Fanout         Cap        Slew       Delay        Time   Description
---------------------------------------------------------------------------------------------
                      0.150000    0.000000    0.000000   clock i_clk (rise edge)
                                  0.000000    0.000000   clock network delay (ideal)
                      0.150000    0.000000    0.000000 ^ _1105_/CLK (sky130_fd_sc_hd__dfxtp_2)
     2    0.035338    0.064270    0.267091    0.267091 v _1105_/Q (sky130_fd_sc_hd__dfxtp_2)
                                                         o_receive_data[7] (net)
                      0.064270    0.000000    0.267091 v o_receive_data[7] (out)
                                              0.267091   data arrival time

                      0.150000    0.000000    0.000000   clock i_clk (rise edge)
                                  0.000000    0.000000   clock network delay (ideal)
                                  0.250000    0.250000   clock uncertainty
                                  0.000000    0.250000   clock reconvergence pessimism
                                 -6.000000   -5.750000   output external delay
                                             -5.750000   data required time
---------------------------------------------------------------------------------------------
                                             -5.750000   data required time
                                             -0.267091   data arrival time
---------------------------------------------------------------------------------------------
                                              6.017090   slack (MET)


Startpoint: _1077_ (rising edge-triggered flip-flop clocked by i_clk)
Endpoint: o_int_n (output port clocked by i_clk)
Path Group: i_clk
Path Type: min

Fanout         Cap        Slew       Delay        Time   Description
---------------------------------------------------------------------------------------------
                      0.150000    0.000000    0.000000   clock i_clk (rise edge)
                                  0.000000    0.000000   clock network delay (ideal)
                      0.150000    0.000000    0.000000 ^ _1077_/CLK (sky130_fd_sc_hd__dfrtp_2)
     2    0.006410    0.038617    0.247186    0.247186 ^ _1077_/Q (sky130_fd_sc_hd__dfrtp_2)
                                                         u_i2c_master_controller.cntrl_fsm.o_int_out (net)
                      0.038617    0.000000    0.247186 ^ _0540_/A (sky130_fd_sc_hd__inv_2)
     1    0.033442    0.053316    0.053869    0.301055 v _0540_/Y (sky130_fd_sc_hd__inv_2)
                                                         o_int_n (net)
                      0.053316    0.000000    0.301055 v o_int_n (out)
                                              0.301055   data arrival time

                      0.150000    0.000000    0.000000   clock i_clk (rise edge)
                                  0.000000    0.000000   clock network delay (ideal)
                                  0.250000    0.250000   clock uncertainty
                                  0.000000    0.250000   clock reconvergence pessimism
                                 -6.000000   -5.750000   output external delay
                                             -5.750000   data required time
---------------------------------------------------------------------------------------------
                                             -5.750000   data required time
                                             -0.301055   data arrival time
---------------------------------------------------------------------------------------------
                                              6.051054   slack (MET)


Startpoint: _1191_ (rising edge-triggered flip-flop clocked by i_clk)
Endpoint: o_received_data_valid (output port clocked by i_clk)
Path Group: i_clk
Path Type: min

Fanout         Cap        Slew       Delay        Time   Description
---------------------------------------------------------------------------------------------
                      0.150000    0.000000    0.000000   clock i_clk (rise edge)
                                  0.000000    0.000000   clock network delay (ideal)
                      0.150000    0.000000    0.000000 ^ _1191_/CLK (sky130_fd_sc_hd__dfrtp_2)
     1    0.033442    0.128239    0.317535    0.317535 ^ _1191_/Q (sky130_fd_sc_hd__dfrtp_2)
                                                         o_received_data_valid (net)
                      0.128239    0.000000    0.317535 ^ o_received_data_valid (out)
                                              0.317535   data arrival time

                      0.150000    0.000000    0.000000   clock i_clk (rise edge)
                                  0.000000    0.000000   clock network delay (ideal)
                                  0.250000    0.250000   clock uncertainty
                                  0.000000    0.250000   clock reconvergence pessimism
                                 -6.000000   -5.750000   output external delay
                                             -5.750000   data required time
---------------------------------------------------------------------------------------------
                                             -5.750000   data required time
                                             -0.317535   data arrival time
---------------------------------------------------------------------------------------------
                                              6.067534   slack (MET)


Startpoint: _1192_ (rising edge-triggered flip-flop clocked by i_clk)
Endpoint: o_start_ack (output port clocked by i_clk)
Path Group: i_clk
Path Type: min

Fanout         Cap        Slew       Delay        Time   Description
---------------------------------------------------------------------------------------------
                      0.150000    0.000000    0.000000   clock i_clk (rise edge)
                                  0.000000    0.000000   clock network delay (ideal)
                      0.150000    0.000000    0.000000 ^ _1192_/CLK (sky130_fd_sc_hd__dfrtp_2)
     1    0.033442    0.128239    0.317535    0.317535 ^ _1192_/Q (sky130_fd_sc_hd__dfrtp_2)
                                                         o_start_ack (net)
                      0.128239    0.000000    0.317535 ^ o_start_ack (out)
                                              0.317535   data arrival time

                      0.150000    0.000000    0.000000   clock i_clk (rise edge)
                                  0.000000    0.000000   clock network delay (ideal)
                                  0.250000    0.250000   clock uncertainty
                                  0.000000    0.250000   clock reconvergence pessimism
                                 -6.000000   -5.750000   output external delay
                                             -5.750000   data required time
---------------------------------------------------------------------------------------------
                                             -5.750000   data required time
                                             -0.317535   data arrival time
---------------------------------------------------------------------------------------------
                                              6.067534   slack (MET)


Startpoint: _1186_ (rising edge-triggered flip-flop clocked by i_clk)
Endpoint: o_transmit_data_request (output port clocked by i_clk)
Path Group: i_clk
Path Type: min

Fanout         Cap        Slew       Delay        Time   Description
---------------------------------------------------------------------------------------------
                      0.150000    0.000000    0.000000   clock i_clk (rise edge)
                                  0.000000    0.000000   clock network delay (ideal)
                      0.150000    0.000000    0.000000 ^ _1186_/CLK (sky130_fd_sc_hd__dfrtp_2)
     4    0.040104    0.150675    0.333999    0.333999 ^ _1186_/Q (sky130_fd_sc_hd__dfrtp_2)
                                                         o_transmit_data_request (net)
                      0.150675    0.000000    0.333999 ^ o_transmit_data_request (out)
                                              0.333999   data arrival time

                      0.150000    0.000000    0.000000   clock i_clk (rise edge)
                                  0.000000    0.000000   clock network delay (ideal)
                                  0.250000    0.250000   clock uncertainty
                                  0.000000    0.250000   clock reconvergence pessimism
                                 -6.000000   -5.750000   output external delay
                                             -5.750000   data required time
---------------------------------------------------------------------------------------------
                                             -5.750000   data required time
                                             -0.333999   data arrival time
---------------------------------------------------------------------------------------------
                                              6.083999   slack (MET)


Startpoint: _1107_ (rising edge-triggered flip-flop clocked by i_clk)
Endpoint: o_cmd_status_reg[7] (output port clocked by i_clk)
Path Group: i_clk
Path Type: min

Fanout         Cap        Slew       Delay        Time   Description
---------------------------------------------------------------------------------------------
                      0.150000    0.000000    0.000000   clock i_clk (rise edge)
                                  0.000000    0.000000   clock network delay (ideal)
                      0.150000    0.000000    0.000000 ^ _1107_/CLK (sky130_fd_sc_hd__dfrtp_2)
     3    0.005131    0.034531    0.243472    0.243472 ^ _1107_/Q (sky130_fd_sc_hd__dfrtp_2)
                                                         u_i2c_master_controller.cntrl_fsm.cntrl_fsm.o_i2c_busy (net)
                      0.034531    0.000000    0.243472 ^ _1288_/A (sky130_fd_sc_hd__buf_2)
     1    0.033442    0.127418    0.136711    0.380182 ^ _1288_/X (sky130_fd_sc_hd__buf_2)
                                                         o_cmd_status_reg[7] (net)
                      0.127418    0.000000    0.380182 ^ o_cmd_status_reg[7] (out)
                                              0.380182   data arrival time

                      0.150000    0.000000    0.000000   clock i_clk (rise edge)
                                  0.000000    0.000000   clock network delay (ideal)
                                  0.250000    0.250000   clock uncertainty
                                  0.000000    0.250000   clock reconvergence pessimism
                                 -6.000000   -5.750000   output external delay
                                             -5.750000   data required time
---------------------------------------------------------------------------------------------
                                             -5.750000   data required time
                                             -0.380182   data arrival time
---------------------------------------------------------------------------------------------
                                              6.130182   slack (MET)


Startpoint: _1090_ (rising edge-triggered flip-flop clocked by i_clk)
Endpoint: o_cmd_status_reg[2] (output port clocked by i_clk)
Path Group: i_clk
Path Type: min

Fanout         Cap        Slew       Delay        Time   Description
---------------------------------------------------------------------------------------------
                      0.150000    0.000000    0.000000   clock i_clk (rise edge)
                                  0.000000    0.000000   clock network delay (ideal)
                      0.150000    0.000000    0.000000 ^ _1090_/CLK (sky130_fd_sc_hd__dfrtp_2)
     3    0.006112    0.037665    0.246321    0.246321 ^ _1090_/Q (sky130_fd_sc_hd__dfrtp_2)
                                                         u_i2c_master_controller.cntrl_fsm.abort_ack_reg (net)
                      0.037665    0.000000    0.246321 ^ _1283_/A (sky130_fd_sc_hd__buf_2)
     1    0.033442    0.127407    0.137660    0.383981 ^ _1283_/X (sky130_fd_sc_hd__buf_2)
                                                         o_cmd_status_reg[2] (net)
                      0.127407    0.000000    0.383981 ^ o_cmd_status_reg[2] (out)
                                              0.383981   data arrival time

                      0.150000    0.000000    0.000000   clock i_clk (rise edge)
                                  0.000000    0.000000   clock network delay (ideal)
                                  0.250000    0.250000   clock uncertainty
                                  0.000000    0.250000   clock reconvergence pessimism
                                 -6.000000   -5.750000   output external delay
                                             -5.750000   data required time
---------------------------------------------------------------------------------------------
                                             -5.750000   data required time
                                             -0.383981   data arrival time
---------------------------------------------------------------------------------------------
                                              6.133981   slack (MET)


Startpoint: _1091_ (rising edge-triggered flip-flop clocked by i_clk)
Endpoint: o_cmd_status_reg[3] (output port clocked by i_clk)
Path Group: i_clk
Path Type: min

Fanout         Cap        Slew       Delay        Time   Description
---------------------------------------------------------------------------------------------
                      0.150000    0.000000    0.000000   clock i_clk (rise edge)
                                  0.000000    0.000000   clock network delay (ideal)
                      0.150000    0.000000    0.000000 ^ _1091_/CLK (sky130_fd_sc_hd__dfrtp_2)
     3    0.006764    0.039748    0.248214    0.248214 ^ _1091_/Q (sky130_fd_sc_hd__dfrtp_2)
                                                         u_i2c_master_controller.cntrl_fsm.rx_err_reg (net)
                      0.039748    0.000000    0.248214 ^ _1284_/A (sky130_fd_sc_hd__buf_2)
     1    0.033442    0.127400    0.138291    0.386505 ^ _1284_/X (sky130_fd_sc_hd__buf_2)
                                                         o_cmd_status_reg[3] (net)
                      0.127400    0.000000    0.386505 ^ o_cmd_status_reg[3] (out)
                                              0.386505   data arrival time

                      0.150000    0.000000    0.000000   clock i_clk (rise edge)
                                  0.000000    0.000000   clock network delay (ideal)
                                  0.250000    0.250000   clock uncertainty
                                  0.000000    0.250000   clock reconvergence pessimism
                                 -6.000000   -5.750000   output external delay
                                             -5.750000   data required time
---------------------------------------------------------------------------------------------
                                             -5.750000   data required time
                                             -0.386505   data arrival time
---------------------------------------------------------------------------------------------
                                              6.136505   slack (MET)


Startpoint: _1092_ (rising edge-triggered flip-flop clocked by i_clk)
Endpoint: o_cmd_status_reg[4] (output port clocked by i_clk)
Path Group: i_clk
Path Type: min

Fanout         Cap        Slew       Delay        Time   Description
---------------------------------------------------------------------------------------------
                      0.150000    0.000000    0.000000   clock i_clk (rise edge)
                                  0.000000    0.000000   clock network delay (ideal)
                      0.150000    0.000000    0.000000 ^ _1092_/CLK (sky130_fd_sc_hd__dfrtp_2)
     3    0.006813    0.039904    0.248357    0.248357 ^ _1092_/Q (sky130_fd_sc_hd__dfrtp_2)
                                                         u_i2c_master_controller.cntrl_fsm.tx_err_reg (net)
                      0.039904    0.000000    0.248357 ^ _1285_/A (sky130_fd_sc_hd__buf_2)
     1    0.033442    0.127400    0.138338    0.386695 ^ _1285_/X (sky130_fd_sc_hd__buf_2)
                                                         o_cmd_status_reg[4] (net)
                      0.127400    0.000000    0.386695 ^ o_cmd_status_reg[4] (out)
                                              0.386695   data arrival time

                      0.150000    0.000000    0.000000   clock i_clk (rise edge)
                                  0.000000    0.000000   clock network delay (ideal)
                                  0.250000    0.250000   clock uncertainty
                                  0.000000    0.250000   clock reconvergence pessimism
                                 -6.000000   -5.750000   output external delay
                                             -5.750000   data required time
---------------------------------------------------------------------------------------------
                                             -5.750000   data required time
                                             -0.386695   data arrival time
---------------------------------------------------------------------------------------------
                                              6.136695   slack (MET)


Startpoint: _1094_ (rising edge-triggered flip-flop clocked by i_clk)
Endpoint: o_cmd_status_reg[6] (output port clocked by i_clk)
Path Group: i_clk
Path Type: min

Fanout         Cap        Slew       Delay        Time   Description
---------------------------------------------------------------------------------------------
                      0.150000    0.000000    0.000000   clock i_clk (rise edge)
                                  0.000000    0.000000   clock network delay (ideal)
                      0.150000    0.000000    0.000000 ^ _1094_/CLK (sky130_fd_sc_hd__dfrtp_2)
     3    0.006829    0.039956    0.248403    0.248403 ^ _1094_/Q (sky130_fd_sc_hd__dfrtp_2)
                                                         u_i2c_master_controller.cntrl_fsm.tx_done_reg (net)
                      0.039956    0.000000    0.248403 ^ _1287_/A (sky130_fd_sc_hd__buf_2)
     1    0.033442    0.127399    0.138354    0.386757 ^ _1287_/X (sky130_fd_sc_hd__buf_2)
                                                         o_cmd_status_reg[6] (net)
                      0.127399    0.000000    0.386757 ^ o_cmd_status_reg[6] (out)
                                              0.386757   data arrival time

                      0.150000    0.000000    0.000000   clock i_clk (rise edge)
                                  0.000000    0.000000   clock network delay (ideal)
                                  0.250000    0.250000   clock uncertainty
                                  0.000000    0.250000   clock reconvergence pessimism
                                 -6.000000   -5.750000   output external delay
                                             -5.750000   data required time
---------------------------------------------------------------------------------------------
                                             -5.750000   data required time
                                             -0.386757   data arrival time
---------------------------------------------------------------------------------------------
                                              6.136756   slack (MET)


Startpoint: _1093_ (rising edge-triggered flip-flop clocked by i_clk)
Endpoint: o_cmd_status_reg[5] (output port clocked by i_clk)
Path Group: i_clk
Path Type: min

Fanout         Cap        Slew       Delay        Time   Description
---------------------------------------------------------------------------------------------
                      0.150000    0.000000    0.000000   clock i_clk (rise edge)
                                  0.000000    0.000000   clock network delay (ideal)
                      0.150000    0.000000    0.000000 ^ _1093_/CLK (sky130_fd_sc_hd__dfrtp_2)
     3    0.006885    0.040134    0.248566    0.248566 ^ _1093_/Q (sky130_fd_sc_hd__dfrtp_2)
                                                         u_i2c_master_controller.cntrl_fsm.rx_done_reg (net)
                      0.040134    0.000000    0.248566 ^ _1286_/A (sky130_fd_sc_hd__buf_2)
     1    0.033442    0.127399    0.138408    0.386974 ^ _1286_/X (sky130_fd_sc_hd__buf_2)
                                                         o_cmd_status_reg[5] (net)
                      0.127399    0.000000    0.386974 ^ o_cmd_status_reg[5] (out)
                                              0.386974   data arrival time

                      0.150000    0.000000    0.000000   clock i_clk (rise edge)
                                  0.000000    0.000000   clock network delay (ideal)
                                  0.250000    0.250000   clock uncertainty
                                  0.000000    0.250000   clock reconvergence pessimism
                                 -6.000000   -5.750000   output external delay
                                             -5.750000   data required time
---------------------------------------------------------------------------------------------
                                             -5.750000   data required time
                                             -0.386974   data arrival time
---------------------------------------------------------------------------------------------
                                              6.136974   slack (MET)


Startpoint: _1210_ (rising edge-triggered flip-flop clocked by i_clk)
Endpoint: io_scl (output port clocked by i_clk)
Path Group: i_clk
Path Type: min

Fanout         Cap        Slew       Delay        Time   Description
---------------------------------------------------------------------------------------------
                      0.150000    0.000000    0.000000   clock i_clk (rise edge)
                                  0.000000    0.000000   clock network delay (ideal)
                      0.150000    0.000000    0.000000 ^ _1210_/CLK (sky130_fd_sc_hd__dfstp_2)
     1    0.002258    0.025176    0.323939    0.323939 ^ _1210_/Q (sky130_fd_sc_hd__dfstp_2)
                                                         u_i2c_master_controller.i2cbus_cntrl_fsm.o_i2c_master_scl (net)
                      0.025176    0.000000    0.323939 ^ _0975_/A (sky130_fd_sc_hd__buf_1)
     1    0.004377    0.046732    0.060014    0.383953 ^ _0975_/X (sky130_fd_sc_hd__buf_1)
                                                         _0529_ (net)
                      0.046732    0.000000    0.383953 ^ _1289_/TE_B (sky130_fd_sc_hd__ebufn_2)
     2    0.040570    0.000000    0.025609    0.409562 v _1289_/Z (sky130_fd_sc_hd__ebufn_2)
                                                         io_scl (net)
                      0.000000    0.000000    0.409562 v io_scl (inout)
                                              0.409562   data arrival time

                      0.150000    0.000000    0.000000   clock i_clk (rise edge)
                                  0.000000    0.000000   clock network delay (ideal)
                                  0.250000    0.250000   clock uncertainty
                                  0.000000    0.250000   clock reconvergence pessimism
                                 -6.000000   -5.750000   output external delay
                                             -5.750000   data required time
---------------------------------------------------------------------------------------------
                                             -5.750000   data required time
                                             -0.409562   data arrival time
---------------------------------------------------------------------------------------------
                                              6.159562   slack (MET)


Startpoint: _1230_ (rising edge-triggered flip-flop clocked by i_clk)
Endpoint: io_sda (output port clocked by i_clk)
Path Group: i_clk
Path Type: min

Fanout         Cap        Slew       Delay        Time   Description
---------------------------------------------------------------------------------------------
                      0.150000    0.000000    0.000000   clock i_clk (rise edge)
                                  0.000000    0.000000   clock network delay (ideal)
                      0.150000    0.000000    0.000000 ^ _1230_/CLK (sky130_fd_sc_hd__dfstp_2)
     1    0.001615    0.023371    0.321635    0.321635 ^ _1230_/Q (sky130_fd_sc_hd__dfstp_2)
                                                         u_i2c_master_controller.i2cbus_cntrl_fsm.i2c_master_start_sda_i (net)
                      0.023371    0.000000    0.321635 ^ _0610_/A (sky130_fd_sc_hd__and4_2)
     1    0.004377    0.038391    0.110639    0.432274 ^ _0610_/X (sky130_fd_sc_hd__and4_2)
                                                         _0530_ (net)
                      0.038391    0.000000    0.432274 ^ _1290_/TE_B (sky130_fd_sc_hd__ebufn_2)
     2    0.040570    0.000000    0.025460    0.457734 v _1290_/Z (sky130_fd_sc_hd__ebufn_2)
                                                         io_sda (net)
                      0.000000    0.000000    0.457734 v io_sda (inout)
                                              0.457734   data arrival time

                      0.150000    0.000000    0.000000   clock i_clk (rise edge)
                                  0.000000    0.000000   clock network delay (ideal)
                                  0.250000    0.250000   clock uncertainty
                                  0.000000    0.250000   clock reconvergence pessimism
                                 -6.000000   -5.750000   output external delay
                                             -5.750000   data required time
---------------------------------------------------------------------------------------------
                                             -5.750000   data required time
                                             -0.457734   data arrival time
---------------------------------------------------------------------------------------------
                                              6.207734   slack (MET)


Startpoint: i_rst_n (input port clocked by i_clk)
Endpoint: _1070_ (removal check against rising-edge clock i_clk)
Path Group: asynchronous
Path Type: min

Fanout         Cap        Slew       Delay        Time   Description
---------------------------------------------------------------------------------------------
                      0.150000    0.000000    0.000000   clock i_clk (rise edge)
                                  0.000000    0.000000   clock network delay (ideal)
                                  6.000000    6.000000 ^ input external delay
   203    0.637442    2.137063    1.491615    7.491615 ^ i_rst_n (in)
                                                         i_rst_n (net)
                      2.137063    0.000000    7.491615 ^ _1070_/RESET_B (sky130_fd_sc_hd__dfrtp_2)
                                              7.491615   data arrival time

                      0.150000    0.000000    0.000000   clock i_clk (rise edge)
                                  0.000000    0.000000   clock network delay (ideal)
                                  0.250000    0.250000   clock uncertainty
                                  0.000000    0.250000   clock reconvergence pessimism
                                              0.250000 ^ _1070_/CLK (sky130_fd_sc_hd__dfrtp_2)
                                  0.697399    0.947399   library removal time
                                              0.947399   data required time
---------------------------------------------------------------------------------------------
                                              0.947399   data required time
                                             -7.491615   data arrival time
---------------------------------------------------------------------------------------------
                                              6.544216   slack (MET)


Startpoint: i_rst_n (input port clocked by i_clk)
Endpoint: _1071_ (removal check against rising-edge clock i_clk)
Path Group: asynchronous
Path Type: min

Fanout         Cap        Slew       Delay        Time   Description
---------------------------------------------------------------------------------------------
                      0.150000    0.000000    0.000000   clock i_clk (rise edge)
                                  0.000000    0.000000   clock network delay (ideal)
                                  6.000000    6.000000 ^ input external delay
   203    0.637442    2.137063    1.491615    7.491615 ^ i_rst_n (in)
                                                         i_rst_n (net)
                      2.137063    0.000000    7.491615 ^ _1071_/RESET_B (sky130_fd_sc_hd__dfrtp_2)
                                              7.491615   data arrival time

                      0.150000    0.000000    0.000000   clock i_clk (rise edge)
                                  0.000000    0.000000   clock network delay (ideal)
                                  0.250000    0.250000   clock uncertainty
                                  0.000000    0.250000   clock reconvergence pessimism
                                              0.250000 ^ _1071_/CLK (sky130_fd_sc_hd__dfrtp_2)
                                  0.697399    0.947399   library removal time
                                              0.947399   data required time
---------------------------------------------------------------------------------------------
                                              0.947399   data required time
                                             -7.491615   data arrival time
---------------------------------------------------------------------------------------------
                                              6.544216   slack (MET)


Startpoint: i_rst_n (input port clocked by i_clk)
Endpoint: _1072_ (removal check against rising-edge clock i_clk)
Path Group: asynchronous
Path Type: min

Fanout         Cap        Slew       Delay        Time   Description
---------------------------------------------------------------------------------------------
                      0.150000    0.000000    0.000000   clock i_clk (rise edge)
                                  0.000000    0.000000   clock network delay (ideal)
                                  6.000000    6.000000 ^ input external delay
   203    0.637442    2.137063    1.491615    7.491615 ^ i_rst_n (in)
                                                         i_rst_n (net)
                      2.137063    0.000000    7.491615 ^ _1072_/RESET_B (sky130_fd_sc_hd__dfrtp_2)
                                              7.491615   data arrival time

                      0.150000    0.000000    0.000000   clock i_clk (rise edge)
                                  0.000000    0.000000   clock network delay (ideal)
                                  0.250000    0.250000   clock uncertainty
                                  0.000000    0.250000   clock reconvergence pessimism
                                              0.250000 ^ _1072_/CLK (sky130_fd_sc_hd__dfrtp_2)
                                  0.697399    0.947399   library removal time
                                              0.947399   data required time
---------------------------------------------------------------------------------------------
                                              0.947399   data required time
                                             -7.491615   data arrival time
---------------------------------------------------------------------------------------------
                                              6.544216   slack (MET)


Startpoint: i_rst_n (input port clocked by i_clk)
Endpoint: _1073_ (removal check against rising-edge clock i_clk)
Path Group: asynchronous
Path Type: min

Fanout         Cap        Slew       Delay        Time   Description
---------------------------------------------------------------------------------------------
                      0.150000    0.000000    0.000000   clock i_clk (rise edge)
                                  0.000000    0.000000   clock network delay (ideal)
                                  6.000000    6.000000 ^ input external delay
   203    0.637442    2.137063    1.491615    7.491615 ^ i_rst_n (in)
                                                         i_rst_n (net)
                      2.137063    0.000000    7.491615 ^ _1073_/RESET_B (sky130_fd_sc_hd__dfrtp_2)
                                              7.491615   data arrival time

                      0.150000    0.000000    0.000000   clock i_clk (rise edge)
                                  0.000000    0.000000   clock network delay (ideal)
                                  0.250000    0.250000   clock uncertainty
                                  0.000000    0.250000   clock reconvergence pessimism
                                              0.250000 ^ _1073_/CLK (sky130_fd_sc_hd__dfrtp_2)
                                  0.697399    0.947399   library removal time
                                              0.947399   data required time
---------------------------------------------------------------------------------------------
                                              0.947399   data required time
                                             -7.491615   data arrival time
---------------------------------------------------------------------------------------------
                                              6.544216   slack (MET)


Startpoint: i_rst_n (input port clocked by i_clk)
Endpoint: _1074_ (removal check against rising-edge clock i_clk)
Path Group: asynchronous
Path Type: min

Fanout         Cap        Slew       Delay        Time   Description
---------------------------------------------------------------------------------------------
                      0.150000    0.000000    0.000000   clock i_clk (rise edge)
                                  0.000000    0.000000   clock network delay (ideal)
                                  6.000000    6.000000 ^ input external delay
   203    0.637442    2.137063    1.491615    7.491615 ^ i_rst_n (in)
                                                         i_rst_n (net)
                      2.137063    0.000000    7.491615 ^ _1074_/RESET_B (sky130_fd_sc_hd__dfrtp_2)
                                              7.491615   data arrival time

                      0.150000    0.000000    0.000000   clock i_clk (rise edge)
                                  0.000000    0.000000   clock network delay (ideal)
                                  0.250000    0.250000   clock uncertainty
                                  0.000000    0.250000   clock reconvergence pessimism
                                              0.250000 ^ _1074_/CLK (sky130_fd_sc_hd__dfrtp_2)
                                  0.697399    0.947399   library removal time
                                              0.947399   data required time
---------------------------------------------------------------------------------------------
                                              0.947399   data required time
                                             -7.491615   data arrival time
---------------------------------------------------------------------------------------------
                                              6.544216   slack (MET)


Startpoint: i_rst_n (input port clocked by i_clk)
Endpoint: _1075_ (removal check against rising-edge clock i_clk)
Path Group: asynchronous
Path Type: min

Fanout         Cap        Slew       Delay        Time   Description
---------------------------------------------------------------------------------------------
                      0.150000    0.000000    0.000000   clock i_clk (rise edge)
                                  0.000000    0.000000   clock network delay (ideal)
                                  6.000000    6.000000 ^ input external delay
   203    0.637442    2.137063    1.491615    7.491615 ^ i_rst_n (in)
                                                         i_rst_n (net)
                      2.137063    0.000000    7.491615 ^ _1075_/RESET_B (sky130_fd_sc_hd__dfrtp_2)
                                              7.491615   data arrival time

                      0.150000    0.000000    0.000000   clock i_clk (rise edge)
                                  0.000000    0.000000   clock network delay (ideal)
                                  0.250000    0.250000   clock uncertainty
                                  0.000000    0.250000   clock reconvergence pessimism
                                              0.250000 ^ _1075_/CLK (sky130_fd_sc_hd__dfrtp_2)
                                  0.697399    0.947399   library removal time
                                              0.947399   data required time
---------------------------------------------------------------------------------------------
                                              0.947399   data required time
                                             -7.491615   data arrival time
---------------------------------------------------------------------------------------------
                                              6.544216   slack (MET)


Startpoint: i_rst_n (input port clocked by i_clk)
Endpoint: _1076_ (removal check against rising-edge clock i_clk)
Path Group: asynchronous
Path Type: min

Fanout         Cap        Slew       Delay        Time   Description
---------------------------------------------------------------------------------------------
                      0.150000    0.000000    0.000000   clock i_clk (rise edge)
                                  0.000000    0.000000   clock network delay (ideal)
                                  6.000000    6.000000 ^ input external delay
   203    0.637442    2.137063    1.491615    7.491615 ^ i_rst_n (in)
                                                         i_rst_n (net)
                      2.137063    0.000000    7.491615 ^ _1076_/RESET_B (sky130_fd_sc_hd__dfrtp_2)
                                              7.491615   data arrival time

                      0.150000    0.000000    0.000000   clock i_clk (rise edge)
                                  0.000000    0.000000   clock network delay (ideal)
                                  0.250000    0.250000   clock uncertainty
                                  0.000000    0.250000   clock reconvergence pessimism
                                              0.250000 ^ _1076_/CLK (sky130_fd_sc_hd__dfrtp_2)
                                  0.697399    0.947399   library removal time
                                              0.947399   data required time
---------------------------------------------------------------------------------------------
                                              0.947399   data required time
                                             -7.491615   data arrival time
---------------------------------------------------------------------------------------------
                                              6.544216   slack (MET)


Startpoint: i_rst_n (input port clocked by i_clk)
Endpoint: _1078_ (removal check against rising-edge clock i_clk)
Path Group: asynchronous
Path Type: min

Fanout         Cap        Slew       Delay        Time   Description
---------------------------------------------------------------------------------------------
                      0.150000    0.000000    0.000000   clock i_clk (rise edge)
                                  0.000000    0.000000   clock network delay (ideal)
                                  6.000000    6.000000 ^ input external delay
   203    0.637442    2.137063    1.491615    7.491615 ^ i_rst_n (in)
                                                         i_rst_n (net)
                      2.137063    0.000000    7.491615 ^ _1078_/RESET_B (sky130_fd_sc_hd__dfrtp_2)
                                              7.491615   data arrival time

                      0.150000    0.000000    0.000000   clock i_clk (rise edge)
                                  0.000000    0.000000   clock network delay (ideal)
                                  0.250000    0.250000   clock uncertainty
                                  0.000000    0.250000   clock reconvergence pessimism
                                              0.250000 ^ _1078_/CLK (sky130_fd_sc_hd__dfrtp_2)
                                  0.697399    0.947399   library removal time
                                              0.947399   data required time
---------------------------------------------------------------------------------------------
                                              0.947399   data required time
                                             -7.491615   data arrival time
---------------------------------------------------------------------------------------------
                                              6.544216   slack (MET)


Startpoint: i_rst_n (input port clocked by i_clk)
Endpoint: _1079_ (removal check against rising-edge clock i_clk)
Path Group: asynchronous
Path Type: min

Fanout         Cap        Slew       Delay        Time   Description
---------------------------------------------------------------------------------------------
                      0.150000    0.000000    0.000000   clock i_clk (rise edge)
                                  0.000000    0.000000   clock network delay (ideal)
                                  6.000000    6.000000 ^ input external delay
   203    0.637442    2.137063    1.491615    7.491615 ^ i_rst_n (in)
                                                         i_rst_n (net)
                      2.137063    0.000000    7.491615 ^ _1079_/RESET_B (sky130_fd_sc_hd__dfrtp_2)
                                              7.491615   data arrival time

                      0.150000    0.000000    0.000000   clock i_clk (rise edge)
                                  0.000000    0.000000   clock network delay (ideal)
                                  0.250000    0.250000   clock uncertainty
                                  0.000000    0.250000   clock reconvergence pessimism
                                              0.250000 ^ _1079_/CLK (sky130_fd_sc_hd__dfrtp_2)
                                  0.697399    0.947399   library removal time
                                              0.947399   data required time
---------------------------------------------------------------------------------------------
                                              0.947399   data required time
                                             -7.491615   data arrival time
---------------------------------------------------------------------------------------------
                                              6.544216   slack (MET)


Startpoint: i_rst_n (input port clocked by i_clk)
Endpoint: _1080_ (removal check against rising-edge clock i_clk)
Path Group: asynchronous
Path Type: min

Fanout         Cap        Slew       Delay        Time   Description
---------------------------------------------------------------------------------------------
                      0.150000    0.000000    0.000000   clock i_clk (rise edge)
                                  0.000000    0.000000   clock network delay (ideal)
                                  6.000000    6.000000 ^ input external delay
   203    0.637442    2.137063    1.491615    7.491615 ^ i_rst_n (in)
                                                         i_rst_n (net)
                      2.137063    0.000000    7.491615 ^ _1080_/RESET_B (sky130_fd_sc_hd__dfrtp_2)
                                              7.491615   data arrival time

                      0.150000    0.000000    0.000000   clock i_clk (rise edge)
                                  0.000000    0.000000   clock network delay (ideal)
                                  0.250000    0.250000   clock uncertainty
                                  0.000000    0.250000   clock reconvergence pessimism
                                              0.250000 ^ _1080_/CLK (sky130_fd_sc_hd__dfrtp_2)
                                  0.697399    0.947399   library removal time
                                              0.947399   data required time
---------------------------------------------------------------------------------------------
                                              0.947399   data required time
                                             -7.491615   data arrival time
---------------------------------------------------------------------------------------------
                                              6.544216   slack (MET)


Startpoint: i_rst_n (input port clocked by i_clk)
Endpoint: _1081_ (removal check against rising-edge clock i_clk)
Path Group: asynchronous
Path Type: min

Fanout         Cap        Slew       Delay        Time   Description
---------------------------------------------------------------------------------------------
                      0.150000    0.000000    0.000000   clock i_clk (rise edge)
                                  0.000000    0.000000   clock network delay (ideal)
                                  6.000000    6.000000 ^ input external delay
   203    0.637442    2.137063    1.491615    7.491615 ^ i_rst_n (in)
                                                         i_rst_n (net)
                      2.137063    0.000000    7.491615 ^ _1081_/RESET_B (sky130_fd_sc_hd__dfrtp_2)
                                              7.491615   data arrival time

                      0.150000    0.000000    0.000000   clock i_clk (rise edge)
                                  0.000000    0.000000   clock network delay (ideal)
                                  0.250000    0.250000   clock uncertainty
                                  0.000000    0.250000   clock reconvergence pessimism
                                              0.250000 ^ _1081_/CLK (sky130_fd_sc_hd__dfrtp_2)
                                  0.697399    0.947399   library removal time
                                              0.947399   data required time
---------------------------------------------------------------------------------------------
                                              0.947399   data required time
                                             -7.491615   data arrival time
---------------------------------------------------------------------------------------------
                                              6.544216   slack (MET)


Startpoint: i_rst_n (input port clocked by i_clk)
Endpoint: _1082_ (removal check against rising-edge clock i_clk)
Path Group: asynchronous
Path Type: min

Fanout         Cap        Slew       Delay        Time   Description
---------------------------------------------------------------------------------------------
                      0.150000    0.000000    0.000000   clock i_clk (rise edge)
                                  0.000000    0.000000   clock network delay (ideal)
                                  6.000000    6.000000 ^ input external delay
   203    0.637442    2.137063    1.491615    7.491615 ^ i_rst_n (in)
                                                         i_rst_n (net)
                      2.137063    0.000000    7.491615 ^ _1082_/RESET_B (sky130_fd_sc_hd__dfrtp_2)
                                              7.491615   data arrival time

                      0.150000    0.000000    0.000000   clock i_clk (rise edge)
                                  0.000000    0.000000   clock network delay (ideal)
                                  0.250000    0.250000   clock uncertainty
                                  0.000000    0.250000   clock reconvergence pessimism
                                              0.250000 ^ _1082_/CLK (sky130_fd_sc_hd__dfrtp_2)
                                  0.697399    0.947399   library removal time
                                              0.947399   data required time
---------------------------------------------------------------------------------------------
                                              0.947399   data required time
                                             -7.491615   data arrival time
---------------------------------------------------------------------------------------------
                                              6.544216   slack (MET)


Startpoint: i_rst_n (input port clocked by i_clk)
Endpoint: _1083_ (removal check against rising-edge clock i_clk)
Path Group: asynchronous
Path Type: min

Fanout         Cap        Slew       Delay        Time   Description
---------------------------------------------------------------------------------------------
                      0.150000    0.000000    0.000000   clock i_clk (rise edge)
                                  0.000000    0.000000   clock network delay (ideal)
                                  6.000000    6.000000 ^ input external delay
   203    0.637442    2.137063    1.491615    7.491615 ^ i_rst_n (in)
                                                         i_rst_n (net)
                      2.137063    0.000000    7.491615 ^ _1083_/RESET_B (sky130_fd_sc_hd__dfrtp_2)
                                              7.491615   data arrival time

                      0.150000    0.000000    0.000000   clock i_clk (rise edge)
                                  0.000000    0.000000   clock network delay (ideal)
                                  0.250000    0.250000   clock uncertainty
                                  0.000000    0.250000   clock reconvergence pessimism
                                              0.250000 ^ _1083_/CLK (sky130_fd_sc_hd__dfrtp_2)
                                  0.697399    0.947399   library removal time
                                              0.947399   data required time
---------------------------------------------------------------------------------------------
                                              0.947399   data required time
                                             -7.491615   data arrival time
---------------------------------------------------------------------------------------------
                                              6.544216   slack (MET)


Startpoint: i_rst_n (input port clocked by i_clk)
Endpoint: _1084_ (removal check against rising-edge clock i_clk)
Path Group: asynchronous
Path Type: min

Fanout         Cap        Slew       Delay        Time   Description
---------------------------------------------------------------------------------------------
                      0.150000    0.000000    0.000000   clock i_clk (rise edge)
                                  0.000000    0.000000   clock network delay (ideal)
                                  6.000000    6.000000 ^ input external delay
   203    0.637442    2.137063    1.491615    7.491615 ^ i_rst_n (in)
                                                         i_rst_n (net)
                      2.137063    0.000000    7.491615 ^ _1084_/RESET_B (sky130_fd_sc_hd__dfrtp_2)
                                              7.491615   data arrival time

                      0.150000    0.000000    0.000000   clock i_clk (rise edge)
                                  0.000000    0.000000   clock network delay (ideal)
                                  0.250000    0.250000   clock uncertainty
                                  0.000000    0.250000   clock reconvergence pessimism
                                              0.250000 ^ _1084_/CLK (sky130_fd_sc_hd__dfrtp_2)
                                  0.697399    0.947399   library removal time
                                              0.947399   data required time
---------------------------------------------------------------------------------------------
                                              0.947399   data required time
                                             -7.491615   data arrival time
---------------------------------------------------------------------------------------------
                                              6.544216   slack (MET)


Startpoint: i_rst_n (input port clocked by i_clk)
Endpoint: _1085_ (removal check against rising-edge clock i_clk)
Path Group: asynchronous
Path Type: min

Fanout         Cap        Slew       Delay        Time   Description
---------------------------------------------------------------------------------------------
                      0.150000    0.000000    0.000000   clock i_clk (rise edge)
                                  0.000000    0.000000   clock network delay (ideal)
                                  6.000000    6.000000 ^ input external delay
   203    0.637442    2.137063    1.491615    7.491615 ^ i_rst_n (in)
                                                         i_rst_n (net)
                      2.137063    0.000000    7.491615 ^ _1085_/RESET_B (sky130_fd_sc_hd__dfrtp_2)
                                              7.491615   data arrival time

                      0.150000    0.000000    0.000000   clock i_clk (rise edge)
                                  0.000000    0.000000   clock network delay (ideal)
                                  0.250000    0.250000   clock uncertainty
                                  0.000000    0.250000   clock reconvergence pessimism
                                              0.250000 ^ _1085_/CLK (sky130_fd_sc_hd__dfrtp_2)
                                  0.697399    0.947399   library removal time
                                              0.947399   data required time
---------------------------------------------------------------------------------------------
                                              0.947399   data required time
                                             -7.491615   data arrival time
---------------------------------------------------------------------------------------------
                                              6.544216   slack (MET)


Startpoint: i_rst_n (input port clocked by i_clk)
Endpoint: _1086_ (removal check against rising-edge clock i_clk)
Path Group: asynchronous
Path Type: min

Fanout         Cap        Slew       Delay        Time   Description
---------------------------------------------------------------------------------------------
                      0.150000    0.000000    0.000000   clock i_clk (rise edge)
                                  0.000000    0.000000   clock network delay (ideal)
                                  6.000000    6.000000 ^ input external delay
   203    0.637442    2.137063    1.491615    7.491615 ^ i_rst_n (in)
                                                         i_rst_n (net)
                      2.137063    0.000000    7.491615 ^ _1086_/RESET_B (sky130_fd_sc_hd__dfrtp_2)
                                              7.491615   data arrival time

                      0.150000    0.000000    0.000000   clock i_clk (rise edge)
                                  0.000000    0.000000   clock network delay (ideal)
                                  0.250000    0.250000   clock uncertainty
                                  0.000000    0.250000   clock reconvergence pessimism
                                              0.250000 ^ _1086_/CLK (sky130_fd_sc_hd__dfrtp_2)
                                  0.697399    0.947399   library removal time
                                              0.947399   data required time
---------------------------------------------------------------------------------------------
                                              0.947399   data required time
                                             -7.491615   data arrival time
---------------------------------------------------------------------------------------------
                                              6.544216   slack (MET)


Startpoint: i_rst_n (input port clocked by i_clk)
Endpoint: _1087_ (removal check against rising-edge clock i_clk)
Path Group: asynchronous
Path Type: min

Fanout         Cap        Slew       Delay        Time   Description
---------------------------------------------------------------------------------------------
                      0.150000    0.000000    0.000000   clock i_clk (rise edge)
                                  0.000000    0.000000   clock network delay (ideal)
                                  6.000000    6.000000 ^ input external delay
   203    0.637442    2.137063    1.491615    7.491615 ^ i_rst_n (in)
                                                         i_rst_n (net)
                      2.137063    0.000000    7.491615 ^ _1087_/RESET_B (sky130_fd_sc_hd__dfrtp_2)
                                              7.491615   data arrival time

                      0.150000    0.000000    0.000000   clock i_clk (rise edge)
                                  0.000000    0.000000   clock network delay (ideal)
                                  0.250000    0.250000   clock uncertainty
                                  0.000000    0.250000   clock reconvergence pessimism
                                              0.250000 ^ _1087_/CLK (sky130_fd_sc_hd__dfrtp_2)
                                  0.697399    0.947399   library removal time
                                              0.947399   data required time
---------------------------------------------------------------------------------------------
                                              0.947399   data required time
                                             -7.491615   data arrival time
---------------------------------------------------------------------------------------------
                                              6.544216   slack (MET)


Startpoint: i_rst_n (input port clocked by i_clk)
Endpoint: _1088_ (removal check against rising-edge clock i_clk)
Path Group: asynchronous
Path Type: min

Fanout         Cap        Slew       Delay        Time   Description
---------------------------------------------------------------------------------------------
                      0.150000    0.000000    0.000000   clock i_clk (rise edge)
                                  0.000000    0.000000   clock network delay (ideal)
                                  6.000000    6.000000 ^ input external delay
   203    0.637442    2.137063    1.491615    7.491615 ^ i_rst_n (in)
                                                         i_rst_n (net)
                      2.137063    0.000000    7.491615 ^ _1088_/RESET_B (sky130_fd_sc_hd__dfrtp_2)
                                              7.491615   data arrival time

                      0.150000    0.000000    0.000000   clock i_clk (rise edge)
                                  0.000000    0.000000   clock network delay (ideal)
                                  0.250000    0.250000   clock uncertainty
                                  0.000000    0.250000   clock reconvergence pessimism
                                              0.250000 ^ _1088_/CLK (sky130_fd_sc_hd__dfrtp_2)
                                  0.697399    0.947399   library removal time
                                              0.947399   data required time
---------------------------------------------------------------------------------------------
                                              0.947399   data required time
                                             -7.491615   data arrival time
---------------------------------------------------------------------------------------------
                                              6.544216   slack (MET)


Startpoint: i_rst_n (input port clocked by i_clk)
Endpoint: _1089_ (removal check against rising-edge clock i_clk)
Path Group: asynchronous
Path Type: min

Fanout         Cap        Slew       Delay        Time   Description
---------------------------------------------------------------------------------------------
                      0.150000    0.000000    0.000000   clock i_clk (rise edge)
                                  0.000000    0.000000   clock network delay (ideal)
                                  6.000000    6.000000 ^ input external delay
   203    0.637442    2.137063    1.491615    7.491615 ^ i_rst_n (in)
                                                         i_rst_n (net)
                      2.137063    0.000000    7.491615 ^ _1089_/RESET_B (sky130_fd_sc_hd__dfrtp_2)
                                              7.491615   data arrival time

                      0.150000    0.000000    0.000000   clock i_clk (rise edge)
                                  0.000000    0.000000   clock network delay (ideal)
                                  0.250000    0.250000   clock uncertainty
                                  0.000000    0.250000   clock reconvergence pessimism
                                              0.250000 ^ _1089_/CLK (sky130_fd_sc_hd__dfrtp_2)
                                  0.697399    0.947399   library removal time
                                              0.947399   data required time
---------------------------------------------------------------------------------------------
                                              0.947399   data required time
                                             -7.491615   data arrival time
---------------------------------------------------------------------------------------------
                                              6.544216   slack (MET)


Startpoint: i_rst_n (input port clocked by i_clk)
Endpoint: _1090_ (removal check against rising-edge clock i_clk)
Path Group: asynchronous
Path Type: min

Fanout         Cap        Slew       Delay        Time   Description
---------------------------------------------------------------------------------------------
                      0.150000    0.000000    0.000000   clock i_clk (rise edge)
                                  0.000000    0.000000   clock network delay (ideal)
                                  6.000000    6.000000 ^ input external delay
   203    0.637442    2.137063    1.491615    7.491615 ^ i_rst_n (in)
                                                         i_rst_n (net)
                      2.137063    0.000000    7.491615 ^ _1090_/RESET_B (sky130_fd_sc_hd__dfrtp_2)
                                              7.491615   data arrival time

                      0.150000    0.000000    0.000000   clock i_clk (rise edge)
                                  0.000000    0.000000   clock network delay (ideal)
                                  0.250000    0.250000   clock uncertainty
                                  0.000000    0.250000   clock reconvergence pessimism
                                              0.250000 ^ _1090_/CLK (sky130_fd_sc_hd__dfrtp_2)
                                  0.697399    0.947399   library removal time
                                              0.947399   data required time
---------------------------------------------------------------------------------------------
                                              0.947399   data required time
                                             -7.491615   data arrival time
---------------------------------------------------------------------------------------------
                                              6.544216   slack (MET)


Startpoint: i_rst_n (input port clocked by i_clk)
Endpoint: _1091_ (removal check against rising-edge clock i_clk)
Path Group: asynchronous
Path Type: min

Fanout         Cap        Slew       Delay        Time   Description
---------------------------------------------------------------------------------------------
                      0.150000    0.000000    0.000000   clock i_clk (rise edge)
                                  0.000000    0.000000   clock network delay (ideal)
                                  6.000000    6.000000 ^ input external delay
   203    0.637442    2.137063    1.491615    7.491615 ^ i_rst_n (in)
                                                         i_rst_n (net)
                      2.137063    0.000000    7.491615 ^ _1091_/RESET_B (sky130_fd_sc_hd__dfrtp_2)
                                              7.491615   data arrival time

                      0.150000    0.000000    0.000000   clock i_clk (rise edge)
                                  0.000000    0.000000   clock network delay (ideal)
                                  0.250000    0.250000   clock uncertainty
                                  0.000000    0.250000   clock reconvergence pessimism
                                              0.250000 ^ _1091_/CLK (sky130_fd_sc_hd__dfrtp_2)
                                  0.697399    0.947399   library removal time
                                              0.947399   data required time
---------------------------------------------------------------------------------------------
                                              0.947399   data required time
                                             -7.491615   data arrival time
---------------------------------------------------------------------------------------------
                                              6.544216   slack (MET)


Startpoint: i_rst_n (input port clocked by i_clk)
Endpoint: _1092_ (removal check against rising-edge clock i_clk)
Path Group: asynchronous
Path Type: min

Fanout         Cap        Slew       Delay        Time   Description
---------------------------------------------------------------------------------------------
                      0.150000    0.000000    0.000000   clock i_clk (rise edge)
                                  0.000000    0.000000   clock network delay (ideal)
                                  6.000000    6.000000 ^ input external delay
   203    0.637442    2.137063    1.491615    7.491615 ^ i_rst_n (in)
                                                         i_rst_n (net)
                      2.137063    0.000000    7.491615 ^ _1092_/RESET_B (sky130_fd_sc_hd__dfrtp_2)
                                              7.491615   data arrival time

                      0.150000    0.000000    0.000000   clock i_clk (rise edge)
                                  0.000000    0.000000   clock network delay (ideal)
                                  0.250000    0.250000   clock uncertainty
                                  0.000000    0.250000   clock reconvergence pessimism
                                              0.250000 ^ _1092_/CLK (sky130_fd_sc_hd__dfrtp_2)
                                  0.697399    0.947399   library removal time
                                              0.947399   data required time
---------------------------------------------------------------------------------------------
                                              0.947399   data required time
                                             -7.491615   data arrival time
---------------------------------------------------------------------------------------------
                                              6.544216   slack (MET)


Startpoint: i_rst_n (input port clocked by i_clk)
Endpoint: _1093_ (removal check against rising-edge clock i_clk)
Path Group: asynchronous
Path Type: min

Fanout         Cap        Slew       Delay        Time   Description
---------------------------------------------------------------------------------------------
                      0.150000    0.000000    0.000000   clock i_clk (rise edge)
                                  0.000000    0.000000   clock network delay (ideal)
                                  6.000000    6.000000 ^ input external delay
   203    0.637442    2.137063    1.491615    7.491615 ^ i_rst_n (in)
                                                         i_rst_n (net)
                      2.137063    0.000000    7.491615 ^ _1093_/RESET_B (sky130_fd_sc_hd__dfrtp_2)
                                              7.491615   data arrival time

                      0.150000    0.000000    0.000000   clock i_clk (rise edge)
                                  0.000000    0.000000   clock network delay (ideal)
                                  0.250000    0.250000   clock uncertainty
                                  0.000000    0.250000   clock reconvergence pessimism
                                              0.250000 ^ _1093_/CLK (sky130_fd_sc_hd__dfrtp_2)
                                  0.697399    0.947399   library removal time
                                              0.947399   data required time
---------------------------------------------------------------------------------------------
                                              0.947399   data required time
                                             -7.491615   data arrival time
---------------------------------------------------------------------------------------------
                                              6.544216   slack (MET)


Startpoint: i_rst_n (input port clocked by i_clk)
Endpoint: _1094_ (removal check against rising-edge clock i_clk)
Path Group: asynchronous
Path Type: min

Fanout         Cap        Slew       Delay        Time   Description
---------------------------------------------------------------------------------------------
                      0.150000    0.000000    0.000000   clock i_clk (rise edge)
                                  0.000000    0.000000   clock network delay (ideal)
                                  6.000000    6.000000 ^ input external delay
   203    0.637442    2.137063    1.491615    7.491615 ^ i_rst_n (in)
                                                         i_rst_n (net)
                      2.137063    0.000000    7.491615 ^ _1094_/RESET_B (sky130_fd_sc_hd__dfrtp_2)
                                              7.491615   data arrival time

                      0.150000    0.000000    0.000000   clock i_clk (rise edge)
                                  0.000000    0.000000   clock network delay (ideal)
                                  0.250000    0.250000   clock uncertainty
                                  0.000000    0.250000   clock reconvergence pessimism
                                              0.250000 ^ _1094_/CLK (sky130_fd_sc_hd__dfrtp_2)
                                  0.697399    0.947399   library removal time
                                              0.947399   data required time
---------------------------------------------------------------------------------------------
                                              0.947399   data required time
                                             -7.491615   data arrival time
---------------------------------------------------------------------------------------------
                                              6.544216   slack (MET)


Startpoint: i_rst_n (input port clocked by i_clk)
Endpoint: _1095_ (removal check against rising-edge clock i_clk)
Path Group: asynchronous
Path Type: min

Fanout         Cap        Slew       Delay        Time   Description
---------------------------------------------------------------------------------------------
                      0.150000    0.000000    0.000000   clock i_clk (rise edge)
                                  0.000000    0.000000   clock network delay (ideal)
                                  6.000000    6.000000 ^ input external delay
   203    0.637442    2.137063    1.491615    7.491615 ^ i_rst_n (in)
                                                         i_rst_n (net)
                      2.137063    0.000000    7.491615 ^ _1095_/RESET_B (sky130_fd_sc_hd__dfrtp_2)
                                              7.491615   data arrival time

                      0.150000    0.000000    0.000000   clock i_clk (rise edge)
                                  0.000000    0.000000   clock network delay (ideal)
                                  0.250000    0.250000   clock uncertainty
                                  0.000000    0.250000   clock reconvergence pessimism
                                              0.250000 ^ _1095_/CLK (sky130_fd_sc_hd__dfrtp_2)
                                  0.697399    0.947399   library removal time
                                              0.947399   data required time
---------------------------------------------------------------------------------------------
                                              0.947399   data required time
                                             -7.491615   data arrival time
---------------------------------------------------------------------------------------------
                                              6.544216   slack (MET)


Startpoint: i_rst_n (input port clocked by i_clk)
Endpoint: _1096_ (removal check against rising-edge clock i_clk)
Path Group: asynchronous
Path Type: min

Fanout         Cap        Slew       Delay        Time   Description
---------------------------------------------------------------------------------------------
                      0.150000    0.000000    0.000000   clock i_clk (rise edge)
                                  0.000000    0.000000   clock network delay (ideal)
                                  6.000000    6.000000 ^ input external delay
   203    0.637442    2.137063    1.491615    7.491615 ^ i_rst_n (in)
                                                         i_rst_n (net)
                      2.137063    0.000000    7.491615 ^ _1096_/RESET_B (sky130_fd_sc_hd__dfrtp_2)
                                              7.491615   data arrival time

                      0.150000    0.000000    0.000000   clock i_clk (rise edge)
                                  0.000000    0.000000   clock network delay (ideal)
                                  0.250000    0.250000   clock uncertainty
                                  0.000000    0.250000   clock reconvergence pessimism
                                              0.250000 ^ _1096_/CLK (sky130_fd_sc_hd__dfrtp_2)
                                  0.697399    0.947399   library removal time
                                              0.947399   data required time
---------------------------------------------------------------------------------------------
                                              0.947399   data required time
                                             -7.491615   data arrival time
---------------------------------------------------------------------------------------------
                                              6.544216   slack (MET)


Startpoint: i_rst_n (input port clocked by i_clk)
Endpoint: _1106_ (removal check against rising-edge clock i_clk)
Path Group: asynchronous
Path Type: min

Fanout         Cap        Slew       Delay        Time   Description
---------------------------------------------------------------------------------------------
                      0.150000    0.000000    0.000000   clock i_clk (rise edge)
                                  0.000000    0.000000   clock network delay (ideal)
                                  6.000000    6.000000 ^ input external delay
   203    0.637442    2.137063    1.491615    7.491615 ^ i_rst_n (in)
                                                         i_rst_n (net)
                      2.137063    0.000000    7.491615 ^ _1106_/RESET_B (sky130_fd_sc_hd__dfrtp_2)
                                              7.491615   data arrival time

                      0.150000    0.000000    0.000000   clock i_clk (rise edge)
                                  0.000000    0.000000   clock network delay (ideal)
                                  0.250000    0.250000   clock uncertainty
                                  0.000000    0.250000   clock reconvergence pessimism
                                              0.250000 ^ _1106_/CLK (sky130_fd_sc_hd__dfrtp_2)
                                  0.697399    0.947399   library removal time
                                              0.947399   data required time
---------------------------------------------------------------------------------------------
                                              0.947399   data required time
                                             -7.491615   data arrival time
---------------------------------------------------------------------------------------------
                                              6.544216   slack (MET)


Startpoint: i_rst_n (input port clocked by i_clk)
Endpoint: _1107_ (removal check against rising-edge clock i_clk)
Path Group: asynchronous
Path Type: min

Fanout         Cap        Slew       Delay        Time   Description
---------------------------------------------------------------------------------------------
                      0.150000    0.000000    0.000000   clock i_clk (rise edge)
                                  0.000000    0.000000   clock network delay (ideal)
                                  6.000000    6.000000 ^ input external delay
   203    0.637442    2.137063    1.491615    7.491615 ^ i_rst_n (in)
                                                         i_rst_n (net)
                      2.137063    0.000000    7.491615 ^ _1107_/RESET_B (sky130_fd_sc_hd__dfrtp_2)
                                              7.491615   data arrival time

                      0.150000    0.000000    0.000000   clock i_clk (rise edge)
                                  0.000000    0.000000   clock network delay (ideal)
                                  0.250000    0.250000   clock uncertainty
                                  0.000000    0.250000   clock reconvergence pessimism
                                              0.250000 ^ _1107_/CLK (sky130_fd_sc_hd__dfrtp_2)
                                  0.697399    0.947399   library removal time
                                              0.947399   data required time
---------------------------------------------------------------------------------------------
                                              0.947399   data required time
                                             -7.491615   data arrival time
---------------------------------------------------------------------------------------------
                                              6.544216   slack (MET)


Startpoint: i_rst_n (input port clocked by i_clk)
Endpoint: _1108_ (removal check against rising-edge clock i_clk)
Path Group: asynchronous
Path Type: min

Fanout         Cap        Slew       Delay        Time   Description
---------------------------------------------------------------------------------------------
                      0.150000    0.000000    0.000000   clock i_clk (rise edge)
                                  0.000000    0.000000   clock network delay (ideal)
                                  6.000000    6.000000 ^ input external delay
   203    0.637442    2.137063    1.491615    7.491615 ^ i_rst_n (in)
                                                         i_rst_n (net)
                      2.137063    0.000000    7.491615 ^ _1108_/RESET_B (sky130_fd_sc_hd__dfrtp_2)
                                              7.491615   data arrival time

                      0.150000    0.000000    0.000000   clock i_clk (rise edge)
                                  0.000000    0.000000   clock network delay (ideal)
                                  0.250000    0.250000   clock uncertainty
                                  0.000000    0.250000   clock reconvergence pessimism
                                              0.250000 ^ _1108_/CLK (sky130_fd_sc_hd__dfrtp_2)
                                  0.697399    0.947399   library removal time
                                              0.947399   data required time
---------------------------------------------------------------------------------------------
                                              0.947399   data required time
                                             -7.491615   data arrival time
---------------------------------------------------------------------------------------------
                                              6.544216   slack (MET)


Startpoint: i_rst_n (input port clocked by i_clk)
Endpoint: _1109_ (removal check against rising-edge clock i_clk)
Path Group: asynchronous
Path Type: min

Fanout         Cap        Slew       Delay        Time   Description
---------------------------------------------------------------------------------------------
                      0.150000    0.000000    0.000000   clock i_clk (rise edge)
                                  0.000000    0.000000   clock network delay (ideal)
                                  6.000000    6.000000 ^ input external delay
   203    0.637442    2.137063    1.491615    7.491615 ^ i_rst_n (in)
                                                         i_rst_n (net)
                      2.137063    0.000000    7.491615 ^ _1109_/RESET_B (sky130_fd_sc_hd__dfrtp_2)
                                              7.491615   data arrival time

                      0.150000    0.000000    0.000000   clock i_clk (rise edge)
                                  0.000000    0.000000   clock network delay (ideal)
                                  0.250000    0.250000   clock uncertainty
                                  0.000000    0.250000   clock reconvergence pessimism
                                              0.250000 ^ _1109_/CLK (sky130_fd_sc_hd__dfrtp_2)
                                  0.697399    0.947399   library removal time
                                              0.947399   data required time
---------------------------------------------------------------------------------------------
                                              0.947399   data required time
                                             -7.491615   data arrival time
---------------------------------------------------------------------------------------------
                                              6.544216   slack (MET)


Startpoint: i_rst_n (input port clocked by i_clk)
Endpoint: _1110_ (removal check against rising-edge clock i_clk)
Path Group: asynchronous
Path Type: min

Fanout         Cap        Slew       Delay        Time   Description
---------------------------------------------------------------------------------------------
                      0.150000    0.000000    0.000000   clock i_clk (rise edge)
                                  0.000000    0.000000   clock network delay (ideal)
                                  6.000000    6.000000 ^ input external delay
   203    0.637442    2.137063    1.491615    7.491615 ^ i_rst_n (in)
                                                         i_rst_n (net)
                      2.137063    0.000000    7.491615 ^ _1110_/RESET_B (sky130_fd_sc_hd__dfrtp_2)
                                              7.491615   data arrival time

                      0.150000    0.000000    0.000000   clock i_clk (rise edge)
                                  0.000000    0.000000   clock network delay (ideal)
                                  0.250000    0.250000   clock uncertainty
                                  0.000000    0.250000   clock reconvergence pessimism
                                              0.250000 ^ _1110_/CLK (sky130_fd_sc_hd__dfrtp_2)
                                  0.697399    0.947399   library removal time
                                              0.947399   data required time
---------------------------------------------------------------------------------------------
                                              0.947399   data required time
                                             -7.491615   data arrival time
---------------------------------------------------------------------------------------------
                                              6.544216   slack (MET)


Startpoint: i_rst_n (input port clocked by i_clk)
Endpoint: _1111_ (removal check against rising-edge clock i_clk)
Path Group: asynchronous
Path Type: min

Fanout         Cap        Slew       Delay        Time   Description
---------------------------------------------------------------------------------------------
                      0.150000    0.000000    0.000000   clock i_clk (rise edge)
                                  0.000000    0.000000   clock network delay (ideal)
                                  6.000000    6.000000 ^ input external delay
   203    0.637442    2.137063    1.491615    7.491615 ^ i_rst_n (in)
                                                         i_rst_n (net)
                      2.137063    0.000000    7.491615 ^ _1111_/RESET_B (sky130_fd_sc_hd__dfrtp_2)
                                              7.491615   data arrival time

                      0.150000    0.000000    0.000000   clock i_clk (rise edge)
                                  0.000000    0.000000   clock network delay (ideal)
                                  0.250000    0.250000   clock uncertainty
                                  0.000000    0.250000   clock reconvergence pessimism
                                              0.250000 ^ _1111_/CLK (sky130_fd_sc_hd__dfrtp_2)
                                  0.697399    0.947399   library removal time
                                              0.947399   data required time
---------------------------------------------------------------------------------------------
                                              0.947399   data required time
                                             -7.491615   data arrival time
---------------------------------------------------------------------------------------------
                                              6.544216   slack (MET)


Startpoint: i_rst_n (input port clocked by i_clk)
Endpoint: _1112_ (removal check against rising-edge clock i_clk)
Path Group: asynchronous
Path Type: min

Fanout         Cap        Slew       Delay        Time   Description
---------------------------------------------------------------------------------------------
                      0.150000    0.000000    0.000000   clock i_clk (rise edge)
                                  0.000000    0.000000   clock network delay (ideal)
                                  6.000000    6.000000 ^ input external delay
   203    0.637442    2.137063    1.491615    7.491615 ^ i_rst_n (in)
                                                         i_rst_n (net)
                      2.137063    0.000000    7.491615 ^ _1112_/RESET_B (sky130_fd_sc_hd__dfrtp_2)
                                              7.491615   data arrival time

                      0.150000    0.000000    0.000000   clock i_clk (rise edge)
                                  0.000000    0.000000   clock network delay (ideal)
                                  0.250000    0.250000   clock uncertainty
                                  0.000000    0.250000   clock reconvergence pessimism
                                              0.250000 ^ _1112_/CLK (sky130_fd_sc_hd__dfrtp_2)
                                  0.697399    0.947399   library removal time
                                              0.947399   data required time
---------------------------------------------------------------------------------------------
                                              0.947399   data required time
                                             -7.491615   data arrival time
---------------------------------------------------------------------------------------------
                                              6.544216   slack (MET)


Startpoint: i_rst_n (input port clocked by i_clk)
Endpoint: _1113_ (removal check against rising-edge clock i_clk)
Path Group: asynchronous
Path Type: min

Fanout         Cap        Slew       Delay        Time   Description
---------------------------------------------------------------------------------------------
                      0.150000    0.000000    0.000000   clock i_clk (rise edge)
                                  0.000000    0.000000   clock network delay (ideal)
                                  6.000000    6.000000 ^ input external delay
   203    0.637442    2.137063    1.491615    7.491615 ^ i_rst_n (in)
                                                         i_rst_n (net)
                      2.137063    0.000000    7.491615 ^ _1113_/RESET_B (sky130_fd_sc_hd__dfrtp_2)
                                              7.491615   data arrival time

                      0.150000    0.000000    0.000000   clock i_clk (rise edge)
                                  0.000000    0.000000   clock network delay (ideal)
                                  0.250000    0.250000   clock uncertainty
                                  0.000000    0.250000   clock reconvergence pessimism
                                              0.250000 ^ _1113_/CLK (sky130_fd_sc_hd__dfrtp_2)
                                  0.697399    0.947399   library removal time
                                              0.947399   data required time
---------------------------------------------------------------------------------------------
                                              0.947399   data required time
                                             -7.491615   data arrival time
---------------------------------------------------------------------------------------------
                                              6.544216   slack (MET)


Startpoint: i_rst_n (input port clocked by i_clk)
Endpoint: _1114_ (removal check against rising-edge clock i_clk)
Path Group: asynchronous
Path Type: min

Fanout         Cap        Slew       Delay        Time   Description
---------------------------------------------------------------------------------------------
                      0.150000    0.000000    0.000000   clock i_clk (rise edge)
                                  0.000000    0.000000   clock network delay (ideal)
                                  6.000000    6.000000 ^ input external delay
   203    0.637442    2.137063    1.491615    7.491615 ^ i_rst_n (in)
                                                         i_rst_n (net)
                      2.137063    0.000000    7.491615 ^ _1114_/RESET_B (sky130_fd_sc_hd__dfrtp_2)
                                              7.491615   data arrival time

                      0.150000    0.000000    0.000000   clock i_clk (rise edge)
                                  0.000000    0.000000   clock network delay (ideal)
                                  0.250000    0.250000   clock uncertainty
                                  0.000000    0.250000   clock reconvergence pessimism
                                              0.250000 ^ _1114_/CLK (sky130_fd_sc_hd__dfrtp_2)
                                  0.697399    0.947399   library removal time
                                              0.947399   data required time
---------------------------------------------------------------------------------------------
                                              0.947399   data required time
                                             -7.491615   data arrival time
---------------------------------------------------------------------------------------------
                                              6.544216   slack (MET)


Startpoint: i_rst_n (input port clocked by i_clk)
Endpoint: _1115_ (removal check against rising-edge clock i_clk)
Path Group: asynchronous
Path Type: min

Fanout         Cap        Slew       Delay        Time   Description
---------------------------------------------------------------------------------------------
                      0.150000    0.000000    0.000000   clock i_clk (rise edge)
                                  0.000000    0.000000   clock network delay (ideal)
                                  6.000000    6.000000 ^ input external delay
   203    0.637442    2.137063    1.491615    7.491615 ^ i_rst_n (in)
                                                         i_rst_n (net)
                      2.137063    0.000000    7.491615 ^ _1115_/RESET_B (sky130_fd_sc_hd__dfrtp_2)
                                              7.491615   data arrival time

                      0.150000    0.000000    0.000000   clock i_clk (rise edge)
                                  0.000000    0.000000   clock network delay (ideal)
                                  0.250000    0.250000   clock uncertainty
                                  0.000000    0.250000   clock reconvergence pessimism
                                              0.250000 ^ _1115_/CLK (sky130_fd_sc_hd__dfrtp_2)
                                  0.697399    0.947399   library removal time
                                              0.947399   data required time
---------------------------------------------------------------------------------------------
                                              0.947399   data required time
                                             -7.491615   data arrival time
---------------------------------------------------------------------------------------------
                                              6.544216   slack (MET)


Startpoint: i_rst_n (input port clocked by i_clk)
Endpoint: _1116_ (removal check against rising-edge clock i_clk)
Path Group: asynchronous
Path Type: min

Fanout         Cap        Slew       Delay        Time   Description
---------------------------------------------------------------------------------------------
                      0.150000    0.000000    0.000000   clock i_clk (rise edge)
                                  0.000000    0.000000   clock network delay (ideal)
                                  6.000000    6.000000 ^ input external delay
   203    0.637442    2.137063    1.491615    7.491615 ^ i_rst_n (in)
                                                         i_rst_n (net)
                      2.137063    0.000000    7.491615 ^ _1116_/RESET_B (sky130_fd_sc_hd__dfrtp_2)
                                              7.491615   data arrival time

                      0.150000    0.000000    0.000000   clock i_clk (rise edge)
                                  0.000000    0.000000   clock network delay (ideal)
                                  0.250000    0.250000   clock uncertainty
                                  0.000000    0.250000   clock reconvergence pessimism
                                              0.250000 ^ _1116_/CLK (sky130_fd_sc_hd__dfrtp_2)
                                  0.697399    0.947399   library removal time
                                              0.947399   data required time
---------------------------------------------------------------------------------------------
                                              0.947399   data required time
                                             -7.491615   data arrival time
---------------------------------------------------------------------------------------------
                                              6.544216   slack (MET)


Startpoint: i_rst_n (input port clocked by i_clk)
Endpoint: _1117_ (removal check against rising-edge clock i_clk)
Path Group: asynchronous
Path Type: min

Fanout         Cap        Slew       Delay        Time   Description
---------------------------------------------------------------------------------------------
                      0.150000    0.000000    0.000000   clock i_clk (rise edge)
                                  0.000000    0.000000   clock network delay (ideal)
                                  6.000000    6.000000 ^ input external delay
   203    0.637442    2.137063    1.491615    7.491615 ^ i_rst_n (in)
                                                         i_rst_n (net)
                      2.137063    0.000000    7.491615 ^ _1117_/RESET_B (sky130_fd_sc_hd__dfrtp_2)
                                              7.491615   data arrival time

                      0.150000    0.000000    0.000000   clock i_clk (rise edge)
                                  0.000000    0.000000   clock network delay (ideal)
                                  0.250000    0.250000   clock uncertainty
                                  0.000000    0.250000   clock reconvergence pessimism
                                              0.250000 ^ _1117_/CLK (sky130_fd_sc_hd__dfrtp_2)
                                  0.697399    0.947399   library removal time
                                              0.947399   data required time
---------------------------------------------------------------------------------------------
                                              0.947399   data required time
                                             -7.491615   data arrival time
---------------------------------------------------------------------------------------------
                                              6.544216   slack (MET)


Startpoint: i_rst_n (input port clocked by i_clk)
Endpoint: _1118_ (removal check against rising-edge clock i_clk)
Path Group: asynchronous
Path Type: min

Fanout         Cap        Slew       Delay        Time   Description
---------------------------------------------------------------------------------------------
                      0.150000    0.000000    0.000000   clock i_clk (rise edge)
                                  0.000000    0.000000   clock network delay (ideal)
                                  6.000000    6.000000 ^ input external delay
   203    0.637442    2.137063    1.491615    7.491615 ^ i_rst_n (in)
                                                         i_rst_n (net)
                      2.137063    0.000000    7.491615 ^ _1118_/RESET_B (sky130_fd_sc_hd__dfrtp_2)
                                              7.491615   data arrival time

                      0.150000    0.000000    0.000000   clock i_clk (rise edge)
                                  0.000000    0.000000   clock network delay (ideal)
                                  0.250000    0.250000   clock uncertainty
                                  0.000000    0.250000   clock reconvergence pessimism
                                              0.250000 ^ _1118_/CLK (sky130_fd_sc_hd__dfrtp_2)
                                  0.697399    0.947399   library removal time
                                              0.947399   data required time
---------------------------------------------------------------------------------------------
                                              0.947399   data required time
                                             -7.491615   data arrival time
---------------------------------------------------------------------------------------------
                                              6.544216   slack (MET)


Startpoint: i_rst_n (input port clocked by i_clk)
Endpoint: _1119_ (removal check against rising-edge clock i_clk)
Path Group: asynchronous
Path Type: min

Fanout         Cap        Slew       Delay        Time   Description
---------------------------------------------------------------------------------------------
                      0.150000    0.000000    0.000000   clock i_clk (rise edge)
                                  0.000000    0.000000   clock network delay (ideal)
                                  6.000000    6.000000 ^ input external delay
   203    0.637442    2.137063    1.491615    7.491615 ^ i_rst_n (in)
                                                         i_rst_n (net)
                      2.137063    0.000000    7.491615 ^ _1119_/RESET_B (sky130_fd_sc_hd__dfrtp_2)
                                              7.491615   data arrival time

                      0.150000    0.000000    0.000000   clock i_clk (rise edge)
                                  0.000000    0.000000   clock network delay (ideal)
                                  0.250000    0.250000   clock uncertainty
                                  0.000000    0.250000   clock reconvergence pessimism
                                              0.250000 ^ _1119_/CLK (sky130_fd_sc_hd__dfrtp_2)
                                  0.697399    0.947399   library removal time
                                              0.947399   data required time
---------------------------------------------------------------------------------------------
                                              0.947399   data required time
                                             -7.491615   data arrival time
---------------------------------------------------------------------------------------------
                                              6.544216   slack (MET)


Startpoint: i_rst_n (input port clocked by i_clk)
Endpoint: _1120_ (removal check against rising-edge clock i_clk)
Path Group: asynchronous
Path Type: min

Fanout         Cap        Slew       Delay        Time   Description
---------------------------------------------------------------------------------------------
                      0.150000    0.000000    0.000000   clock i_clk (rise edge)
                                  0.000000    0.000000   clock network delay (ideal)
                                  6.000000    6.000000 ^ input external delay
   203    0.637442    2.137063    1.491615    7.491615 ^ i_rst_n (in)
                                                         i_rst_n (net)
                      2.137063    0.000000    7.491615 ^ _1120_/RESET_B (sky130_fd_sc_hd__dfrtp_2)
                                              7.491615   data arrival time

                      0.150000    0.000000    0.000000   clock i_clk (rise edge)
                                  0.000000    0.000000   clock network delay (ideal)
                                  0.250000    0.250000   clock uncertainty
                                  0.000000    0.250000   clock reconvergence pessimism
                                              0.250000 ^ _1120_/CLK (sky130_fd_sc_hd__dfrtp_2)
                                  0.697399    0.947399   library removal time
                                              0.947399   data required time
---------------------------------------------------------------------------------------------
                                              0.947399   data required time
                                             -7.491615   data arrival time
---------------------------------------------------------------------------------------------
                                              6.544216   slack (MET)


Startpoint: i_rst_n (input port clocked by i_clk)
Endpoint: _1121_ (removal check against rising-edge clock i_clk)
Path Group: asynchronous
Path Type: min

Fanout         Cap        Slew       Delay        Time   Description
---------------------------------------------------------------------------------------------
                      0.150000    0.000000    0.000000   clock i_clk (rise edge)
                                  0.000000    0.000000   clock network delay (ideal)
                                  6.000000    6.000000 ^ input external delay
   203    0.637442    2.137063    1.491615    7.491615 ^ i_rst_n (in)
                                                         i_rst_n (net)
                      2.137063    0.000000    7.491615 ^ _1121_/RESET_B (sky130_fd_sc_hd__dfrtp_2)
                                              7.491615   data arrival time

                      0.150000    0.000000    0.000000   clock i_clk (rise edge)
                                  0.000000    0.000000   clock network delay (ideal)
                                  0.250000    0.250000   clock uncertainty
                                  0.000000    0.250000   clock reconvergence pessimism
                                              0.250000 ^ _1121_/CLK (sky130_fd_sc_hd__dfrtp_2)
                                  0.697399    0.947399   library removal time
                                              0.947399   data required time
---------------------------------------------------------------------------------------------
                                              0.947399   data required time
                                             -7.491615   data arrival time
---------------------------------------------------------------------------------------------
                                              6.544216   slack (MET)


Startpoint: i_rst_n (input port clocked by i_clk)
Endpoint: _1122_ (removal check against rising-edge clock i_clk)
Path Group: asynchronous
Path Type: min

Fanout         Cap        Slew       Delay        Time   Description
---------------------------------------------------------------------------------------------
                      0.150000    0.000000    0.000000   clock i_clk (rise edge)
                                  0.000000    0.000000   clock network delay (ideal)
                                  6.000000    6.000000 ^ input external delay
   203    0.637442    2.137063    1.491615    7.491615 ^ i_rst_n (in)
                                                         i_rst_n (net)
                      2.137063    0.000000    7.491615 ^ _1122_/RESET_B (sky130_fd_sc_hd__dfrtp_2)
                                              7.491615   data arrival time

                      0.150000    0.000000    0.000000   clock i_clk (rise edge)
                                  0.000000    0.000000   clock network delay (ideal)
                                  0.250000    0.250000   clock uncertainty
                                  0.000000    0.250000   clock reconvergence pessimism
                                              0.250000 ^ _1122_/CLK (sky130_fd_sc_hd__dfrtp_2)
                                  0.697399    0.947399   library removal time
                                              0.947399   data required time
---------------------------------------------------------------------------------------------
                                              0.947399   data required time
                                             -7.491615   data arrival time
---------------------------------------------------------------------------------------------
                                              6.544216   slack (MET)


Startpoint: i_rst_n (input port clocked by i_clk)
Endpoint: _1123_ (removal check against rising-edge clock i_clk)
Path Group: asynchronous
Path Type: min

Fanout         Cap        Slew       Delay        Time   Description
---------------------------------------------------------------------------------------------
                      0.150000    0.000000    0.000000   clock i_clk (rise edge)
                                  0.000000    0.000000   clock network delay (ideal)
                                  6.000000    6.000000 ^ input external delay
   203    0.637442    2.137063    1.491615    7.491615 ^ i_rst_n (in)
                                                         i_rst_n (net)
                      2.137063    0.000000    7.491615 ^ _1123_/RESET_B (sky130_fd_sc_hd__dfrtp_2)
                                              7.491615   data arrival time

                      0.150000    0.000000    0.000000   clock i_clk (rise edge)
                                  0.000000    0.000000   clock network delay (ideal)
                                  0.250000    0.250000   clock uncertainty
                                  0.000000    0.250000   clock reconvergence pessimism
                                              0.250000 ^ _1123_/CLK (sky130_fd_sc_hd__dfrtp_2)
                                  0.697399    0.947399   library removal time
                                              0.947399   data required time
---------------------------------------------------------------------------------------------
                                              0.947399   data required time
                                             -7.491615   data arrival time
---------------------------------------------------------------------------------------------
                                              6.544216   slack (MET)


Startpoint: i_rst_n (input port clocked by i_clk)
Endpoint: _1124_ (removal check against rising-edge clock i_clk)
Path Group: asynchronous
Path Type: min

Fanout         Cap        Slew       Delay        Time   Description
---------------------------------------------------------------------------------------------
                      0.150000    0.000000    0.000000   clock i_clk (rise edge)
                                  0.000000    0.000000   clock network delay (ideal)
                                  6.000000    6.000000 ^ input external delay
   203    0.637442    2.137063    1.491615    7.491615 ^ i_rst_n (in)
                                                         i_rst_n (net)
                      2.137063    0.000000    7.491615 ^ _1124_/RESET_B (sky130_fd_sc_hd__dfrtp_2)
                                              7.491615   data arrival time

                      0.150000    0.000000    0.000000   clock i_clk (rise edge)
                                  0.000000    0.000000   clock network delay (ideal)
                                  0.250000    0.250000   clock uncertainty
                                  0.000000    0.250000   clock reconvergence pessimism
                                              0.250000 ^ _1124_/CLK (sky130_fd_sc_hd__dfrtp_2)
                                  0.697399    0.947399   library removal time
                                              0.947399   data required time
---------------------------------------------------------------------------------------------
                                              0.947399   data required time
                                             -7.491615   data arrival time
---------------------------------------------------------------------------------------------
                                              6.544216   slack (MET)


Startpoint: i_rst_n (input port clocked by i_clk)
Endpoint: _1125_ (removal check against rising-edge clock i_clk)
Path Group: asynchronous
Path Type: min

Fanout         Cap        Slew       Delay        Time   Description
---------------------------------------------------------------------------------------------
                      0.150000    0.000000    0.000000   clock i_clk (rise edge)
                                  0.000000    0.000000   clock network delay (ideal)
                                  6.000000    6.000000 ^ input external delay
   203    0.637442    2.137063    1.491615    7.491615 ^ i_rst_n (in)
                                                         i_rst_n (net)
                      2.137063    0.000000    7.491615 ^ _1125_/RESET_B (sky130_fd_sc_hd__dfrtp_2)
                                              7.491615   data arrival time

                      0.150000    0.000000    0.000000   clock i_clk (rise edge)
                                  0.000000    0.000000   clock network delay (ideal)
                                  0.250000    0.250000   clock uncertainty
                                  0.000000    0.250000   clock reconvergence pessimism
                                              0.250000 ^ _1125_/CLK (sky130_fd_sc_hd__dfrtp_2)
                                  0.697399    0.947399   library removal time
                                              0.947399   data required time
---------------------------------------------------------------------------------------------
                                              0.947399   data required time
                                             -7.491615   data arrival time
---------------------------------------------------------------------------------------------
                                              6.544216   slack (MET)


Startpoint: i_rst_n (input port clocked by i_clk)
Endpoint: _1126_ (removal check against rising-edge clock i_clk)
Path Group: asynchronous
Path Type: min

Fanout         Cap        Slew       Delay        Time   Description
---------------------------------------------------------------------------------------------
                      0.150000    0.000000    0.000000   clock i_clk (rise edge)
                                  0.000000    0.000000   clock network delay (ideal)
                                  6.000000    6.000000 ^ input external delay
   203    0.637442    2.137063    1.491615    7.491615 ^ i_rst_n (in)
                                                         i_rst_n (net)
                      2.137063    0.000000    7.491615 ^ _1126_/RESET_B (sky130_fd_sc_hd__dfrtp_2)
                                              7.491615   data arrival time

                      0.150000    0.000000    0.000000   clock i_clk (rise edge)
                                  0.000000    0.000000   clock network delay (ideal)
                                  0.250000    0.250000   clock uncertainty
                                  0.000000    0.250000   clock reconvergence pessimism
                                              0.250000 ^ _1126_/CLK (sky130_fd_sc_hd__dfrtp_2)
                                  0.697399    0.947399   library removal time
                                              0.947399   data required time
---------------------------------------------------------------------------------------------
                                              0.947399   data required time
                                             -7.491615   data arrival time
---------------------------------------------------------------------------------------------
                                              6.544216   slack (MET)


Startpoint: i_rst_n (input port clocked by i_clk)
Endpoint: _1127_ (removal check against rising-edge clock i_clk)
Path Group: asynchronous
Path Type: min

Fanout         Cap        Slew       Delay        Time   Description
---------------------------------------------------------------------------------------------
                      0.150000    0.000000    0.000000   clock i_clk (rise edge)
                                  0.000000    0.000000   clock network delay (ideal)
                                  6.000000    6.000000 ^ input external delay
   203    0.637442    2.137063    1.491615    7.491615 ^ i_rst_n (in)
                                                         i_rst_n (net)
                      2.137063    0.000000    7.491615 ^ _1127_/RESET_B (sky130_fd_sc_hd__dfrtp_2)
                                              7.491615   data arrival time

                      0.150000    0.000000    0.000000   clock i_clk (rise edge)
                                  0.000000    0.000000   clock network delay (ideal)
                                  0.250000    0.250000   clock uncertainty
                                  0.000000    0.250000   clock reconvergence pessimism
                                              0.250000 ^ _1127_/CLK (sky130_fd_sc_hd__dfrtp_2)
                                  0.697399    0.947399   library removal time
                                              0.947399   data required time
---------------------------------------------------------------------------------------------
                                              0.947399   data required time
                                             -7.491615   data arrival time
---------------------------------------------------------------------------------------------
                                              6.544216   slack (MET)


Startpoint: i_rst_n (input port clocked by i_clk)
Endpoint: _1128_ (removal check against rising-edge clock i_clk)
Path Group: asynchronous
Path Type: min

Fanout         Cap        Slew       Delay        Time   Description
---------------------------------------------------------------------------------------------
                      0.150000    0.000000    0.000000   clock i_clk (rise edge)
                                  0.000000    0.000000   clock network delay (ideal)
                                  6.000000    6.000000 ^ input external delay
   203    0.637442    2.137063    1.491615    7.491615 ^ i_rst_n (in)
                                                         i_rst_n (net)
                      2.137063    0.000000    7.491615 ^ _1128_/RESET_B (sky130_fd_sc_hd__dfrtp_2)
                                              7.491615   data arrival time

                      0.150000    0.000000    0.000000   clock i_clk (rise edge)
                                  0.000000    0.000000   clock network delay (ideal)
                                  0.250000    0.250000   clock uncertainty
                                  0.000000    0.250000   clock reconvergence pessimism
                                              0.250000 ^ _1128_/CLK (sky130_fd_sc_hd__dfrtp_2)
                                  0.697399    0.947399   library removal time
                                              0.947399   data required time
---------------------------------------------------------------------------------------------
                                              0.947399   data required time
                                             -7.491615   data arrival time
---------------------------------------------------------------------------------------------
                                              6.544216   slack (MET)


Startpoint: i_rst_n (input port clocked by i_clk)
Endpoint: _1160_ (removal check against rising-edge clock i_clk)
Path Group: asynchronous
Path Type: min

Fanout         Cap        Slew       Delay        Time   Description
---------------------------------------------------------------------------------------------
                      0.150000    0.000000    0.000000   clock i_clk (rise edge)
                                  0.000000    0.000000   clock network delay (ideal)
                                  6.000000    6.000000 ^ input external delay
   203    0.637442    2.137063    1.491615    7.491615 ^ i_rst_n (in)
                                                         i_rst_n (net)
                      2.137063    0.000000    7.491615 ^ _1160_/RESET_B (sky130_fd_sc_hd__dfrtp_2)
                                              7.491615   data arrival time

                      0.150000    0.000000    0.000000   clock i_clk (rise edge)
                                  0.000000    0.000000   clock network delay (ideal)
                                  0.250000    0.250000   clock uncertainty
                                  0.000000    0.250000   clock reconvergence pessimism
                                              0.250000 ^ _1160_/CLK (sky130_fd_sc_hd__dfrtp_2)
                                  0.697399    0.947399   library removal time
                                              0.947399   data required time
---------------------------------------------------------------------------------------------
                                              0.947399   data required time
                                             -7.491615   data arrival time
---------------------------------------------------------------------------------------------
                                              6.544216   slack (MET)


Startpoint: i_rst_n (input port clocked by i_clk)
Endpoint: _1161_ (removal check against rising-edge clock i_clk)
Path Group: asynchronous
Path Type: min

Fanout         Cap        Slew       Delay        Time   Description
---------------------------------------------------------------------------------------------
                      0.150000    0.000000    0.000000   clock i_clk (rise edge)
                                  0.000000    0.000000   clock network delay (ideal)
                                  6.000000    6.000000 ^ input external delay
   203    0.637442    2.137063    1.491615    7.491615 ^ i_rst_n (in)
                                                         i_rst_n (net)
                      2.137063    0.000000    7.491615 ^ _1161_/RESET_B (sky130_fd_sc_hd__dfrtp_2)
                                              7.491615   data arrival time

                      0.150000    0.000000    0.000000   clock i_clk (rise edge)
                                  0.000000    0.000000   clock network delay (ideal)
                                  0.250000    0.250000   clock uncertainty
                                  0.000000    0.250000   clock reconvergence pessimism
                                              0.250000 ^ _1161_/CLK (sky130_fd_sc_hd__dfrtp_2)
                                  0.697399    0.947399   library removal time
                                              0.947399   data required time
---------------------------------------------------------------------------------------------
                                              0.947399   data required time
                                             -7.491615   data arrival time
---------------------------------------------------------------------------------------------
                                              6.544216   slack (MET)


Startpoint: i_rst_n (input port clocked by i_clk)
Endpoint: _1162_ (removal check against rising-edge clock i_clk)
Path Group: asynchronous
Path Type: min

Fanout         Cap        Slew       Delay        Time   Description
---------------------------------------------------------------------------------------------
                      0.150000    0.000000    0.000000   clock i_clk (rise edge)
                                  0.000000    0.000000   clock network delay (ideal)
                                  6.000000    6.000000 ^ input external delay
   203    0.637442    2.137063    1.491615    7.491615 ^ i_rst_n (in)
                                                         i_rst_n (net)
                      2.137063    0.000000    7.491615 ^ _1162_/RESET_B (sky130_fd_sc_hd__dfrtp_2)
                                              7.491615   data arrival time

                      0.150000    0.000000    0.000000   clock i_clk (rise edge)
                                  0.000000    0.000000   clock network delay (ideal)
                                  0.250000    0.250000   clock uncertainty
                                  0.000000    0.250000   clock reconvergence pessimism
                                              0.250000 ^ _1162_/CLK (sky130_fd_sc_hd__dfrtp_2)
                                  0.697399    0.947399   library removal time
                                              0.947399   data required time
---------------------------------------------------------------------------------------------
                                              0.947399   data required time
                                             -7.491615   data arrival time
---------------------------------------------------------------------------------------------
                                              6.544216   slack (MET)


Startpoint: i_rst_n (input port clocked by i_clk)
Endpoint: _1163_ (removal check against rising-edge clock i_clk)
Path Group: asynchronous
Path Type: min

Fanout         Cap        Slew       Delay        Time   Description
---------------------------------------------------------------------------------------------
                      0.150000    0.000000    0.000000   clock i_clk (rise edge)
                                  0.000000    0.000000   clock network delay (ideal)
                                  6.000000    6.000000 ^ input external delay
   203    0.637442    2.137063    1.491615    7.491615 ^ i_rst_n (in)
                                                         i_rst_n (net)
                      2.137063    0.000000    7.491615 ^ _1163_/RESET_B (sky130_fd_sc_hd__dfrtp_2)
                                              7.491615   data arrival time

                      0.150000    0.000000    0.000000   clock i_clk (rise edge)
                                  0.000000    0.000000   clock network delay (ideal)
                                  0.250000    0.250000   clock uncertainty
                                  0.000000    0.250000   clock reconvergence pessimism
                                              0.250000 ^ _1163_/CLK (sky130_fd_sc_hd__dfrtp_2)
                                  0.697399    0.947399   library removal time
                                              0.947399   data required time
---------------------------------------------------------------------------------------------
                                              0.947399   data required time
                                             -7.491615   data arrival time
---------------------------------------------------------------------------------------------
                                              6.544216   slack (MET)


Startpoint: i_rst_n (input port clocked by i_clk)
Endpoint: _1164_ (removal check against rising-edge clock i_clk)
Path Group: asynchronous
Path Type: min

Fanout         Cap        Slew       Delay        Time   Description
---------------------------------------------------------------------------------------------
                      0.150000    0.000000    0.000000   clock i_clk (rise edge)
                                  0.000000    0.000000   clock network delay (ideal)
                                  6.000000    6.000000 ^ input external delay
   203    0.637442    2.137063    1.491615    7.491615 ^ i_rst_n (in)
                                                         i_rst_n (net)
                      2.137063    0.000000    7.491615 ^ _1164_/RESET_B (sky130_fd_sc_hd__dfrtp_2)
                                              7.491615   data arrival time

                      0.150000    0.000000    0.000000   clock i_clk (rise edge)
                                  0.000000    0.000000   clock network delay (ideal)
                                  0.250000    0.250000   clock uncertainty
                                  0.000000    0.250000   clock reconvergence pessimism
                                              0.250000 ^ _1164_/CLK (sky130_fd_sc_hd__dfrtp_2)
                                  0.697399    0.947399   library removal time
                                              0.947399   data required time
---------------------------------------------------------------------------------------------
                                              0.947399   data required time
                                             -7.491615   data arrival time
---------------------------------------------------------------------------------------------
                                              6.544216   slack (MET)


Startpoint: i_rst_n (input port clocked by i_clk)
Endpoint: _1165_ (removal check against rising-edge clock i_clk)
Path Group: asynchronous
Path Type: min

Fanout         Cap        Slew       Delay        Time   Description
---------------------------------------------------------------------------------------------
                      0.150000    0.000000    0.000000   clock i_clk (rise edge)
                                  0.000000    0.000000   clock network delay (ideal)
                                  6.000000    6.000000 ^ input external delay
   203    0.637442    2.137063    1.491615    7.491615 ^ i_rst_n (in)
                                                         i_rst_n (net)
                      2.137063    0.000000    7.491615 ^ _1165_/RESET_B (sky130_fd_sc_hd__dfrtp_2)
                                              7.491615   data arrival time

                      0.150000    0.000000    0.000000   clock i_clk (rise edge)
                                  0.000000    0.000000   clock network delay (ideal)
                                  0.250000    0.250000   clock uncertainty
                                  0.000000    0.250000   clock reconvergence pessimism
                                              0.250000 ^ _1165_/CLK (sky130_fd_sc_hd__dfrtp_2)
                                  0.697399    0.947399   library removal time
                                              0.947399   data required time
---------------------------------------------------------------------------------------------
                                              0.947399   data required time
                                             -7.491615   data arrival time
---------------------------------------------------------------------------------------------
                                              6.544216   slack (MET)


Startpoint: i_rst_n (input port clocked by i_clk)
Endpoint: _1166_ (removal check against rising-edge clock i_clk)
Path Group: asynchronous
Path Type: min

Fanout         Cap        Slew       Delay        Time   Description
---------------------------------------------------------------------------------------------
                      0.150000    0.000000    0.000000   clock i_clk (rise edge)
                                  0.000000    0.000000   clock network delay (ideal)
                                  6.000000    6.000000 ^ input external delay
   203    0.637442    2.137063    1.491615    7.491615 ^ i_rst_n (in)
                                                         i_rst_n (net)
                      2.137063    0.000000    7.491615 ^ _1166_/RESET_B (sky130_fd_sc_hd__dfrtp_2)
                                              7.491615   data arrival time

                      0.150000    0.000000    0.000000   clock i_clk (rise edge)
                                  0.000000    0.000000   clock network delay (ideal)
                                  0.250000    0.250000   clock uncertainty
                                  0.000000    0.250000   clock reconvergence pessimism
                                              0.250000 ^ _1166_/CLK (sky130_fd_sc_hd__dfrtp_2)
                                  0.697399    0.947399   library removal time
                                              0.947399   data required time
---------------------------------------------------------------------------------------------
                                              0.947399   data required time
                                             -7.491615   data arrival time
---------------------------------------------------------------------------------------------
                                              6.544216   slack (MET)


Startpoint: i_rst_n (input port clocked by i_clk)
Endpoint: _1167_ (removal check against rising-edge clock i_clk)
Path Group: asynchronous
Path Type: min

Fanout         Cap        Slew       Delay        Time   Description
---------------------------------------------------------------------------------------------
                      0.150000    0.000000    0.000000   clock i_clk (rise edge)
                                  0.000000    0.000000   clock network delay (ideal)
                                  6.000000    6.000000 ^ input external delay
   203    0.637442    2.137063    1.491615    7.491615 ^ i_rst_n (in)
                                                         i_rst_n (net)
                      2.137063    0.000000    7.491615 ^ _1167_/RESET_B (sky130_fd_sc_hd__dfrtp_2)
                                              7.491615   data arrival time

                      0.150000    0.000000    0.000000   clock i_clk (rise edge)
                                  0.000000    0.000000   clock network delay (ideal)
                                  0.250000    0.250000   clock uncertainty
                                  0.000000    0.250000   clock reconvergence pessimism
                                              0.250000 ^ _1167_/CLK (sky130_fd_sc_hd__dfrtp_2)
                                  0.697399    0.947399   library removal time
                                              0.947399   data required time
---------------------------------------------------------------------------------------------
                                              0.947399   data required time
                                             -7.491615   data arrival time
---------------------------------------------------------------------------------------------
                                              6.544216   slack (MET)


Startpoint: i_rst_n (input port clocked by i_clk)
Endpoint: _1168_ (removal check against rising-edge clock i_clk)
Path Group: asynchronous
Path Type: min

Fanout         Cap        Slew       Delay        Time   Description
---------------------------------------------------------------------------------------------
                      0.150000    0.000000    0.000000   clock i_clk (rise edge)
                                  0.000000    0.000000   clock network delay (ideal)
                                  6.000000    6.000000 ^ input external delay
   203    0.637442    2.137063    1.491615    7.491615 ^ i_rst_n (in)
                                                         i_rst_n (net)
                      2.137063    0.000000    7.491615 ^ _1168_/RESET_B (sky130_fd_sc_hd__dfrtp_2)
                                              7.491615   data arrival time

                      0.150000    0.000000    0.000000   clock i_clk (rise edge)
                                  0.000000    0.000000   clock network delay (ideal)
                                  0.250000    0.250000   clock uncertainty
                                  0.000000    0.250000   clock reconvergence pessimism
                                              0.250000 ^ _1168_/CLK (sky130_fd_sc_hd__dfrtp_2)
                                  0.697399    0.947399   library removal time
                                              0.947399   data required time
---------------------------------------------------------------------------------------------
                                              0.947399   data required time
                                             -7.491615   data arrival time
---------------------------------------------------------------------------------------------
                                              6.544216   slack (MET)


Startpoint: i_rst_n (input port clocked by i_clk)
Endpoint: _1170_ (removal check against rising-edge clock i_clk)
Path Group: asynchronous
Path Type: min

Fanout         Cap        Slew       Delay        Time   Description
---------------------------------------------------------------------------------------------
                      0.150000    0.000000    0.000000   clock i_clk (rise edge)
                                  0.000000    0.000000   clock network delay (ideal)
                                  6.000000    6.000000 ^ input external delay
   203    0.637442    2.137063    1.491615    7.491615 ^ i_rst_n (in)
                                                         i_rst_n (net)
                      2.137063    0.000000    7.491615 ^ _1170_/RESET_B (sky130_fd_sc_hd__dfrtp_2)
                                              7.491615   data arrival time

                      0.150000    0.000000    0.000000   clock i_clk (rise edge)
                                  0.000000    0.000000   clock network delay (ideal)
                                  0.250000    0.250000   clock uncertainty
                                  0.000000    0.250000   clock reconvergence pessimism
                                              0.250000 ^ _1170_/CLK (sky130_fd_sc_hd__dfrtp_2)
                                  0.697399    0.947399   library removal time
                                              0.947399   data required time
---------------------------------------------------------------------------------------------
                                              0.947399   data required time
                                             -7.491615   data arrival time
---------------------------------------------------------------------------------------------
                                              6.544216   slack (MET)


Startpoint: i_rst_n (input port clocked by i_clk)
Endpoint: _1172_ (removal check against rising-edge clock i_clk)
Path Group: asynchronous
Path Type: min

Fanout         Cap        Slew       Delay        Time   Description
---------------------------------------------------------------------------------------------
                      0.150000    0.000000    0.000000   clock i_clk (rise edge)
                                  0.000000    0.000000   clock network delay (ideal)
                                  6.000000    6.000000 ^ input external delay
   203    0.637442    2.137063    1.491615    7.491615 ^ i_rst_n (in)
                                                         i_rst_n (net)
                      2.137063    0.000000    7.491615 ^ _1172_/RESET_B (sky130_fd_sc_hd__dfrtp_2)
                                              7.491615   data arrival time

                      0.150000    0.000000    0.000000   clock i_clk (rise edge)
                                  0.000000    0.000000   clock network delay (ideal)
                                  0.250000    0.250000   clock uncertainty
                                  0.000000    0.250000   clock reconvergence pessimism
                                              0.250000 ^ _1172_/CLK (sky130_fd_sc_hd__dfrtp_2)
                                  0.697399    0.947399   library removal time
                                              0.947399   data required time
---------------------------------------------------------------------------------------------
                                              0.947399   data required time
                                             -7.491615   data arrival time
---------------------------------------------------------------------------------------------
                                              6.544216   slack (MET)


Startpoint: i_rst_n (input port clocked by i_clk)
Endpoint: _1173_ (removal check against rising-edge clock i_clk)
Path Group: asynchronous
Path Type: min

Fanout         Cap        Slew       Delay        Time   Description
---------------------------------------------------------------------------------------------
                      0.150000    0.000000    0.000000   clock i_clk (rise edge)
                                  0.000000    0.000000   clock network delay (ideal)
                                  6.000000    6.000000 ^ input external delay
   203    0.637442    2.137063    1.491615    7.491615 ^ i_rst_n (in)
                                                         i_rst_n (net)
                      2.137063    0.000000    7.491615 ^ _1173_/RESET_B (sky130_fd_sc_hd__dfrtp_2)
                                              7.491615   data arrival time

                      0.150000    0.000000    0.000000   clock i_clk (rise edge)
                                  0.000000    0.000000   clock network delay (ideal)
                                  0.250000    0.250000   clock uncertainty
                                  0.000000    0.250000   clock reconvergence pessimism
                                              0.250000 ^ _1173_/CLK (sky130_fd_sc_hd__dfrtp_2)
                                  0.697399    0.947399   library removal time
                                              0.947399   data required time
---------------------------------------------------------------------------------------------
                                              0.947399   data required time
                                             -7.491615   data arrival time
---------------------------------------------------------------------------------------------
                                              6.544216   slack (MET)


Startpoint: i_rst_n (input port clocked by i_clk)
Endpoint: _1174_ (removal check against rising-edge clock i_clk)
Path Group: asynchronous
Path Type: min

Fanout         Cap        Slew       Delay        Time   Description
---------------------------------------------------------------------------------------------
                      0.150000    0.000000    0.000000   clock i_clk (rise edge)
                                  0.000000    0.000000   clock network delay (ideal)
                                  6.000000    6.000000 ^ input external delay
   203    0.637442    2.137063    1.491615    7.491615 ^ i_rst_n (in)
                                                         i_rst_n (net)
                      2.137063    0.000000    7.491615 ^ _1174_/RESET_B (sky130_fd_sc_hd__dfrtp_2)
                                              7.491615   data arrival time

                      0.150000    0.000000    0.000000   clock i_clk (rise edge)
                                  0.000000    0.000000   clock network delay (ideal)
                                  0.250000    0.250000   clock uncertainty
                                  0.000000    0.250000   clock reconvergence pessimism
                                              0.250000 ^ _1174_/CLK (sky130_fd_sc_hd__dfrtp_2)
                                  0.697399    0.947399   library removal time
                                              0.947399   data required time
---------------------------------------------------------------------------------------------
                                              0.947399   data required time
                                             -7.491615   data arrival time
---------------------------------------------------------------------------------------------
                                              6.544216   slack (MET)


Startpoint: i_rst_n (input port clocked by i_clk)
Endpoint: _1175_ (removal check against rising-edge clock i_clk)
Path Group: asynchronous
Path Type: min

Fanout         Cap        Slew       Delay        Time   Description
---------------------------------------------------------------------------------------------
                      0.150000    0.000000    0.000000   clock i_clk (rise edge)
                                  0.000000    0.000000   clock network delay (ideal)
                                  6.000000    6.000000 ^ input external delay
   203    0.637442    2.137063    1.491615    7.491615 ^ i_rst_n (in)
                                                         i_rst_n (net)
                      2.137063    0.000000    7.491615 ^ _1175_/RESET_B (sky130_fd_sc_hd__dfrtp_2)
                                              7.491615   data arrival time

                      0.150000    0.000000    0.000000   clock i_clk (rise edge)
                                  0.000000    0.000000   clock network delay (ideal)
                                  0.250000    0.250000   clock uncertainty
                                  0.000000    0.250000   clock reconvergence pessimism
                                              0.250000 ^ _1175_/CLK (sky130_fd_sc_hd__dfrtp_2)
                                  0.697399    0.947399   library removal time
                                              0.947399   data required time
---------------------------------------------------------------------------------------------
                                              0.947399   data required time
                                             -7.491615   data arrival time
---------------------------------------------------------------------------------------------
                                              6.544216   slack (MET)


Startpoint: i_rst_n (input port clocked by i_clk)
Endpoint: _1176_ (removal check against rising-edge clock i_clk)
Path Group: asynchronous
Path Type: min

Fanout         Cap        Slew       Delay        Time   Description
---------------------------------------------------------------------------------------------
                      0.150000    0.000000    0.000000   clock i_clk (rise edge)
                                  0.000000    0.000000   clock network delay (ideal)
                                  6.000000    6.000000 ^ input external delay
   203    0.637442    2.137063    1.491615    7.491615 ^ i_rst_n (in)
                                                         i_rst_n (net)
                      2.137063    0.000000    7.491615 ^ _1176_/RESET_B (sky130_fd_sc_hd__dfrtp_2)
                                              7.491615   data arrival time

                      0.150000    0.000000    0.000000   clock i_clk (rise edge)
                                  0.000000    0.000000   clock network delay (ideal)
                                  0.250000    0.250000   clock uncertainty
                                  0.000000    0.250000   clock reconvergence pessimism
                                              0.250000 ^ _1176_/CLK (sky130_fd_sc_hd__dfrtp_2)
                                  0.697399    0.947399   library removal time
                                              0.947399   data required time
---------------------------------------------------------------------------------------------
                                              0.947399   data required time
                                             -7.491615   data arrival time
---------------------------------------------------------------------------------------------
                                              6.544216   slack (MET)


Startpoint: i_rst_n (input port clocked by i_clk)
Endpoint: _1177_ (removal check against rising-edge clock i_clk)
Path Group: asynchronous
Path Type: min

Fanout         Cap        Slew       Delay        Time   Description
---------------------------------------------------------------------------------------------
                      0.150000    0.000000    0.000000   clock i_clk (rise edge)
                                  0.000000    0.000000   clock network delay (ideal)
                                  6.000000    6.000000 ^ input external delay
   203    0.637442    2.137063    1.491615    7.491615 ^ i_rst_n (in)
                                                         i_rst_n (net)
                      2.137063    0.000000    7.491615 ^ _1177_/RESET_B (sky130_fd_sc_hd__dfrtp_2)
                                              7.491615   data arrival time

                      0.150000    0.000000    0.000000   clock i_clk (rise edge)
                                  0.000000    0.000000   clock network delay (ideal)
                                  0.250000    0.250000   clock uncertainty
                                  0.000000    0.250000   clock reconvergence pessimism
                                              0.250000 ^ _1177_/CLK (sky130_fd_sc_hd__dfrtp_2)
                                  0.697399    0.947399   library removal time
                                              0.947399   data required time
---------------------------------------------------------------------------------------------
                                              0.947399   data required time
                                             -7.491615   data arrival time
---------------------------------------------------------------------------------------------
                                              6.544216   slack (MET)


Startpoint: i_rst_n (input port clocked by i_clk)
Endpoint: _1178_ (removal check against rising-edge clock i_clk)
Path Group: asynchronous
Path Type: min

Fanout         Cap        Slew       Delay        Time   Description
---------------------------------------------------------------------------------------------
                      0.150000    0.000000    0.000000   clock i_clk (rise edge)
                                  0.000000    0.000000   clock network delay (ideal)
                                  6.000000    6.000000 ^ input external delay
   203    0.637442    2.137063    1.491615    7.491615 ^ i_rst_n (in)
                                                         i_rst_n (net)
                      2.137063    0.000000    7.491615 ^ _1178_/RESET_B (sky130_fd_sc_hd__dfrtp_2)
                                              7.491615   data arrival time

                      0.150000    0.000000    0.000000   clock i_clk (rise edge)
                                  0.000000    0.000000   clock network delay (ideal)
                                  0.250000    0.250000   clock uncertainty
                                  0.000000    0.250000   clock reconvergence pessimism
                                              0.250000 ^ _1178_/CLK (sky130_fd_sc_hd__dfrtp_2)
                                  0.697399    0.947399   library removal time
                                              0.947399   data required time
---------------------------------------------------------------------------------------------
                                              0.947399   data required time
                                             -7.491615   data arrival time
---------------------------------------------------------------------------------------------
                                              6.544216   slack (MET)


Startpoint: i_rst_n (input port clocked by i_clk)
Endpoint: _1179_ (removal check against rising-edge clock i_clk)
Path Group: asynchronous
Path Type: min

Fanout         Cap        Slew       Delay        Time   Description
---------------------------------------------------------------------------------------------
                      0.150000    0.000000    0.000000   clock i_clk (rise edge)
                                  0.000000    0.000000   clock network delay (ideal)
                                  6.000000    6.000000 ^ input external delay
   203    0.637442    2.137063    1.491615    7.491615 ^ i_rst_n (in)
                                                         i_rst_n (net)
                      2.137063    0.000000    7.491615 ^ _1179_/RESET_B (sky130_fd_sc_hd__dfrtp_2)
                                              7.491615   data arrival time

                      0.150000    0.000000    0.000000   clock i_clk (rise edge)
                                  0.000000    0.000000   clock network delay (ideal)
                                  0.250000    0.250000   clock uncertainty
                                  0.000000    0.250000   clock reconvergence pessimism
                                              0.250000 ^ _1179_/CLK (sky130_fd_sc_hd__dfrtp_2)
                                  0.697399    0.947399   library removal time
                                              0.947399   data required time
---------------------------------------------------------------------------------------------
                                              0.947399   data required time
                                             -7.491615   data arrival time
---------------------------------------------------------------------------------------------
                                              6.544216   slack (MET)


Startpoint: i_rst_n (input port clocked by i_clk)
Endpoint: _1180_ (removal check against rising-edge clock i_clk)
Path Group: asynchronous
Path Type: min

Fanout         Cap        Slew       Delay        Time   Description
---------------------------------------------------------------------------------------------
                      0.150000    0.000000    0.000000   clock i_clk (rise edge)
                                  0.000000    0.000000   clock network delay (ideal)
                                  6.000000    6.000000 ^ input external delay
   203    0.637442    2.137063    1.491615    7.491615 ^ i_rst_n (in)
                                                         i_rst_n (net)
                      2.137063    0.000000    7.491615 ^ _1180_/RESET_B (sky130_fd_sc_hd__dfrtp_2)
                                              7.491615   data arrival time

                      0.150000    0.000000    0.000000   clock i_clk (rise edge)
                                  0.000000    0.000000   clock network delay (ideal)
                                  0.250000    0.250000   clock uncertainty
                                  0.000000    0.250000   clock reconvergence pessimism
                                              0.250000 ^ _1180_/CLK (sky130_fd_sc_hd__dfrtp_2)
                                  0.697399    0.947399   library removal time
                                              0.947399   data required time
---------------------------------------------------------------------------------------------
                                              0.947399   data required time
                                             -7.491615   data arrival time
---------------------------------------------------------------------------------------------
                                              6.544216   slack (MET)


Startpoint: i_rst_n (input port clocked by i_clk)
Endpoint: _1181_ (removal check against rising-edge clock i_clk)
Path Group: asynchronous
Path Type: min

Fanout         Cap        Slew       Delay        Time   Description
---------------------------------------------------------------------------------------------
                      0.150000    0.000000    0.000000   clock i_clk (rise edge)
                                  0.000000    0.000000   clock network delay (ideal)
                                  6.000000    6.000000 ^ input external delay
   203    0.637442    2.137063    1.491615    7.491615 ^ i_rst_n (in)
                                                         i_rst_n (net)
                      2.137063    0.000000    7.491615 ^ _1181_/RESET_B (sky130_fd_sc_hd__dfrtp_2)
                                              7.491615   data arrival time

                      0.150000    0.000000    0.000000   clock i_clk (rise edge)
                                  0.000000    0.000000   clock network delay (ideal)
                                  0.250000    0.250000   clock uncertainty
                                  0.000000    0.250000   clock reconvergence pessimism
                                              0.250000 ^ _1181_/CLK (sky130_fd_sc_hd__dfrtp_2)
                                  0.697399    0.947399   library removal time
                                              0.947399   data required time
---------------------------------------------------------------------------------------------
                                              0.947399   data required time
                                             -7.491615   data arrival time
---------------------------------------------------------------------------------------------
                                              6.544216   slack (MET)


Startpoint: i_rst_n (input port clocked by i_clk)
Endpoint: _1182_ (removal check against rising-edge clock i_clk)
Path Group: asynchronous
Path Type: min

Fanout         Cap        Slew       Delay        Time   Description
---------------------------------------------------------------------------------------------
                      0.150000    0.000000    0.000000   clock i_clk (rise edge)
                                  0.000000    0.000000   clock network delay (ideal)
                                  6.000000    6.000000 ^ input external delay
   203    0.637442    2.137063    1.491615    7.491615 ^ i_rst_n (in)
                                                         i_rst_n (net)
                      2.137063    0.000000    7.491615 ^ _1182_/RESET_B (sky130_fd_sc_hd__dfrtp_2)
                                              7.491615   data arrival time

                      0.150000    0.000000    0.000000   clock i_clk (rise edge)
                                  0.000000    0.000000   clock network delay (ideal)
                                  0.250000    0.250000   clock uncertainty
                                  0.000000    0.250000   clock reconvergence pessimism
                                              0.250000 ^ _1182_/CLK (sky130_fd_sc_hd__dfrtp_2)
                                  0.697399    0.947399   library removal time
                                              0.947399   data required time
---------------------------------------------------------------------------------------------
                                              0.947399   data required time
                                             -7.491615   data arrival time
---------------------------------------------------------------------------------------------
                                              6.544216   slack (MET)


Startpoint: i_rst_n (input port clocked by i_clk)
Endpoint: _1183_ (removal check against rising-edge clock i_clk)
Path Group: asynchronous
Path Type: min

Fanout         Cap        Slew       Delay        Time   Description
---------------------------------------------------------------------------------------------
                      0.150000    0.000000    0.000000   clock i_clk (rise edge)
                                  0.000000    0.000000   clock network delay (ideal)
                                  6.000000    6.000000 ^ input external delay
   203    0.637442    2.137063    1.491615    7.491615 ^ i_rst_n (in)
                                                         i_rst_n (net)
                      2.137063    0.000000    7.491615 ^ _1183_/RESET_B (sky130_fd_sc_hd__dfrtp_2)
                                              7.491615   data arrival time

                      0.150000    0.000000    0.000000   clock i_clk (rise edge)
                                  0.000000    0.000000   clock network delay (ideal)
                                  0.250000    0.250000   clock uncertainty
                                  0.000000    0.250000   clock reconvergence pessimism
                                              0.250000 ^ _1183_/CLK (sky130_fd_sc_hd__dfrtp_2)
                                  0.697399    0.947399   library removal time
                                              0.947399   data required time
---------------------------------------------------------------------------------------------
                                              0.947399   data required time
                                             -7.491615   data arrival time
---------------------------------------------------------------------------------------------
                                              6.544216   slack (MET)


Startpoint: i_rst_n (input port clocked by i_clk)
Endpoint: _1184_ (removal check against rising-edge clock i_clk)
Path Group: asynchronous
Path Type: min

Fanout         Cap        Slew       Delay        Time   Description
---------------------------------------------------------------------------------------------
                      0.150000    0.000000    0.000000   clock i_clk (rise edge)
                                  0.000000    0.000000   clock network delay (ideal)
                                  6.000000    6.000000 ^ input external delay
   203    0.637442    2.137063    1.491615    7.491615 ^ i_rst_n (in)
                                                         i_rst_n (net)
                      2.137063    0.000000    7.491615 ^ _1184_/RESET_B (sky130_fd_sc_hd__dfrtp_2)
                                              7.491615   data arrival time

                      0.150000    0.000000    0.000000   clock i_clk (rise edge)
                                  0.000000    0.000000   clock network delay (ideal)
                                  0.250000    0.250000   clock uncertainty
                                  0.000000    0.250000   clock reconvergence pessimism
                                              0.250000 ^ _1184_/CLK (sky130_fd_sc_hd__dfrtp_2)
                                  0.697399    0.947399   library removal time
                                              0.947399   data required time
---------------------------------------------------------------------------------------------
                                              0.947399   data required time
                                             -7.491615   data arrival time
---------------------------------------------------------------------------------------------
                                              6.544216   slack (MET)


Startpoint: i_rst_n (input port clocked by i_clk)
Endpoint: _1185_ (removal check against rising-edge clock i_clk)
Path Group: asynchronous
Path Type: min

Fanout         Cap        Slew       Delay        Time   Description
---------------------------------------------------------------------------------------------
                      0.150000    0.000000    0.000000   clock i_clk (rise edge)
                                  0.000000    0.000000   clock network delay (ideal)
                                  6.000000    6.000000 ^ input external delay
   203    0.637442    2.137063    1.491615    7.491615 ^ i_rst_n (in)
                                                         i_rst_n (net)
                      2.137063    0.000000    7.491615 ^ _1185_/RESET_B (sky130_fd_sc_hd__dfrtp_2)
                                              7.491615   data arrival time

                      0.150000    0.000000    0.000000   clock i_clk (rise edge)
                                  0.000000    0.000000   clock network delay (ideal)
                                  0.250000    0.250000   clock uncertainty
                                  0.000000    0.250000   clock reconvergence pessimism
                                              0.250000 ^ _1185_/CLK (sky130_fd_sc_hd__dfrtp_2)
                                  0.697399    0.947399   library removal time
                                              0.947399   data required time
---------------------------------------------------------------------------------------------
                                              0.947399   data required time
                                             -7.491615   data arrival time
---------------------------------------------------------------------------------------------
                                              6.544216   slack (MET)


Startpoint: i_rst_n (input port clocked by i_clk)
Endpoint: _1186_ (removal check against rising-edge clock i_clk)
Path Group: asynchronous
Path Type: min

Fanout         Cap        Slew       Delay        Time   Description
---------------------------------------------------------------------------------------------
                      0.150000    0.000000    0.000000   clock i_clk (rise edge)
                                  0.000000    0.000000   clock network delay (ideal)
                                  6.000000    6.000000 ^ input external delay
   203    0.637442    2.137063    1.491615    7.491615 ^ i_rst_n (in)
                                                         i_rst_n (net)
                      2.137063    0.000000    7.491615 ^ _1186_/RESET_B (sky130_fd_sc_hd__dfrtp_2)
                                              7.491615   data arrival time

                      0.150000    0.000000    0.000000   clock i_clk (rise edge)
                                  0.000000    0.000000   clock network delay (ideal)
                                  0.250000    0.250000   clock uncertainty
                                  0.000000    0.250000   clock reconvergence pessimism
                                              0.250000 ^ _1186_/CLK (sky130_fd_sc_hd__dfrtp_2)
                                  0.697399    0.947399   library removal time
                                              0.947399   data required time
---------------------------------------------------------------------------------------------
                                              0.947399   data required time
                                             -7.491615   data arrival time
---------------------------------------------------------------------------------------------
                                              6.544216   slack (MET)


Startpoint: i_rst_n (input port clocked by i_clk)
Endpoint: _1187_ (removal check against rising-edge clock i_clk)
Path Group: asynchronous
Path Type: min

Fanout         Cap        Slew       Delay        Time   Description
---------------------------------------------------------------------------------------------
                      0.150000    0.000000    0.000000   clock i_clk (rise edge)
                                  0.000000    0.000000   clock network delay (ideal)
                                  6.000000    6.000000 ^ input external delay
   203    0.637442    2.137063    1.491615    7.491615 ^ i_rst_n (in)
                                                         i_rst_n (net)
                      2.137063    0.000000    7.491615 ^ _1187_/RESET_B (sky130_fd_sc_hd__dfrtp_2)
                                              7.491615   data arrival time

                      0.150000    0.000000    0.000000   clock i_clk (rise edge)
                                  0.000000    0.000000   clock network delay (ideal)
                                  0.250000    0.250000   clock uncertainty
                                  0.000000    0.250000   clock reconvergence pessimism
                                              0.250000 ^ _1187_/CLK (sky130_fd_sc_hd__dfrtp_2)
                                  0.697399    0.947399   library removal time
                                              0.947399   data required time
---------------------------------------------------------------------------------------------
                                              0.947399   data required time
                                             -7.491615   data arrival time
---------------------------------------------------------------------------------------------
                                              6.544216   slack (MET)


Startpoint: i_rst_n (input port clocked by i_clk)
Endpoint: _1188_ (removal check against rising-edge clock i_clk)
Path Group: asynchronous
Path Type: min

Fanout         Cap        Slew       Delay        Time   Description
---------------------------------------------------------------------------------------------
                      0.150000    0.000000    0.000000   clock i_clk (rise edge)
                                  0.000000    0.000000   clock network delay (ideal)
                                  6.000000    6.000000 ^ input external delay
   203    0.637442    2.137063    1.491615    7.491615 ^ i_rst_n (in)
                                                         i_rst_n (net)
                      2.137063    0.000000    7.491615 ^ _1188_/RESET_B (sky130_fd_sc_hd__dfrtp_2)
                                              7.491615   data arrival time

                      0.150000    0.000000    0.000000   clock i_clk (rise edge)
                                  0.000000    0.000000   clock network delay (ideal)
                                  0.250000    0.250000   clock uncertainty
                                  0.000000    0.250000   clock reconvergence pessimism
                                              0.250000 ^ _1188_/CLK (sky130_fd_sc_hd__dfrtp_2)
                                  0.697399    0.947399   library removal time
                                              0.947399   data required time
---------------------------------------------------------------------------------------------
                                              0.947399   data required time
                                             -7.491615   data arrival time
---------------------------------------------------------------------------------------------
                                              6.544216   slack (MET)


Startpoint: i_rst_n (input port clocked by i_clk)
Endpoint: _1189_ (removal check against rising-edge clock i_clk)
Path Group: asynchronous
Path Type: min

Fanout         Cap        Slew       Delay        Time   Description
---------------------------------------------------------------------------------------------
                      0.150000    0.000000    0.000000   clock i_clk (rise edge)
                                  0.000000    0.000000   clock network delay (ideal)
                                  6.000000    6.000000 ^ input external delay
   203    0.637442    2.137063    1.491615    7.491615 ^ i_rst_n (in)
                                                         i_rst_n (net)
                      2.137063    0.000000    7.491615 ^ _1189_/RESET_B (sky130_fd_sc_hd__dfrtp_2)
                                              7.491615   data arrival time

                      0.150000    0.000000    0.000000   clock i_clk (rise edge)
                                  0.000000    0.000000   clock network delay (ideal)
                                  0.250000    0.250000   clock uncertainty
                                  0.000000    0.250000   clock reconvergence pessimism
                                              0.250000 ^ _1189_/CLK (sky130_fd_sc_hd__dfrtp_2)
                                  0.697399    0.947399   library removal time
                                              0.947399   data required time
---------------------------------------------------------------------------------------------
                                              0.947399   data required time
                                             -7.491615   data arrival time
---------------------------------------------------------------------------------------------
                                              6.544216   slack (MET)


Startpoint: i_rst_n (input port clocked by i_clk)
Endpoint: _1190_ (removal check against rising-edge clock i_clk)
Path Group: asynchronous
Path Type: min

Fanout         Cap        Slew       Delay        Time   Description
---------------------------------------------------------------------------------------------
                      0.150000    0.000000    0.000000   clock i_clk (rise edge)
                                  0.000000    0.000000   clock network delay (ideal)
                                  6.000000    6.000000 ^ input external delay
   203    0.637442    2.137063    1.491615    7.491615 ^ i_rst_n (in)
                                                         i_rst_n (net)
                      2.137063    0.000000    7.491615 ^ _1190_/RESET_B (sky130_fd_sc_hd__dfrtp_2)
                                              7.491615   data arrival time

                      0.150000    0.000000    0.000000   clock i_clk (rise edge)
                                  0.000000    0.000000   clock network delay (ideal)
                                  0.250000    0.250000   clock uncertainty
                                  0.000000    0.250000   clock reconvergence pessimism
                                              0.250000 ^ _1190_/CLK (sky130_fd_sc_hd__dfrtp_2)
                                  0.697399    0.947399   library removal time
                                              0.947399   data required time
---------------------------------------------------------------------------------------------
                                              0.947399   data required time
                                             -7.491615   data arrival time
---------------------------------------------------------------------------------------------
                                              6.544216   slack (MET)


Startpoint: i_rst_n (input port clocked by i_clk)
Endpoint: _1191_ (removal check against rising-edge clock i_clk)
Path Group: asynchronous
Path Type: min

Fanout         Cap        Slew       Delay        Time   Description
---------------------------------------------------------------------------------------------
                      0.150000    0.000000    0.000000   clock i_clk (rise edge)
                                  0.000000    0.000000   clock network delay (ideal)
                                  6.000000    6.000000 ^ input external delay
   203    0.637442    2.137063    1.491615    7.491615 ^ i_rst_n (in)
                                                         i_rst_n (net)
                      2.137063    0.000000    7.491615 ^ _1191_/RESET_B (sky130_fd_sc_hd__dfrtp_2)
                                              7.491615   data arrival time

                      0.150000    0.000000    0.000000   clock i_clk (rise edge)
                                  0.000000    0.000000   clock network delay (ideal)
                                  0.250000    0.250000   clock uncertainty
                                  0.000000    0.250000   clock reconvergence pessimism
                                              0.250000 ^ _1191_/CLK (sky130_fd_sc_hd__dfrtp_2)
                                  0.697399    0.947399   library removal time
                                              0.947399   data required time
---------------------------------------------------------------------------------------------
                                              0.947399   data required time
                                             -7.491615   data arrival time
---------------------------------------------------------------------------------------------
                                              6.544216   slack (MET)


Startpoint: i_rst_n (input port clocked by i_clk)
Endpoint: _1192_ (removal check against rising-edge clock i_clk)
Path Group: asynchronous
Path Type: min

Fanout         Cap        Slew       Delay        Time   Description
---------------------------------------------------------------------------------------------
                      0.150000    0.000000    0.000000   clock i_clk (rise edge)
                                  0.000000    0.000000   clock network delay (ideal)
                                  6.000000    6.000000 ^ input external delay
   203    0.637442    2.137063    1.491615    7.491615 ^ i_rst_n (in)
                                                         i_rst_n (net)
                      2.137063    0.000000    7.491615 ^ _1192_/RESET_B (sky130_fd_sc_hd__dfrtp_2)
                                              7.491615   data arrival time

                      0.150000    0.000000    0.000000   clock i_clk (rise edge)
                                  0.000000    0.000000   clock network delay (ideal)
                                  0.250000    0.250000   clock uncertainty
                                  0.000000    0.250000   clock reconvergence pessimism
                                              0.250000 ^ _1192_/CLK (sky130_fd_sc_hd__dfrtp_2)
                                  0.697399    0.947399   library removal time
                                              0.947399   data required time
---------------------------------------------------------------------------------------------
                                              0.947399   data required time
                                             -7.491615   data arrival time
---------------------------------------------------------------------------------------------
                                              6.544216   slack (MET)


Startpoint: i_rst_n (input port clocked by i_clk)
Endpoint: _1193_ (removal check against rising-edge clock i_clk)
Path Group: asynchronous
Path Type: min

Fanout         Cap        Slew       Delay        Time   Description
---------------------------------------------------------------------------------------------
                      0.150000    0.000000    0.000000   clock i_clk (rise edge)
                                  0.000000    0.000000   clock network delay (ideal)
                                  6.000000    6.000000 ^ input external delay
   203    0.637442    2.137063    1.491615    7.491615 ^ i_rst_n (in)
                                                         i_rst_n (net)
                      2.137063    0.000000    7.491615 ^ _1193_/RESET_B (sky130_fd_sc_hd__dfrtp_2)
                                              7.491615   data arrival time

                      0.150000    0.000000    0.000000   clock i_clk (rise edge)
                                  0.000000    0.000000   clock network delay (ideal)
                                  0.250000    0.250000   clock uncertainty
                                  0.000000    0.250000   clock reconvergence pessimism
                                              0.250000 ^ _1193_/CLK (sky130_fd_sc_hd__dfrtp_2)
                                  0.697399    0.947399   library removal time
                                              0.947399   data required time
---------------------------------------------------------------------------------------------
                                              0.947399   data required time
                                             -7.491615   data arrival time
---------------------------------------------------------------------------------------------
                                              6.544216   slack (MET)


Startpoint: i_rst_n (input port clocked by i_clk)
Endpoint: _1194_ (removal check against rising-edge clock i_clk)
Path Group: asynchronous
Path Type: min

Fanout         Cap        Slew       Delay        Time   Description
---------------------------------------------------------------------------------------------
                      0.150000    0.000000    0.000000   clock i_clk (rise edge)
                                  0.000000    0.000000   clock network delay (ideal)
                                  6.000000    6.000000 ^ input external delay
   203    0.637442    2.137063    1.491615    7.491615 ^ i_rst_n (in)
                                                         i_rst_n (net)
                      2.137063    0.000000    7.491615 ^ _1194_/RESET_B (sky130_fd_sc_hd__dfrtp_2)
                                              7.491615   data arrival time

                      0.150000    0.000000    0.000000   clock i_clk (rise edge)
                                  0.000000    0.000000   clock network delay (ideal)
                                  0.250000    0.250000   clock uncertainty
                                  0.000000    0.250000   clock reconvergence pessimism
                                              0.250000 ^ _1194_/CLK (sky130_fd_sc_hd__dfrtp_2)
                                  0.697399    0.947399   library removal time
                                              0.947399   data required time
---------------------------------------------------------------------------------------------
                                              0.947399   data required time
                                             -7.491615   data arrival time
---------------------------------------------------------------------------------------------
                                              6.544216   slack (MET)


Startpoint: i_rst_n (input port clocked by i_clk)
Endpoint: _1195_ (removal check against rising-edge clock i_clk)
Path Group: asynchronous
Path Type: min

Fanout         Cap        Slew       Delay        Time   Description
---------------------------------------------------------------------------------------------
                      0.150000    0.000000    0.000000   clock i_clk (rise edge)
                                  0.000000    0.000000   clock network delay (ideal)
                                  6.000000    6.000000 ^ input external delay
   203    0.637442    2.137063    1.491615    7.491615 ^ i_rst_n (in)
                                                         i_rst_n (net)
                      2.137063    0.000000    7.491615 ^ _1195_/RESET_B (sky130_fd_sc_hd__dfrtp_2)
                                              7.491615   data arrival time

                      0.150000    0.000000    0.000000   clock i_clk (rise edge)
                                  0.000000    0.000000   clock network delay (ideal)
                                  0.250000    0.250000   clock uncertainty
                                  0.000000    0.250000   clock reconvergence pessimism
                                              0.250000 ^ _1195_/CLK (sky130_fd_sc_hd__dfrtp_2)
                                  0.697399    0.947399   library removal time
                                              0.947399   data required time
---------------------------------------------------------------------------------------------
                                              0.947399   data required time
                                             -7.491615   data arrival time
---------------------------------------------------------------------------------------------
                                              6.544216   slack (MET)


Startpoint: i_rst_n (input port clocked by i_clk)
Endpoint: _1197_ (removal check against rising-edge clock i_clk)
Path Group: asynchronous
Path Type: min

Fanout         Cap        Slew       Delay        Time   Description
---------------------------------------------------------------------------------------------
                      0.150000    0.000000    0.000000   clock i_clk (rise edge)
                                  0.000000    0.000000   clock network delay (ideal)
                                  6.000000    6.000000 ^ input external delay
   203    0.637442    2.137063    1.491615    7.491615 ^ i_rst_n (in)
                                                         i_rst_n (net)
                      2.137063    0.000000    7.491615 ^ _1197_/RESET_B (sky130_fd_sc_hd__dfrtp_2)
                                              7.491615   data arrival time

                      0.150000    0.000000    0.000000   clock i_clk (rise edge)
                                  0.000000    0.000000   clock network delay (ideal)
                                  0.250000    0.250000   clock uncertainty
                                  0.000000    0.250000   clock reconvergence pessimism
                                              0.250000 ^ _1197_/CLK (sky130_fd_sc_hd__dfrtp_2)
                                  0.697399    0.947399   library removal time
                                              0.947399   data required time
---------------------------------------------------------------------------------------------
                                              0.947399   data required time
                                             -7.491615   data arrival time
---------------------------------------------------------------------------------------------
                                              6.544216   slack (MET)


Startpoint: i_rst_n (input port clocked by i_clk)
Endpoint: _1198_ (removal check against rising-edge clock i_clk)
Path Group: asynchronous
Path Type: min

Fanout         Cap        Slew       Delay        Time   Description
---------------------------------------------------------------------------------------------
                      0.150000    0.000000    0.000000   clock i_clk (rise edge)
                                  0.000000    0.000000   clock network delay (ideal)
                                  6.000000    6.000000 ^ input external delay
   203    0.637442    2.137063    1.491615    7.491615 ^ i_rst_n (in)
                                                         i_rst_n (net)
                      2.137063    0.000000    7.491615 ^ _1198_/RESET_B (sky130_fd_sc_hd__dfrtp_2)
                                              7.491615   data arrival time

                      0.150000    0.000000    0.000000   clock i_clk (rise edge)
                                  0.000000    0.000000   clock network delay (ideal)
                                  0.250000    0.250000   clock uncertainty
                                  0.000000    0.250000   clock reconvergence pessimism
                                              0.250000 ^ _1198_/CLK (sky130_fd_sc_hd__dfrtp_2)
                                  0.697399    0.947399   library removal time
                                              0.947399   data required time
---------------------------------------------------------------------------------------------
                                              0.947399   data required time
                                             -7.491615   data arrival time
---------------------------------------------------------------------------------------------
                                              6.544216   slack (MET)


Startpoint: i_rst_n (input port clocked by i_clk)
Endpoint: _1260_ (removal check against rising-edge clock i_clk)
Path Group: asynchronous
Path Type: min

Fanout         Cap        Slew       Delay        Time   Description
---------------------------------------------------------------------------------------------
                      0.150000    0.000000    0.000000   clock i_clk (rise edge)
                                  0.000000    0.000000   clock network delay (ideal)
                                  6.000000    6.000000 ^ input external delay
   203    0.637442    2.137063    1.491615    7.491615 ^ i_rst_n (in)
                                                         i_rst_n (net)
                      2.137063    0.000000    7.491615 ^ _1260_/RESET_B (sky130_fd_sc_hd__dfrtp_2)
                                              7.491615   data arrival time

                      0.150000    0.000000    0.000000   clock i_clk (rise edge)
                                  0.000000    0.000000   clock network delay (ideal)
                                  0.250000    0.250000   clock uncertainty
                                  0.000000    0.250000   clock reconvergence pessimism
                                              0.250000 ^ _1260_/CLK (sky130_fd_sc_hd__dfrtp_2)
                                  0.697399    0.947399   library removal time
                                              0.947399   data required time
---------------------------------------------------------------------------------------------
                                              0.947399   data required time
                                             -7.491615   data arrival time
---------------------------------------------------------------------------------------------
                                              6.544216   slack (MET)


Startpoint: i_rst_n (input port clocked by i_clk)
Endpoint: _1261_ (removal check against rising-edge clock i_clk)
Path Group: asynchronous
Path Type: min

Fanout         Cap        Slew       Delay        Time   Description
---------------------------------------------------------------------------------------------
                      0.150000    0.000000    0.000000   clock i_clk (rise edge)
                                  0.000000    0.000000   clock network delay (ideal)
                                  6.000000    6.000000 ^ input external delay
   203    0.637442    2.137063    1.491615    7.491615 ^ i_rst_n (in)
                                                         i_rst_n (net)
                      2.137063    0.000000    7.491615 ^ _1261_/RESET_B (sky130_fd_sc_hd__dfrtp_2)
                                              7.491615   data arrival time

                      0.150000    0.000000    0.000000   clock i_clk (rise edge)
                                  0.000000    0.000000   clock network delay (ideal)
                                  0.250000    0.250000   clock uncertainty
                                  0.000000    0.250000   clock reconvergence pessimism
                                              0.250000 ^ _1261_/CLK (sky130_fd_sc_hd__dfrtp_2)
                                  0.697399    0.947399   library removal time
                                              0.947399   data required time
---------------------------------------------------------------------------------------------
                                              0.947399   data required time
                                             -7.491615   data arrival time
---------------------------------------------------------------------------------------------
                                              6.544216   slack (MET)


Startpoint: i_rst_n (input port clocked by i_clk)
Endpoint: _1262_ (removal check against rising-edge clock i_clk)
Path Group: asynchronous
Path Type: min

Fanout         Cap        Slew       Delay        Time   Description
---------------------------------------------------------------------------------------------
                      0.150000    0.000000    0.000000   clock i_clk (rise edge)
                                  0.000000    0.000000   clock network delay (ideal)
                                  6.000000    6.000000 ^ input external delay
   203    0.637442    2.137063    1.491615    7.491615 ^ i_rst_n (in)
                                                         i_rst_n (net)
                      2.137063    0.000000    7.491615 ^ _1262_/RESET_B (sky130_fd_sc_hd__dfrtp_2)
                                              7.491615   data arrival time

                      0.150000    0.000000    0.000000   clock i_clk (rise edge)
                                  0.000000    0.000000   clock network delay (ideal)
                                  0.250000    0.250000   clock uncertainty
                                  0.000000    0.250000   clock reconvergence pessimism
                                              0.250000 ^ _1262_/CLK (sky130_fd_sc_hd__dfrtp_2)
                                  0.697399    0.947399   library removal time
                                              0.947399   data required time
---------------------------------------------------------------------------------------------
                                              0.947399   data required time
                                             -7.491615   data arrival time
---------------------------------------------------------------------------------------------
                                              6.544216   slack (MET)


Startpoint: i_rst_n (input port clocked by i_clk)
Endpoint: _1263_ (removal check against rising-edge clock i_clk)
Path Group: asynchronous
Path Type: min

Fanout         Cap        Slew       Delay        Time   Description
---------------------------------------------------------------------------------------------
                      0.150000    0.000000    0.000000   clock i_clk (rise edge)
                                  0.000000    0.000000   clock network delay (ideal)
                                  6.000000    6.000000 ^ input external delay
   203    0.637442    2.137063    1.491615    7.491615 ^ i_rst_n (in)
                                                         i_rst_n (net)
                      2.137063    0.000000    7.491615 ^ _1263_/RESET_B (sky130_fd_sc_hd__dfrtp_2)
                                              7.491615   data arrival time

                      0.150000    0.000000    0.000000   clock i_clk (rise edge)
                                  0.000000    0.000000   clock network delay (ideal)
                                  0.250000    0.250000   clock uncertainty
                                  0.000000    0.250000   clock reconvergence pessimism
                                              0.250000 ^ _1263_/CLK (sky130_fd_sc_hd__dfrtp_2)
                                  0.697399    0.947399   library removal time
                                              0.947399   data required time
---------------------------------------------------------------------------------------------
                                              0.947399   data required time
                                             -7.491615   data arrival time
---------------------------------------------------------------------------------------------
                                              6.544216   slack (MET)


Startpoint: i_rst_n (input port clocked by i_clk)
Endpoint: _1264_ (removal check against rising-edge clock i_clk)
Path Group: asynchronous
Path Type: min

Fanout         Cap        Slew       Delay        Time   Description
---------------------------------------------------------------------------------------------
                      0.150000    0.000000    0.000000   clock i_clk (rise edge)
                                  0.000000    0.000000   clock network delay (ideal)
                                  6.000000    6.000000 ^ input external delay
   203    0.637442    2.137063    1.491615    7.491615 ^ i_rst_n (in)
                                                         i_rst_n (net)
                      2.137063    0.000000    7.491615 ^ _1264_/RESET_B (sky130_fd_sc_hd__dfrtp_2)
                                              7.491615   data arrival time

                      0.150000    0.000000    0.000000   clock i_clk (rise edge)
                                  0.000000    0.000000   clock network delay (ideal)
                                  0.250000    0.250000   clock uncertainty
                                  0.000000    0.250000   clock reconvergence pessimism
                                              0.250000 ^ _1264_/CLK (sky130_fd_sc_hd__dfrtp_2)
                                  0.697399    0.947399   library removal time
                                              0.947399   data required time
---------------------------------------------------------------------------------------------
                                              0.947399   data required time
                                             -7.491615   data arrival time
---------------------------------------------------------------------------------------------
                                              6.544216   slack (MET)


Startpoint: i_rst_n (input port clocked by i_clk)
Endpoint: _1265_ (removal check against rising-edge clock i_clk)
Path Group: asynchronous
Path Type: min

Fanout         Cap        Slew       Delay        Time   Description
---------------------------------------------------------------------------------------------
                      0.150000    0.000000    0.000000   clock i_clk (rise edge)
                                  0.000000    0.000000   clock network delay (ideal)
                                  6.000000    6.000000 ^ input external delay
   203    0.637442    2.137063    1.491615    7.491615 ^ i_rst_n (in)
                                                         i_rst_n (net)
                      2.137063    0.000000    7.491615 ^ _1265_/RESET_B (sky130_fd_sc_hd__dfrtp_2)
                                              7.491615   data arrival time

                      0.150000    0.000000    0.000000   clock i_clk (rise edge)
                                  0.000000    0.000000   clock network delay (ideal)
                                  0.250000    0.250000   clock uncertainty
                                  0.000000    0.250000   clock reconvergence pessimism
                                              0.250000 ^ _1265_/CLK (sky130_fd_sc_hd__dfrtp_2)
                                  0.697399    0.947399   library removal time
                                              0.947399   data required time
---------------------------------------------------------------------------------------------
                                              0.947399   data required time
                                             -7.491615   data arrival time
---------------------------------------------------------------------------------------------
                                              6.544216   slack (MET)


Startpoint: i_rst_n (input port clocked by i_clk)
Endpoint: _1266_ (removal check against rising-edge clock i_clk)
Path Group: asynchronous
Path Type: min

Fanout         Cap        Slew       Delay        Time   Description
---------------------------------------------------------------------------------------------
                      0.150000    0.000000    0.000000   clock i_clk (rise edge)
                                  0.000000    0.000000   clock network delay (ideal)
                                  6.000000    6.000000 ^ input external delay
   203    0.637442    2.137063    1.491615    7.491615 ^ i_rst_n (in)
                                                         i_rst_n (net)
                      2.137063    0.000000    7.491615 ^ _1266_/RESET_B (sky130_fd_sc_hd__dfrtp_2)
                                              7.491615   data arrival time

                      0.150000    0.000000    0.000000   clock i_clk (rise edge)
                                  0.000000    0.000000   clock network delay (ideal)
                                  0.250000    0.250000   clock uncertainty
                                  0.000000    0.250000   clock reconvergence pessimism
                                              0.250000 ^ _1266_/CLK (sky130_fd_sc_hd__dfrtp_2)
                                  0.697399    0.947399   library removal time
                                              0.947399   data required time
---------------------------------------------------------------------------------------------
                                              0.947399   data required time
                                             -7.491615   data arrival time
---------------------------------------------------------------------------------------------
                                              6.544216   slack (MET)


Startpoint: i_rst_n (input port clocked by i_clk)
Endpoint: _1267_ (removal check against rising-edge clock i_clk)
Path Group: asynchronous
Path Type: min

Fanout         Cap        Slew       Delay        Time   Description
---------------------------------------------------------------------------------------------
                      0.150000    0.000000    0.000000   clock i_clk (rise edge)
                                  0.000000    0.000000   clock network delay (ideal)
                                  6.000000    6.000000 ^ input external delay
   203    0.637442    2.137063    1.491615    7.491615 ^ i_rst_n (in)
                                                         i_rst_n (net)
                      2.137063    0.000000    7.491615 ^ _1267_/RESET_B (sky130_fd_sc_hd__dfrtp_2)
                                              7.491615   data arrival time

                      0.150000    0.000000    0.000000   clock i_clk (rise edge)
                                  0.000000    0.000000   clock network delay (ideal)
                                  0.250000    0.250000   clock uncertainty
                                  0.000000    0.250000   clock reconvergence pessimism
                                              0.250000 ^ _1267_/CLK (sky130_fd_sc_hd__dfrtp_2)
                                  0.697399    0.947399   library removal time
                                              0.947399   data required time
---------------------------------------------------------------------------------------------
                                              0.947399   data required time
                                             -7.491615   data arrival time
---------------------------------------------------------------------------------------------
                                              6.544216   slack (MET)


Startpoint: i_rst_n (input port clocked by i_clk)
Endpoint: _1268_ (removal check against rising-edge clock i_clk)
Path Group: asynchronous
Path Type: min

Fanout         Cap        Slew       Delay        Time   Description
---------------------------------------------------------------------------------------------
                      0.150000    0.000000    0.000000   clock i_clk (rise edge)
                                  0.000000    0.000000   clock network delay (ideal)
                                  6.000000    6.000000 ^ input external delay
   203    0.637442    2.137063    1.491615    7.491615 ^ i_rst_n (in)
                                                         i_rst_n (net)
                      2.137063    0.000000    7.491615 ^ _1268_/RESET_B (sky130_fd_sc_hd__dfrtp_2)
                                              7.491615   data arrival time

                      0.150000    0.000000    0.000000   clock i_clk (rise edge)
                                  0.000000    0.000000   clock network delay (ideal)
                                  0.250000    0.250000   clock uncertainty
                                  0.000000    0.250000   clock reconvergence pessimism
                                              0.250000 ^ _1268_/CLK (sky130_fd_sc_hd__dfrtp_2)
                                  0.697399    0.947399   library removal time
                                              0.947399   data required time
---------------------------------------------------------------------------------------------
                                              0.947399   data required time
                                             -7.491615   data arrival time
---------------------------------------------------------------------------------------------
                                              6.544216   slack (MET)


Startpoint: i_rst_n (input port clocked by i_clk)
Endpoint: _1269_ (removal check against rising-edge clock i_clk)
Path Group: asynchronous
Path Type: min

Fanout         Cap        Slew       Delay        Time   Description
---------------------------------------------------------------------------------------------
                      0.150000    0.000000    0.000000   clock i_clk (rise edge)
                                  0.000000    0.000000   clock network delay (ideal)
                                  6.000000    6.000000 ^ input external delay
   203    0.637442    2.137063    1.491615    7.491615 ^ i_rst_n (in)
                                                         i_rst_n (net)
                      2.137063    0.000000    7.491615 ^ _1269_/RESET_B (sky130_fd_sc_hd__dfrtp_2)
                                              7.491615   data arrival time

                      0.150000    0.000000    0.000000   clock i_clk (rise edge)
                                  0.000000    0.000000   clock network delay (ideal)
                                  0.250000    0.250000   clock uncertainty
                                  0.000000    0.250000   clock reconvergence pessimism
                                              0.250000 ^ _1269_/CLK (sky130_fd_sc_hd__dfrtp_2)
                                  0.697399    0.947399   library removal time
                                              0.947399   data required time
---------------------------------------------------------------------------------------------
                                              0.947399   data required time
                                             -7.491615   data arrival time
---------------------------------------------------------------------------------------------
                                              6.544216   slack (MET)


Startpoint: i_rst_n (input port clocked by i_clk)
Endpoint: _1270_ (removal check against rising-edge clock i_clk)
Path Group: asynchronous
Path Type: min

Fanout         Cap        Slew       Delay        Time   Description
---------------------------------------------------------------------------------------------
                      0.150000    0.000000    0.000000   clock i_clk (rise edge)
                                  0.000000    0.000000   clock network delay (ideal)
                                  6.000000    6.000000 ^ input external delay
   203    0.637442    2.137063    1.491615    7.491615 ^ i_rst_n (in)
                                                         i_rst_n (net)
                      2.137063    0.000000    7.491615 ^ _1270_/RESET_B (sky130_fd_sc_hd__dfrtp_2)
                                              7.491615   data arrival time

                      0.150000    0.000000    0.000000   clock i_clk (rise edge)
                                  0.000000    0.000000   clock network delay (ideal)
                                  0.250000    0.250000   clock uncertainty
                                  0.000000    0.250000   clock reconvergence pessimism
                                              0.250000 ^ _1270_/CLK (sky130_fd_sc_hd__dfrtp_2)
                                  0.697399    0.947399   library removal time
                                              0.947399   data required time
---------------------------------------------------------------------------------------------
                                              0.947399   data required time
                                             -7.491615   data arrival time
---------------------------------------------------------------------------------------------
                                              6.544216   slack (MET)


Startpoint: i_rst_n (input port clocked by i_clk)
Endpoint: _1271_ (removal check against rising-edge clock i_clk)
Path Group: asynchronous
Path Type: min

Fanout         Cap        Slew       Delay        Time   Description
---------------------------------------------------------------------------------------------
                      0.150000    0.000000    0.000000   clock i_clk (rise edge)
                                  0.000000    0.000000   clock network delay (ideal)
                                  6.000000    6.000000 ^ input external delay
   203    0.637442    2.137063    1.491615    7.491615 ^ i_rst_n (in)
                                                         i_rst_n (net)
                      2.137063    0.000000    7.491615 ^ _1271_/RESET_B (sky130_fd_sc_hd__dfrtp_2)
                                              7.491615   data arrival time

                      0.150000    0.000000    0.000000   clock i_clk (rise edge)
                                  0.000000    0.000000   clock network delay (ideal)
                                  0.250000    0.250000   clock uncertainty
                                  0.000000    0.250000   clock reconvergence pessimism
                                              0.250000 ^ _1271_/CLK (sky130_fd_sc_hd__dfrtp_2)
                                  0.697399    0.947399   library removal time
                                              0.947399   data required time
---------------------------------------------------------------------------------------------
                                              0.947399   data required time
                                             -7.491615   data arrival time
---------------------------------------------------------------------------------------------
                                              6.544216   slack (MET)


Startpoint: i_rst_n (input port clocked by i_clk)
Endpoint: _1272_ (removal check against rising-edge clock i_clk)
Path Group: asynchronous
Path Type: min

Fanout         Cap        Slew       Delay        Time   Description
---------------------------------------------------------------------------------------------
                      0.150000    0.000000    0.000000   clock i_clk (rise edge)
                                  0.000000    0.000000   clock network delay (ideal)
                                  6.000000    6.000000 ^ input external delay
   203    0.637442    2.137063    1.491615    7.491615 ^ i_rst_n (in)
                                                         i_rst_n (net)
                      2.137063    0.000000    7.491615 ^ _1272_/RESET_B (sky130_fd_sc_hd__dfrtp_2)
                                              7.491615   data arrival time

                      0.150000    0.000000    0.000000   clock i_clk (rise edge)
                                  0.000000    0.000000   clock network delay (ideal)
                                  0.250000    0.250000   clock uncertainty
                                  0.000000    0.250000   clock reconvergence pessimism
                                              0.250000 ^ _1272_/CLK (sky130_fd_sc_hd__dfrtp_2)
                                  0.697399    0.947399   library removal time
                                              0.947399   data required time
---------------------------------------------------------------------------------------------
                                              0.947399   data required time
                                             -7.491615   data arrival time
---------------------------------------------------------------------------------------------
                                              6.544216   slack (MET)


Startpoint: i_rst_n (input port clocked by i_clk)
Endpoint: _1273_ (removal check against rising-edge clock i_clk)
Path Group: asynchronous
Path Type: min

Fanout         Cap        Slew       Delay        Time   Description
---------------------------------------------------------------------------------------------
                      0.150000    0.000000    0.000000   clock i_clk (rise edge)
                                  0.000000    0.000000   clock network delay (ideal)
                                  6.000000    6.000000 ^ input external delay
   203    0.637442    2.137063    1.491615    7.491615 ^ i_rst_n (in)
                                                         i_rst_n (net)
                      2.137063    0.000000    7.491615 ^ _1273_/RESET_B (sky130_fd_sc_hd__dfrtp_2)
                                              7.491615   data arrival time

                      0.150000    0.000000    0.000000   clock i_clk (rise edge)
                                  0.000000    0.000000   clock network delay (ideal)
                                  0.250000    0.250000   clock uncertainty
                                  0.000000    0.250000   clock reconvergence pessimism
                                              0.250000 ^ _1273_/CLK (sky130_fd_sc_hd__dfrtp_2)
                                  0.697399    0.947399   library removal time
                                              0.947399   data required time
---------------------------------------------------------------------------------------------
                                              0.947399   data required time
                                             -7.491615   data arrival time
---------------------------------------------------------------------------------------------
                                              6.544216   slack (MET)


Startpoint: i_rst_n (input port clocked by i_clk)
Endpoint: _1274_ (removal check against rising-edge clock i_clk)
Path Group: asynchronous
Path Type: min

Fanout         Cap        Slew       Delay        Time   Description
---------------------------------------------------------------------------------------------
                      0.150000    0.000000    0.000000   clock i_clk (rise edge)
                                  0.000000    0.000000   clock network delay (ideal)
                                  6.000000    6.000000 ^ input external delay
   203    0.637442    2.137063    1.491615    7.491615 ^ i_rst_n (in)
                                                         i_rst_n (net)
                      2.137063    0.000000    7.491615 ^ _1274_/RESET_B (sky130_fd_sc_hd__dfrtp_2)
                                              7.491615   data arrival time

                      0.150000    0.000000    0.000000   clock i_clk (rise edge)
                                  0.000000    0.000000   clock network delay (ideal)
                                  0.250000    0.250000   clock uncertainty
                                  0.000000    0.250000   clock reconvergence pessimism
                                              0.250000 ^ _1274_/CLK (sky130_fd_sc_hd__dfrtp_2)
                                  0.697399    0.947399   library removal time
                                              0.947399   data required time
---------------------------------------------------------------------------------------------
                                              0.947399   data required time
                                             -7.491615   data arrival time
---------------------------------------------------------------------------------------------
                                              6.544216   slack (MET)


Startpoint: i_rst_n (input port clocked by i_clk)
Endpoint: _1275_ (removal check against rising-edge clock i_clk)
Path Group: asynchronous
Path Type: min

Fanout         Cap        Slew       Delay        Time   Description
---------------------------------------------------------------------------------------------
                      0.150000    0.000000    0.000000   clock i_clk (rise edge)
                                  0.000000    0.000000   clock network delay (ideal)
                                  6.000000    6.000000 ^ input external delay
   203    0.637442    2.137063    1.491615    7.491615 ^ i_rst_n (in)
                                                         i_rst_n (net)
                      2.137063    0.000000    7.491615 ^ _1275_/RESET_B (sky130_fd_sc_hd__dfrtp_2)
                                              7.491615   data arrival time

                      0.150000    0.000000    0.000000   clock i_clk (rise edge)
                                  0.000000    0.000000   clock network delay (ideal)
                                  0.250000    0.250000   clock uncertainty
                                  0.000000    0.250000   clock reconvergence pessimism
                                              0.250000 ^ _1275_/CLK (sky130_fd_sc_hd__dfrtp_2)
                                  0.697399    0.947399   library removal time
                                              0.947399   data required time
---------------------------------------------------------------------------------------------
                                              0.947399   data required time
                                             -7.491615   data arrival time
---------------------------------------------------------------------------------------------
                                              6.544216   slack (MET)


Startpoint: i_rst_n (input port clocked by i_clk)
Endpoint: _1276_ (removal check against rising-edge clock i_clk)
Path Group: asynchronous
Path Type: min

Fanout         Cap        Slew       Delay        Time   Description
---------------------------------------------------------------------------------------------
                      0.150000    0.000000    0.000000   clock i_clk (rise edge)
                                  0.000000    0.000000   clock network delay (ideal)
                                  6.000000    6.000000 ^ input external delay
   203    0.637442    2.137063    1.491615    7.491615 ^ i_rst_n (in)
                                                         i_rst_n (net)
                      2.137063    0.000000    7.491615 ^ _1276_/RESET_B (sky130_fd_sc_hd__dfrtp_2)
                                              7.491615   data arrival time

                      0.150000    0.000000    0.000000   clock i_clk (rise edge)
                                  0.000000    0.000000   clock network delay (ideal)
                                  0.250000    0.250000   clock uncertainty
                                  0.000000    0.250000   clock reconvergence pessimism
                                              0.250000 ^ _1276_/CLK (sky130_fd_sc_hd__dfrtp_2)
                                  0.697399    0.947399   library removal time
                                              0.947399   data required time
---------------------------------------------------------------------------------------------
                                              0.947399   data required time
                                             -7.491615   data arrival time
---------------------------------------------------------------------------------------------
                                              6.544216   slack (MET)


Startpoint: i_rst_n (input port clocked by i_clk)
Endpoint: _1277_ (removal check against rising-edge clock i_clk)
Path Group: asynchronous
Path Type: min

Fanout         Cap        Slew       Delay        Time   Description
---------------------------------------------------------------------------------------------
                      0.150000    0.000000    0.000000   clock i_clk (rise edge)
                                  0.000000    0.000000   clock network delay (ideal)
                                  6.000000    6.000000 ^ input external delay
   203    0.637442    2.137063    1.491615    7.491615 ^ i_rst_n (in)
                                                         i_rst_n (net)
                      2.137063    0.000000    7.491615 ^ _1277_/RESET_B (sky130_fd_sc_hd__dfrtp_2)
                                              7.491615   data arrival time

                      0.150000    0.000000    0.000000   clock i_clk (rise edge)
                                  0.000000    0.000000   clock network delay (ideal)
                                  0.250000    0.250000   clock uncertainty
                                  0.000000    0.250000   clock reconvergence pessimism
                                              0.250000 ^ _1277_/CLK (sky130_fd_sc_hd__dfrtp_2)
                                  0.697399    0.947399   library removal time
                                              0.947399   data required time
---------------------------------------------------------------------------------------------
                                              0.947399   data required time
                                             -7.491615   data arrival time
---------------------------------------------------------------------------------------------
                                              6.544216   slack (MET)


Startpoint: i_rst_n (input port clocked by i_clk)
Endpoint: _1278_ (removal check against rising-edge clock i_clk)
Path Group: asynchronous
Path Type: min

Fanout         Cap        Slew       Delay        Time   Description
---------------------------------------------------------------------------------------------
                      0.150000    0.000000    0.000000   clock i_clk (rise edge)
                                  0.000000    0.000000   clock network delay (ideal)
                                  6.000000    6.000000 ^ input external delay
   203    0.637442    2.137063    1.491615    7.491615 ^ i_rst_n (in)
                                                         i_rst_n (net)
                      2.137063    0.000000    7.491615 ^ _1278_/RESET_B (sky130_fd_sc_hd__dfrtp_2)
                                              7.491615   data arrival time

                      0.150000    0.000000    0.000000   clock i_clk (rise edge)
                                  0.000000    0.000000   clock network delay (ideal)
                                  0.250000    0.250000   clock uncertainty
                                  0.000000    0.250000   clock reconvergence pessimism
                                              0.250000 ^ _1278_/CLK (sky130_fd_sc_hd__dfrtp_2)
                                  0.697399    0.947399   library removal time
                                              0.947399   data required time
---------------------------------------------------------------------------------------------
                                              0.947399   data required time
                                             -7.491615   data arrival time
---------------------------------------------------------------------------------------------
                                              6.544216   slack (MET)


Startpoint: i_rst_n (input port clocked by i_clk)
Endpoint: _1097_ (removal check against rising-edge clock i_clk)
Path Group: asynchronous
Path Type: min

Fanout         Cap        Slew       Delay        Time   Description
---------------------------------------------------------------------------------------------
                      0.150000    0.000000    0.000000   clock i_clk (rise edge)
                                  0.000000    0.000000   clock network delay (ideal)
                                  6.000000    6.000000 ^ input external delay
   203    0.637442    2.137063    1.491615    7.491615 ^ i_rst_n (in)
                                                         i_rst_n (net)
                      2.137063    0.000000    7.491615 ^ _1097_/SET_B (sky130_fd_sc_hd__dfstp_2)
                                              7.491615   data arrival time

                      0.150000    0.000000    0.000000   clock i_clk (rise edge)
                                  0.000000    0.000000   clock network delay (ideal)
                                  0.250000    0.250000   clock uncertainty
                                  0.000000    0.250000   clock reconvergence pessimism
                                              0.250000 ^ _1097_/CLK (sky130_fd_sc_hd__dfstp_2)
                                  0.295832    0.545832   library removal time
                                              0.545832   data required time
---------------------------------------------------------------------------------------------
                                              0.545832   data required time
                                             -7.491615   data arrival time
---------------------------------------------------------------------------------------------
                                              6.945782   slack (MET)


Startpoint: i_rst_n (input port clocked by i_clk)
Endpoint: _1159_ (removal check against rising-edge clock i_clk)
Path Group: asynchronous
Path Type: min

Fanout         Cap        Slew       Delay        Time   Description
---------------------------------------------------------------------------------------------
                      0.150000    0.000000    0.000000   clock i_clk (rise edge)
                                  0.000000    0.000000   clock network delay (ideal)
                                  6.000000    6.000000 ^ input external delay
   203    0.637442    2.137063    1.491615    7.491615 ^ i_rst_n (in)
                                                         i_rst_n (net)
                      2.137063    0.000000    7.491615 ^ _1159_/SET_B (sky130_fd_sc_hd__dfstp_2)
                                              7.491615   data arrival time

                      0.150000    0.000000    0.000000   clock i_clk (rise edge)
                                  0.000000    0.000000   clock network delay (ideal)
                                  0.250000    0.250000   clock uncertainty
                                  0.000000    0.250000   clock reconvergence pessimism
                                              0.250000 ^ _1159_/CLK (sky130_fd_sc_hd__dfstp_2)
                                  0.295832    0.545832   library removal time
                                              0.545832   data required time
---------------------------------------------------------------------------------------------
                                              0.545832   data required time
                                             -7.491615   data arrival time
---------------------------------------------------------------------------------------------
                                              6.945782   slack (MET)


Startpoint: i_rst_n (input port clocked by i_clk)
Endpoint: _1169_ (removal check against rising-edge clock i_clk)
Path Group: asynchronous
Path Type: min

Fanout         Cap        Slew       Delay        Time   Description
---------------------------------------------------------------------------------------------
                      0.150000    0.000000    0.000000   clock i_clk (rise edge)
                                  0.000000    0.000000   clock network delay (ideal)
                                  6.000000    6.000000 ^ input external delay
   203    0.637442    2.137063    1.491615    7.491615 ^ i_rst_n (in)
                                                         i_rst_n (net)
                      2.137063    0.000000    7.491615 ^ _1169_/SET_B (sky130_fd_sc_hd__dfstp_2)
                                              7.491615   data arrival time

                      0.150000    0.000000    0.000000   clock i_clk (rise edge)
                                  0.000000    0.000000   clock network delay (ideal)
                                  0.250000    0.250000   clock uncertainty
                                  0.000000    0.250000   clock reconvergence pessimism
                                              0.250000 ^ _1169_/CLK (sky130_fd_sc_hd__dfstp_2)
                                  0.295832    0.545832   library removal time
                                              0.545832   data required time
---------------------------------------------------------------------------------------------
                                              0.545832   data required time
                                             -7.491615   data arrival time
---------------------------------------------------------------------------------------------
                                              6.945782   slack (MET)


Startpoint: i_rst_n (input port clocked by i_clk)
Endpoint: _1171_ (removal check against rising-edge clock i_clk)
Path Group: asynchronous
Path Type: min

Fanout         Cap        Slew       Delay        Time   Description
---------------------------------------------------------------------------------------------
                      0.150000    0.000000    0.000000   clock i_clk (rise edge)
                                  0.000000    0.000000   clock network delay (ideal)
                                  6.000000    6.000000 ^ input external delay
   203    0.637442    2.137063    1.491615    7.491615 ^ i_rst_n (in)
                                                         i_rst_n (net)
                      2.137063    0.000000    7.491615 ^ _1171_/SET_B (sky130_fd_sc_hd__dfstp_2)
                                              7.491615   data arrival time

                      0.150000    0.000000    0.000000   clock i_clk (rise edge)
                                  0.000000    0.000000   clock network delay (ideal)
                                  0.250000    0.250000   clock uncertainty
                                  0.000000    0.250000   clock reconvergence pessimism
                                              0.250000 ^ _1171_/CLK (sky130_fd_sc_hd__dfstp_2)
                                  0.295832    0.545832   library removal time
                                              0.545832   data required time
---------------------------------------------------------------------------------------------
                                              0.545832   data required time
                                             -7.491615   data arrival time
---------------------------------------------------------------------------------------------
                                              6.945782   slack (MET)


Startpoint: i_rst_n (input port clocked by i_clk)
Endpoint: _1196_ (removal check against rising-edge clock i_clk)
Path Group: asynchronous
Path Type: min

Fanout         Cap        Slew       Delay        Time   Description
---------------------------------------------------------------------------------------------
                      0.150000    0.000000    0.000000   clock i_clk (rise edge)
                                  0.000000    0.000000   clock network delay (ideal)
                                  6.000000    6.000000 ^ input external delay
   203    0.637442    2.137063    1.491615    7.491615 ^ i_rst_n (in)
                                                         i_rst_n (net)
                      2.137063    0.000000    7.491615 ^ _1196_/SET_B (sky130_fd_sc_hd__dfstp_2)
                                              7.491615   data arrival time

                      0.150000    0.000000    0.000000   clock i_clk (rise edge)
                                  0.000000    0.000000   clock network delay (ideal)
                                  0.250000    0.250000   clock uncertainty
                                  0.000000    0.250000   clock reconvergence pessimism
                                              0.250000 ^ _1196_/CLK (sky130_fd_sc_hd__dfstp_2)
                                  0.295832    0.545832   library removal time
                                              0.545832   data required time
---------------------------------------------------------------------------------------------
                                              0.545832   data required time
                                             -7.491615   data arrival time
---------------------------------------------------------------------------------------------
                                              6.945782   slack (MET)



