Instance,Terminal,Layer,X location,Y location,Voltage
FILLER_51_305,VGND,li1,146.5100,152.3200,0.000001
FILLER_51_302,VGND,li1,145.1300,152.3200,0.000001
FILLER_51_299,VGND,li1,143.7500,152.3200,0.000001
FILLER_51_296,VGND,li1,142.3700,152.3200,0.000001
FILLER_51_293,VGND,li1,140.9900,152.3200,0.000001
FILLER_51_290,VGND,li1,139.6100,152.3200,0.000001
FILLER_51_287,VGND,li1,138.2300,152.3200,0.000001
FILLER_51_284,VGND,li1,136.8500,152.3200,0.000001
FILLER_51_281,VGND,li1,135.4700,152.3200,0.000001
FILLER_51_277,VGND,li1,133.6300,152.3200,0.000001
FILLER_51_274,VGND,li1,132.2500,152.3200,0.000001
FILLER_51_271,VGND,li1,130.8700,152.3200,0.000001
FILLER_51_268,VGND,li1,129.4900,152.3200,0.000001
FILLER_51_265,VGND,li1,128.1100,152.3200,0.000001
FILLER_51_262,VGND,li1,126.7300,152.3200,0.000001
FILLER_51_259,VGND,li1,125.3500,152.3200,0.000001
FILLER_51_256,VGND,li1,123.9700,152.3200,0.000001
FILLER_51_253,VGND,li1,122.5900,152.3200,0.000001
FILLER_51_249,VGND,li1,120.7500,152.3200,0.000001
FILLER_51_246,VGND,li1,119.3700,152.3200,0.000001
FILLER_51_243,VGND,li1,117.9900,152.3200,0.000001
FILLER_51_240,VGND,li1,116.6100,152.3200,0.000001
FILLER_51_237,VGND,li1,115.2300,152.3200,0.000001
FILLER_51_234,VGND,li1,113.8500,152.3200,0.000001
FILLER_51_231,VGND,li1,112.4700,152.3200,0.000001
FILLER_51_228,VGND,li1,111.0900,152.3200,0.000001
FILLER_51_225,VGND,li1,109.7100,152.3200,0.000001
FILLER_51_221,VGND,li1,107.8700,152.3200,0.000001
FILLER_51_218,VGND,li1,106.4900,152.3200,0.000001
FILLER_51_215,VGND,li1,105.1100,152.3200,0.000001
FILLER_51_212,VGND,li1,103.7300,152.3200,0.000001
FILLER_51_209,VGND,li1,102.3500,152.3200,0.000001
FILLER_51_206,VGND,li1,100.9700,152.3200,0.000001
FILLER_51_203,VGND,li1,99.5900,152.3200,0.000001
FILLER_51_200,VGND,li1,98.2100,152.3200,0.000001
FILLER_51_197,VGND,li1,96.8300,152.3200,0.000001
FILLER_51_193,VGND,li1,94.9900,152.3200,0.000001
FILLER_51_190,VGND,li1,93.6100,152.3200,0.000001
FILLER_51_187,VGND,li1,92.2300,152.3200,0.000001
FILLER_51_184,VGND,li1,90.8500,152.3200,0.000001
FILLER_51_181,VGND,li1,89.4700,152.3200,0.000001
FILLER_51_178,VGND,li1,88.0900,152.3200,0.000001
FILLER_51_175,VGND,li1,86.7100,152.3200,0.000001
FILLER_51_172,VGND,li1,85.3300,152.3200,0.000001
FILLER_51_169,VGND,li1,83.9500,152.3200,0.000001
FILLER_51_165,VGND,li1,82.1100,152.3200,0.000001
FILLER_51_162,VGND,li1,80.7300,152.3200,0.000001
FILLER_51_159,VGND,li1,79.3500,152.3200,0.000001
FILLER_51_156,VGND,li1,77.9700,152.3200,0.000001
FILLER_51_153,VGND,li1,76.5900,152.3200,0.000001
FILLER_51_150,VGND,li1,75.2100,152.3200,0.000001
FILLER_51_147,VGND,li1,73.8300,152.3200,0.000001
FILLER_51_144,VGND,li1,72.4500,152.3200,0.000001
FILLER_51_141,VGND,li1,71.0700,152.3200,0.000001
FILLER_51_137,VGND,li1,69.2300,152.3200,0.000001
FILLER_51_134,VGND,li1,67.8500,152.3200,0.000001
FILLER_51_125,VGND,li1,63.4800,152.3200,0.000001
FILLER_51_122,VGND,li1,62.3300,152.3200,0.000001
FILLER_51_119,VGND,li1,60.9500,152.3200,0.000001
FILLER_51_116,VGND,li1,59.5700,152.3200,0.000001
FILLER_51_113,VGND,li1,58.1900,152.3200,0.000001
FILLER_51_109,VGND,li1,56.3500,152.3200,0.000001
FILLER_51_106,VGND,li1,54.9700,152.3200,0.000001
FILLER_51_103,VGND,li1,53.5900,152.3200,0.000001
FILLER_51_100,VGND,li1,52.2100,152.3200,0.000001
FILLER_51_97,VGND,li1,50.8300,152.3200,0.000001
FILLER_51_81,VGND,li1,43.4700,152.3200,0.000001
FILLER_51_78,VGND,li1,42.0900,152.3200,0.000001
FILLER_51_75,VGND,li1,40.7100,152.3200,0.000001
FILLER_51_72,VGND,li1,39.3300,152.3200,0.000001
FILLER_51_69,VGND,li1,37.9500,152.3200,0.000001
FILLER_51_66,VGND,li1,36.5700,152.3200,0.000001
FILLER_51_63,VGND,li1,35.1900,152.3200,0.000001
FILLER_51_60,VGND,li1,33.8100,152.3200,0.000001
FILLER_51_57,VGND,li1,32.4300,152.3200,0.000001
FILLER_51_55,VGND,li1,31.0500,152.3200,0.000001
FILLER_51_52,VGND,li1,30.1300,152.3200,0.000001
FILLER_51_49,VGND,li1,28.7500,152.3200,0.000001
FILLER_51_46,VGND,li1,27.3700,152.3200,0.000001
FILLER_51_29,VGND,li1,19.3200,152.3200,0.000001
FILLER_51_26,VGND,li1,17.9400,152.3200,0.000001
FILLER_51_23,VGND,li1,16.7900,152.3200,0.000001
FILLER_51_20,VGND,li1,15.4100,152.3200,0.000001
FILLER_51_17,VGND,li1,14.0300,152.3200,0.000001
FILLER_51_14,VGND,li1,12.6500,152.3200,0.000001
FILLER_51_11,VGND,li1,11.2700,152.3200,0.000001
FILLER_51_3,VGND,li1,7.5900,152.3200,0.000001
FILLER_50_307,VGND,li1,146.9700,146.8800,0.000021
FILLER_50_304,VGND,li1,146.0500,146.8800,0.000021
FILLER_50_301,VGND,li1,144.6700,146.8800,0.000021
FILLER_50_298,VGND,li1,143.2900,146.8800,0.000021
FILLER_50_295,VGND,li1,141.9100,146.8800,0.000021
FILLER_50_292,VGND,li1,140.5300,146.8800,0.000021
FILLER_50_289,VGND,li1,139.1500,146.8800,0.000021
FILLER_50_286,VGND,li1,137.7700,146.8800,0.000021
FILLER_50_283,VGND,li1,136.3900,146.8800,0.000021
FILLER_50_280,VGND,li1,135.0100,146.8800,0.000021
FILLER_50_277,VGND,li1,133.6300,146.8800,0.000021
FILLER_50_274,VGND,li1,132.2500,146.8800,0.000021
FILLER_50_271,VGND,li1,130.8700,146.8800,0.000021
FILLER_50_268,VGND,li1,129.4900,146.8800,0.000021
FILLER_50_265,VGND,li1,128.1100,146.8800,0.000021
FILLER_50_262,VGND,li1,126.7300,146.8800,0.000021
FILLER_50_259,VGND,li1,125.3500,146.8800,0.000021
FILLER_50_256,VGND,li1,123.9700,146.8800,0.000021
FILLER_50_253,VGND,li1,122.5900,146.8800,0.000021
FILLER_50_251,VGND,li1,121.2100,146.8800,0.000021
FILLER_50_248,VGND,li1,120.2900,146.8800,0.000021
FILLER_50_245,VGND,li1,118.9100,146.8800,0.000021
FILLER_50_242,VGND,li1,117.5300,146.8800,0.000021
FILLER_50_239,VGND,li1,116.1500,146.8800,0.000021
FILLER_50_236,VGND,li1,114.7700,146.8800,0.000021
FILLER_50_233,VGND,li1,113.3900,146.8800,0.000021
FILLER_50_230,VGND,li1,112.0100,146.8800,0.000021
FILLER_50_227,VGND,li1,110.6300,146.8800,0.000021
FILLER_50_224,VGND,li1,109.2500,146.8800,0.000021
FILLER_50_221,VGND,li1,107.8700,146.8800,0.000021
FILLER_50_218,VGND,li1,106.4900,146.8800,0.000021
FILLER_50_215,VGND,li1,105.1100,146.8800,0.000021
FILLER_50_212,VGND,li1,103.7300,146.8800,0.000021
FILLER_50_209,VGND,li1,102.3500,146.8800,0.000021
FILLER_50_206,VGND,li1,100.9700,146.8800,0.000021
FILLER_50_203,VGND,li1,99.5900,146.8800,0.000021
FILLER_50_200,VGND,li1,98.2100,146.8800,0.000021
FILLER_50_197,VGND,li1,96.8300,146.8800,0.000021
FILLER_50_195,VGND,li1,95.4500,146.8800,0.000021
FILLER_50_192,VGND,li1,94.5300,146.8800,0.000021
FILLER_50_189,VGND,li1,93.1500,146.8800,0.000021
FILLER_50_186,VGND,li1,91.7700,146.8800,0.000021
FILLER_50_183,VGND,li1,90.3900,146.8800,0.000021
FILLER_50_180,VGND,li1,89.0100,146.8800,0.000021
FILLER_50_177,VGND,li1,87.6300,146.8800,0.000021
FILLER_50_174,VGND,li1,86.2500,146.8800,0.000021
FILLER_50_171,VGND,li1,84.8700,146.8800,0.000021
FILLER_50_168,VGND,li1,83.4900,146.8800,0.000021
FILLER_50_165,VGND,li1,82.1100,146.8800,0.000021
FILLER_50_162,VGND,li1,80.7300,146.8800,0.000021
FILLER_50_159,VGND,li1,79.3500,146.8800,0.000021
FILLER_50_156,VGND,li1,77.9700,146.8800,0.000021
FILLER_50_153,VGND,li1,76.5900,146.8800,0.000021
FILLER_50_150,VGND,li1,75.2100,146.8800,0.000021
FILLER_50_147,VGND,li1,73.8300,146.8800,0.000021
FILLER_50_144,VGND,li1,72.4500,146.8800,0.000021
FILLER_50_141,VGND,li1,71.0700,146.8800,0.000021
FILLER_50_139,VGND,li1,69.6900,146.8800,0.000021
FILLER_50_136,VGND,li1,68.7700,146.8800,0.000021
FILLER_50_133,VGND,li1,67.3900,146.8800,0.000021
FILLER_50_109,VGND,li1,56.1200,146.8800,0.000019
FILLER_50_106,VGND,li1,54.9700,146.8800,0.000019
FILLER_50_103,VGND,li1,53.5900,146.8800,0.000019
FILLER_50_100,VGND,li1,52.2100,146.8800,0.000019
FILLER_50_83,VGND,li1,43.9300,146.8800,0.000016
FILLER_50_80,VGND,li1,43.0100,146.8800,0.000016
FILLER_50_77,VGND,li1,41.6300,146.8800,0.000015
FILLER_50_74,VGND,li1,40.2500,146.8800,0.000015
FILLER_50_71,VGND,li1,38.8700,146.8800,0.000015
FILLER_50_68,VGND,li1,37.4900,146.8800,0.000014
FILLER_50_65,VGND,li1,36.1100,146.8800,0.000014
FILLER_50_62,VGND,li1,34.7300,146.8800,0.000013
FILLER_50_59,VGND,li1,33.3500,146.8800,0.000013
FILLER_50_56,VGND,li1,31.9700,146.8800,0.000012
FILLER_50_53,VGND,li1,30.5900,146.8800,0.000011
FILLER_50_50,VGND,li1,29.2100,146.8800,0.000011
FILLER_50_26,VGND,li1,17.9400,146.8800,0.000011
FILLER_50_23,VGND,li1,16.7900,146.8800,0.000011
FILLER_50_3,VGND,li1,7.5900,146.8800,0.000011
FILLER_49_305,VGND,li1,146.5100,146.8800,0.000021
FILLER_49_302,VGND,li1,145.1300,146.8800,0.000021
FILLER_49_299,VGND,li1,143.7500,146.8800,0.000021
FILLER_49_296,VGND,li1,142.3700,146.8800,0.000021
FILLER_49_293,VGND,li1,140.9900,146.8800,0.000021
FILLER_49_290,VGND,li1,139.6100,146.8800,0.000021
FILLER_49_287,VGND,li1,138.2300,146.8800,0.000021
FILLER_49_284,VGND,li1,136.8500,146.8800,0.000021
FILLER_49_281,VGND,li1,135.4700,146.8800,0.000021
FILLER_49_279,VGND,li1,134.0900,146.8800,0.000021
FILLER_49_276,VGND,li1,133.1700,146.8800,0.000021
FILLER_49_273,VGND,li1,131.7900,146.8800,0.000021
FILLER_49_270,VGND,li1,130.4100,146.8800,0.000021
FILLER_49_267,VGND,li1,129.0300,146.8800,0.000021
FILLER_49_264,VGND,li1,127.6500,146.8800,0.000021
FILLER_49_261,VGND,li1,126.2700,146.8800,0.000021
FILLER_49_258,VGND,li1,124.8900,146.8800,0.000021
FILLER_49_255,VGND,li1,123.5100,146.8800,0.000021
FILLER_49_252,VGND,li1,122.1300,146.8800,0.000021
FILLER_49_249,VGND,li1,120.7500,146.8800,0.000021
FILLER_49_246,VGND,li1,119.3700,146.8800,0.000021
FILLER_49_243,VGND,li1,117.9900,146.8800,0.000021
FILLER_49_240,VGND,li1,116.6100,146.8800,0.000021
FILLER_49_237,VGND,li1,115.2300,146.8800,0.000021
FILLER_49_234,VGND,li1,113.8500,146.8800,0.000021
FILLER_49_231,VGND,li1,112.4700,146.8800,0.000021
FILLER_49_228,VGND,li1,111.0900,146.8800,0.000021
FILLER_49_225,VGND,li1,109.7100,146.8800,0.000021
FILLER_49_223,VGND,li1,108.3300,146.8800,0.000021
FILLER_49_220,VGND,li1,107.4100,146.8800,0.000021
FILLER_49_217,VGND,li1,106.0300,146.8800,0.000021
FILLER_49_214,VGND,li1,104.6500,146.8800,0.000021
FILLER_49_211,VGND,li1,103.2700,146.8800,0.000021
FILLER_49_208,VGND,li1,101.8900,146.8800,0.000021
FILLER_49_205,VGND,li1,100.5100,146.8800,0.000021
FILLER_49_202,VGND,li1,99.1300,146.8800,0.000021
FILLER_49_199,VGND,li1,97.7500,146.8800,0.000021
FILLER_49_196,VGND,li1,96.3700,146.8800,0.000021
FILLER_49_193,VGND,li1,94.9900,146.8800,0.000021
FILLER_49_190,VGND,li1,93.6100,146.8800,0.000021
FILLER_49_187,VGND,li1,92.2300,146.8800,0.000021
FILLER_49_184,VGND,li1,90.8500,146.8800,0.000021
FILLER_49_181,VGND,li1,89.4700,146.8800,0.000021
FILLER_49_178,VGND,li1,88.0900,146.8800,0.000021
FILLER_49_175,VGND,li1,86.7100,146.8800,0.000021
FILLER_49_172,VGND,li1,85.3300,146.8800,0.000021
FILLER_49_169,VGND,li1,83.9500,146.8800,0.000021
FILLER_49_166,VGND,li1,82.3400,146.8800,0.000021
FILLER_49_163,VGND,li1,81.1900,146.8800,0.000021
FILLER_49_160,VGND,li1,79.8100,146.8800,0.000021
FILLER_49_157,VGND,li1,78.4300,146.8800,0.000021
FILLER_49_154,VGND,li1,77.0500,146.8800,0.000021
FILLER_49_151,VGND,li1,75.6700,146.8800,0.000021
FILLER_49_148,VGND,li1,74.2900,146.8800,0.000021
FILLER_49_145,VGND,li1,72.9100,146.8800,0.000021
FILLER_49_142,VGND,li1,71.5300,146.8800,0.000021
FILLER_49_113,VGND,li1,57.7300,146.8800,0.000020
FILLER_49_111,VGND,li1,56.8100,146.8800,0.000019
FILLER_49_108,VGND,li1,55.8900,146.8800,0.000019
FILLER_49_105,VGND,li1,54.5100,146.8800,0.000019
FILLER_49_102,VGND,li1,53.1300,146.8800,0.000019
FILLER_49_99,VGND,li1,51.7500,146.8800,0.000019
FILLER_49_76,VGND,li1,40.9400,146.8800,0.000015
FILLER_49_73,VGND,li1,39.7900,146.8800,0.000015
FILLER_49_70,VGND,li1,38.4100,146.8800,0.000015
FILLER_49_44,VGND,li1,26.2200,146.8800,0.000010
FILLER_48_307,VGND,li1,146.9700,141.4400,0.000026
FILLER_48_304,VGND,li1,146.0500,141.4400,0.000026
FILLER_48_301,VGND,li1,144.6700,141.4400,0.000026
FILLER_48_298,VGND,li1,143.2900,141.4400,0.000026
FILLER_48_295,VGND,li1,141.9100,141.4400,0.000026
FILLER_48_292,VGND,li1,140.5300,141.4400,0.000026
FILLER_48_289,VGND,li1,139.1500,141.4400,0.000026
FILLER_48_286,VGND,li1,137.7700,141.4400,0.000026
FILLER_48_283,VGND,li1,136.3900,141.4400,0.000026
FILLER_48_280,VGND,li1,135.0100,141.4400,0.000026
FILLER_48_277,VGND,li1,133.6300,141.4400,0.000026
FILLER_48_274,VGND,li1,132.2500,141.4400,0.000026
FILLER_48_271,VGND,li1,130.8700,141.4400,0.000026
FILLER_48_268,VGND,li1,129.4900,141.4400,0.000026
FILLER_48_265,VGND,li1,128.1100,141.4400,0.000026
FILLER_48_262,VGND,li1,126.7300,141.4400,0.000026
FILLER_48_259,VGND,li1,125.3500,141.4400,0.000026
FILLER_48_256,VGND,li1,123.9700,141.4400,0.000026
FILLER_48_253,VGND,li1,122.5900,141.4400,0.000026
FILLER_48_251,VGND,li1,121.2100,141.4400,0.000026
FILLER_48_248,VGND,li1,120.2900,141.4400,0.000026
FILLER_48_245,VGND,li1,118.9100,141.4400,0.000026
FILLER_48_242,VGND,li1,117.5300,141.4400,0.000025
FILLER_48_239,VGND,li1,116.1500,141.4400,0.000025
FILLER_48_236,VGND,li1,114.7700,141.4400,0.000025
FILLER_48_233,VGND,li1,113.3900,141.4400,0.000025
FILLER_48_230,VGND,li1,112.0100,141.4400,0.000025
FILLER_48_227,VGND,li1,110.6300,141.4400,0.000025
FILLER_48_224,VGND,li1,109.2500,141.4400,0.000025
FILLER_48_221,VGND,li1,107.8700,141.4400,0.000025
FILLER_48_218,VGND,li1,106.4900,141.4400,0.000025
FILLER_48_215,VGND,li1,105.1100,141.4400,0.000025
FILLER_48_212,VGND,li1,103.7300,141.4400,0.000025
FILLER_48_209,VGND,li1,102.3500,141.4400,0.000025
FILLER_48_206,VGND,li1,100.9700,141.4400,0.000025
FILLER_48_203,VGND,li1,99.5900,141.4400,0.000025
FILLER_48_200,VGND,li1,98.2100,141.4400,0.000025
FILLER_48_197,VGND,li1,96.8300,141.4400,0.000025
FILLER_48_195,VGND,li1,95.4500,141.4400,0.000025
FILLER_48_192,VGND,li1,94.5300,141.4400,0.000025
FILLER_48_189,VGND,li1,93.1500,141.4400,0.000025
FILLER_48_186,VGND,li1,91.7700,141.4400,0.000025
FILLER_48_183,VGND,li1,90.3900,141.4400,0.000025
FILLER_48_180,VGND,li1,89.0100,141.4400,0.000025
FILLER_48_177,VGND,li1,87.6300,141.4400,0.000025
FILLER_48_174,VGND,li1,86.2500,141.4400,0.000025
FILLER_48_171,VGND,li1,84.8700,141.4400,0.000025
FILLER_48_168,VGND,li1,83.4900,141.4400,0.000025
FILLER_48_165,VGND,li1,82.1100,141.4400,0.000025
FILLER_48_162,VGND,li1,80.7300,141.4400,0.000025
FILLER_48_159,VGND,li1,79.3500,141.4400,0.000025
FILLER_48_156,VGND,li1,77.9700,141.4400,0.000025
FILLER_48_153,VGND,li1,76.5900,141.4400,0.000025
FILLER_48_150,VGND,li1,75.2100,141.4400,0.000025
FILLER_48_147,VGND,li1,73.8300,141.4400,0.000025
FILLER_48_144,VGND,li1,72.4500,141.4400,0.000025
FILLER_48_141,VGND,li1,71.0700,141.4400,0.000025
FILLER_48_139,VGND,li1,69.6900,141.4400,0.000025
FILLER_48_136,VGND,li1,68.7700,141.4400,0.000025
FILLER_48_106,VGND,li1,54.9700,141.4400,0.000023
FILLER_48_74,VGND,li1,40.0200,141.4400,0.000018
FILLER_48_71,VGND,li1,38.8700,141.4400,0.000017
FILLER_48_39,VGND,li1,23.9200,141.4400,0.000010
FILLER_48_29,VGND,li1,19.5500,141.4400,0.000011
FILLER_48_14,VGND,li1,12.1900,141.4400,0.000011
FILLER_48_11,VGND,li1,11.2700,141.4400,0.000011
FILLER_47_305,VGND,li1,146.5100,141.4400,0.000026
FILLER_47_302,VGND,li1,145.1300,141.4400,0.000026
FILLER_47_299,VGND,li1,143.7500,141.4400,0.000026
FILLER_47_296,VGND,li1,142.3700,141.4400,0.000026
FILLER_47_293,VGND,li1,140.9900,141.4400,0.000026
FILLER_47_290,VGND,li1,139.6100,141.4400,0.000026
FILLER_47_287,VGND,li1,138.2300,141.4400,0.000026
FILLER_47_284,VGND,li1,136.8500,141.4400,0.000026
FILLER_47_281,VGND,li1,135.4700,141.4400,0.000026
FILLER_47_277,VGND,li1,133.6300,141.4400,0.000026
FILLER_47_274,VGND,li1,132.2500,141.4400,0.000026
FILLER_47_264,VGND,li1,127.6500,141.4400,0.000026
FILLER_47_261,VGND,li1,126.2700,141.4400,0.000026
FILLER_47_258,VGND,li1,124.8900,141.4400,0.000026
FILLER_47_255,VGND,li1,123.5100,141.4400,0.000026
FILLER_47_252,VGND,li1,122.1300,141.4400,0.000026
FILLER_47_249,VGND,li1,120.7500,141.4400,0.000026
FILLER_47_246,VGND,li1,119.3700,141.4400,0.000026
FILLER_47_243,VGND,li1,117.9900,141.4400,0.000025
FILLER_47_240,VGND,li1,116.6100,141.4400,0.000025
FILLER_47_237,VGND,li1,115.2300,141.4400,0.000025
FILLER_47_234,VGND,li1,113.8500,141.4400,0.000025
FILLER_47_231,VGND,li1,112.4700,141.4400,0.000025
FILLER_47_228,VGND,li1,111.0900,141.4400,0.000025
FILLER_47_225,VGND,li1,109.7100,141.4400,0.000025
FILLER_47_223,VGND,li1,108.3300,141.4400,0.000025
FILLER_47_220,VGND,li1,107.4100,141.4400,0.000025
FILLER_47_217,VGND,li1,106.0300,141.4400,0.000025
FILLER_47_214,VGND,li1,104.6500,141.4400,0.000025
FILLER_47_211,VGND,li1,103.2700,141.4400,0.000025
FILLER_47_208,VGND,li1,101.8900,141.4400,0.000025
FILLER_47_205,VGND,li1,100.5100,141.4400,0.000025
FILLER_47_202,VGND,li1,99.1300,141.4400,0.000025
FILLER_47_199,VGND,li1,97.7500,141.4400,0.000025
FILLER_47_196,VGND,li1,96.3700,141.4400,0.000025
FILLER_47_193,VGND,li1,94.9900,141.4400,0.000025
FILLER_47_190,VGND,li1,93.6100,141.4400,0.000025
FILLER_47_187,VGND,li1,92.2300,141.4400,0.000025
FILLER_47_184,VGND,li1,90.8500,141.4400,0.000025
FILLER_47_181,VGND,li1,89.4700,141.4400,0.000025
FILLER_47_178,VGND,li1,88.0900,141.4400,0.000025
FILLER_47_175,VGND,li1,86.7100,141.4400,0.000025
FILLER_47_165,VGND,li1,82.1100,141.4400,0.000025
FILLER_47_162,VGND,li1,80.7300,141.4400,0.000025
FILLER_47_159,VGND,li1,79.3500,141.4400,0.000025
FILLER_47_156,VGND,li1,77.9700,141.4400,0.000025
FILLER_47_153,VGND,li1,76.5900,141.4400,0.000025
FILLER_47_150,VGND,li1,75.2100,141.4400,0.000025
FILLER_47_147,VGND,li1,73.8300,141.4400,0.000025
FILLER_47_144,VGND,li1,72.4500,141.4400,0.000025
FILLER_47_141,VGND,li1,71.0700,141.4400,0.000025
FILLER_47_132,VGND,li1,66.7000,141.4400,0.000025
FILLER_47_129,VGND,li1,65.5500,141.4400,0.000025
FILLER_47_116,VGND,li1,59.5700,141.4400,0.000024
FILLER_47_113,VGND,li1,58.1900,141.4400,0.000023
FILLER_47_111,VGND,li1,56.8100,141.4400,0.000023
FILLER_47_95,VGND,li1,49.6800,141.4400,0.000022
FILLER_47_57,VGND,li1,32.2000,141.4400,0.000014
FILLER_47_45,VGND,li1,26.6800,141.4400,0.000011
FILLER_47_42,VGND,li1,25.5300,141.4400,0.000010
FILLER_47_6,VGND,li1,8.7400,141.4400,0.000011
FILLER_47_3,VGND,li1,7.5900,141.4400,0.000011
FILLER_46_305,VGND,li1,146.5100,136.0000,0.000098
FILLER_46_302,VGND,li1,145.1300,136.0000,0.000098
FILLER_46_299,VGND,li1,143.7500,136.0000,0.000098
FILLER_46_296,VGND,li1,142.3700,136.0000,0.000098
FILLER_46_293,VGND,li1,140.9900,136.0000,0.000098
FILLER_46_290,VGND,li1,139.6100,136.0000,0.000098
FILLER_46_287,VGND,li1,138.2300,136.0000,0.000098
FILLER_46_256,VGND,li1,123.7400,136.0000,0.000097
FILLER_46_253,VGND,li1,122.5900,136.0000,0.000097
FILLER_46_250,VGND,li1,120.9800,136.0000,0.000097
FILLER_46_247,VGND,li1,119.8300,136.0000,0.000097
FILLER_46_244,VGND,li1,118.4500,136.0000,0.000096
FILLER_46_241,VGND,li1,117.0700,136.0000,0.000096
FILLER_46_238,VGND,li1,115.6900,136.0000,0.000096
FILLER_46_235,VGND,li1,114.3100,136.0000,0.000095
FILLER_46_232,VGND,li1,112.9300,136.0000,0.000095
FILLER_46_229,VGND,li1,111.5500,136.0000,0.000095
FILLER_46_226,VGND,li1,110.1700,136.0000,0.000095
FILLER_46_223,VGND,li1,108.7900,136.0000,0.000094
FILLER_46_220,VGND,li1,107.4100,136.0000,0.000094
FILLER_46_212,VGND,li1,103.2700,136.0000,0.000093
FILLER_46_209,VGND,li1,102.3500,136.0000,0.000093
FILLER_46_206,VGND,li1,100.9700,136.0000,0.000092
FILLER_46_203,VGND,li1,99.5900,136.0000,0.000092
FILLER_46_200,VGND,li1,98.2100,136.0000,0.000092
FILLER_46_197,VGND,li1,96.8300,136.0000,0.000092
FILLER_46_195,VGND,li1,95.4500,136.0000,0.000091
FILLER_46_192,VGND,li1,94.5300,136.0000,0.000091
FILLER_46_161,VGND,li1,80.0400,136.0000,0.000086
FILLER_46_158,VGND,li1,78.8900,136.0000,0.000086
FILLER_46_155,VGND,li1,77.5100,136.0000,0.000085
FILLER_46_152,VGND,li1,76.1300,136.0000,0.000084
FILLER_46_149,VGND,li1,74.7500,136.0000,0.000084
FILLER_46_141,VGND,li1,70.6100,136.0000,0.000082
FILLER_46_110,VGND,li1,56.5800,136.0000,0.000071
FILLER_46_104,VGND,li1,54.0500,136.0000,0.000069
FILLER_46_93,VGND,li1,48.9900,136.0000,0.000064
FILLER_46_85,VGND,li1,44.8500,136.0000,0.000057
FILLER_46_81,VGND,li1,43.4700,136.0000,0.000057
FILLER_46_78,VGND,li1,42.0900,136.0000,0.000055
FILLER_46_74,VGND,li1,39.7900,136.0000,0.000052
FILLER_46_71,VGND,li1,38.8700,136.0000,0.000050
FILLER_46_68,VGND,li1,37.4900,136.0000,0.000050
FILLER_46_53,VGND,li1,30.5900,136.0000,0.000038
FILLER_46_50,VGND,li1,29.2100,136.0000,0.000034
FILLER_46_47,VGND,li1,27.8300,136.0000,0.000029
FILLER_46_44,VGND,li1,26.4500,136.0000,0.000029
FILLER_46_29,VGND,li1,19.3200,136.0000,0.000027
FILLER_46_26,VGND,li1,17.9400,136.0000,0.000027
FILLER_45_306,VGND,li1,146.7400,136.0000,0.000098
FILLER_45_303,VGND,li1,145.5900,136.0000,0.000098
FILLER_45_300,VGND,li1,144.2100,136.0000,0.000098
FILLER_45_291,VGND,li1,139.8400,136.0000,0.000098
FILLER_45_288,VGND,li1,138.6900,136.0000,0.000098
FILLER_45_277,VGND,li1,133.6300,136.0000,0.000098
FILLER_45_274,VGND,li1,132.2500,136.0000,0.000098
FILLER_45_271,VGND,li1,130.8700,136.0000,0.000098
FILLER_45_261,VGND,li1,126.0400,136.0000,0.000098
FILLER_45_258,VGND,li1,124.8900,136.0000,0.000097
FILLER_45_255,VGND,li1,123.5100,136.0000,0.000097
FILLER_45_252,VGND,li1,122.1300,136.0000,0.000097
FILLER_45_249,VGND,li1,120.7500,136.0000,0.000097
FILLER_45_246,VGND,li1,119.3700,136.0000,0.000097
FILLER_45_236,VGND,li1,114.7700,136.0000,0.000096
FILLER_45_233,VGND,li1,113.3900,136.0000,0.000095
FILLER_45_222,VGND,li1,108.1000,136.0000,0.000094
FILLER_45_201,VGND,li1,98.4400,136.0000,0.000092
FILLER_45_198,VGND,li1,97.2900,136.0000,0.000092
FILLER_45_195,VGND,li1,95.9100,136.0000,0.000091
FILLER_45_192,VGND,li1,94.5300,136.0000,0.000091
FILLER_45_189,VGND,li1,93.1500,136.0000,0.000090
FILLER_45_186,VGND,li1,91.7700,136.0000,0.000090
FILLER_45_169,VGND,li1,83.4900,136.0000,0.000088
FILLER_45_166,VGND,li1,82.3400,136.0000,0.000087
FILLER_45_161,VGND,li1,80.0400,136.0000,0.000086
FILLER_45_158,VGND,li1,78.8900,136.0000,0.000086
FILLER_45_155,VGND,li1,77.5100,136.0000,0.000085
FILLER_45_152,VGND,li1,76.1300,136.0000,0.000084
FILLER_45_142,VGND,li1,71.3000,136.0000,0.000082
FILLER_45_116,VGND,li1,59.1100,136.0000,0.000073
FILLER_45_113,VGND,li1,58.1900,136.0000,0.000073
FILLER_45_109,VGND,li1,56.3500,136.0000,0.000071
FILLER_45_106,VGND,li1,54.9700,136.0000,0.000069
FILLER_45_83,VGND,li1,44.1600,136.0000,0.000057
FILLER_45_80,VGND,li1,43.0100,136.0000,0.000055
FILLER_45_77,VGND,li1,41.6300,136.0000,0.000055
FILLER_45_57,VGND,li1,31.9700,136.0000,0.000038
FILLER_45_55,VGND,li1,31.0500,136.0000,0.000038
FILLER_45_52,VGND,li1,30.1300,136.0000,0.000034
FILLER_45_49,VGND,li1,28.7500,136.0000,0.000034
FILLER_45_46,VGND,li1,27.3700,136.0000,0.000029
FILLER_45_43,VGND,li1,25.9900,136.0000,0.000025
FILLER_45_40,VGND,li1,24.6100,136.0000,0.000025
FILLER_44_305,VGND,li1,146.5100,130.5600,0.000170
FILLER_44_302,VGND,li1,145.1300,130.5600,0.000170
FILLER_44_271,VGND,li1,130.6400,130.5600,0.000168
FILLER_44_261,VGND,li1,126.2700,130.5600,0.000167
FILLER_44_258,VGND,li1,124.8900,130.5600,0.000167
FILLER_44_250,VGND,li1,120.9800,130.5600,0.000167
FILLER_44_200,VGND,li1,97.7500,130.5600,0.000158
FILLER_44_197,VGND,li1,96.8300,130.5600,0.000156
FILLER_44_194,VGND,li1,95.2200,130.5600,0.000155
FILLER_44_170,VGND,li1,84.4100,130.5600,0.000146
FILLER_44_148,VGND,li1,73.8300,130.5600,0.000136
FILLER_44_138,VGND,li1,69.4600,130.5600,0.000129
FILLER_44_99,VGND,li1,51.5200,130.5600,0.000093
FILLER_44_96,VGND,li1,50.3700,130.5600,0.000093
FILLER_44_88,VGND,li1,46.2300,130.5600,0.000080
FILLER_44_85,VGND,li1,45.3100,130.5600,0.000080
FILLER_44_83,VGND,li1,43.9300,130.5600,0.000076
FILLER_44_80,VGND,li1,43.0100,130.5600,0.000071
FILLER_44_77,VGND,li1,41.6300,130.5600,0.000071
FILLER_44_74,VGND,li1,40.2500,130.5600,0.000066
FILLER_44_58,VGND,li1,32.4300,130.5600,0.000045
FILLER_44_34,VGND,li1,21.8500,130.5600,0.000028
FILLER_44_26,VGND,li1,17.9400,130.5600,0.000028
FILLER_43_307,VGND,li1,146.9700,130.5600,0.000170
FILLER_43_304,VGND,li1,146.0500,130.5600,0.000170
FILLER_43_301,VGND,li1,144.6700,130.5600,0.000170
FILLER_43_298,VGND,li1,143.2900,130.5600,0.000170
FILLER_43_295,VGND,li1,141.9100,130.5600,0.000170
FILLER_43_279,VGND,li1,134.0900,130.5600,0.000169
FILLER_43_244,VGND,li1,118.2200,130.5600,0.000166
FILLER_43_228,VGND,li1,111.0900,130.5600,0.000164
FILLER_43_225,VGND,li1,109.7100,130.5600,0.000164
FILLER_43_201,VGND,li1,98.4400,130.5600,0.000158
FILLER_43_198,VGND,li1,97.2900,130.5600,0.000156
FILLER_43_195,VGND,li1,95.9100,130.5600,0.000156
FILLER_43_178,VGND,li1,88.0900,130.5600,0.000149
FILLER_43_175,VGND,li1,86.7100,130.5600,0.000149
FILLER_43_172,VGND,li1,85.3300,130.5600,0.000146
FILLER_43_169,VGND,li1,83.9500,130.5600,0.000146
FILLER_43_165,VGND,li1,82.1100,130.5600,0.000144
FILLER_43_157,VGND,li1,77.9700,130.5600,0.000140
FILLER_43_148,VGND,li1,73.8300,130.5600,0.000136
FILLER_43_126,VGND,li1,63.7100,130.5600,0.000123
FILLER_43_123,VGND,li1,62.7900,130.5600,0.000118
FILLER_43_120,VGND,li1,61.4100,130.5600,0.000118
FILLER_43_111,VGND,li1,56.8100,130.5600,0.000106
FILLER_43_108,VGND,li1,55.8900,130.5600,0.000106
FILLER_43_105,VGND,li1,54.5100,130.5600,0.000099
FILLER_43_102,VGND,li1,53.1300,130.5600,0.000099
FILLER_43_99,VGND,li1,51.7500,130.5600,0.000093
FILLER_43_96,VGND,li1,50.3700,130.5600,0.000093
FILLER_43_93,VGND,li1,48.9900,130.5600,0.000086
FILLER_43_90,VGND,li1,47.6100,130.5600,0.000086
FILLER_43_87,VGND,li1,46.2300,130.5600,0.000080
FILLER_43_84,VGND,li1,44.8500,130.5600,0.000076
FILLER_43_81,VGND,li1,43.4700,130.5600,0.000076
FILLER_43_78,VGND,li1,42.0900,130.5600,0.000071
FILLER_43_75,VGND,li1,40.7100,130.5600,0.000066
FILLER_43_72,VGND,li1,39.3300,130.5600,0.000066
FILLER_43_69,VGND,li1,37.9500,130.5600,0.000059
FILLER_43_66,VGND,li1,36.5700,130.5600,0.000059
FILLER_43_63,VGND,li1,35.1900,130.5600,0.000053
FILLER_43_60,VGND,li1,33.8100,130.5600,0.000053
FILLER_43_57,VGND,li1,32.4300,130.5600,0.000045
FILLER_43_54,VGND,li1,30.8200,130.5600,0.000045
FILLER_43_44,VGND,li1,26.4500,130.5600,0.000035
FILLER_43_41,VGND,li1,25.0700,130.5600,0.000027
FILLER_43_38,VGND,li1,23.6900,130.5600,0.000027
FILLER_43_35,VGND,li1,22.3100,130.5600,0.000028
FILLER_43_32,VGND,li1,20.9300,130.5600,0.000028
FILLER_43_29,VGND,li1,19.5500,130.5600,0.000028
FILLER_43_26,VGND,li1,18.1700,130.5600,0.000028
FILLER_43_11,VGND,li1,11.0400,130.5600,0.000028
FILLER_42_307,VGND,li1,146.9700,125.1200,0.000275
FILLER_42_253,VGND,li1,122.1300,125.1200,0.000261
FILLER_42_243,VGND,li1,117.5300,125.1200,0.000255
FILLER_42_240,VGND,li1,116.6100,125.1200,0.000255
FILLER_42_227,VGND,li1,110.1700,125.1200,0.000245
FILLER_42_224,VGND,li1,109.2500,125.1200,0.000242
FILLER_42_208,VGND,li1,101.6600,125.1200,0.000230
FILLER_42_205,VGND,li1,100.5100,125.1200,0.000230
FILLER_42_187,VGND,li1,91.7700,125.1200,0.000214
FILLER_42_177,VGND,li1,87.6300,125.1200,0.000204
FILLER_42_174,VGND,li1,86.2500,125.1200,0.000196
FILLER_42_171,VGND,li1,84.8700,125.1200,0.000196
FILLER_42_168,VGND,li1,83.4900,125.1200,0.000191
FILLER_42_165,VGND,li1,82.1100,125.1200,0.000185
FILLER_42_162,VGND,li1,80.7300,125.1200,0.000185
FILLER_42_159,VGND,li1,79.3500,125.1200,0.000179
FILLER_42_156,VGND,li1,77.9700,125.1200,0.000174
FILLER_42_153,VGND,li1,76.5900,125.1200,0.000174
FILLER_42_150,VGND,li1,75.2100,125.1200,0.000167
FILLER_42_147,VGND,li1,73.8300,125.1200,0.000167
FILLER_42_144,VGND,li1,72.4500,125.1200,0.000162
FILLER_42_141,VGND,li1,71.0700,125.1200,0.000157
FILLER_42_138,VGND,li1,69.4600,125.1200,0.000152
FILLER_42_135,VGND,li1,68.3100,125.1200,0.000152
FILLER_42_132,VGND,li1,66.9300,125.1200,0.000145
FILLER_42_129,VGND,li1,65.5500,125.1200,0.000145
FILLER_42_126,VGND,li1,64.1700,125.1200,0.000140
FILLER_42_123,VGND,li1,62.7900,125.1200,0.000135
FILLER_42_120,VGND,li1,61.4100,125.1200,0.000130
FILLER_42_117,VGND,li1,60.0300,125.1200,0.000130
FILLER_42_114,VGND,li1,58.6500,125.1200,0.000125
FILLER_42_111,VGND,li1,57.2700,125.1200,0.000119
FILLER_42_108,VGND,li1,55.8900,125.1200,0.000119
FILLER_42_105,VGND,li1,54.5100,125.1200,0.000113
FILLER_42_102,VGND,li1,53.1300,125.1200,0.000108
FILLER_42_99,VGND,li1,51.7500,125.1200,0.000108
FILLER_42_96,VGND,li1,50.3700,125.1200,0.000102
FILLER_42_93,VGND,li1,48.9900,125.1200,0.000097
FILLER_42_90,VGND,li1,47.6100,125.1200,0.000097
FILLER_42_76,VGND,li1,40.7100,125.1200,0.000076
FILLER_42_73,VGND,li1,39.7900,125.1200,0.000076
FILLER_42_70,VGND,li1,38.4100,125.1200,0.000068
FILLER_42_67,VGND,li1,37.0300,125.1200,0.000068
FILLER_42_64,VGND,li1,35.6500,125.1200,0.000060
FILLER_42_61,VGND,li1,34.2700,125.1200,0.000060
FILLER_42_45,VGND,li1,26.9100,125.1200,0.000039
FILLER_42_42,VGND,li1,25.5300,125.1200,0.000034
FILLER_42_39,VGND,li1,24.1500,125.1200,0.000035
FILLER_42_36,VGND,li1,22.7700,125.1200,0.000035
FILLER_42_26,VGND,li1,17.9400,125.1200,0.000036
FILLER_41_305,VGND,li1,146.5100,125.1200,0.000275
FILLER_41_302,VGND,li1,145.1300,125.1200,0.000275
FILLER_41_279,VGND,li1,134.0900,125.1200,0.000273
FILLER_41_276,VGND,li1,133.1700,125.1200,0.000272
FILLER_41_258,VGND,li1,124.8900,125.1200,0.000264
FILLER_41_255,VGND,li1,123.5100,125.1200,0.000264
FILLER_41_231,VGND,li1,112.4700,125.1200,0.000248
FILLER_41_228,VGND,li1,111.0900,125.1200,0.000245
FILLER_41_225,VGND,li1,109.7100,125.1200,0.000242
FILLER_41_222,VGND,li1,108.1000,125.1200,0.000242
FILLER_41_219,VGND,li1,106.9500,125.1200,0.000238
FILLER_41_216,VGND,li1,105.5700,125.1200,0.000238
FILLER_41_213,VGND,li1,104.1900,125.1200,0.000234
FILLER_41_210,VGND,li1,102.8100,125.1200,0.000234
FILLER_41_207,VGND,li1,101.4300,125.1200,0.000230
FILLER_41_180,VGND,li1,88.5500,125.1200,0.000204
FILLER_41_177,VGND,li1,87.6300,125.1200,0.000204
FILLER_41_166,VGND,li1,82.3400,125.1200,0.000185
FILLER_41_163,VGND,li1,81.1900,125.1200,0.000185
FILLER_41_160,VGND,li1,79.8100,125.1200,0.000179
FILLER_41_157,VGND,li1,78.4300,125.1200,0.000179
FILLER_41_154,VGND,li1,77.0500,125.1200,0.000174
FILLER_41_140,VGND,li1,70.6100,125.1200,0.000157
FILLER_41_137,VGND,li1,69.2300,125.1200,0.000152
FILLER_41_122,VGND,li1,61.8700,125.1200,0.000135
FILLER_41_113,VGND,li1,57.9600,125.1200,0.000125
FILLER_41_109,VGND,li1,56.3500,125.1200,0.000119
FILLER_41_106,VGND,li1,54.9700,125.1200,0.000113
FILLER_41_103,VGND,li1,53.5900,125.1200,0.000113
FILLER_41_100,VGND,li1,52.2100,125.1200,0.000108
FILLER_41_97,VGND,li1,50.8300,125.1200,0.000102
FILLER_41_94,VGND,li1,49.4500,125.1200,0.000102
FILLER_41_70,VGND,li1,38.4100,125.1200,0.000068
FILLER_40_306,VGND,li1,146.7400,119.6800,0.000100
FILLER_40_303,VGND,li1,145.5900,119.6800,0.000100
FILLER_40_300,VGND,li1,144.2100,119.6800,0.000100
FILLER_40_291,VGND,li1,139.8400,119.6800,0.000100
FILLER_40_288,VGND,li1,138.6900,119.6800,0.000100
FILLER_40_285,VGND,li1,137.3100,119.6800,0.000100
FILLER_40_268,VGND,li1,129.4900,119.6800,0.000100
FILLER_40_265,VGND,li1,128.1100,119.6800,0.000100
FILLER_40_262,VGND,li1,126.7300,119.6800,0.000100
FILLER_40_259,VGND,li1,125.3500,119.6800,0.000100
FILLER_40_256,VGND,li1,123.9700,119.6800,0.000100
FILLER_40_253,VGND,li1,122.5900,119.6800,0.000100
FILLER_40_250,VGND,li1,120.9800,119.6800,0.000100
FILLER_40_233,VGND,li1,112.9300,119.6800,0.000100
FILLER_40_230,VGND,li1,112.0100,119.6800,0.000100
FILLER_40_227,VGND,li1,110.6300,119.6800,0.000100
FILLER_40_224,VGND,li1,109.2500,119.6800,0.000100
FILLER_40_221,VGND,li1,107.8700,119.6800,0.000099
FILLER_40_218,VGND,li1,106.4900,119.6800,0.000099
FILLER_40_215,VGND,li1,105.1100,119.6800,0.000099
FILLER_40_212,VGND,li1,103.7300,119.6800,0.000099
FILLER_40_209,VGND,li1,102.3500,119.6800,0.000099
FILLER_40_206,VGND,li1,100.9700,119.6800,0.000099
FILLER_40_197,VGND,li1,96.6000,119.6800,0.000099
FILLER_40_172,VGND,li1,85.3300,119.6800,0.000095
FILLER_40_169,VGND,li1,83.9500,119.6800,0.000094
FILLER_40_132,VGND,li1,66.4700,119.6800,0.000080
FILLER_40_129,VGND,li1,65.5500,119.6800,0.000080
FILLER_40_106,VGND,li1,54.7400,119.6800,0.000067
FILLER_40_96,VGND,li1,50.1400,119.6800,0.000058
FILLER_40_93,VGND,li1,48.9900,119.6800,0.000058
FILLER_40_67,VGND,li1,36.8000,119.6800,0.000037
FILLER_40_64,VGND,li1,35.6500,119.6800,0.000037
FILLER_40_26,VGND,li1,17.9400,119.6800,0.000020
FILLER_40_3,VGND,li1,7.3600,119.6800,0.000020
FILLER_39_305,VGND,li1,146.5100,119.6800,0.000100
FILLER_39_302,VGND,li1,145.1300,119.6800,0.000100
FILLER_39_299,VGND,li1,143.7500,119.6800,0.000100
FILLER_39_296,VGND,li1,142.3700,119.6800,0.000100
FILLER_39_293,VGND,li1,140.9900,119.6800,0.000100
FILLER_39_290,VGND,li1,139.6100,119.6800,0.000100
FILLER_39_287,VGND,li1,138.2300,119.6800,0.000100
FILLER_39_284,VGND,li1,136.8500,119.6800,0.000100
FILLER_39_281,VGND,li1,135.4700,119.6800,0.000100
FILLER_39_274,VGND,li1,131.7900,119.6800,0.000100
FILLER_39_271,VGND,li1,130.8700,119.6800,0.000100
FILLER_39_268,VGND,li1,129.4900,119.6800,0.000100
FILLER_39_265,VGND,li1,128.1100,119.6800,0.000100
FILLER_39_262,VGND,li1,126.7300,119.6800,0.000100
FILLER_39_259,VGND,li1,125.3500,119.6800,0.000100
FILLER_39_256,VGND,li1,123.9700,119.6800,0.000100
FILLER_39_253,VGND,li1,122.5900,119.6800,0.000100
FILLER_39_250,VGND,li1,121.2100,119.6800,0.000100
FILLER_39_233,VGND,li1,112.9300,119.6800,0.000100
FILLER_39_225,VGND,li1,109.2500,119.6800,0.000100
FILLER_39_222,VGND,li1,108.1000,119.6800,0.000099
FILLER_39_219,VGND,li1,106.9500,119.6800,0.000099
FILLER_39_216,VGND,li1,105.5700,119.6800,0.000099
FILLER_39_213,VGND,li1,104.1900,119.6800,0.000099
FILLER_39_210,VGND,li1,102.8100,119.6800,0.000099
FILLER_39_199,VGND,li1,97.7500,119.6800,0.000099
FILLER_39_177,VGND,li1,87.1700,119.6800,0.000096
FILLER_39_111,VGND,li1,56.8100,119.6800,0.000069
FILLER_39_60,VGND,li1,33.5800,119.6800,0.000034
FILLER_39_57,VGND,li1,32.4300,119.6800,0.000031
FILLER_39_54,VGND,li1,30.8200,119.6800,0.000027
FILLER_39_20,VGND,li1,14.9500,119.6800,0.000020
FILLER_39_17,VGND,li1,14.0300,119.6800,0.000020
FILLER_39_6,VGND,li1,8.9700,119.6800,0.000020
FILLER_39_3,VGND,li1,7.5900,119.6800,0.000020
FILLER_38_307,VGND,li1,146.9700,114.2400,0.000105
FILLER_38_304,VGND,li1,146.0500,114.2400,0.000105
FILLER_38_301,VGND,li1,144.6700,114.2400,0.000105
FILLER_38_298,VGND,li1,143.2900,114.2400,0.000105
FILLER_38_288,VGND,li1,138.6900,114.2400,0.000104
FILLER_38_285,VGND,li1,137.3100,114.2400,0.000104
FILLER_38_276,VGND,li1,132.7100,114.2400,0.000103
FILLER_38_268,VGND,li1,129.0300,114.2400,0.000103
FILLER_38_265,VGND,li1,128.1100,114.2400,0.000103
FILLER_38_262,VGND,li1,126.7300,114.2400,0.000102
FILLER_38_259,VGND,li1,125.3500,114.2400,0.000102
FILLER_38_256,VGND,li1,123.9700,114.2400,0.000102
FILLER_38_253,VGND,li1,122.5900,114.2400,0.000101
FILLER_38_250,VGND,li1,120.9800,114.2400,0.000101
FILLER_38_197,VGND,li1,96.8300,114.2400,0.000093
FILLER_38_195,VGND,li1,95.4500,114.2400,0.000091
FILLER_38_192,VGND,li1,94.5300,114.2400,0.000091
FILLER_38_184,VGND,li1,90.3900,114.2400,0.000087
FILLER_38_181,VGND,li1,89.4700,114.2400,0.000087
FILLER_38_178,VGND,li1,88.0900,114.2400,0.000085
FILLER_38_175,VGND,li1,86.7100,114.2400,0.000085
FILLER_38_159,VGND,li1,78.8900,114.2400,0.000078
FILLER_38_156,VGND,li1,77.9700,114.2400,0.000078
FILLER_38_147,VGND,li1,73.3700,114.2400,0.000074
FILLER_38_144,VGND,li1,72.4500,114.2400,0.000074
FILLER_38_130,VGND,li1,65.7800,114.2400,0.000068
FILLER_38_107,VGND,li1,55.2000,114.2400,0.000058
FILLER_38_104,VGND,li1,54.0500,114.2400,0.000058
FILLER_38_88,VGND,li1,46.2300,114.2400,0.000050
FILLER_38_85,VGND,li1,45.3100,114.2400,0.000048
FILLER_38_67,VGND,li1,36.8000,114.2400,0.000039
FILLER_38_64,VGND,li1,35.6500,114.2400,0.000036
FILLER_38_61,VGND,li1,34.2700,114.2400,0.000036
FILLER_38_58,VGND,li1,32.8900,114.2400,0.000033
FILLER_38_37,VGND,li1,23.0000,114.2400,0.000026
FILLER_38_25,VGND,li1,17.7100,114.2400,0.000027
FILLER_38_6,VGND,li1,8.7400,114.2400,0.000028
FILLER_38_3,VGND,li1,7.5900,114.2400,0.000028
FILLER_37_305,VGND,li1,146.5100,114.2400,0.000105
FILLER_37_302,VGND,li1,145.1300,114.2400,0.000105
FILLER_37_279,VGND,li1,134.0900,114.2400,0.000103
FILLER_37_260,VGND,li1,125.3500,114.2400,0.000102
FILLER_37_257,VGND,li1,124.4300,114.2400,0.000102
FILLER_37_254,VGND,li1,123.0500,114.2400,0.000102
FILLER_37_251,VGND,li1,121.6700,114.2400,0.000101
FILLER_37_248,VGND,li1,120.2900,114.2400,0.000101
FILLER_37_245,VGND,li1,118.9100,114.2400,0.000101
FILLER_37_236,VGND,li1,114.3100,114.2400,0.000100
FILLER_37_233,VGND,li1,113.3900,114.2400,0.000100
FILLER_37_225,VGND,li1,109.2500,114.2400,0.000098
FILLER_37_223,VGND,li1,108.3300,114.2400,0.000098
FILLER_37_220,VGND,li1,107.4100,114.2400,0.000097
FILLER_37_217,VGND,li1,106.0300,114.2400,0.000097
FILLER_37_187,VGND,li1,92.0000,114.2400,0.000089
FILLER_37_184,VGND,li1,90.8500,114.2400,0.000087
FILLER_37_181,VGND,li1,89.4700,114.2400,0.000087
FILLER_37_178,VGND,li1,88.0900,114.2400,0.000085
FILLER_37_175,VGND,li1,86.7100,114.2400,0.000085
FILLER_37_172,VGND,li1,85.3300,114.2400,0.000083
FILLER_37_169,VGND,li1,83.9500,114.2400,0.000082
FILLER_37_166,VGND,li1,82.3400,114.2400,0.000082
FILLER_37_158,VGND,li1,78.4300,114.2400,0.000078
FILLER_37_141,VGND,li1,70.8400,114.2400,0.000072
FILLER_37_138,VGND,li1,69.6900,114.2400,0.000072
FILLER_37_116,VGND,li1,59.3400,114.2400,0.000062
FILLER_37_113,VGND,li1,58.1900,114.2400,0.000062
FILLER_37_109,VGND,li1,56.3500,114.2400,0.000060
FILLER_37_99,VGND,li1,51.7500,114.2400,0.000054
FILLER_37_96,VGND,li1,50.3700,114.2400,0.000054
FILLER_37_73,VGND,li1,39.5600,114.2400,0.000042
FILLER_37_70,VGND,li1,38.4100,114.2400,0.000039
FILLER_37_67,VGND,li1,37.0300,114.2400,0.000039
FILLER_37_57,VGND,li1,32.2000,114.2400,0.000033
FILLER_37_46,VGND,li1,26.9100,114.2400,0.000027
FILLER_37_6,VGND,li1,8.5100,114.2400,0.000028
FILLER_37_3,VGND,li1,7.5900,114.2400,0.000028
FILLER_36_307,VGND,li1,146.9700,108.8000,0.000163
FILLER_36_304,VGND,li1,146.0500,108.8000,0.000163
FILLER_36_301,VGND,li1,144.6700,108.8000,0.000163
FILLER_36_259,VGND,li1,125.3500,108.8000,0.000158
FILLER_36_256,VGND,li1,123.9700,108.8000,0.000158
FILLER_36_253,VGND,li1,122.5900,108.8000,0.000157
FILLER_36_249,VGND,li1,120.7500,108.8000,0.000156
FILLER_36_246,VGND,li1,119.3700,108.8000,0.000156
FILLER_36_243,VGND,li1,117.9900,108.8000,0.000155
FILLER_36_240,VGND,li1,116.6100,108.8000,0.000155
FILLER_36_237,VGND,li1,115.2300,108.8000,0.000154
FILLER_36_234,VGND,li1,113.8500,108.8000,0.000154
FILLER_36_228,VGND,li1,110.6300,108.8000,0.000153
FILLER_36_225,VGND,li1,109.7100,108.8000,0.000152
FILLER_36_222,VGND,li1,108.3300,108.8000,0.000151
FILLER_36_219,VGND,li1,106.9500,108.8000,0.000151
FILLER_36_216,VGND,li1,105.5700,108.8000,0.000150
FILLER_36_213,VGND,li1,104.1900,108.8000,0.000150
FILLER_36_185,VGND,li1,91.3100,108.8000,0.000144
FILLER_36_182,VGND,li1,89.9300,108.8000,0.000142
FILLER_36_179,VGND,li1,88.5500,108.8000,0.000142
FILLER_36_176,VGND,li1,87.1700,108.8000,0.000141
FILLER_36_173,VGND,li1,85.7900,108.8000,0.000139
FILLER_36_170,VGND,li1,84.4100,108.8000,0.000139
FILLER_36_167,VGND,li1,83.0300,108.8000,0.000138
FILLER_36_164,VGND,li1,81.6500,108.8000,0.000136
FILLER_36_161,VGND,li1,80.2700,108.8000,0.000136
FILLER_36_144,VGND,li1,72.4500,108.8000,0.000130
FILLER_36_141,VGND,li1,71.0700,108.8000,0.000130
FILLER_36_138,VGND,li1,69.4600,108.8000,0.000128
FILLER_36_116,VGND,li1,59.5700,108.8000,0.000121
FILLER_36_85,VGND,li1,45.3100,108.8000,0.000092
FILLER_36_82,VGND,li1,43.7000,108.8000,0.000087
FILLER_36_79,VGND,li1,42.5500,108.8000,0.000087
FILLER_36_70,VGND,li1,37.9500,108.8000,0.000072
FILLER_36_67,VGND,li1,37.0300,108.8000,0.000072
FILLER_36_25,VGND,li1,17.7100,108.8000,0.000038
FILLER_35_306,VGND,li1,146.7400,108.8000,0.000163
FILLER_35_303,VGND,li1,145.5900,108.8000,0.000163
FILLER_35_281,VGND,li1,135.0100,108.8000,0.000162
FILLER_35_263,VGND,li1,126.7300,108.8000,0.000158
FILLER_35_260,VGND,li1,125.8100,108.8000,0.000158
FILLER_35_241,VGND,li1,117.0700,108.8000,0.000155
FILLER_35_233,VGND,li1,112.9300,108.8000,0.000154
FILLER_35_230,VGND,li1,112.0100,108.8000,0.000153
FILLER_35_221,VGND,li1,107.8700,108.8000,0.000151
FILLER_35_178,VGND,li1,87.6300,108.8000,0.000141
FILLER_35_175,VGND,li1,86.7100,108.8000,0.000141
FILLER_35_172,VGND,li1,85.3300,108.8000,0.000139
FILLER_35_169,VGND,li1,83.9500,108.8000,0.000138
FILLER_35_166,VGND,li1,82.3400,108.8000,0.000138
FILLER_35_163,VGND,li1,81.1900,108.8000,0.000136
FILLER_35_140,VGND,li1,70.1500,108.8000,0.000128
FILLER_35_137,VGND,li1,69.2300,108.8000,0.000128
FILLER_35_134,VGND,li1,67.8500,108.8000,0.000126
FILLER_35_131,VGND,li1,66.4700,108.8000,0.000126
FILLER_35_128,VGND,li1,65.0900,108.8000,0.000125
FILLER_35_113,VGND,li1,57.7300,108.8000,0.000119
FILLER_35_110,VGND,li1,56.5800,108.8000,0.000119
FILLER_35_107,VGND,li1,55.4300,108.8000,0.000117
FILLER_35_79,VGND,li1,42.3200,108.8000,0.000087
FILLER_35_57,VGND,li1,31.9700,108.8000,0.000057
FILLER_35_32,VGND,li1,20.9300,108.8000,0.000037
FILLER_35_3,VGND,li1,7.5900,108.8000,0.000040
FILLER_34_290,VGND,li1,139.3800,103.3600,0.000253
FILLER_34_280,VGND,li1,134.7800,103.3600,0.000252
FILLER_34_262,VGND,li1,126.5000,103.3600,0.000251
FILLER_34_259,VGND,li1,125.3500,103.3600,0.000251
FILLER_34_256,VGND,li1,123.9700,103.3600,0.000251
FILLER_34_253,VGND,li1,122.5900,103.3600,0.000250
FILLER_34_251,VGND,li1,121.2100,103.3600,0.000250
FILLER_34_226,VGND,li1,109.9400,103.3600,0.000247
FILLER_34_197,VGND,li1,96.8300,103.3600,0.000232
FILLER_34_195,VGND,li1,95.4500,103.3600,0.000232
FILLER_34_171,VGND,li1,84.8700,103.3600,0.000210
FILLER_34_141,VGND,li1,70.6100,103.3600,0.000175
FILLER_34_132,VGND,li1,66.9300,103.3600,0.000165
FILLER_34_100,VGND,li1,52.2100,103.3600,0.000125
FILLER_34_75,VGND,li1,40.2500,103.3600,0.000084
FILLER_34_72,VGND,li1,39.3300,103.3600,0.000084
FILLER_34_69,VGND,li1,37.9500,103.3600,0.000078
FILLER_34_53,VGND,li1,30.3600,103.3600,0.000054
FILLER_34_29,VGND,li1,19.5500,103.3600,0.000038
FILLER_34_27,VGND,li1,18.1700,103.3600,0.000038
FILLER_34_24,VGND,li1,17.2500,103.3600,0.000038
FILLER_34_6,VGND,li1,8.5100,103.3600,0.000039
FILLER_34_3,VGND,li1,7.5900,103.3600,0.000039
FILLER_33_292,VGND,li1,140.0700,103.3600,0.000253
FILLER_33_289,VGND,li1,139.1500,103.3600,0.000253
FILLER_33_275,VGND,li1,132.4800,103.3600,0.000252
FILLER_33_262,VGND,li1,126.7300,103.3600,0.000251
FILLER_33_259,VGND,li1,125.3500,103.3600,0.000251
FILLER_33_256,VGND,li1,123.9700,103.3600,0.000251
FILLER_33_253,VGND,li1,122.5900,103.3600,0.000250
FILLER_33_221,VGND,li1,107.8700,103.3600,0.000247
FILLER_33_177,VGND,li1,87.1700,103.3600,0.000215
FILLER_33_131,VGND,li1,66.2400,103.3600,0.000160
FILLER_33_128,VGND,li1,65.0900,103.3600,0.000160
FILLER_33_69,VGND,li1,37.4900,103.3600,0.000078
FILLER_33_60,VGND,li1,33.3500,103.3600,0.000061
FILLER_33_57,VGND,li1,32.4300,103.3600,0.000061
FILLER_33_54,VGND,li1,30.8200,103.3600,0.000054
FILLER_33_51,VGND,li1,29.6700,103.3600,0.000047
FILLER_33_48,VGND,li1,28.2900,103.3600,0.000047
FILLER_33_24,VGND,li1,17.0200,103.3600,0.000038
FILLER_33_3,VGND,li1,7.5900,103.3600,0.000039
FILLER_32_307,VGND,li1,146.9700,97.9200,0.000156
FILLER_32_304,VGND,li1,146.0500,97.9200,0.000156
FILLER_32_294,VGND,li1,141.2200,97.9200,0.000156
FILLER_32_262,VGND,li1,126.7300,97.9200,0.000154
FILLER_32_259,VGND,li1,125.3500,97.9200,0.000154
FILLER_32_256,VGND,li1,123.9700,97.9200,0.000153
FILLER_32_253,VGND,li1,122.5900,97.9200,0.000153
FILLER_32_251,VGND,li1,121.2100,97.9200,0.000153
FILLER_32_248,VGND,li1,120.2900,97.9200,0.000152
FILLER_32_222,VGND,li1,108.1000,97.9200,0.000147
FILLER_32_219,VGND,li1,106.9500,97.9200,0.000147
FILLER_32_197,VGND,li1,96.8300,97.9200,0.000139
FILLER_32_180,VGND,li1,88.7800,97.9200,0.000131
FILLER_32_177,VGND,li1,87.6300,97.9200,0.000129
FILLER_32_174,VGND,li1,86.2500,97.9200,0.000127
FILLER_32_171,VGND,li1,84.8700,97.9200,0.000127
FILLER_32_162,VGND,li1,80.2700,97.9200,0.000121
FILLER_32_134,VGND,li1,67.6200,97.9200,0.000107
FILLER_32_96,VGND,li1,50.1400,97.9200,0.000074
FILLER_32_93,VGND,li1,48.9900,97.9200,0.000074
FILLER_32_70,VGND,li1,38.1800,97.9200,0.000053
FILLER_32_62,VGND,li1,34.7300,97.9200,0.000042
FILLER_32_59,VGND,li1,33.3500,97.9200,0.000042
FILLER_32_49,VGND,li1,28.5200,97.9200,0.000032
FILLER_32_40,VGND,li1,24.1500,97.9200,0.000025
FILLER_32_37,VGND,li1,23.2300,97.9200,0.000025
FILLER_32_3,VGND,li1,7.5900,97.9200,0.000028
FILLER_31_307,VGND,li1,146.9700,97.9200,0.000156
FILLER_31_304,VGND,li1,146.0500,97.9200,0.000156
FILLER_31_301,VGND,li1,144.6700,97.9200,0.000156
FILLER_31_289,VGND,li1,139.1500,97.9200,0.000156
FILLER_31_278,VGND,li1,133.8600,97.9200,0.000156
FILLER_31_275,VGND,li1,132.7100,97.9200,0.000156
FILLER_31_264,VGND,li1,127.6500,97.9200,0.000154
FILLER_31_261,VGND,li1,126.2700,97.9200,0.000154
FILLER_31_258,VGND,li1,124.8900,97.9200,0.000154
FILLER_31_255,VGND,li1,123.5100,97.9200,0.000153
FILLER_31_252,VGND,li1,122.1300,97.9200,0.000153
FILLER_31_249,VGND,li1,120.7500,97.9200,0.000153
FILLER_31_246,VGND,li1,119.3700,97.9200,0.000152
FILLER_31_221,VGND,li1,107.8700,97.9200,0.000147
FILLER_31_218,VGND,li1,106.4900,97.9200,0.000147
FILLER_31_215,VGND,li1,105.1100,97.9200,0.000145
FILLER_31_187,VGND,li1,92.0000,97.9200,0.000133
FILLER_31_184,VGND,li1,90.8500,97.9200,0.000133
FILLER_31_181,VGND,li1,89.4700,97.9200,0.000131
FILLER_31_178,VGND,li1,88.0900,97.9200,0.000129
FILLER_31_175,VGND,li1,86.7100,97.9200,0.000129
FILLER_31_172,VGND,li1,85.3300,97.9200,0.000127
FILLER_31_169,VGND,li1,83.9500,97.9200,0.000125
FILLER_31_160,VGND,li1,79.3500,97.9200,0.000121
FILLER_31_137,VGND,li1,69.0000,97.9200,0.000107
FILLER_31_134,VGND,li1,67.8500,97.9200,0.000107
FILLER_31_103,VGND,li1,53.3600,97.9200,0.000083
FILLER_31_100,VGND,li1,52.2100,97.9200,0.000078
FILLER_31_97,VGND,li1,50.8300,97.9200,0.000078
FILLER_31_94,VGND,li1,49.4500,97.9200,0.000074
FILLER_31_91,VGND,li1,48.0700,97.9200,0.000070
FILLER_31_60,VGND,li1,33.5800,97.9200,0.000042
FILLER_31_57,VGND,li1,32.4300,97.9200,0.000037
FILLER_31_55,VGND,li1,31.0500,97.9200,0.000037
FILLER_31_32,VGND,li1,20.7000,97.9200,0.000026
FILLER_31_6,VGND,li1,8.5100,97.9200,0.000028
FILLER_31_3,VGND,li1,7.5900,97.9200,0.000028
FILLER_30_276,VGND,li1,133.1700,92.4800,0.000310
FILLER_30_259,VGND,li1,125.1200,92.4800,0.000301
FILLER_30_256,VGND,li1,123.9700,92.4800,0.000301
FILLER_30_253,VGND,li1,122.5900,92.4800,0.000298
FILLER_30_250,VGND,li1,120.9800,92.4800,0.000295
FILLER_30_247,VGND,li1,119.8300,92.4800,0.000295
FILLER_30_239,VGND,li1,115.6900,92.4800,0.000290
FILLER_30_231,VGND,li1,112.0100,92.4800,0.000285
FILLER_30_228,VGND,li1,111.0900,92.4800,0.000282
FILLER_30_225,VGND,li1,109.7100,92.4800,0.000282
FILLER_30_222,VGND,li1,108.3300,92.4800,0.000279
FILLER_30_200,VGND,li1,97.9800,92.4800,0.000265
FILLER_30_197,VGND,li1,96.8300,92.4800,0.000262
FILLER_30_189,VGND,li1,92.9200,92.4800,0.000257
FILLER_30_178,VGND,li1,88.0900,92.4800,0.000247
FILLER_30_175,VGND,li1,86.7100,92.4800,0.000243
FILLER_30_172,VGND,li1,85.3300,92.4800,0.000243
FILLER_30_169,VGND,li1,83.9500,92.4800,0.000239
FILLER_30_166,VGND,li1,82.5700,92.4800,0.000235
FILLER_30_163,VGND,li1,81.1900,92.4800,0.000235
FILLER_30_160,VGND,li1,79.8100,92.4800,0.000232
FILLER_30_139,VGND,li1,69.6900,92.4800,0.000208
FILLER_30_112,VGND,li1,57.5000,92.4800,0.000172
FILLER_30_109,VGND,li1,56.3500,92.4800,0.000167
FILLER_30_106,VGND,li1,54.9700,92.4800,0.000167
FILLER_30_103,VGND,li1,53.5900,92.4800,0.000161
FILLER_30_100,VGND,li1,52.2100,92.4800,0.000154
FILLER_30_97,VGND,li1,50.8300,92.4800,0.000154
FILLER_30_85,VGND,li1,44.8500,92.4800,0.000134
FILLER_30_80,VGND,li1,42.5500,92.4800,0.000127
FILLER_30_54,VGND,li1,30.5900,92.4800,0.000073
FILLER_30_51,VGND,li1,29.6700,92.4800,0.000073
FILLER_30_40,VGND,li1,24.3800,92.4800,0.000052
FILLER_30_26,VGND,li1,17.9400,92.4800,0.000055
FILLER_30_6,VGND,li1,8.9700,92.4800,0.000055
FILLER_30_3,VGND,li1,7.5900,92.4800,0.000055
FILLER_29_281,VGND,li1,135.0100,92.4800,0.000310
FILLER_29_261,VGND,li1,126.0400,92.4800,0.000304
FILLER_29_258,VGND,li1,124.8900,92.4800,0.000301
FILLER_29_255,VGND,li1,123.5100,92.4800,0.000301
FILLER_29_252,VGND,li1,122.1300,92.4800,0.000298
FILLER_29_249,VGND,li1,120.7500,92.4800,0.000295
FILLER_29_246,VGND,li1,119.3700,92.4800,0.000295
FILLER_29_243,VGND,li1,117.9900,92.4800,0.000293
FILLER_29_240,VGND,li1,116.6100,92.4800,0.000290
FILLER_29_231,VGND,li1,112.2400,92.4800,0.000285
FILLER_29_228,VGND,li1,111.0900,92.4800,0.000282
FILLER_29_225,VGND,li1,109.7100,92.4800,0.000282
FILLER_29_221,VGND,li1,107.8700,92.4800,0.000279
FILLER_29_213,VGND,li1,103.7300,92.4800,0.000272
FILLER_29_210,VGND,li1,102.8100,92.4800,0.000272
FILLER_29_177,VGND,li1,87.6300,92.4800,0.000247
FILLER_29_169,VGND,li1,83.4900,92.4800,0.000239
FILLER_29_167,VGND,li1,82.5700,92.4800,0.000235
FILLER_29_164,VGND,li1,81.6500,92.4800,0.000235
FILLER_29_119,VGND,li1,60.7200,92.4800,0.000183
FILLER_29_116,VGND,li1,59.5700,92.4800,0.000177
FILLER_29_113,VGND,li1,58.1900,92.4800,0.000172
FILLER_29_111,VGND,li1,56.8100,92.4800,0.000172
FILLER_29_102,VGND,li1,52.9000,92.4800,0.000161
FILLER_29_57,VGND,li1,32.2000,92.4800,0.000083
FILLER_29_54,VGND,li1,30.8200,92.4800,0.000073
FILLER_29_22,VGND,li1,16.1000,92.4800,0.000055
FILLER_29_19,VGND,li1,14.9500,92.4800,0.000055
FILLER_29_9,VGND,li1,9.8900,92.4800,0.000055
FILLER_29_6,VGND,li1,8.9700,92.4800,0.000055
FILLER_29_3,VGND,li1,7.5900,92.4800,0.000055
FILLER_28_306,VGND,li1,146.7400,87.0400,0.000238
FILLER_28_303,VGND,li1,145.5900,87.0400,0.000238
FILLER_28_259,VGND,li1,125.1200,87.0400,0.000234
FILLER_28_256,VGND,li1,123.9700,87.0400,0.000233
FILLER_28_253,VGND,li1,122.5900,87.0400,0.000233
FILLER_28_251,VGND,li1,121.2100,87.0400,0.000232
FILLER_28_248,VGND,li1,120.2900,87.0400,0.000232
FILLER_28_245,VGND,li1,118.9100,87.0400,0.000231
FILLER_28_242,VGND,li1,117.5300,87.0400,0.000231
FILLER_28_239,VGND,li1,116.1500,87.0400,0.000230
FILLER_28_193,VGND,li1,94.9900,87.0400,0.000212
FILLER_28_141,VGND,li1,70.8400,87.0400,0.000163
FILLER_28_110,VGND,li1,56.3500,87.0400,0.000124
FILLER_28_107,VGND,li1,55.4300,87.0400,0.000124
FILLER_28_97,VGND,li1,50.6000,87.0400,0.000112
FILLER_28_85,VGND,li1,45.3100,87.0400,0.000095
FILLER_28_58,VGND,li1,32.6600,87.0400,0.000059
FILLER_28_55,VGND,li1,31.5100,87.0400,0.000052
FILLER_28_6,VGND,li1,8.5100,87.0400,0.000042
FILLER_28_3,VGND,li1,7.5900,87.0400,0.000042
FILLER_27_307,VGND,li1,146.9700,87.0400,0.000238
FILLER_27_304,VGND,li1,146.0500,87.0400,0.000238
FILLER_27_301,VGND,li1,144.6700,87.0400,0.000238
FILLER_27_281,VGND,li1,135.4700,87.0400,0.000237
FILLER_27_263,VGND,li1,127.1900,87.0400,0.000235
FILLER_27_260,VGND,li1,125.8100,87.0400,0.000234
FILLER_27_257,VGND,li1,124.4300,87.0400,0.000234
FILLER_27_254,VGND,li1,123.0500,87.0400,0.000233
FILLER_27_240,VGND,li1,116.3800,87.0400,0.000230
FILLER_27_237,VGND,li1,115.2300,87.0400,0.000230
FILLER_27_228,VGND,li1,110.6300,87.0400,0.000228
FILLER_27_225,VGND,li1,109.7100,87.0400,0.000227
FILLER_27_222,VGND,li1,108.1000,87.0400,0.000227
FILLER_27_193,VGND,li1,94.7600,87.0400,0.000212
FILLER_27_184,VGND,li1,90.3900,87.0400,0.000204
FILLER_27_175,VGND,li1,86.2500,87.0400,0.000195
FILLER_27_172,VGND,li1,85.3300,87.0400,0.000195
FILLER_27_169,VGND,li1,83.9500,87.0400,0.000189
FILLER_27_166,VGND,li1,82.3400,87.0400,0.000189
FILLER_27_113,VGND,li1,58.1900,87.0400,0.000130
FILLER_27_109,VGND,li1,56.3500,87.0400,0.000124
FILLER_27_106,VGND,li1,54.9700,87.0400,0.000124
FILLER_27_78,VGND,li1,41.8600,87.0400,0.000088
FILLER_27_60,VGND,li1,33.3500,87.0400,0.000059
FILLER_27_57,VGND,li1,32.4300,87.0400,0.000059
FILLER_27_55,VGND,li1,31.0500,87.0400,0.000052
FILLER_27_52,VGND,li1,30.1300,87.0400,0.000052
FILLER_27_49,VGND,li1,28.7500,87.0400,0.000044
FILLER_27_46,VGND,li1,27.3700,87.0400,0.000044
FILLER_27_3,VGND,li1,7.1300,87.0400,0.000042
FILLER_26_298,VGND,li1,143.0600,81.6000,0.000126
FILLER_26_295,VGND,li1,141.9100,81.6000,0.000125
FILLER_26_292,VGND,li1,140.5300,81.6000,0.000125
FILLER_26_278,VGND,li1,133.6300,81.6000,0.000125
FILLER_26_275,VGND,li1,132.7100,81.6000,0.000125
FILLER_26_272,VGND,li1,131.3300,81.6000,0.000125
FILLER_26_269,VGND,li1,129.9500,81.6000,0.000125
FILLER_26_266,VGND,li1,128.5700,81.6000,0.000124
FILLER_26_263,VGND,li1,127.1900,81.6000,0.000124
FILLER_26_260,VGND,li1,125.8100,81.6000,0.000124
FILLER_26_230,VGND,li1,111.5500,81.6000,0.000120
FILLER_26_227,VGND,li1,110.6300,81.6000,0.000120
FILLER_26_197,VGND,li1,96.6000,81.6000,0.000110
FILLER_26_195,VGND,li1,95.4500,81.6000,0.000110
FILLER_26_168,VGND,li1,83.4900,81.6000,0.000099
FILLER_26_158,VGND,li1,78.6600,81.6000,0.000095
FILLER_26_141,VGND,li1,70.6100,81.6000,0.000088
FILLER_26_130,VGND,li1,65.7800,81.6000,0.000083
FILLER_26_99,VGND,li1,51.7500,81.6000,0.000063
FILLER_26_96,VGND,li1,50.3700,81.6000,0.000063
FILLER_26_85,VGND,li1,45.3100,81.6000,0.000053
FILLER_26_83,VGND,li1,43.9300,81.6000,0.000053
FILLER_26_64,VGND,li1,35.4200,81.6000,0.000039
FILLER_26_61,VGND,li1,34.2700,81.6000,0.000036
FILLER_26_32,VGND,li1,20.9300,81.6000,0.000020
FILLER_26_29,VGND,li1,19.5500,81.6000,0.000021
FILLER_26_26,VGND,li1,17.9400,81.6000,0.000021
FILLER_26_3,VGND,li1,7.3600,81.6000,0.000022
FILLER_25_307,VGND,li1,146.9700,81.6000,0.000126
FILLER_25_304,VGND,li1,146.0500,81.6000,0.000126
FILLER_25_301,VGND,li1,144.6700,81.6000,0.000126
FILLER_25_298,VGND,li1,143.2900,81.6000,0.000126
FILLER_25_295,VGND,li1,141.9100,81.6000,0.000125
FILLER_25_292,VGND,li1,140.5300,81.6000,0.000125
FILLER_25_284,VGND,li1,136.3900,81.6000,0.000125
FILLER_25_281,VGND,li1,135.4700,81.6000,0.000125
FILLER_25_265,VGND,li1,127.8800,81.6000,0.000124
FILLER_25_262,VGND,li1,126.7300,81.6000,0.000124
FILLER_25_231,VGND,li1,112.0100,81.6000,0.000120
FILLER_25_228,VGND,li1,111.0900,81.6000,0.000120
FILLER_25_225,VGND,li1,109.7100,81.6000,0.000119
FILLER_25_216,VGND,li1,105.1100,81.6000,0.000117
FILLER_25_187,VGND,li1,91.7700,81.6000,0.000107
FILLER_25_184,VGND,li1,90.8500,81.6000,0.000105
FILLER_25_181,VGND,li1,89.4700,81.6000,0.000105
FILLER_25_178,VGND,li1,88.0900,81.6000,0.000103
FILLER_25_175,VGND,li1,86.7100,81.6000,0.000103
FILLER_25_167,VGND,li1,82.5700,81.6000,0.000099
FILLER_25_157,VGND,li1,78.2000,81.6000,0.000095
FILLER_25_127,VGND,li1,64.1700,81.6000,0.000081
FILLER_25_124,VGND,li1,63.2500,81.6000,0.000078
FILLER_25_121,VGND,li1,61.8700,81.6000,0.000078
FILLER_25_60,VGND,li1,33.5800,81.6000,0.000036
FILLER_25_57,VGND,li1,32.4300,81.6000,0.000032
FILLER_25_34,VGND,li1,21.3900,81.6000,0.000020
FILLER_25_18,VGND,li1,14.4900,81.6000,0.000021
FILLER_25_6,VGND,li1,8.9700,81.6000,0.000022
FILLER_25_3,VGND,li1,7.5900,81.6000,0.000022
FILLER_24_305,VGND,li1,146.5100,76.1600,0.000153
FILLER_24_302,VGND,li1,145.1300,76.1600,0.000153
FILLER_24_279,VGND,li1,134.3200,76.1600,0.000152
FILLER_24_276,VGND,li1,133.1700,76.1600,0.000152
FILLER_24_273,VGND,li1,131.7900,76.1600,0.000151
FILLER_24_270,VGND,li1,130.4100,76.1600,0.000151
FILLER_24_267,VGND,li1,129.0300,76.1600,0.000151
FILLER_24_264,VGND,li1,127.6500,76.1600,0.000151
FILLER_24_261,VGND,li1,126.2700,76.1600,0.000151
FILLER_24_251,VGND,li1,121.2100,76.1600,0.000149
FILLER_24_237,VGND,li1,115.0000,76.1600,0.000148
FILLER_24_234,VGND,li1,113.8500,76.1600,0.000148
FILLER_24_231,VGND,li1,112.4700,76.1600,0.000148
FILLER_24_228,VGND,li1,111.0900,76.1600,0.000148
FILLER_24_225,VGND,li1,109.7100,76.1600,0.000147
FILLER_24_222,VGND,li1,108.3300,76.1600,0.000147
FILLER_24_219,VGND,li1,106.9500,76.1600,0.000147
FILLER_24_200,VGND,li1,97.7500,76.1600,0.000145
FILLER_24_188,VGND,li1,92.4600,76.1600,0.000144
FILLER_24_185,VGND,li1,91.3100,76.1600,0.000143
FILLER_24_182,VGND,li1,89.9300,76.1600,0.000143
FILLER_24_179,VGND,li1,88.5500,76.1600,0.000143
FILLER_24_176,VGND,li1,87.1700,76.1600,0.000143
FILLER_24_146,VGND,li1,73.1400,76.1600,0.000130
FILLER_24_135,VGND,li1,68.0800,76.1600,0.000120
FILLER_24_132,VGND,li1,66.9300,76.1600,0.000115
FILLER_24_129,VGND,li1,65.5500,76.1600,0.000115
FILLER_24_126,VGND,li1,64.1700,76.1600,0.000110
FILLER_24_123,VGND,li1,62.7900,76.1600,0.000106
FILLER_24_120,VGND,li1,61.4100,76.1600,0.000106
FILLER_24_117,VGND,li1,60.0300,76.1600,0.000100
FILLER_24_114,VGND,li1,58.6500,76.1600,0.000100
FILLER_24_111,VGND,li1,57.2700,76.1600,0.000094
FILLER_24_108,VGND,li1,55.8900,76.1600,0.000094
FILLER_24_100,VGND,li1,51.9800,76.1600,0.000083
FILLER_24_97,VGND,li1,50.8300,76.1600,0.000083
FILLER_24_94,VGND,li1,49.4500,76.1600,0.000077
FILLER_24_91,VGND,li1,48.0700,76.1600,0.000077
FILLER_24_88,VGND,li1,46.6900,76.1600,0.000071
FILLER_24_85,VGND,li1,45.3100,76.1600,0.000071
FILLER_24_81,VGND,li1,43.4700,76.1600,0.000067
FILLER_24_57,VGND,li1,32.4300,76.1600,0.000039
FILLER_24_54,VGND,li1,31.0500,76.1600,0.000039
FILLER_24_51,VGND,li1,29.6700,76.1600,0.000033
FILLER_24_48,VGND,li1,28.2900,76.1600,0.000029
FILLER_24_45,VGND,li1,26.9100,76.1600,0.000029
FILLER_24_42,VGND,li1,25.5300,76.1600,0.000024
FILLER_24_35,VGND,li1,22.0800,76.1600,0.000024
FILLER_24_32,VGND,li1,20.9300,76.1600,0.000024
FILLER_24_29,VGND,li1,19.5500,76.1600,0.000024
FILLER_24_27,VGND,li1,18.1700,76.1600,0.000024
FILLER_23_306,VGND,li1,146.7400,76.1600,0.000153
FILLER_23_303,VGND,li1,145.5900,76.1600,0.000153
FILLER_23_300,VGND,li1,144.2100,76.1600,0.000153
FILLER_23_292,VGND,li1,140.0700,76.1600,0.000153
FILLER_23_276,VGND,li1,132.7100,76.1600,0.000152
FILLER_23_268,VGND,li1,129.0300,76.1600,0.000151
FILLER_23_265,VGND,li1,128.1100,76.1600,0.000151
FILLER_23_255,VGND,li1,123.2800,76.1600,0.000150
FILLER_23_252,VGND,li1,122.1300,76.1600,0.000150
FILLER_23_243,VGND,li1,117.7600,76.1600,0.000149
FILLER_23_240,VGND,li1,116.6100,76.1600,0.000149
FILLER_23_237,VGND,li1,115.2300,76.1600,0.000148
FILLER_23_234,VGND,li1,113.8500,76.1600,0.000148
FILLER_23_231,VGND,li1,112.4700,76.1600,0.000148
FILLER_23_228,VGND,li1,111.0900,76.1600,0.000148
FILLER_23_225,VGND,li1,109.7100,76.1600,0.000147
FILLER_23_223,VGND,li1,108.3300,76.1600,0.000147
FILLER_23_220,VGND,li1,107.4100,76.1600,0.000147
FILLER_23_217,VGND,li1,106.0300,76.1600,0.000146
FILLER_23_214,VGND,li1,104.6500,76.1600,0.000146
FILLER_23_211,VGND,li1,103.2700,76.1600,0.000146
FILLER_23_208,VGND,li1,101.8900,76.1600,0.000146
FILLER_23_198,VGND,li1,97.0600,76.1600,0.000145
FILLER_23_167,VGND,li1,82.5700,76.1600,0.000141
FILLER_23_164,VGND,li1,81.6500,76.1600,0.000141
FILLER_23_133,VGND,li1,67.1600,76.1600,0.000115
FILLER_23_130,VGND,li1,66.0100,76.1600,0.000115
FILLER_23_127,VGND,li1,64.6300,76.1600,0.000110
FILLER_23_124,VGND,li1,63.2500,76.1600,0.000110
FILLER_23_121,VGND,li1,61.8700,76.1600,0.000106
FILLER_23_109,VGND,li1,56.3500,76.1600,0.000094
FILLER_23_106,VGND,li1,54.9700,76.1600,0.000089
FILLER_23_103,VGND,li1,53.5900,76.1600,0.000089
FILLER_23_100,VGND,li1,52.2100,76.1600,0.000083
FILLER_23_97,VGND,li1,50.8300,76.1600,0.000083
FILLER_23_94,VGND,li1,49.4500,76.1600,0.000077
FILLER_23_91,VGND,li1,48.0700,76.1600,0.000077
FILLER_23_88,VGND,li1,46.6900,76.1600,0.000071
FILLER_23_85,VGND,li1,45.3100,76.1600,0.000071
FILLER_23_82,VGND,li1,43.9300,76.1600,0.000067
FILLER_23_60,VGND,li1,33.3500,76.1600,0.000044
FILLER_23_57,VGND,li1,32.4300,76.1600,0.000039
FILLER_23_55,VGND,li1,31.0500,76.1600,0.000039
FILLER_23_52,VGND,li1,30.1300,76.1600,0.000033
FILLER_23_49,VGND,li1,28.7500,76.1600,0.000033
FILLER_23_46,VGND,li1,27.3700,76.1600,0.000029
FILLER_23_37,VGND,li1,22.7700,76.1600,0.000024
FILLER_23_27,VGND,li1,18.4000,76.1600,0.000024
FILLER_22_306,VGND,li1,146.7400,70.7200,0.000194
FILLER_22_303,VGND,li1,145.5900,70.7200,0.000194
FILLER_22_264,VGND,li1,127.1900,70.7200,0.000192
FILLER_22_261,VGND,li1,126.2700,70.7200,0.000192
FILLER_22_249,VGND,li1,120.7500,70.7200,0.000191
FILLER_22_232,VGND,li1,112.7000,70.7200,0.000188
FILLER_22_200,VGND,li1,98.2100,70.7200,0.000180
FILLER_22_197,VGND,li1,96.8300,70.7200,0.000180
FILLER_22_195,VGND,li1,95.4500,70.7200,0.000178
FILLER_22_192,VGND,li1,94.5300,70.7200,0.000178
FILLER_22_189,VGND,li1,93.1500,70.7200,0.000176
FILLER_22_151,VGND,li1,75.6700,70.7200,0.000158
FILLER_22_141,VGND,li1,70.6100,70.7200,0.000149
FILLER_22_137,VGND,li1,69.2300,70.7200,0.000146
FILLER_22_134,VGND,li1,67.8500,70.7200,0.000146
FILLER_22_91,VGND,li1,47.6100,70.7200,0.000101
FILLER_22_88,VGND,li1,46.6900,70.7200,0.000095
FILLER_22_85,VGND,li1,45.3100,70.7200,0.000095
FILLER_22_81,VGND,li1,43.4700,70.7200,0.000090
FILLER_22_71,VGND,li1,38.8700,70.7200,0.000073
FILLER_22_68,VGND,li1,37.4900,70.7200,0.000073
FILLER_22_56,VGND,li1,31.7400,70.7200,0.000056
FILLER_22_53,VGND,li1,30.5900,70.7200,0.000051
FILLER_22_50,VGND,li1,29.2100,70.7200,0.000051
FILLER_22_27,VGND,li1,18.1700,70.7200,0.000037
FILLER_22_3,VGND,li1,7.5900,70.7200,0.000039
FILLER_21_306,VGND,li1,146.7400,70.7200,0.000194
FILLER_21_303,VGND,li1,145.5900,70.7200,0.000194
FILLER_21_300,VGND,li1,144.2100,70.7200,0.000194
FILLER_21_292,VGND,li1,140.0700,70.7200,0.000194
FILLER_21_272,VGND,li1,131.1000,70.7200,0.000193
FILLER_21_225,VGND,li1,109.7100,70.7200,0.000186
FILLER_21_214,VGND,li1,104.4200,70.7200,0.000184
FILLER_21_211,VGND,li1,103.2700,70.7200,0.000184
FILLER_21_189,VGND,li1,92.6900,70.7200,0.000176
FILLER_21_180,VGND,li1,88.5500,70.7200,0.000172
FILLER_21_177,VGND,li1,87.6300,70.7200,0.000172
FILLER_21_169,VGND,li1,83.4900,70.7200,0.000167
FILLER_21_139,VGND,li1,69.6900,70.7200,0.000149
FILLER_21_100,VGND,li1,51.9800,70.7200,0.000113
FILLER_21_97,VGND,li1,50.8300,70.7200,0.000106
FILLER_21_94,VGND,li1,49.4500,70.7200,0.000106
FILLER_21_83,VGND,li1,44.3900,70.7200,0.000090
FILLER_21_68,VGND,li1,37.2600,70.7200,0.000068
FILLER_21_60,VGND,li1,33.8100,70.7200,0.000062
FILLER_21_57,VGND,li1,32.4300,70.7200,0.000056
FILLER_21_55,VGND,li1,31.0500,70.7200,0.000056
FILLER_21_33,VGND,li1,20.9300,70.7200,0.000036
FILLER_21_6,VGND,li1,8.5100,70.7200,0.000039
FILLER_21_3,VGND,li1,7.5900,70.7200,0.000039
FILLER_20_298,VGND,li1,143.0600,65.2800,0.000224
FILLER_20_295,VGND,li1,141.9100,65.2800,0.000224
FILLER_20_292,VGND,li1,140.5300,65.2800,0.000224
FILLER_20_289,VGND,li1,139.1500,65.2800,0.000224
FILLER_20_270,VGND,li1,130.4100,65.2800,0.000222
FILLER_20_267,VGND,li1,129.0300,65.2800,0.000221
FILLER_20_264,VGND,li1,127.6500,65.2800,0.000221
FILLER_20_261,VGND,li1,126.2700,65.2800,0.000221
FILLER_20_223,VGND,li1,108.3300,65.2800,0.000203
FILLER_20_187,VGND,li1,92.0000,65.2800,0.000180
FILLER_20_141,VGND,li1,70.8400,65.2800,0.000141
FILLER_20_134,VGND,li1,67.8500,65.2800,0.000137
FILLER_20_103,VGND,li1,53.3600,65.2800,0.000107
FILLER_20_100,VGND,li1,52.2100,65.2800,0.000107
FILLER_20_85,VGND,li1,44.8500,65.2800,0.000088
FILLER_20_53,VGND,li1,30.3600,65.2800,0.000049
FILLER_20_36,VGND,li1,22.5400,65.2800,0.000037
FILLER_20_29,VGND,li1,19.0900,65.2800,0.000037
FILLER_20_14,VGND,li1,12.1900,65.2800,0.000037
FILLER_20_11,VGND,li1,11.2700,65.2800,0.000037
FILLER_19_305,VGND,li1,146.5100,65.2800,0.000224
FILLER_19_302,VGND,li1,145.1300,65.2800,0.000224
FILLER_19_275,VGND,li1,132.4800,65.2800,0.000222
FILLER_19_272,VGND,li1,131.3300,65.2800,0.000222
FILLER_19_269,VGND,li1,129.9500,65.2800,0.000221
FILLER_19_266,VGND,li1,128.5700,65.2800,0.000221
FILLER_19_263,VGND,li1,127.1900,65.2800,0.000221
FILLER_19_250,VGND,li1,120.9800,65.2800,0.000216
FILLER_19_247,VGND,li1,119.8300,65.2800,0.000216
FILLER_19_231,VGND,li1,112.0100,65.2800,0.000206
FILLER_19_228,VGND,li1,111.0900,65.2800,0.000206
FILLER_19_225,VGND,li1,109.7100,65.2800,0.000203
FILLER_19_223,VGND,li1,108.3300,65.2800,0.000203
FILLER_19_194,VGND,li1,94.9900,65.2800,0.000183
FILLER_19_191,VGND,li1,94.0700,65.2800,0.000183
FILLER_19_188,VGND,li1,92.6900,65.2800,0.000180
FILLER_19_185,VGND,li1,91.3100,65.2800,0.000177
FILLER_19_182,VGND,li1,89.9300,65.2800,0.000177
FILLER_19_172,VGND,li1,85.1000,65.2800,0.000167
FILLER_19_169,VGND,li1,83.9500,65.2800,0.000167
FILLER_19_167,VGND,li1,82.5700,65.2800,0.000164
FILLER_19_164,VGND,li1,81.6500,65.2800,0.000164
FILLER_19_139,VGND,li1,69.9200,65.2800,0.000141
FILLER_19_136,VGND,li1,68.7700,65.2800,0.000137
FILLER_19_133,VGND,li1,67.3900,65.2800,0.000137
FILLER_19_113,VGND,li1,57.9600,65.2800,0.000117
FILLER_19_54,VGND,li1,30.8200,65.2800,0.000049
FILLER_19_51,VGND,li1,29.6700,65.2800,0.000049
FILLER_19_22,VGND,li1,15.8700,65.2800,0.000037
FILLER_19_19,VGND,li1,14.9500,65.2800,0.000037
FILLER_18_306,VGND,li1,146.7400,59.8400,0.000102
FILLER_18_268,VGND,li1,129.0300,59.8400,0.000100
FILLER_18_265,VGND,li1,128.1100,59.8400,0.000100
FILLER_18_262,VGND,li1,126.7300,59.8400,0.000099
FILLER_18_259,VGND,li1,125.3500,59.8400,0.000099
FILLER_18_256,VGND,li1,123.9700,59.8400,0.000099
FILLER_18_253,VGND,li1,122.5900,59.8400,0.000098
FILLER_18_238,VGND,li1,115.6900,59.8400,0.000097
FILLER_18_235,VGND,li1,114.3100,59.8400,0.000097
FILLER_18_232,VGND,li1,112.9300,59.8400,0.000096
FILLER_18_229,VGND,li1,111.5500,59.8400,0.000096
FILLER_18_226,VGND,li1,110.1700,59.8400,0.000096
FILLER_18_223,VGND,li1,108.7900,59.8400,0.000095
FILLER_18_220,VGND,li1,107.4100,59.8400,0.000094
FILLER_18_217,VGND,li1,106.0300,59.8400,0.000094
FILLER_18_214,VGND,li1,104.6500,59.8400,0.000094
FILLER_18_211,VGND,li1,103.2700,59.8400,0.000094
FILLER_18_208,VGND,li1,101.8900,59.8400,0.000093
FILLER_18_205,VGND,li1,100.5100,59.8400,0.000093
FILLER_18_193,VGND,li1,94.9900,59.8400,0.000092
FILLER_18_184,VGND,li1,90.3900,59.8400,0.000090
FILLER_18_110,VGND,li1,56.5800,59.8400,0.000065
FILLER_18_88,VGND,li1,46.2300,59.8400,0.000051
FILLER_18_85,VGND,li1,45.3100,59.8400,0.000051
FILLER_18_55,VGND,li1,31.5100,59.8400,0.000029
FILLER_18_52,VGND,li1,30.1300,59.8400,0.000025
FILLER_18_29,VGND,li1,19.3200,59.8400,0.000018
FILLER_18_27,VGND,li1,18.1700,59.8400,0.000018
FILLER_18_11,VGND,li1,10.8100,59.8400,0.000018
FILLER_17_306,VGND,li1,146.7400,59.8400,0.000102
FILLER_17_303,VGND,li1,145.5900,59.8400,0.000102
FILLER_17_300,VGND,li1,144.2100,59.8400,0.000102
FILLER_17_290,VGND,li1,139.6100,59.8400,0.000102
FILLER_17_287,VGND,li1,138.2300,59.8400,0.000102
FILLER_17_284,VGND,li1,136.8500,59.8400,0.000102
FILLER_17_281,VGND,li1,135.4700,59.8400,0.000102
FILLER_17_277,VGND,li1,133.6300,59.8400,0.000101
FILLER_17_269,VGND,li1,129.4900,59.8400,0.000100
FILLER_17_266,VGND,li1,128.5700,59.8400,0.000100
FILLER_17_263,VGND,li1,127.1900,59.8400,0.000099
FILLER_17_260,VGND,li1,125.8100,59.8400,0.000099
FILLER_17_257,VGND,li1,124.4300,59.8400,0.000099
FILLER_17_254,VGND,li1,123.0500,59.8400,0.000098
FILLER_17_251,VGND,li1,121.6700,59.8400,0.000098
FILLER_17_243,VGND,li1,117.5300,59.8400,0.000097
FILLER_17_240,VGND,li1,116.6100,59.8400,0.000097
FILLER_17_237,VGND,li1,115.2300,59.8400,0.000097
FILLER_17_234,VGND,li1,113.8500,59.8400,0.000096
FILLER_17_231,VGND,li1,112.4700,59.8400,0.000096
FILLER_17_228,VGND,li1,111.0900,59.8400,0.000096
FILLER_17_225,VGND,li1,109.7100,59.8400,0.000095
FILLER_17_222,VGND,li1,108.1000,59.8400,0.000095
FILLER_17_202,VGND,li1,99.1300,59.8400,0.000092
FILLER_17_199,VGND,li1,97.7500,59.8400,0.000092
FILLER_17_169,VGND,li1,83.7200,59.8400,0.000088
FILLER_17_113,VGND,li1,57.9600,59.8400,0.000068
FILLER_17_97,VGND,li1,50.3700,59.8400,0.000059
FILLER_17_94,VGND,li1,49.4500,59.8400,0.000055
FILLER_17_91,VGND,li1,48.0700,59.8400,0.000055
FILLER_17_88,VGND,li1,46.6900,59.8400,0.000051
FILLER_17_85,VGND,li1,45.3100,59.8400,0.000051
FILLER_17_82,VGND,li1,43.9300,59.8400,0.000047
FILLER_17_63,VGND,li1,35.1900,59.8400,0.000032
FILLER_17_60,VGND,li1,33.8100,59.8400,0.000032
FILLER_17_57,VGND,li1,32.4300,59.8400,0.000029
FILLER_17_54,VGND,li1,30.8200,59.8400,0.000025
FILLER_17_51,VGND,li1,29.6700,59.8400,0.000025
FILLER_17_35,VGND,li1,22.3100,59.8400,0.000018
FILLER_17_21,VGND,li1,15.4100,59.8400,0.000018
FILLER_17_3,VGND,li1,7.1300,59.8400,0.000018
FILLER_16_305,VGND,li1,146.5100,54.4000,0.000174
FILLER_16_302,VGND,li1,145.1300,54.4000,0.000174
FILLER_16_299,VGND,li1,143.7500,54.4000,0.000174
FILLER_16_289,VGND,li1,139.1500,54.4000,0.000174
FILLER_16_286,VGND,li1,137.7700,54.4000,0.000174
FILLER_16_283,VGND,li1,136.3900,54.4000,0.000174
FILLER_16_280,VGND,li1,135.0100,54.4000,0.000174
FILLER_16_270,VGND,li1,130.4100,54.4000,0.000174
FILLER_16_267,VGND,li1,129.0300,54.4000,0.000174
FILLER_16_264,VGND,li1,127.6500,54.4000,0.000174
FILLER_16_230,VGND,li1,111.5500,54.4000,0.000171
FILLER_16_200,VGND,li1,97.7500,54.4000,0.000165
FILLER_16_197,VGND,li1,96.8300,54.4000,0.000165
FILLER_16_149,VGND,li1,74.5200,54.4000,0.000144
FILLER_16_138,VGND,li1,69.4600,54.4000,0.000137
FILLER_16_103,VGND,li1,53.5900,54.4000,0.000101
FILLER_16_100,VGND,li1,52.2100,54.4000,0.000101
FILLER_16_97,VGND,li1,50.8300,54.4000,0.000094
FILLER_16_94,VGND,li1,49.4500,54.4000,0.000094
FILLER_16_91,VGND,li1,48.0700,54.4000,0.000088
FILLER_16_88,VGND,li1,46.6900,54.4000,0.000088
FILLER_16_85,VGND,li1,45.3100,54.4000,0.000082
FILLER_16_70,VGND,li1,37.9500,54.4000,0.000063
FILLER_16_67,VGND,li1,37.0300,54.4000,0.000063
FILLER_16_64,VGND,li1,35.6500,54.4000,0.000058
FILLER_16_61,VGND,li1,34.2700,54.4000,0.000052
FILLER_16_58,VGND,li1,32.8900,54.4000,0.000052
FILLER_16_55,VGND,li1,31.5100,54.4000,0.000047
FILLER_16_52,VGND,li1,30.1300,54.4000,0.000042
FILLER_16_49,VGND,li1,28.7500,54.4000,0.000042
FILLER_16_35,VGND,li1,21.8500,54.4000,0.000031
FILLER_16_32,VGND,li1,20.9300,54.4000,0.000031
FILLER_16_29,VGND,li1,19.5500,54.4000,0.000032
FILLER_16_6,VGND,li1,8.5100,54.4000,0.000033
FILLER_16_3,VGND,li1,7.5900,54.4000,0.000033
FILLER_15_306,VGND,li1,146.7400,54.4000,0.000174
FILLER_15_303,VGND,li1,145.5900,54.4000,0.000174
FILLER_15_300,VGND,li1,144.2100,54.4000,0.000174
FILLER_15_297,VGND,li1,142.8300,54.4000,0.000174
FILLER_15_294,VGND,li1,141.4500,54.4000,0.000174
FILLER_15_291,VGND,li1,140.0700,54.4000,0.000174
FILLER_15_288,VGND,li1,138.6900,54.4000,0.000174
FILLER_15_277,VGND,li1,133.6300,54.4000,0.000174
FILLER_15_274,VGND,li1,132.2500,54.4000,0.000174
FILLER_15_259,VGND,li1,124.8900,54.4000,0.000174
FILLER_15_251,VGND,li1,121.4400,54.4000,0.000174
FILLER_15_228,VGND,li1,110.8600,54.4000,0.000171
FILLER_15_225,VGND,li1,109.7100,54.4000,0.000171
FILLER_15_214,VGND,li1,104.4200,54.4000,0.000168
FILLER_15_187,VGND,li1,91.7700,54.4000,0.000161
FILLER_15_172,VGND,li1,84.8700,54.4000,0.000154
FILLER_15_169,VGND,li1,83.9500,54.4000,0.000154
FILLER_15_165,VGND,li1,82.1100,54.4000,0.000152
FILLER_15_157,VGND,li1,77.9700,54.4000,0.000147
FILLER_15_148,VGND,li1,73.8300,54.4000,0.000141
FILLER_15_100,VGND,li1,52.2100,54.4000,0.000101
FILLER_15_97,VGND,li1,50.8300,54.4000,0.000094
FILLER_15_66,VGND,li1,36.3400,54.4000,0.000058
FILLER_15_63,VGND,li1,35.1900,54.4000,0.000058
FILLER_15_60,VGND,li1,33.8100,54.4000,0.000052
FILLER_15_57,VGND,li1,32.4300,54.4000,0.000047
FILLER_15_54,VGND,li1,30.8200,54.4000,0.000047
FILLER_15_51,VGND,li1,29.6700,54.4000,0.000042
FILLER_15_48,VGND,li1,28.2900,54.4000,0.000037
FILLER_15_45,VGND,li1,26.9100,54.4000,0.000037
FILLER_15_42,VGND,li1,25.5300,54.4000,0.000030
FILLER_15_39,VGND,li1,24.1500,54.4000,0.000030
FILLER_15_9,VGND,li1,9.8900,54.4000,0.000033
FILLER_15_6,VGND,li1,8.9700,54.4000,0.000033
FILLER_15_3,VGND,li1,7.5900,54.4000,0.000033
FILLER_14_307,VGND,li1,146.9700,48.9600,0.000267
FILLER_14_304,VGND,li1,146.0500,48.9600,0.000267
FILLER_14_274,VGND,li1,132.2500,48.9600,0.000265
FILLER_14_271,VGND,li1,130.8700,48.9600,0.000265
FILLER_14_268,VGND,li1,129.4900,48.9600,0.000264
FILLER_14_265,VGND,li1,128.1100,48.9600,0.000264
FILLER_14_253,VGND,li1,122.1300,48.9600,0.000263
FILLER_14_234,VGND,li1,113.8500,48.9600,0.000262
FILLER_14_231,VGND,li1,112.4700,48.9600,0.000261
FILLER_14_228,VGND,li1,111.0900,48.9600,0.000261
FILLER_14_225,VGND,li1,109.7100,48.9600,0.000260
FILLER_14_222,VGND,li1,108.3300,48.9600,0.000260
FILLER_14_219,VGND,li1,106.9500,48.9600,0.000260
FILLER_14_197,VGND,li1,96.3700,48.9600,0.000255
FILLER_14_176,VGND,li1,86.7100,48.9600,0.000233
FILLER_14_173,VGND,li1,85.7900,48.9600,0.000233
FILLER_14_170,VGND,li1,84.4100,48.9600,0.000228
FILLER_14_167,VGND,li1,83.0300,48.9600,0.000222
FILLER_14_164,VGND,li1,81.6500,48.9600,0.000222
FILLER_14_161,VGND,li1,80.2700,48.9600,0.000214
FILLER_14_158,VGND,li1,78.8900,48.9600,0.000214
FILLER_14_88,VGND,li1,46.4600,48.9600,0.000117
FILLER_14_85,VGND,li1,45.3100,48.9600,0.000110
FILLER_14_65,VGND,li1,36.1100,48.9600,0.000077
FILLER_14_62,VGND,li1,34.7300,48.9600,0.000077
FILLER_14_52,VGND,li1,29.9000,48.9600,0.000059
FILLER_14_49,VGND,li1,28.7500,48.9600,0.000050
FILLER_14_46,VGND,li1,27.3700,48.9600,0.000050
FILLER_14_26,VGND,li1,17.9400,48.9600,0.000044
FILLER_14_3,VGND,li1,7.3600,48.9600,0.000046
FILLER_13_306,VGND,li1,146.7400,48.9600,0.000267
FILLER_13_303,VGND,li1,145.5900,48.9600,0.000267
FILLER_13_300,VGND,li1,144.2100,48.9600,0.000267
FILLER_13_292,VGND,li1,140.0700,48.9600,0.000267
FILLER_13_289,VGND,li1,139.1500,48.9600,0.000267
FILLER_13_278,VGND,li1,133.8600,48.9600,0.000265
FILLER_13_275,VGND,li1,132.7100,48.9600,0.000265
FILLER_13_268,VGND,li1,129.2600,48.9600,0.000264
FILLER_13_265,VGND,li1,128.1100,48.9600,0.000264
FILLER_13_262,VGND,li1,126.7300,48.9600,0.000264
FILLER_13_259,VGND,li1,125.3500,48.9600,0.000264
FILLER_13_256,VGND,li1,123.9700,48.9600,0.000264
FILLER_13_234,VGND,li1,113.8500,48.9600,0.000262
FILLER_13_231,VGND,li1,112.4700,48.9600,0.000261
FILLER_13_228,VGND,li1,111.0900,48.9600,0.000261
FILLER_13_225,VGND,li1,109.7100,48.9600,0.000260
FILLER_13_175,VGND,li1,86.2500,48.9600,0.000233
FILLER_13_172,VGND,li1,85.3300,48.9600,0.000228
FILLER_13_169,VGND,li1,83.9500,48.9600,0.000228
FILLER_13_167,VGND,li1,82.5700,48.9600,0.000222
FILLER_13_164,VGND,li1,81.6500,48.9600,0.000222
FILLER_13_147,VGND,li1,73.3700,48.9600,0.000199
FILLER_13_144,VGND,li1,72.4500,48.9600,0.000192
FILLER_13_141,VGND,li1,71.0700,48.9600,0.000192
FILLER_13_131,VGND,li1,66.2400,48.9600,0.000175
FILLER_13_128,VGND,li1,65.0900,48.9600,0.000175
FILLER_13_125,VGND,li1,63.7100,48.9600,0.000166
FILLER_13_109,VGND,li1,56.3500,48.9600,0.000145
FILLER_13_106,VGND,li1,54.9700,48.9600,0.000145
FILLER_13_63,VGND,li1,34.7300,48.9600,0.000077
FILLER_13_60,VGND,li1,33.8100,48.9600,0.000068
FILLER_13_57,VGND,li1,32.4300,48.9600,0.000068
FILLER_13_34,VGND,li1,21.3900,48.9600,0.000043
FILLER_13_31,VGND,li1,20.4700,48.9600,0.000043
FILLER_13_28,VGND,li1,19.0900,48.9600,0.000044
FILLER_13_6,VGND,li1,8.5100,48.9600,0.000046
FILLER_13_3,VGND,li1,7.5900,48.9600,0.000046
FILLER_12_305,VGND,li1,146.5100,43.5200,0.000171
FILLER_12_302,VGND,li1,145.1300,43.5200,0.000171
FILLER_12_271,VGND,li1,130.8700,43.5200,0.000171
FILLER_12_268,VGND,li1,129.4900,43.5200,0.000171
FILLER_12_265,VGND,li1,128.1100,43.5200,0.000171
FILLER_12_262,VGND,li1,126.7300,43.5200,0.000171
FILLER_12_259,VGND,li1,125.3500,43.5200,0.000170
FILLER_12_256,VGND,li1,123.9700,43.5200,0.000170
FILLER_12_253,VGND,li1,122.5900,43.5200,0.000170
FILLER_12_229,VGND,li1,111.5500,43.5200,0.000168
FILLER_12_226,VGND,li1,110.1700,43.5200,0.000168
FILLER_12_223,VGND,li1,108.7900,43.5200,0.000168
FILLER_12_220,VGND,li1,107.4100,43.5200,0.000167
FILLER_12_217,VGND,li1,106.0300,43.5200,0.000167
FILLER_12_207,VGND,li1,101.2000,43.5200,0.000165
FILLER_12_204,VGND,li1,100.0500,43.5200,0.000165
FILLER_12_177,VGND,li1,87.1700,43.5200,0.000158
FILLER_12_174,VGND,li1,86.2500,43.5200,0.000157
FILLER_12_150,VGND,li1,75.2100,43.5200,0.000148
FILLER_12_147,VGND,li1,73.8300,43.5200,0.000145
FILLER_12_144,VGND,li1,72.4500,43.5200,0.000145
FILLER_12_139,VGND,li1,69.6900,43.5200,0.000143
FILLER_12_115,VGND,li1,59.1100,43.5200,0.000129
FILLER_12_85,VGND,li1,44.8500,43.5200,0.000097
FILLER_12_72,VGND,li1,39.3300,43.5200,0.000079
FILLER_12_69,VGND,li1,37.9500,43.5200,0.000079
FILLER_12_27,VGND,li1,18.1700,43.5200,0.000047
FILLER_12_18,VGND,li1,14.0300,43.5200,0.000047
FILLER_12_6,VGND,li1,8.9700,43.5200,0.000047
FILLER_12_3,VGND,li1,7.5900,43.5200,0.000047
FILLER_11_305,VGND,li1,146.5100,43.5200,0.000171
FILLER_11_271,VGND,li1,130.6400,43.5200,0.000171
FILLER_11_268,VGND,li1,129.4900,43.5200,0.000171
FILLER_11_265,VGND,li1,128.1100,43.5200,0.000171
FILLER_11_262,VGND,li1,126.7300,43.5200,0.000171
FILLER_11_259,VGND,li1,125.3500,43.5200,0.000170
FILLER_11_228,VGND,li1,111.0900,43.5200,0.000168
FILLER_11_225,VGND,li1,109.7100,43.5200,0.000168
FILLER_11_223,VGND,li1,108.3300,43.5200,0.000168
FILLER_11_220,VGND,li1,107.4100,43.5200,0.000167
FILLER_11_196,VGND,li1,96.3700,43.5200,0.000163
FILLER_11_193,VGND,li1,94.9900,43.5200,0.000163
FILLER_11_175,VGND,li1,86.4800,43.5200,0.000157
FILLER_11_172,VGND,li1,85.3300,43.5200,0.000157
FILLER_11_169,VGND,li1,83.9500,43.5200,0.000155
FILLER_11_159,VGND,li1,78.8900,43.5200,0.000151
FILLER_11_156,VGND,li1,77.9700,43.5200,0.000150
FILLER_11_153,VGND,li1,76.5900,43.5200,0.000148
FILLER_11_150,VGND,li1,75.2100,43.5200,0.000148
FILLER_11_147,VGND,li1,73.8300,43.5200,0.000145
FILLER_11_116,VGND,li1,59.3400,43.5200,0.000129
FILLER_11_113,VGND,li1,58.1900,43.5200,0.000129
FILLER_11_109,VGND,li1,56.3500,43.5200,0.000127
FILLER_11_106,VGND,li1,54.9700,43.5200,0.000123
FILLER_11_103,VGND,li1,53.5900,43.5200,0.000123
FILLER_11_100,VGND,li1,52.2100,43.5200,0.000115
FILLER_11_97,VGND,li1,50.8300,43.5200,0.000115
FILLER_11_74,VGND,li1,40.2500,43.5200,0.000086
FILLER_11_11,VGND,li1,11.2700,43.5200,0.000047
FILLER_10_305,VGND,li1,146.5100,38.0800,0.000156
FILLER_10_266,VGND,li1,128.3400,38.0800,0.000152
FILLER_10_263,VGND,li1,127.1900,38.0800,0.000151
FILLER_10_260,VGND,li1,125.8100,38.0800,0.000151
FILLER_10_250,VGND,li1,120.9800,38.0800,0.000148
FILLER_10_247,VGND,li1,119.8300,38.0800,0.000148
FILLER_10_239,VGND,li1,115.6900,38.0800,0.000146
FILLER_10_193,VGND,li1,94.9900,38.0800,0.000128
FILLER_10_183,VGND,li1,90.1600,38.0800,0.000121
FILLER_10_180,VGND,li1,89.0100,38.0800,0.000121
FILLER_10_156,VGND,li1,77.9700,38.0800,0.000107
FILLER_10_147,VGND,li1,73.3700,38.0800,0.000100
FILLER_10_132,VGND,li1,66.4700,38.0800,0.000089
FILLER_10_117,VGND,li1,59.5700,38.0800,0.000078
FILLER_10_114,VGND,li1,58.6500,38.0800,0.000074
FILLER_10_111,VGND,li1,57.2700,38.0800,0.000074
FILLER_10_108,VGND,li1,55.8900,38.0800,0.000070
FILLER_10_105,VGND,li1,54.5100,38.0800,0.000070
FILLER_10_94,VGND,li1,49.4500,38.0800,0.000061
FILLER_10_81,VGND,li1,43.4700,38.0800,0.000050
FILLER_10_78,VGND,li1,42.0900,38.0800,0.000046
FILLER_10_75,VGND,li1,40.7100,38.0800,0.000046
FILLER_10_72,VGND,li1,39.3300,38.0800,0.000043
FILLER_10_29,VGND,li1,19.3200,38.0800,0.000018
FILLER_10_27,VGND,li1,18.1700,38.0800,0.000018
FILLER_10_24,VGND,li1,17.2500,38.0800,0.000018
FILLER_10_21,VGND,li1,15.8700,38.0800,0.000018
FILLER_10_18,VGND,li1,14.4900,38.0800,0.000018
FILLER_10_15,VGND,li1,13.1100,38.0800,0.000018
FILLER_10_12,VGND,li1,11.7300,38.0800,0.000018
FILLER_10_9,VGND,li1,10.3500,38.0800,0.000018
FILLER_10_6,VGND,li1,8.9700,38.0800,0.000018
FILLER_10_3,VGND,li1,7.5900,38.0800,0.000018
FILLER_9_306,VGND,li1,146.7400,38.0800,0.000156
FILLER_9_303,VGND,li1,145.5900,38.0800,0.000156
FILLER_9_281,VGND,li1,135.0100,38.0800,0.000155
FILLER_9_272,VGND,li1,130.8700,38.0800,0.000153
FILLER_9_269,VGND,li1,129.9500,38.0800,0.000152
FILLER_9_266,VGND,li1,128.5700,38.0800,0.000152
FILLER_9_263,VGND,li1,127.1900,38.0800,0.000151
FILLER_9_234,VGND,li1,113.3900,38.0800,0.000144
FILLER_9_231,VGND,li1,112.4700,38.0800,0.000144
FILLER_9_228,VGND,li1,111.0900,38.0800,0.000142
FILLER_9_225,VGND,li1,109.7100,38.0800,0.000142
FILLER_9_221,VGND,li1,107.8700,38.0800,0.000141
FILLER_9_191,VGND,li1,93.6100,38.0800,0.000125
FILLER_9_113,VGND,li1,58.1900,38.0800,0.000074
FILLER_9_88,VGND,li1,46.6900,38.0800,0.000054
FILLER_9_85,VGND,li1,45.3100,38.0800,0.000054
FILLER_9_74,VGND,li1,40.2500,38.0800,0.000043
FILLER_9_71,VGND,li1,38.8700,38.0800,0.000043
FILLER_9_68,VGND,li1,37.4900,38.0800,0.000038
FILLER_9_65,VGND,li1,36.1100,38.0800,0.000038
FILLER_9_46,VGND,li1,27.1400,38.0800,0.000022
FILLER_9_27,VGND,li1,18.4000,38.0800,0.000018
FILLER_9_24,VGND,li1,17.2500,38.0800,0.000018
FILLER_9_21,VGND,li1,15.8700,38.0800,0.000018
FILLER_9_18,VGND,li1,14.4900,38.0800,0.000018
FILLER_9_15,VGND,li1,13.1100,38.0800,0.000018
FILLER_9_12,VGND,li1,11.7300,38.0800,0.000018
FILLER_9_9,VGND,li1,10.3500,38.0800,0.000018
FILLER_9_6,VGND,li1,8.9700,38.0800,0.000018
FILLER_9_3,VGND,li1,7.5900,38.0800,0.000018
FILLER_8_269,VGND,li1,129.9500,32.6400,0.000169
FILLER_8_266,VGND,li1,128.5700,32.6400,0.000169
FILLER_8_263,VGND,li1,127.1900,32.6400,0.000168
FILLER_8_260,VGND,li1,125.8100,32.6400,0.000168
FILLER_8_249,VGND,li1,120.7500,32.6400,0.000166
FILLER_8_246,VGND,li1,119.3700,32.6400,0.000166
FILLER_8_226,VGND,li1,109.9400,32.6400,0.000162
FILLER_8_223,VGND,li1,108.7900,32.6400,0.000160
FILLER_8_220,VGND,li1,107.4100,32.6400,0.000160
FILLER_8_197,VGND,li1,96.6000,32.6400,0.000153
FILLER_8_186,VGND,li1,91.5400,32.6400,0.000150
FILLER_8_183,VGND,li1,90.3900,32.6400,0.000148
FILLER_8_180,VGND,li1,89.0100,32.6400,0.000148
FILLER_8_168,VGND,li1,83.4900,32.6400,0.000140
FILLER_8_165,VGND,li1,82.1100,32.6400,0.000136
FILLER_8_162,VGND,li1,80.7300,32.6400,0.000136
FILLER_8_119,VGND,li1,60.7200,32.6400,0.000098
FILLER_8_116,VGND,li1,59.5700,32.6400,0.000098
FILLER_8_113,VGND,li1,58.1900,32.6400,0.000094
FILLER_8_110,VGND,li1,56.8100,32.6400,0.000091
FILLER_8_107,VGND,li1,55.4300,32.6400,0.000091
FILLER_8_85,VGND,li1,44.8500,32.6400,0.000069
FILLER_8_82,VGND,li1,43.7000,32.6400,0.000065
FILLER_8_79,VGND,li1,42.5500,32.6400,0.000065
FILLER_8_70,VGND,li1,37.9500,32.6400,0.000056
FILLER_8_60,VGND,li1,33.5800,32.6400,0.000046
FILLER_8_29,VGND,li1,19.3200,32.6400,0.000026
FILLER_8_21,VGND,li1,15.6400,32.6400,0.000027
FILLER_8_18,VGND,li1,14.4900,32.6400,0.000027
FILLER_8_15,VGND,li1,13.1100,32.6400,0.000027
FILLER_8_12,VGND,li1,11.7300,32.6400,0.000027
FILLER_8_9,VGND,li1,10.3500,32.6400,0.000027
FILLER_8_6,VGND,li1,8.9700,32.6400,0.000027
FILLER_8_3,VGND,li1,7.5900,32.6400,0.000027
FILLER_7_307,VGND,li1,146.9700,32.6400,0.000173
FILLER_7_271,VGND,li1,130.6400,32.6400,0.000170
FILLER_7_263,VGND,li1,126.7300,32.6400,0.000168
FILLER_7_233,VGND,li1,113.1600,32.6400,0.000163
FILLER_7_223,VGND,li1,108.3300,32.6400,0.000160
FILLER_7_220,VGND,li1,107.4100,32.6400,0.000160
FILLER_7_204,VGND,li1,99.8200,32.6400,0.000156
FILLER_7_195,VGND,li1,95.4500,32.6400,0.000151
FILLER_7_192,VGND,li1,94.5300,32.6400,0.000151
FILLER_7_182,VGND,li1,89.7000,32.6400,0.000148
FILLER_7_169,VGND,li1,83.7200,32.6400,0.000140
FILLER_7_166,VGND,li1,82.3400,32.6400,0.000136
FILLER_7_163,VGND,li1,81.1900,32.6400,0.000136
FILLER_7_160,VGND,li1,79.8100,32.6400,0.000132
FILLER_7_157,VGND,li1,78.4300,32.6400,0.000132
FILLER_7_149,VGND,li1,74.7500,32.6400,0.000126
FILLER_7_146,VGND,li1,73.3700,32.6400,0.000121
FILLER_7_143,VGND,li1,71.9900,32.6400,0.000121
FILLER_7_133,VGND,li1,66.9300,32.6400,0.000112
FILLER_7_122,VGND,li1,61.8700,32.6400,0.000102
FILLER_7_119,VGND,li1,60.9500,32.6400,0.000098
FILLER_7_116,VGND,li1,59.5700,32.6400,0.000098
FILLER_7_113,VGND,li1,58.1900,32.6400,0.000094
FILLER_7_111,VGND,li1,56.8100,32.6400,0.000091
FILLER_7_108,VGND,li1,55.8900,32.6400,0.000091
FILLER_7_99,VGND,li1,51.5200,32.6400,0.000083
FILLER_7_90,VGND,li1,47.1500,32.6400,0.000075
FILLER_7_68,VGND,li1,37.0300,32.6400,0.000051
FILLER_7_65,VGND,li1,36.1100,32.6400,0.000051
FILLER_7_53,VGND,li1,30.5900,32.6400,0.000039
FILLER_7_17,VGND,li1,13.8000,32.6400,0.000027
FILLER_7_6,VGND,li1,8.9700,32.6400,0.000027
FILLER_7_3,VGND,li1,7.5900,32.6400,0.000027
FILLER_6_284,VGND,li1,136.8500,27.2000,0.000376
FILLER_6_281,VGND,li1,135.4700,27.2000,0.000375
FILLER_6_269,VGND,li1,129.4900,27.2000,0.000371
FILLER_6_251,VGND,li1,121.2100,27.2000,0.000361
FILLER_6_204,VGND,li1,100.0500,27.2000,0.000317
FILLER_6_195,VGND,li1,95.4500,27.2000,0.000307
FILLER_6_166,VGND,li1,82.3400,27.2000,0.000272
FILLER_6_156,VGND,li1,77.7400,27.2000,0.000255
FILLER_6_153,VGND,li1,76.5900,27.2000,0.000255
FILLER_6_150,VGND,li1,75.2100,27.2000,0.000249
FILLER_6_147,VGND,li1,73.8300,27.2000,0.000243
FILLER_6_144,VGND,li1,72.4500,27.2000,0.000243
FILLER_6_141,VGND,li1,71.0700,27.2000,0.000236
FILLER_6_128,VGND,li1,64.6300,27.2000,0.000212
FILLER_6_104,VGND,li1,54.0500,27.2000,0.000175
FILLER_6_101,VGND,li1,52.6700,27.2000,0.000167
FILLER_6_54,VGND,li1,30.5900,27.2000,0.000072
FILLER_6_32,VGND,li1,20.4700,27.2000,0.000046
FILLER_6_29,VGND,li1,19.5500,27.2000,0.000046
FILLER_6_19,VGND,li1,14.4900,27.2000,0.000047
FILLER_5_281,VGND,li1,135.4700,27.2000,0.000375
FILLER_5_203,VGND,li1,99.3600,27.2000,0.000317
FILLER_5_172,VGND,li1,85.3300,27.2000,0.000277
FILLER_5_169,VGND,li1,83.9500,27.2000,0.000272
FILLER_5_167,VGND,li1,82.5700,27.2000,0.000272
FILLER_5_149,VGND,li1,74.5200,27.2000,0.000249
FILLER_5_146,VGND,li1,73.3700,27.2000,0.000243
FILLER_5_123,VGND,li1,62.5600,27.2000,0.000204
FILLER_5_120,VGND,li1,61.4100,27.2000,0.000204
FILLER_5_111,VGND,li1,56.8100,27.2000,0.000182
FILLER_5_108,VGND,li1,55.8900,27.2000,0.000182
FILLER_5_100,VGND,li1,52.2100,27.2000,0.000167
FILLER_5_91,VGND,li1,47.8400,27.2000,0.000144
FILLER_5_39,VGND,li1,23.6900,27.2000,0.000046
FILLER_5_30,VGND,li1,19.5500,27.2000,0.000046
FILLER_5_27,VGND,li1,18.6300,27.2000,0.000046
FILLER_5_18,VGND,li1,14.0300,27.2000,0.000047
FILLER_5_3,VGND,li1,7.1300,27.2000,0.000047
FILLER_4_307,VGND,li1,146.9700,21.7600,0.000190
FILLER_4_304,VGND,li1,146.0500,21.7600,0.000190
FILLER_4_261,VGND,li1,125.8100,21.7600,0.000185
FILLER_4_249,VGND,li1,120.7500,21.7600,0.000183
FILLER_4_240,VGND,li1,116.1500,21.7600,0.000179
FILLER_4_204,VGND,li1,100.0500,21.7600,0.000168
FILLER_4_195,VGND,li1,95.4500,21.7600,0.000163
FILLER_4_185,VGND,li1,91.3100,21.7600,0.000158
FILLER_4_182,VGND,li1,89.9300,21.7600,0.000158
FILLER_4_144,VGND,li1,72.4500,21.7600,0.000134
FILLER_4_141,VGND,li1,71.0700,21.7600,0.000130
FILLER_4_129,VGND,li1,65.5500,21.7600,0.000120
FILLER_4_126,VGND,li1,64.1700,21.7600,0.000120
FILLER_4_123,VGND,li1,62.7900,21.7600,0.000115
FILLER_4_120,VGND,li1,61.4100,21.7600,0.000115
FILLER_4_101,VGND,li1,52.2100,21.7600,0.000098
FILLER_4_81,VGND,li1,43.4700,21.7600,0.000078
FILLER_4_78,VGND,li1,42.0900,21.7600,0.000078
FILLER_4_69,VGND,li1,37.4900,21.7600,0.000069
FILLER_4_29,VGND,li1,19.5500,21.7600,0.000036
FILLER_4_25,VGND,li1,17.7100,21.7600,0.000036
FILLER_4_3,VGND,li1,7.1300,21.7600,0.000037
FILLER_3_299,VGND,li1,143.2900,21.7600,0.000190
FILLER_3_289,VGND,li1,139.1500,21.7600,0.000189
FILLER_3_278,VGND,li1,133.8600,21.7600,0.000188
FILLER_3_242,VGND,li1,117.5300,21.7600,0.000180
FILLER_3_57,VGND,li1,31.9700,21.7600,0.000055
FILLER_3_35,VGND,li1,21.8500,21.7600,0.000035
FILLER_3_32,VGND,li1,20.9300,21.7600,0.000036
FILLER_3_9,VGND,li1,9.8900,21.7600,0.000037
FILLER_3_6,VGND,li1,8.9700,21.7600,0.000037
FILLER_2_303,VGND,li1,145.3600,16.3200,0.000172
FILLER_2_300,VGND,li1,144.2100,16.3200,0.000172
FILLER_2_251,VGND,li1,121.2100,16.3200,0.000169
FILLER_2_194,VGND,li1,95.2200,16.3200,0.000149
FILLER_2_160,VGND,li1,79.3500,16.3200,0.000130
FILLER_2_157,VGND,li1,78.4300,16.3200,0.000130
FILLER_2_147,VGND,li1,73.3700,16.3200,0.000120
FILLER_2_144,VGND,li1,72.4500,16.3200,0.000120
FILLER_2_141,VGND,li1,71.0700,16.3200,0.000117
FILLER_2_130,VGND,li1,65.5500,16.3200,0.000107
FILLER_2_85,VGND,li1,45.3100,16.3200,0.000072
FILLER_2_41,VGND,li1,24.6100,16.3200,0.000029
FILLER_2_38,VGND,li1,23.6900,16.3200,0.000029
FILLER_2_6,VGND,li1,8.5100,16.3200,0.000032
FILLER_2_3,VGND,li1,7.5900,16.3200,0.000032
FILLER_1_306,VGND,li1,146.7400,16.3200,0.000172
FILLER_1_303,VGND,li1,145.5900,16.3200,0.000172
FILLER_1_300,VGND,li1,144.2100,16.3200,0.000172
FILLER_1_297,VGND,li1,142.8300,16.3200,0.000172
FILLER_1_279,VGND,li1,134.0900,16.3200,0.000172
FILLER_1_276,VGND,li1,133.1700,16.3200,0.000172
FILLER_1_246,VGND,li1,118.9100,16.3200,0.000168
FILLER_1_214,VGND,li1,104.1900,16.3200,0.000159
FILLER_1_204,VGND,li1,99.8200,16.3200,0.000155
FILLER_1_169,VGND,li1,83.7200,16.3200,0.000135
FILLER_1_166,VGND,li1,82.3400,16.3200,0.000135
FILLER_1_135,VGND,li1,68.0800,16.3200,0.000111
FILLER_1_132,VGND,li1,66.9300,16.3200,0.000111
FILLER_1_123,VGND,li1,62.3300,16.3200,0.000104
FILLER_1_113,VGND,li1,57.7300,16.3200,0.000094
FILLER_1_111,VGND,li1,56.8100,16.3200,0.000094
FILLER_1_91,VGND,li1,48.0700,16.3200,0.000078
FILLER_1_88,VGND,li1,46.6900,16.3200,0.000072
FILLER_1_66,VGND,li1,36.1100,16.3200,0.000053
FILLER_1_38,VGND,li1,23.2300,16.3200,0.000029
FILLER_1_35,VGND,li1,22.3100,16.3200,0.000030
FILLER_1_3,VGND,li1,7.5900,16.3200,0.000032
FILLER_0_306,VGND,li1,146.7400,10.8800,0.000048
FILLER_0_303,VGND,li1,145.5900,10.8800,0.000048
FILLER_0_300,VGND,li1,144.2100,10.8800,0.000048
FILLER_0_297,VGND,li1,142.8300,10.8800,0.000048
FILLER_0_279,VGND,li1,134.0900,10.8800,0.000048
FILLER_0_276,VGND,li1,133.1700,10.8800,0.000048
FILLER_0_253,VGND,li1,122.3600,10.8800,0.000047
FILLER_0_249,VGND,li1,120.7500,10.8800,0.000047
FILLER_0_221,VGND,li1,107.8700,10.8800,0.000044
FILLER_0_185,VGND,li1,91.3100,10.8800,0.000040
FILLER_0_166,VGND,li1,82.3400,10.8800,0.000037
FILLER_0_144,VGND,li1,71.9900,10.8800,0.000033
FILLER_0_141,VGND,li1,71.0700,10.8800,0.000032
FILLER_0_131,VGND,li1,66.0100,10.8800,0.000030
FILLER_0_113,VGND,li1,57.9600,10.8800,0.000026
FILLER_0_85,VGND,li1,45.3100,10.8800,0.000019
FILLER_0_81,VGND,li1,43.4700,10.8800,0.000018
FILLER_0_63,VGND,li1,34.7300,10.8800,0.000012
FILLER_0_60,VGND,li1,33.8100,10.8800,0.000012
FILLER_0_57,VGND,li1,32.4300,10.8800,0.000011
FILLER_0_29,VGND,li1,19.5500,10.8800,0.000007
FILLER_0_26,VGND,li1,17.9400,10.8800,0.000007
FILLER_0_6,VGND,li1,8.9700,10.8800,0.000007
FILLER_0_3,VGND,li1,7.5900,10.8800,0.000007
hold289,VGND,li1,93.8400,32.6400,0.000151
hold288,VGND,li1,105.8000,59.8400,0.000094
hold287,VGND,li1,94.3000,97.9200,0.000137
hold286,VGND,li1,75.9000,54.4000,0.000144
hold285,VGND,li1,123.7400,54.4000,0.000174
hold284,VGND,li1,97.5200,32.6400,0.000153
hold283,VGND,li1,120.5200,130.5600,0.000167
hold282,VGND,li1,59.3400,76.1600,0.000100
hold281,VGND,li1,46.4600,146.8800,0.000018
hold280,VGND,li1,29.4400,10.8800,0.000009
hold279,VGND,li1,64.8600,146.8800,0.000021
hold278,VGND,li1,68.0800,114.2400,0.000070
hold277,VGND,li1,16.1000,27.2000,0.000047
hold276,VGND,li1,38.1800,16.3200,0.000058
hold275,VGND,li1,84.6400,76.1600,0.000142
hold274,VGND,li1,94.7600,76.1600,0.000144
hold273,VGND,li1,71.3000,43.5200,0.000143
hold272,VGND,li1,21.6200,54.4000,0.000031
hold271,VGND,li1,134.7800,114.2400,0.000104
hold270,VGND,li1,17.9400,65.2800,0.000037
hold269,VGND,li1,20.7000,97.9200,0.000026
hold268,VGND,li1,16.1000,43.5200,0.000047
hold267,VGND,li1,21.6200,27.2000,0.000046
hold266,VGND,li1,16.5600,27.2000,0.000047
hold265,VGND,li1,71.3000,38.0800,0.000094
hold264,VGND,li1,18.4000,97.9200,0.000027
hold263,VGND,li1,109.4800,54.4000,0.000171
hold262,VGND,li1,9.2000,59.8400,0.000018
hold261,VGND,li1,76.3600,48.9600,0.000204
hold260,VGND,li1,72.2200,54.4000,0.000141
hold259,VGND,li1,28.9800,87.0400,0.000044
hold258,VGND,li1,110.8600,136.0000,0.000095
hold257,VGND,li1,16.1000,76.1600,0.000024
hold256,VGND,li1,92.0000,32.6400,0.000150
hold255,VGND,li1,64.4000,16.3200,0.000107
hold254,VGND,li1,56.5800,21.7600,0.000103
hold253,VGND,li1,119.6000,43.5200,0.000170
hold252,VGND,li1,131.1000,59.8400,0.000101
hold251,VGND,li1,125.5800,76.1600,0.000151
hold250,VGND,li1,73.6000,136.0000,0.000083
hold249,VGND,li1,25.7600,43.5200,0.000042
hold248,VGND,li1,117.3000,65.2800,0.000213
hold247,VGND,li1,24.8400,48.9600,0.000041
hold246,VGND,li1,34.5000,114.2400,0.000036
hold245,VGND,li1,32.6600,92.4800,0.000083
hold244,VGND,li1,41.8600,81.6000,0.000050
hold243,VGND,li1,46.4600,97.9200,0.000070
hold242,VGND,li1,115.0000,119.6800,0.000100
hold241,VGND,li1,35.4200,103.3600,0.000070
hold240,VGND,li1,40.0200,108.8000,0.000080
hold239,VGND,li1,21.6200,103.3600,0.000037
hold238,VGND,li1,88.7800,38.0800,0.000121
hold237,VGND,li1,76.3600,81.6000,0.000093
hold236,VGND,li1,24.8400,114.2400,0.000025
hold235,VGND,li1,30.3600,114.2400,0.000030
hold234,VGND,li1,86.9400,59.8400,0.000090
hold233,VGND,li1,32.2000,48.9600,0.000068
hold232,VGND,li1,37.7200,43.5200,0.000079
hold231,VGND,li1,38.6400,54.4000,0.000063
hold230,VGND,li1,42.3200,54.4000,0.000077
hold229,VGND,li1,30.8200,97.9200,0.000037
hold228,VGND,li1,26.2200,97.9200,0.000025
hold227,VGND,li1,115.4600,27.2000,0.000353
hold226,VGND,li1,48.7600,48.9600,0.000125
hold225,VGND,li1,106.7200,27.2000,0.000335
hold224,VGND,li1,80.9600,81.6000,0.000097
hold223,VGND,li1,79.1200,76.1600,0.000140
hold222,VGND,li1,103.0400,65.2800,0.000196
hold221,VGND,li1,67.1600,108.8000,0.000126
hold220,VGND,li1,75.9000,92.4800,0.000225
hold219,VGND,li1,21.6200,38.0800,0.000018
hold218,VGND,li1,29.4400,38.0800,0.000026
hold217,VGND,li1,102.5800,21.7600,0.000170
hold216,VGND,li1,102.1200,16.3200,0.000157
hold215,VGND,li1,83.2600,59.8400,0.000088
hold214,VGND,li1,87.4000,65.2800,0.000173
hold213,VGND,li1,55.2000,59.8400,0.000065
hold212,VGND,li1,75.9000,130.5600,0.000138
hold211,VGND,li1,73.1400,87.0400,0.000169
hold210,VGND,li1,91.5400,59.8400,0.000091
hold209,VGND,li1,79.1200,48.9600,0.000214
hold208,VGND,li1,68.5400,48.9600,0.000185
hold207,VGND,li1,128.3400,136.0000,0.000098
hold206,VGND,li1,135.7000,136.0000,0.000098
hold205,VGND,li1,129.7200,21.7600,0.000187
hold204,VGND,li1,118.2200,21.7600,0.000180
hold203,VGND,li1,46.4600,27.2000,0.000144
hold202,VGND,li1,39.5600,21.7600,0.000073
hold201,VGND,li1,42.7800,38.0800,0.000050
hold200,VGND,li1,67.6200,70.7200,0.000146
hold199,VGND,li1,61.6400,65.2800,0.000126
hold198,VGND,li1,140.3000,43.5200,0.000171
hold197,VGND,li1,99.3600,65.2800,0.000191
hold196,VGND,li1,51.5200,136.0000,0.000066
hold195,VGND,li1,72.2200,92.4800,0.000215
hold194,VGND,li1,90.6200,92.4800,0.000253
hold193,VGND,li1,90.6200,125.1200,0.000210
hold192,VGND,li1,92.4600,87.0400,0.000208
hold191,VGND,li1,88.3200,87.0400,0.000200
hold190,VGND,li1,51.9800,38.0800,0.000066
hold189,VGND,li1,31.2800,32.6400,0.000039
hold188,VGND,li1,47.8400,81.6000,0.000059
hold187,VGND,li1,52.9000,87.0400,0.000118
hold186,VGND,li1,64.4000,103.3600,0.000154
hold185,VGND,li1,65.3200,97.9200,0.000103
hold184,VGND,li1,32.6600,27.2000,0.000081
hold183,VGND,li1,29.4400,27.2000,0.000072
hold182,VGND,li1,49.2200,32.6400,0.000079
hold181,VGND,li1,75.9000,81.6000,0.000093
hold180,VGND,li1,114.5400,10.8800,0.000045
hold179,VGND,li1,42.3200,114.2400,0.000046
hold178,VGND,li1,51.5200,114.2400,0.000054
hold177,VGND,li1,115.0000,21.7600,0.000179
hold176,VGND,li1,74.9800,108.8000,0.000132
hold175,VGND,li1,105.8000,87.0400,0.000225
hold174,VGND,li1,99.8200,76.1600,0.000145
hold173,VGND,li1,80.9600,114.2400,0.000080
hold172,VGND,li1,76.3600,114.2400,0.000076
hold171,VGND,li1,97.0600,87.0400,0.000216
hold170,VGND,li1,62.1000,54.4000,0.000124
hold169,VGND,li1,41.4000,76.1600,0.000062
hold168,VGND,li1,90.6200,70.7200,0.000174
hold167,VGND,li1,35.8800,97.9200,0.000048
hold166,VGND,li1,20.7000,114.2400,0.000026
hold165,VGND,li1,11.5000,119.6800,0.000020
hold164,VGND,li1,9.6600,119.6800,0.000020
hold163,VGND,li1,18.4000,92.4800,0.000055
hold162,VGND,li1,11.0400,114.2400,0.000028
hold161,VGND,li1,79.1200,65.2800,0.000160
hold160,VGND,li1,78.2000,70.7200,0.000162
hold159,VGND,li1,20.7000,108.8000,0.000037
hold158,VGND,li1,105.3400,103.3600,0.000246
hold157,VGND,li1,102.5800,97.9200,0.000144
hold156,VGND,li1,80.9600,43.5200,0.000153
hold155,VGND,li1,138.4600,16.3200,0.000172
hold154,VGND,li1,78.6600,108.8000,0.000134
hold153,VGND,li1,93.8400,97.9200,0.000137
hold152,VGND,li1,67.6200,92.4800,0.000202
hold151,VGND,li1,68.5400,92.4800,0.000202
hold150,VGND,li1,135.7000,92.4800,0.000310
hold149,VGND,li1,97.9800,125.1200,0.000226
hold148,VGND,li1,105.3400,38.0800,0.000139
hold147,VGND,li1,138.0000,87.0400,0.000237
hold146,VGND,li1,143.5200,97.9200,0.000156
hold145,VGND,li1,59.3400,103.3600,0.000145
hold144,VGND,li1,82.3400,97.9200,0.000123
hold143,VGND,li1,141.2200,32.6400,0.000172
hold142,VGND,li1,103.5000,43.5200,0.000166
hold141,VGND,li1,49.6800,65.2800,0.000101
hold140,VGND,li1,116.8400,32.6400,0.000165
hold139,VGND,li1,132.4800,27.2000,0.000374
hold138,VGND,li1,85.1000,10.8800,0.000038
hold137,VGND,li1,92.0000,136.0000,0.000090
hold136,VGND,li1,91.0800,16.3200,0.000146
hold135,VGND,li1,141.6800,27.2000,0.000377
hold134,VGND,li1,49.6800,103.3600,0.000117
hold133,VGND,li1,136.6200,21.7600,0.000189
hold132,VGND,li1,127.4200,27.2000,0.000368
clkload11,VGND,li1,100.7400,92.4800,0.000268
clkload10,VGND,li1,126.5000,92.4800,0.000304
clkload9,VGND,li1,126.5000,125.1200,0.000268
clkload8,VGND,li1,69.0000,97.9200,0.000107
clkload7,VGND,li1,64.1700,136.0000,0.000079
clkload6,VGND,li1,21.6200,114.2400,0.000026
clkload5,VGND,li1,28.7500,21.7600,0.000050
clkload4,VGND,li1,60.9500,59.8400,0.000073
clkload3,VGND,li1,28.9800,65.2800,0.000043
clkload2,VGND,li1,100.0500,97.9200,0.000141
clkload1,VGND,li1,52.2100,108.8000,0.000112
clkload0,VGND,li1,93.1500,43.5200,0.000162
clkbuf_2_3__f_i_clk,VGND,li1,102.1200,103.3600,0.000245
clkbuf_2_2__f_i_clk,VGND,li1,54.2800,108.8000,0.000117
clkbuf_2_1__f_i_clk,VGND,li1,94.3000,48.9600,0.000254
clkbuf_2_0__f_i_clk,VGND,li1,53.8200,43.5200,0.000123
clkbuf_0_i_clk,VGND,li1,78.2000,76.1600,0.000139
clkbuf_leaf_20_i_clk,VGND,li1,30.5900,21.7600,0.000055
clkbuf_leaf_19_i_clk,VGND,li1,67.3900,27.2000,0.000228
clkbuf_leaf_18_i_clk,VGND,li1,66.4700,54.4000,0.000134
clkbuf_leaf_17_i_clk,VGND,li1,93.1500,48.9600,0.000254
clkbuf_leaf_16_i_clk,VGND,li1,86.7100,32.6400,0.000146
clkbuf_leaf_15_i_clk,VGND,li1,111.5500,27.2000,0.000347
clkbuf_leaf_14_i_clk,VGND,li1,132.2500,27.2000,0.000374
clkbuf_leaf_13_i_clk,VGND,li1,123.9700,65.2800,0.000220
clkbuf_leaf_12_i_clk,VGND,li1,101.4300,87.0400,0.000222
clkbuf_leaf_11_i_clk,VGND,li1,129.9500,92.4800,0.000308
clkbuf_leaf_10_i_clk,VGND,li1,129.9500,125.1200,0.000271
clkbuf_leaf_9_i_clk,VGND,li1,94.9900,125.1200,0.000220
clkbuf_leaf_8_i_clk,VGND,li1,76.5900,92.4800,0.000225
clkbuf_leaf_7_i_clk,VGND,li1,64.1700,130.5600,0.000123
clkbuf_leaf_6_i_clk,VGND,li1,34.7300,136.0000,0.000046
clkbuf_leaf_5_i_clk,VGND,li1,25.9900,114.2400,0.000025
clkbuf_leaf_4_i_clk,VGND,li1,21.3900,92.4800,0.000055
clkbuf_leaf_3_i_clk,VGND,li1,47.6100,92.4800,0.000143
clkbuf_leaf_2_i_clk,VGND,li1,60.0300,70.7200,0.000134
clkbuf_leaf_1_i_clk,VGND,li1,25.5300,65.2800,0.000037
clkbuf_leaf_0_i_clk,VGND,li1,21.3900,43.5200,0.000046
_1289__129,VGND,li1,85.3300,141.4400,0.000025
fanout128,VGND,li1,145.3600,103.3600,0.000254
fanout127,VGND,li1,145.3600,81.6000,0.000126
fanout126,VGND,li1,138.0000,81.6000,0.000125
fanout125,VGND,li1,100.2800,119.6800,0.000099
fanout124,VGND,li1,112.7000,87.0400,0.000229
fanout123,VGND,li1,145.3600,27.2000,0.000377
fanout122,VGND,li1,138.0000,27.2000,0.000376
fanout121,VGND,li1,145.3600,32.6400,0.000173
fanout120,VGND,li1,119.1400,27.2000,0.000358
fanout119,VGND,li1,106.7200,54.4000,0.000170
fanout118,VGND,li1,92.4600,59.8400,0.000091
load_slew117,VGND,li1,93.8400,16.3200,0.000149
fanout116,VGND,li1,93.8400,10.8800,0.000041
load_slew115,VGND,li1,111.3200,32.6400,0.000162
fanout114,VGND,li1,130.6400,16.3200,0.000172
fanout113,VGND,li1,80.5000,27.2000,0.000265
fanout112,VGND,li1,68.0800,87.0400,0.000156
fanout111,VGND,li1,62.1000,108.8000,0.000123
fanout110,VGND,li1,72.6800,81.6000,0.000090
fanout109,VGND,li1,35.8800,81.6000,0.000039
load_slew108,VGND,li1,42.7800,87.0400,0.000088
fanout107,VGND,li1,50.6000,92.4800,0.000154
fanout106,VGND,li1,77.7400,21.7600,0.000141
fanout105,VGND,li1,75.9000,59.8400,0.000085
load_slew104,VGND,li1,62.1000,48.9600,0.000166
fanout103,VGND,li1,59.3400,48.9600,0.000158
load_slew102,VGND,li1,74.5200,21.7600,0.000137
fanout101,VGND,li1,80.0400,27.2000,0.000265
fanout100,VGND,li1,50.1400,21.7600,0.000094
load_slew99,VGND,li1,46.4600,65.2800,0.000093
fanout98,VGND,li1,46.9200,70.7200,0.000095
fanout97,VGND,li1,46.4600,21.7600,0.000087
load_slew96,VGND,li1,33.5800,21.7600,0.000061
fanout95,VGND,li1,47.8400,10.8800,0.000020
fanout94,VGND,li1,93.8400,125.1200,0.000220
fanout93,VGND,li1,118.2200,10.8800,0.000046
fanout92,VGND,li1,76.8200,27.2000,0.000255
fanout91,VGND,li1,68.0800,21.7600,0.000127
fanout90,VGND,li1,42.3200,103.3600,0.000094
fanout89,VGND,li1,75.4400,65.2800,0.000153
fanout88,VGND,li1,123.7400,76.1600,0.000150
fanout87,VGND,li1,118.6800,119.6800,0.000100
fanout86,VGND,li1,143.9800,38.0800,0.000156
fanout85,VGND,li1,136.6200,103.3600,0.000253
fanout84,VGND,li1,138.9200,97.9200,0.000156
fanout83,VGND,li1,104.4200,97.9200,0.000145
fanout82,VGND,li1,110.4000,70.7200,0.000186
fanout81,VGND,li1,144.4400,59.8400,0.000102
fanout80,VGND,li1,143.9800,43.5200,0.000171
fanout79,VGND,li1,73.1400,65.2800,0.000146
fanout78,VGND,li1,85.1000,125.1200,0.000196
fanout77,VGND,li1,82.3400,103.3600,0.000204
fanout76,VGND,li1,47.8400,108.8000,0.000101
fanout75,VGND,li1,52.4400,119.6800,0.000063
fanout74,VGND,li1,93.8400,108.8000,0.000146
fanout73,VGND,li1,144.9000,32.6400,0.000173
fanout72,VGND,li1,137.0800,103.3600,0.000253
fanout71,VGND,li1,136.6200,97.9200,0.000156
fanout70,VGND,li1,103.5000,92.4800,0.000272
fanout69,VGND,li1,106.7200,70.7200,0.000186
fanout68,VGND,li1,145.3600,65.2800,0.000224
fanout67,VGND,li1,140.3000,38.0800,0.000156
fanout66,VGND,li1,76.8200,65.2800,0.000153
fanout65,VGND,li1,85.1000,119.6800,0.000095
fanout64,VGND,li1,85.1000,103.3600,0.000210
fanout63,VGND,li1,47.8400,108.8000,0.000101
fanout62,VGND,li1,54.7400,119.6800,0.000067
output61,VGND,li1,25.3000,16.3200,0.000028
output60,VGND,li1,97.5200,16.3200,0.000151
output59,VGND,li1,97.9800,10.8800,0.000042
output58,VGND,li1,12.4200,76.1600,0.000024
output57,VGND,li1,8.7400,76.1600,0.000024
output56,VGND,li1,18.4000,114.2400,0.000027
output55,VGND,li1,8.7400,130.5600,0.000028
output54,VGND,li1,20.7000,119.6800,0.000020
output53,VGND,li1,10.1200,125.1200,0.000037
output52,VGND,li1,8.7400,130.5600,0.000028
output51,VGND,li1,15.6400,92.4800,0.000055
output50,VGND,li1,140.3000,16.3200,0.000172
output49,VGND,li1,136.6200,16.3200,0.000172
output48,VGND,li1,101.6600,10.8800,0.000042
output47,VGND,li1,117.3000,16.3200,0.000168
output46,VGND,li1,110.8600,10.8800,0.000045
output45,VGND,li1,110.8600,32.6400,0.000162
output44,VGND,li1,140.3000,10.8800,0.000048
input43,VGND,li1,51.5200,10.8800,0.000022
input42,VGND,li1,36.8000,10.8800,0.000014
input41,VGND,li1,18.4000,32.6400,0.000026
input40,VGND,li1,10.1200,16.3200,0.000032
input39,VGND,li1,25.7600,10.8800,0.000007
input38,VGND,li1,11.5000,10.8800,0.000007
input37,VGND,li1,11.5000,32.6400,0.000027
input36,VGND,li1,55.2000,10.8800,0.000025
input35,VGND,li1,63.9400,10.8800,0.000029
input34,VGND,li1,50.6000,16.3200,0.000083
input33,VGND,li1,22.0800,10.8800,0.000007
input32,VGND,li1,8.7400,27.2000,0.000047
input31,VGND,li1,46.9200,21.7600,0.000087
input30,VGND,li1,22.0800,21.7600,0.000035
input29,VGND,li1,12.4200,27.2000,0.000047
input28,VGND,li1,145.3600,21.7600,0.000190
input27,VGND,li1,145.3600,103.3600,0.000254
input26,VGND,li1,141.6800,103.3600,0.000253
input25,VGND,li1,60.2600,10.8800,0.000027
input24,VGND,li1,68.0800,10.8800,0.000031
input23,VGND,li1,21.6200,152.3200,0.000001
input22,VGND,li1,8.7400,146.8800,0.000011
input21,VGND,li1,134.7800,16.3200,0.000172
input20,VGND,li1,70.3800,16.3200,0.000117
input19,VGND,li1,136.6200,10.8800,0.000048
input18,VGND,li1,105.3400,10.8800,0.000043
input17,VGND,li1,123.7400,27.2000,0.000364
input16,VGND,li1,88.7800,10.8800,0.000039
input15,VGND,li1,8.7400,141.4400,0.000011
input14,VGND,li1,12.4200,136.0000,0.000028
input13,VGND,li1,12.4200,136.0000,0.000028
input12,VGND,li1,12.4200,130.5600,0.000028
input11,VGND,li1,8.7400,136.0000,0.000028
input10,VGND,li1,8.7400,136.0000,0.000028
input9,VGND,li1,15.6400,125.1200,0.000037
input8,VGND,li1,8.7400,76.1600,0.000024
input7,VGND,li1,8.7400,65.2800,0.000037
input6,VGND,li1,8.7400,65.2800,0.000037
input5,VGND,li1,8.7400,43.5200,0.000047
input4,VGND,li1,10.5800,97.9200,0.000028
input3,VGND,li1,8.7400,59.8400,0.000018
input2,VGND,li1,12.4200,76.1600,0.000024
input1,VGND,li1,12.4200,65.2800,0.000037
i2c_master_controller_top_131,VGND,li1,7.5900,21.7600,0.000037
i2c_master_controller_top,VGND,li1,146.5100,16.3200,0.000172
_1290__130,VGND,li1,43.4700,92.4800,0.000127
TAP_TAPCELL_ROW_51_373,VGND,li1,134.5500,152.0280,0.000001
TAP_TAPCELL_ROW_51_372,VGND,li1,121.6700,152.0280,0.000001
TAP_TAPCELL_ROW_51_371,VGND,li1,108.7900,152.0280,0.000001
TAP_TAPCELL_ROW_51_370,VGND,li1,95.9100,152.0280,0.000001
TAP_TAPCELL_ROW_51_369,VGND,li1,83.0300,152.0280,0.000001
TAP_TAPCELL_ROW_51_368,VGND,li1,70.1500,152.0280,0.000001
TAP_TAPCELL_ROW_51_367,VGND,li1,57.2700,152.0280,0.000001
TAP_TAPCELL_ROW_51_366,VGND,li1,44.3900,152.0280,0.000001
TAP_TAPCELL_ROW_51_365,VGND,li1,31.5100,152.0280,0.000001
TAP_TAPCELL_ROW_51_364,VGND,li1,18.6300,152.0280,0.000001
TAP_TAPCELL_ROW_50_363,VGND,li1,121.6700,147.1710,0.000021
TAP_TAPCELL_ROW_50_362,VGND,li1,95.9100,147.1710,0.000021
TAP_TAPCELL_ROW_50_361,VGND,li1,70.1500,147.1710,0.000021
TAP_TAPCELL_ROW_50_360,VGND,li1,44.3900,147.1710,0.000016
TAP_TAPCELL_ROW_50_359,VGND,li1,18.6300,147.1710,0.000010
TAP_TAPCELL_ROW_49_358,VGND,li1,134.5500,146.5880,0.000021
TAP_TAPCELL_ROW_49_357,VGND,li1,108.7900,146.5880,0.000021
TAP_TAPCELL_ROW_49_356,VGND,li1,83.0300,146.5880,0.000021
TAP_TAPCELL_ROW_49_355,VGND,li1,57.2700,146.5880,0.000019
TAP_TAPCELL_ROW_49_354,VGND,li1,31.5100,146.5880,0.000012
TAP_TAPCELL_ROW_48_353,VGND,li1,121.6700,141.7310,0.000026
TAP_TAPCELL_ROW_48_352,VGND,li1,95.9100,141.7310,0.000025
TAP_TAPCELL_ROW_48_351,VGND,li1,70.1500,141.7310,0.000025
TAP_TAPCELL_ROW_48_350,VGND,li1,44.3900,141.7310,0.000020
TAP_TAPCELL_ROW_48_349,VGND,li1,18.6300,141.7310,0.000011
TAP_TAPCELL_ROW_47_348,VGND,li1,134.5500,141.1480,0.000026
TAP_TAPCELL_ROW_47_347,VGND,li1,108.7900,141.1480,0.000025
TAP_TAPCELL_ROW_47_346,VGND,li1,83.0300,141.1480,0.000025
TAP_TAPCELL_ROW_47_345,VGND,li1,57.2700,141.1480,0.000023
TAP_TAPCELL_ROW_47_344,VGND,li1,31.5100,141.1480,0.000014
TAP_TAPCELL_ROW_46_343,VGND,li1,121.6700,136.2910,0.000097
TAP_TAPCELL_ROW_46_342,VGND,li1,95.9100,136.2910,0.000091
TAP_TAPCELL_ROW_46_341,VGND,li1,70.1500,136.2910,0.000081
TAP_TAPCELL_ROW_46_340,VGND,li1,44.3900,136.2910,0.000057
TAP_TAPCELL_ROW_46_339,VGND,li1,18.6300,136.2910,0.000027
TAP_TAPCELL_ROW_45_338,VGND,li1,134.5500,135.7080,0.000098
TAP_TAPCELL_ROW_45_337,VGND,li1,108.7900,135.7080,0.000094
TAP_TAPCELL_ROW_45_336,VGND,li1,83.0300,135.7080,0.000088
TAP_TAPCELL_ROW_45_335,VGND,li1,57.2700,135.7080,0.000071
TAP_TAPCELL_ROW_45_334,VGND,li1,31.5100,135.7080,0.000038
TAP_TAPCELL_ROW_44_333,VGND,li1,121.6700,130.8510,0.000167
TAP_TAPCELL_ROW_44_332,VGND,li1,95.9100,130.8510,0.000156
TAP_TAPCELL_ROW_44_331,VGND,li1,70.1500,130.8510,0.000131
TAP_TAPCELL_ROW_44_330,VGND,li1,44.3900,130.8510,0.000076
TAP_TAPCELL_ROW_44_329,VGND,li1,18.6300,130.8510,0.000028
TAP_TAPCELL_ROW_43_328,VGND,li1,134.5500,130.2680,0.000169
TAP_TAPCELL_ROW_43_327,VGND,li1,108.7900,130.2680,0.000164
TAP_TAPCELL_ROW_43_326,VGND,li1,83.0300,130.2680,0.000144
TAP_TAPCELL_ROW_43_325,VGND,li1,57.2700,130.2680,0.000106
TAP_TAPCELL_ROW_43_324,VGND,li1,31.5100,130.2680,0.000045
TAP_TAPCELL_ROW_42_323,VGND,li1,121.6700,125.4110,0.000261
TAP_TAPCELL_ROW_42_322,VGND,li1,95.9100,125.4110,0.000223
TAP_TAPCELL_ROW_42_321,VGND,li1,70.1500,125.4110,0.000157
TAP_TAPCELL_ROW_42_320,VGND,li1,44.3900,125.4110,0.000089
TAP_TAPCELL_ROW_42_319,VGND,li1,18.6300,125.4110,0.000036
TAP_TAPCELL_ROW_41_318,VGND,li1,134.5500,124.8280,0.000273
TAP_TAPCELL_ROW_41_317,VGND,li1,108.7900,124.8280,0.000242
TAP_TAPCELL_ROW_41_316,VGND,li1,83.0300,124.8280,0.000191
TAP_TAPCELL_ROW_41_315,VGND,li1,57.2700,124.8280,0.000119
TAP_TAPCELL_ROW_41_314,VGND,li1,31.5100,124.8280,0.000050
TAP_TAPCELL_ROW_40_313,VGND,li1,121.6700,119.9710,0.000100
TAP_TAPCELL_ROW_40_312,VGND,li1,95.9100,119.9710,0.000099
TAP_TAPCELL_ROW_40_311,VGND,li1,70.1500,119.9710,0.000084
TAP_TAPCELL_ROW_40_310,VGND,li1,44.3900,119.9710,0.000052
TAP_TAPCELL_ROW_40_309,VGND,li1,18.6300,119.9710,0.000020
TAP_TAPCELL_ROW_39_308,VGND,li1,134.5500,119.3880,0.000100
TAP_TAPCELL_ROW_39_307,VGND,li1,108.7900,119.3880,0.000100
TAP_TAPCELL_ROW_39_306,VGND,li1,83.0300,119.3880,0.000094
TAP_TAPCELL_ROW_39_305,VGND,li1,57.2700,119.3880,0.000069
TAP_TAPCELL_ROW_39_304,VGND,li1,31.5100,119.3880,0.000031
TAP_TAPCELL_ROW_38_303,VGND,li1,121.6700,114.5310,0.000101
TAP_TAPCELL_ROW_38_302,VGND,li1,95.9100,114.5310,0.000091
TAP_TAPCELL_ROW_38_301,VGND,li1,70.1500,114.5310,0.000072
TAP_TAPCELL_ROW_38_300,VGND,li1,44.3900,114.5310,0.000048
TAP_TAPCELL_ROW_38_299,VGND,li1,18.6300,114.5310,0.000027
TAP_TAPCELL_ROW_37_298,VGND,li1,134.5500,113.9480,0.000104
TAP_TAPCELL_ROW_37_297,VGND,li1,108.7900,113.9480,0.000098
TAP_TAPCELL_ROW_37_296,VGND,li1,83.0300,113.9480,0.000082
TAP_TAPCELL_ROW_37_295,VGND,li1,57.2700,113.9480,0.000060
TAP_TAPCELL_ROW_37_294,VGND,li1,31.5100,113.9480,0.000033
TAP_TAPCELL_ROW_36_293,VGND,li1,121.6700,109.0910,0.000157
TAP_TAPCELL_ROW_36_292,VGND,li1,95.9100,109.0910,0.000147
TAP_TAPCELL_ROW_36_291,VGND,li1,70.1500,109.0910,0.000128
TAP_TAPCELL_ROW_36_290,VGND,li1,44.3900,109.0910,0.000092
TAP_TAPCELL_ROW_36_289,VGND,li1,18.6300,109.0910,0.000038
TAP_TAPCELL_ROW_35_288,VGND,li1,134.5500,108.5080,0.000162
TAP_TAPCELL_ROW_35_287,VGND,li1,108.7900,108.5080,0.000152
TAP_TAPCELL_ROW_35_286,VGND,li1,83.0300,108.5080,0.000138
TAP_TAPCELL_ROW_35_285,VGND,li1,57.2700,108.5080,0.000119
TAP_TAPCELL_ROW_35_284,VGND,li1,31.5100,108.5080,0.000057
TAP_TAPCELL_ROW_34_283,VGND,li1,121.6700,103.6510,0.000250
TAP_TAPCELL_ROW_34_282,VGND,li1,95.9100,103.6510,0.000232
TAP_TAPCELL_ROW_34_281,VGND,li1,70.1500,103.6510,0.000170
TAP_TAPCELL_ROW_34_280,VGND,li1,44.3900,103.6510,0.000100
TAP_TAPCELL_ROW_34_279,VGND,li1,18.6300,103.6510,0.000038
TAP_TAPCELL_ROW_33_278,VGND,li1,134.5500,103.0680,0.000252
TAP_TAPCELL_ROW_33_277,VGND,li1,108.7900,103.0680,0.000247
TAP_TAPCELL_ROW_33_276,VGND,li1,83.0300,103.0680,0.000204
TAP_TAPCELL_ROW_33_275,VGND,li1,57.2700,103.0680,0.000139
TAP_TAPCELL_ROW_33_274,VGND,li1,31.5100,103.0680,0.000054
TAP_TAPCELL_ROW_32_273,VGND,li1,121.6700,98.2110,0.000153
TAP_TAPCELL_ROW_32_272,VGND,li1,95.9100,98.2110,0.000139
TAP_TAPCELL_ROW_32_271,VGND,li1,70.1500,98.2110,0.000110
TAP_TAPCELL_ROW_32_270,VGND,li1,44.3900,98.2110,0.000066
TAP_TAPCELL_ROW_32_269,VGND,li1,18.6300,98.2110,0.000027
TAP_TAPCELL_ROW_31_268,VGND,li1,134.5500,97.6280,0.000156
TAP_TAPCELL_ROW_31_267,VGND,li1,108.7900,97.6280,0.000148
TAP_TAPCELL_ROW_31_266,VGND,li1,83.0300,97.6280,0.000125
TAP_TAPCELL_ROW_31_265,VGND,li1,57.2700,97.6280,0.000090
TAP_TAPCELL_ROW_31_264,VGND,li1,31.5100,97.6280,0.000037
TAP_TAPCELL_ROW_30_263,VGND,li1,121.6700,92.7710,0.000298
TAP_TAPCELL_ROW_30_262,VGND,li1,95.9100,92.7710,0.000262
TAP_TAPCELL_ROW_30_261,VGND,li1,70.1500,92.7710,0.000208
TAP_TAPCELL_ROW_30_260,VGND,li1,44.3900,92.7710,0.000134
TAP_TAPCELL_ROW_30_259,VGND,li1,18.6300,92.7710,0.000055
TAP_TAPCELL_ROW_29_258,VGND,li1,134.5500,92.1880,0.000310
TAP_TAPCELL_ROW_29_257,VGND,li1,108.7900,92.1880,0.000279
TAP_TAPCELL_ROW_29_256,VGND,li1,83.0300,92.1880,0.000239
TAP_TAPCELL_ROW_29_255,VGND,li1,57.2700,92.1880,0.000172
TAP_TAPCELL_ROW_29_254,VGND,li1,31.5100,92.1880,0.000083
TAP_TAPCELL_ROW_28_253,VGND,li1,121.6700,87.3310,0.000232
TAP_TAPCELL_ROW_28_252,VGND,li1,95.9100,87.3310,0.000212
TAP_TAPCELL_ROW_28_251,VGND,li1,70.1500,87.3310,0.000163
TAP_TAPCELL_ROW_28_250,VGND,li1,44.3900,87.3310,0.000095
TAP_TAPCELL_ROW_28_249,VGND,li1,18.6300,87.3310,0.000040
TAP_TAPCELL_ROW_27_248,VGND,li1,134.5500,86.7480,0.000237
TAP_TAPCELL_ROW_27_247,VGND,li1,108.7900,86.7480,0.000227
TAP_TAPCELL_ROW_27_246,VGND,li1,83.0300,86.7480,0.000189
TAP_TAPCELL_ROW_27_245,VGND,li1,57.2700,86.7480,0.000130
TAP_TAPCELL_ROW_27_244,VGND,li1,31.5100,86.7480,0.000052
TAP_TAPCELL_ROW_26_243,VGND,li1,121.6700,81.8910,0.000124
TAP_TAPCELL_ROW_26_242,VGND,li1,95.9100,81.8910,0.000110
TAP_TAPCELL_ROW_26_241,VGND,li1,70.1500,81.8910,0.000088
TAP_TAPCELL_ROW_26_240,VGND,li1,44.3900,81.8910,0.000053
TAP_TAPCELL_ROW_26_239,VGND,li1,18.6300,81.8910,0.000021
TAP_TAPCELL_ROW_25_238,VGND,li1,134.5500,81.3080,0.000125
TAP_TAPCELL_ROW_25_237,VGND,li1,108.7900,81.3080,0.000119
TAP_TAPCELL_ROW_25_236,VGND,li1,83.0300,81.3080,0.000099
TAP_TAPCELL_ROW_25_235,VGND,li1,57.2700,81.3080,0.000073
TAP_TAPCELL_ROW_25_234,VGND,li1,31.5100,81.3080,0.000032
TAP_TAPCELL_ROW_24_233,VGND,li1,121.6700,76.4510,0.000150
TAP_TAPCELL_ROW_24_232,VGND,li1,95.9100,76.4510,0.000144
TAP_TAPCELL_ROW_24_231,VGND,li1,70.1500,76.4510,0.000125
TAP_TAPCELL_ROW_24_230,VGND,li1,44.3900,76.4510,0.000067
TAP_TAPCELL_ROW_24_229,VGND,li1,18.6300,76.4510,0.000024
TAP_TAPCELL_ROW_23_228,VGND,li1,134.5500,75.8680,0.000152
TAP_TAPCELL_ROW_23_227,VGND,li1,108.7900,75.8680,0.000147
TAP_TAPCELL_ROW_23_226,VGND,li1,83.0300,75.8680,0.000141
TAP_TAPCELL_ROW_23_225,VGND,li1,57.2700,75.8680,0.000094
TAP_TAPCELL_ROW_23_224,VGND,li1,31.5100,75.8680,0.000039
TAP_TAPCELL_ROW_22_223,VGND,li1,121.6700,71.0110,0.000191
TAP_TAPCELL_ROW_22_222,VGND,li1,95.9100,71.0110,0.000178
TAP_TAPCELL_ROW_22_221,VGND,li1,70.1500,71.0110,0.000149
TAP_TAPCELL_ROW_22_220,VGND,li1,44.3900,71.0110,0.000090
TAP_TAPCELL_ROW_22_219,VGND,li1,18.6300,71.0110,0.000037
TAP_TAPCELL_ROW_21_218,VGND,li1,134.5500,70.4280,0.000193
TAP_TAPCELL_ROW_21_217,VGND,li1,108.7900,70.4280,0.000186
TAP_TAPCELL_ROW_21_216,VGND,li1,83.0300,70.4280,0.000167
TAP_TAPCELL_ROW_21_215,VGND,li1,57.2700,70.4280,0.000127
TAP_TAPCELL_ROW_21_214,VGND,li1,31.5100,70.4280,0.000056
TAP_TAPCELL_ROW_20_213,VGND,li1,121.6700,65.5710,0.000218
TAP_TAPCELL_ROW_20_212,VGND,li1,95.9100,65.5710,0.000186
TAP_TAPCELL_ROW_20_211,VGND,li1,70.1500,65.5710,0.000141
TAP_TAPCELL_ROW_20_210,VGND,li1,44.3900,65.5710,0.000088
TAP_TAPCELL_ROW_20_209,VGND,li1,18.6300,65.5710,0.000037
TAP_TAPCELL_ROW_19_208,VGND,li1,134.5500,64.9880,0.000223
TAP_TAPCELL_ROW_19_207,VGND,li1,108.7900,64.9880,0.000203
TAP_TAPCELL_ROW_19_206,VGND,li1,83.0300,64.9880,0.000164
TAP_TAPCELL_ROW_19_205,VGND,li1,57.2700,64.9880,0.000117
TAP_TAPCELL_ROW_19_204,VGND,li1,31.5100,64.9880,0.000054
TAP_TAPCELL_ROW_18_203,VGND,li1,121.6700,60.1310,0.000098
TAP_TAPCELL_ROW_18_202,VGND,li1,95.9100,60.1310,0.000092
TAP_TAPCELL_ROW_18_201,VGND,li1,70.1500,60.1310,0.000081
TAP_TAPCELL_ROW_18_200,VGND,li1,44.3900,60.1310,0.000047
TAP_TAPCELL_ROW_18_199,VGND,li1,18.6300,60.1310,0.000018
TAP_TAPCELL_ROW_17_198,VGND,li1,134.5500,59.5480,0.000101
TAP_TAPCELL_ROW_17_197,VGND,li1,108.7900,59.5480,0.000095
TAP_TAPCELL_ROW_17_196,VGND,li1,83.0300,59.5480,0.000088
TAP_TAPCELL_ROW_17_195,VGND,li1,57.2700,59.5480,0.000068
TAP_TAPCELL_ROW_17_194,VGND,li1,31.5100,59.5480,0.000029
TAP_TAPCELL_ROW_16_193,VGND,li1,121.6700,54.6910,0.000174
TAP_TAPCELL_ROW_16_192,VGND,li1,95.9100,54.6910,0.000163
TAP_TAPCELL_ROW_16_191,VGND,li1,70.1500,54.6910,0.000137
TAP_TAPCELL_ROW_16_190,VGND,li1,44.3900,54.6910,0.000082
TAP_TAPCELL_ROW_16_189,VGND,li1,18.6300,54.6910,0.000032
TAP_TAPCELL_ROW_15_188,VGND,li1,134.5500,54.1080,0.000174
TAP_TAPCELL_ROW_15_187,VGND,li1,108.7900,54.1080,0.000171
TAP_TAPCELL_ROW_15_186,VGND,li1,83.0300,54.1080,0.000152
TAP_TAPCELL_ROW_15_185,VGND,li1,57.2700,54.1080,0.000113
TAP_TAPCELL_ROW_15_184,VGND,li1,31.5100,54.1080,0.000047
TAP_TAPCELL_ROW_14_183,VGND,li1,121.6700,49.2510,0.000263
TAP_TAPCELL_ROW_14_182,VGND,li1,95.9100,49.2510,0.000255
TAP_TAPCELL_ROW_14_181,VGND,li1,70.1500,49.2510,0.000185
TAP_TAPCELL_ROW_14_180,VGND,li1,44.3900,49.2510,0.000110
TAP_TAPCELL_ROW_14_179,VGND,li1,18.6300,49.2510,0.000044
TAP_TAPCELL_ROW_13_178,VGND,li1,134.5500,48.6680,0.000266
TAP_TAPCELL_ROW_13_177,VGND,li1,108.7900,48.6680,0.000260
TAP_TAPCELL_ROW_13_176,VGND,li1,83.0300,48.6680,0.000222
TAP_TAPCELL_ROW_13_175,VGND,li1,57.2700,48.6680,0.000152
TAP_TAPCELL_ROW_13_174,VGND,li1,31.5100,48.6680,0.000059
TAP_TAPCELL_ROW_12_173,VGND,li1,121.6700,43.8110,0.000170
TAP_TAPCELL_ROW_12_172,VGND,li1,95.9100,43.8110,0.000163
TAP_TAPCELL_ROW_12_171,VGND,li1,70.1500,43.8110,0.000143
TAP_TAPCELL_ROW_12_170,VGND,li1,44.3900,43.8110,0.000097
TAP_TAPCELL_ROW_12_169,VGND,li1,18.6300,43.8110,0.000047
TAP_TAPCELL_ROW_11_168,VGND,li1,134.5500,43.2280,0.000171
TAP_TAPCELL_ROW_11_167,VGND,li1,108.7900,43.2280,0.000168
TAP_TAPCELL_ROW_11_166,VGND,li1,83.0300,43.2280,0.000155
TAP_TAPCELL_ROW_11_165,VGND,li1,57.2700,43.2280,0.000127
TAP_TAPCELL_ROW_11_164,VGND,li1,31.5100,43.2280,0.000061
TAP_TAPCELL_ROW_10_163,VGND,li1,121.6700,38.3710,0.000149
TAP_TAPCELL_ROW_10_162,VGND,li1,95.9100,38.3710,0.000128
TAP_TAPCELL_ROW_10_161,VGND,li1,70.1500,38.3710,0.000094
TAP_TAPCELL_ROW_10_160,VGND,li1,44.3900,38.3710,0.000050
TAP_TAPCELL_ROW_10_159,VGND,li1,18.6300,38.3710,0.000018
TAP_TAPCELL_ROW_9_158,VGND,li1,134.5500,37.7880,0.000155
TAP_TAPCELL_ROW_9_157,VGND,li1,108.7900,37.7880,0.000141
TAP_TAPCELL_ROW_9_156,VGND,li1,83.0300,37.7880,0.000114
TAP_TAPCELL_ROW_9_155,VGND,li1,57.2700,37.7880,0.000074
TAP_TAPCELL_ROW_9_154,VGND,li1,31.5100,37.7880,0.000030
TAP_TAPCELL_ROW_8_153,VGND,li1,121.6700,32.9310,0.000167
TAP_TAPCELL_ROW_8_152,VGND,li1,95.9100,32.9310,0.000153
TAP_TAPCELL_ROW_8_151,VGND,li1,70.1500,32.9310,0.000118
TAP_TAPCELL_ROW_8_150,VGND,li1,44.3900,32.9310,0.000069
TAP_TAPCELL_ROW_8_149,VGND,li1,18.6300,32.9310,0.000026
TAP_TAPCELL_ROW_7_148,VGND,li1,134.5500,32.3480,0.000171
TAP_TAPCELL_ROW_7_147,VGND,li1,108.7900,32.3480,0.000160
TAP_TAPCELL_ROW_7_146,VGND,li1,83.0300,32.3480,0.000140
TAP_TAPCELL_ROW_7_145,VGND,li1,57.2700,32.3480,0.000094
TAP_TAPCELL_ROW_7_144,VGND,li1,31.5100,32.3480,0.000039
TAP_TAPCELL_ROW_6_143,VGND,li1,121.6700,27.4910,0.000361
TAP_TAPCELL_ROW_6_142,VGND,li1,95.9100,27.4910,0.000307
TAP_TAPCELL_ROW_6_141,VGND,li1,70.1500,27.4910,0.000236
TAP_TAPCELL_ROW_6_140,VGND,li1,44.3900,27.4910,0.000136
TAP_TAPCELL_ROW_6_139,VGND,li1,18.6300,27.4910,0.000046
TAP_TAPCELL_ROW_5_138,VGND,li1,134.5500,26.9080,0.000375
TAP_TAPCELL_ROW_5_137,VGND,li1,108.7900,26.9080,0.000341
TAP_TAPCELL_ROW_5_136,VGND,li1,83.0300,26.9080,0.000272
TAP_TAPCELL_ROW_5_135,VGND,li1,57.2700,26.9080,0.000182
TAP_TAPCELL_ROW_5_134,VGND,li1,31.5100,26.9080,0.000081
TAP_TAPCELL_ROW_4_133,VGND,li1,121.6700,22.0510,0.000183
TAP_TAPCELL_ROW_4_132,VGND,li1,95.9100,22.0510,0.000163
TAP_TAPCELL_ROW_4_131,VGND,li1,70.1500,22.0510,0.000130
TAP_TAPCELL_ROW_4_130,VGND,li1,44.3900,22.0510,0.000083
TAP_TAPCELL_ROW_4_129,VGND,li1,18.6300,22.0510,0.000036
TAP_TAPCELL_ROW_3_128,VGND,li1,134.5500,21.4680,0.000188
TAP_TAPCELL_ROW_3_127,VGND,li1,108.7900,21.4680,0.000175
TAP_TAPCELL_ROW_3_126,VGND,li1,83.0300,21.4680,0.000150
TAP_TAPCELL_ROW_3_125,VGND,li1,57.2700,21.4680,0.000107
TAP_TAPCELL_ROW_3_124,VGND,li1,31.5100,21.4680,0.000055
TAP_TAPCELL_ROW_2_123,VGND,li1,121.6700,16.6110,0.000169
TAP_TAPCELL_ROW_2_122,VGND,li1,95.9100,16.6110,0.000151
TAP_TAPCELL_ROW_2_121,VGND,li1,70.1500,16.6110,0.000117
TAP_TAPCELL_ROW_2_120,VGND,li1,44.3900,16.6110,0.000068
TAP_TAPCELL_ROW_2_119,VGND,li1,18.6300,16.6110,0.000031
TAP_TAPCELL_ROW_1_118,VGND,li1,134.5500,16.0280,0.000172
TAP_TAPCELL_ROW_1_117,VGND,li1,108.7900,16.0280,0.000163
TAP_TAPCELL_ROW_1_116,VGND,li1,83.0300,16.0280,0.000135
TAP_TAPCELL_ROW_1_115,VGND,li1,57.2700,16.0280,0.000094
TAP_TAPCELL_ROW_1_114,VGND,li1,31.5100,16.0280,0.000043
TAP_TAPCELL_ROW_0_113,VGND,li1,134.5500,11.1710,0.000048
TAP_TAPCELL_ROW_0_112,VGND,li1,121.6700,11.1710,0.000047
TAP_TAPCELL_ROW_0_111,VGND,li1,108.7900,11.1710,0.000044
TAP_TAPCELL_ROW_0_110,VGND,li1,95.9100,11.1710,0.000041
TAP_TAPCELL_ROW_0_109,VGND,li1,83.0300,11.1710,0.000037
TAP_TAPCELL_ROW_0_108,VGND,li1,70.1500,11.1710,0.000032
TAP_TAPCELL_ROW_0_107,VGND,li1,57.2700,11.1710,0.000026
TAP_TAPCELL_ROW_0_106,VGND,li1,44.3900,11.1710,0.000018
TAP_TAPCELL_ROW_0_105,VGND,li1,31.5100,11.1710,0.000011
TAP_TAPCELL_ROW_0_104,VGND,li1,18.6300,11.1710,0.000007
PHY_EDGE_ROW_51_Left_103,VGND,li1,6.2100,152.3200,0.000001
PHY_EDGE_ROW_50_Left_102,VGND,li1,6.2100,146.8800,0.000011
PHY_EDGE_ROW_49_Left_101,VGND,li1,6.2100,146.8800,0.000011
PHY_EDGE_ROW_48_Left_100,VGND,li1,6.2100,141.4400,0.000011
PHY_EDGE_ROW_47_Left_99,VGND,li1,6.2100,141.4400,0.000011
PHY_EDGE_ROW_46_Left_98,VGND,li1,6.2100,136.0000,0.000028
PHY_EDGE_ROW_45_Left_97,VGND,li1,6.2100,136.0000,0.000028
PHY_EDGE_ROW_44_Left_96,VGND,li1,6.2100,130.5600,0.000028
PHY_EDGE_ROW_43_Left_95,VGND,li1,6.2100,130.5600,0.000028
PHY_EDGE_ROW_42_Left_94,VGND,li1,6.2100,125.1200,0.000037
PHY_EDGE_ROW_41_Left_93,VGND,li1,6.2100,125.1200,0.000037
PHY_EDGE_ROW_40_Left_92,VGND,li1,6.2100,119.6800,0.000020
PHY_EDGE_ROW_39_Left_91,VGND,li1,6.2100,119.6800,0.000020
PHY_EDGE_ROW_38_Left_90,VGND,li1,6.2100,114.2400,0.000028
PHY_EDGE_ROW_37_Left_89,VGND,li1,6.2100,114.2400,0.000028
PHY_EDGE_ROW_36_Left_88,VGND,li1,6.2100,108.8000,0.000040
PHY_EDGE_ROW_35_Left_87,VGND,li1,6.2100,108.8000,0.000040
PHY_EDGE_ROW_34_Left_86,VGND,li1,6.2100,103.3600,0.000039
PHY_EDGE_ROW_33_Left_85,VGND,li1,6.2100,103.3600,0.000039
PHY_EDGE_ROW_32_Left_84,VGND,li1,6.2100,97.9200,0.000028
PHY_EDGE_ROW_31_Left_83,VGND,li1,6.2100,97.9200,0.000028
PHY_EDGE_ROW_30_Left_82,VGND,li1,6.2100,92.4800,0.000055
PHY_EDGE_ROW_29_Left_81,VGND,li1,6.2100,92.4800,0.000055
PHY_EDGE_ROW_28_Left_80,VGND,li1,6.2100,87.0400,0.000042
PHY_EDGE_ROW_27_Left_79,VGND,li1,6.2100,87.0400,0.000042
PHY_EDGE_ROW_26_Left_78,VGND,li1,6.2100,81.6000,0.000022
PHY_EDGE_ROW_25_Left_77,VGND,li1,6.2100,81.6000,0.000022
PHY_EDGE_ROW_24_Left_76,VGND,li1,6.2100,76.1600,0.000024
PHY_EDGE_ROW_23_Left_75,VGND,li1,6.2100,76.1600,0.000024
PHY_EDGE_ROW_22_Left_74,VGND,li1,6.2100,70.7200,0.000039
PHY_EDGE_ROW_21_Left_73,VGND,li1,6.2100,70.7200,0.000039
PHY_EDGE_ROW_20_Left_72,VGND,li1,6.2100,65.2800,0.000037
PHY_EDGE_ROW_19_Left_71,VGND,li1,6.2100,65.2800,0.000037
PHY_EDGE_ROW_18_Left_70,VGND,li1,6.2100,59.8400,0.000018
PHY_EDGE_ROW_17_Left_69,VGND,li1,6.2100,59.8400,0.000018
PHY_EDGE_ROW_16_Left_68,VGND,li1,6.2100,54.4000,0.000033
PHY_EDGE_ROW_15_Left_67,VGND,li1,6.2100,54.4000,0.000033
PHY_EDGE_ROW_14_Left_66,VGND,li1,6.2100,48.9600,0.000046
PHY_EDGE_ROW_13_Left_65,VGND,li1,6.2100,48.9600,0.000046
PHY_EDGE_ROW_12_Left_64,VGND,li1,6.2100,43.5200,0.000047
PHY_EDGE_ROW_11_Left_63,VGND,li1,6.2100,43.5200,0.000047
PHY_EDGE_ROW_10_Left_62,VGND,li1,6.2100,38.0800,0.000018
PHY_EDGE_ROW_9_Left_61,VGND,li1,6.2100,38.0800,0.000018
PHY_EDGE_ROW_8_Left_60,VGND,li1,6.2100,32.6400,0.000027
PHY_EDGE_ROW_7_Left_59,VGND,li1,6.2100,32.6400,0.000027
PHY_EDGE_ROW_6_Left_58,VGND,li1,6.2100,27.2000,0.000047
PHY_EDGE_ROW_5_Left_57,VGND,li1,6.2100,27.2000,0.000047
PHY_EDGE_ROW_4_Left_56,VGND,li1,6.2100,21.7600,0.000037
PHY_EDGE_ROW_3_Left_55,VGND,li1,6.2100,21.7600,0.000037
PHY_EDGE_ROW_2_Left_54,VGND,li1,6.2100,16.3200,0.000032
PHY_EDGE_ROW_1_Left_53,VGND,li1,6.2100,16.3200,0.000032
PHY_EDGE_ROW_0_Left_52,VGND,li1,6.2100,10.8800,0.000007
PHY_EDGE_ROW_51_Right_51,VGND,li1,147.8900,152.3200,0.000001
PHY_EDGE_ROW_50_Right_50,VGND,li1,147.8900,146.8800,0.000021
PHY_EDGE_ROW_49_Right_49,VGND,li1,147.8900,146.8800,0.000021
PHY_EDGE_ROW_48_Right_48,VGND,li1,147.8900,141.4400,0.000026
PHY_EDGE_ROW_47_Right_47,VGND,li1,147.8900,141.4400,0.000026
PHY_EDGE_ROW_46_Right_46,VGND,li1,147.8900,136.0000,0.000098
PHY_EDGE_ROW_45_Right_45,VGND,li1,147.8900,136.0000,0.000098
PHY_EDGE_ROW_44_Right_44,VGND,li1,147.8900,130.5600,0.000170
PHY_EDGE_ROW_43_Right_43,VGND,li1,147.8900,130.5600,0.000170
PHY_EDGE_ROW_42_Right_42,VGND,li1,147.8900,125.1200,0.000275
PHY_EDGE_ROW_41_Right_41,VGND,li1,147.8900,125.1200,0.000275
PHY_EDGE_ROW_40_Right_40,VGND,li1,147.8900,119.6800,0.000100
PHY_EDGE_ROW_39_Right_39,VGND,li1,147.8900,119.6800,0.000100
PHY_EDGE_ROW_38_Right_38,VGND,li1,147.8900,114.2400,0.000105
PHY_EDGE_ROW_37_Right_37,VGND,li1,147.8900,114.2400,0.000105
PHY_EDGE_ROW_36_Right_36,VGND,li1,147.8900,108.8000,0.000163
PHY_EDGE_ROW_35_Right_35,VGND,li1,147.8900,108.8000,0.000163
PHY_EDGE_ROW_34_Right_34,VGND,li1,147.8900,103.3600,0.000254
PHY_EDGE_ROW_33_Right_33,VGND,li1,147.8900,103.3600,0.000254
PHY_EDGE_ROW_32_Right_32,VGND,li1,147.8900,97.9200,0.000156
PHY_EDGE_ROW_31_Right_31,VGND,li1,147.8900,97.9200,0.000156
PHY_EDGE_ROW_30_Right_30,VGND,li1,147.8900,92.4800,0.000313
PHY_EDGE_ROW_29_Right_29,VGND,li1,147.8900,92.4800,0.000313
PHY_EDGE_ROW_28_Right_28,VGND,li1,147.8900,87.0400,0.000238
PHY_EDGE_ROW_27_Right_27,VGND,li1,147.8900,87.0400,0.000238
PHY_EDGE_ROW_26_Right_26,VGND,li1,147.8900,81.6000,0.000126
PHY_EDGE_ROW_25_Right_25,VGND,li1,147.8900,81.6000,0.000126
PHY_EDGE_ROW_24_Right_24,VGND,li1,147.8900,76.1600,0.000153
PHY_EDGE_ROW_23_Right_23,VGND,li1,147.8900,76.1600,0.000153
PHY_EDGE_ROW_22_Right_22,VGND,li1,147.8900,70.7200,0.000194
PHY_EDGE_ROW_21_Right_21,VGND,li1,147.8900,70.7200,0.000194
PHY_EDGE_ROW_20_Right_20,VGND,li1,147.8900,65.2800,0.000224
PHY_EDGE_ROW_19_Right_19,VGND,li1,147.8900,65.2800,0.000224
PHY_EDGE_ROW_18_Right_18,VGND,li1,147.8900,59.8400,0.000102
PHY_EDGE_ROW_17_Right_17,VGND,li1,147.8900,59.8400,0.000102
PHY_EDGE_ROW_16_Right_16,VGND,li1,147.8900,54.4000,0.000174
PHY_EDGE_ROW_15_Right_15,VGND,li1,147.8900,54.4000,0.000174
PHY_EDGE_ROW_14_Right_14,VGND,li1,147.8900,48.9600,0.000267
PHY_EDGE_ROW_13_Right_13,VGND,li1,147.8900,48.9600,0.000267
PHY_EDGE_ROW_12_Right_12,VGND,li1,147.8900,43.5200,0.000171
PHY_EDGE_ROW_11_Right_11,VGND,li1,147.8900,43.5200,0.000171
PHY_EDGE_ROW_10_Right_10,VGND,li1,147.8900,38.0800,0.000156
PHY_EDGE_ROW_9_Right_9,VGND,li1,147.8900,38.0800,0.000156
PHY_EDGE_ROW_8_Right_8,VGND,li1,147.8900,32.6400,0.000173
PHY_EDGE_ROW_7_Right_7,VGND,li1,147.8900,32.6400,0.000173
PHY_EDGE_ROW_6_Right_6,VGND,li1,147.8900,27.2000,0.000377
PHY_EDGE_ROW_5_Right_5,VGND,li1,147.8900,27.2000,0.000377
PHY_EDGE_ROW_4_Right_4,VGND,li1,147.8900,21.7600,0.000190
PHY_EDGE_ROW_3_Right_3,VGND,li1,147.8900,21.7600,0.000190
PHY_EDGE_ROW_2_Right_2,VGND,li1,147.8900,16.3200,0.000172
PHY_EDGE_ROW_1_Right_1,VGND,li1,147.8900,16.3200,0.000172
PHY_EDGE_ROW_0_Right_0,VGND,li1,147.8900,10.8800,0.000048
_1290_,VGND,li1,46.6900,92.4800,0.000143
_1289_,VGND,li1,85.7900,136.0000,0.000089
_1288_,VGND,li1,100.7400,27.2000,0.000317
_1287_,VGND,li1,120.0600,16.3200,0.000169
_1286_,VGND,li1,85.1000,16.3200,0.000138
_1285_,VGND,li1,115.0000,21.7600,0.000179
_1284_,VGND,li1,103.5000,21.7600,0.000170
_1283_,VGND,li1,132.4800,21.7600,0.000188
_1278_,VGND,li1,32.4300,43.5200,0.000061
_1277_,VGND,li1,45.3100,54.4000,0.000082
_1276_,VGND,li1,16.7900,43.5200,0.000047
_1275_,VGND,li1,49.4500,48.9600,0.000125
_1274_,VGND,li1,55.4300,48.9600,0.000145
_1273_,VGND,li1,26.4500,48.9600,0.000041
_1272_,VGND,li1,39.7900,48.9600,0.000091
_1271_,VGND,li1,26.4500,43.5200,0.000042
_1270_,VGND,li1,26.4500,108.8000,0.000042
_1269_,VGND,li1,37.0300,108.8000,0.000072
_1268_,VGND,li1,25.9900,97.9200,0.000025
_1267_,VGND,li1,42.5500,97.9200,0.000062
_1266_,VGND,li1,49.4500,87.0400,0.000105
_1265_,VGND,li1,25.0700,103.3600,0.000037
_1264_,VGND,li1,31.5100,108.8000,0.000057
_1263_,VGND,li1,37.4900,92.4800,0.000108
_1262_,VGND,li1,140.5300,21.7600,0.000189
_1261_,VGND,li1,130.8700,21.7600,0.000187
_1260_,VGND,li1,142.3700,27.2000,0.000377
_1259_,VGND,li1,85.3300,136.0000,0.000089
_1258_,VGND,li1,89.9300,130.5600,0.000152
_1257_,VGND,li1,92.2300,119.6800,0.000098
_1256_,VGND,li1,42.5500,103.3600,0.000094
_1255_,VGND,li1,52.2100,103.3600,0.000125
_1254_,VGND,li1,57.7300,103.3600,0.000139
_1253_,VGND,li1,102.3500,114.2400,0.000096
_1252_,VGND,li1,62.3300,97.9200,0.000099
_1251_,VGND,li1,97.2900,114.2400,0.000093
_1250_,VGND,li1,103.7300,130.5600,0.000161
_1249_,VGND,li1,102.8100,130.5600,0.000161
_1248_,VGND,li1,115.6900,130.5600,0.000165
_1247_,VGND,li1,117.9900,125.1200,0.000255
_1246_,VGND,li1,129.0300,136.0000,0.000098
_1245_,VGND,li1,139.6100,130.5600,0.000170
_1244_,VGND,li1,139.6100,125.1200,0.000275
_1243_,VGND,li1,138.6900,125.1200,0.000275
_1242_,VGND,li1,135.9300,108.8000,0.000162
_1241_,VGND,li1,139.6100,114.2400,0.000105
_1240_,VGND,li1,140.0700,108.8000,0.000163
_1239_,VGND,li1,132.2500,97.9200,0.000156
_1238_,VGND,li1,117.0700,103.3600,0.000249
_1237_,VGND,li1,113.3900,97.9200,0.000151
_1236_,VGND,li1,113.8500,97.9200,0.000151
_1235_,VGND,li1,112.0100,114.2400,0.000099
_1234_,VGND,li1,97.7500,70.7200,0.000180
_1233_,VGND,li1,83.4900,65.2800,0.000167
_1232_,VGND,li1,110.6300,87.0400,0.000228
_1231_,VGND,li1,84.8700,70.7200,0.000169
_1230_,VGND,li1,61.4100,87.0400,0.000140
_1229_,VGND,li1,103.7300,70.7200,0.000184
_1228_,VGND,li1,119.8300,43.5200,0.000170
_1227_,VGND,li1,118.4500,38.0800,0.000147
_1226_,VGND,li1,116.1500,54.4000,0.000173
_1225_,VGND,li1,116.6100,54.4000,0.000173
_1224_,VGND,li1,133.6300,38.0800,0.000154
_1223_,VGND,li1,140.0700,38.0800,0.000156
_1222_,VGND,li1,138.6900,32.6400,0.000172
_1221_,VGND,li1,140.5300,48.9600,0.000267
_1220_,VGND,li1,137.7700,59.8400,0.000102
_1219_,VGND,li1,139.6100,65.2800,0.000224
_1218_,VGND,li1,140.0700,70.7200,0.000194
_1217_,VGND,li1,139.6100,76.1600,0.000153
_1216_,VGND,li1,118.4500,70.7200,0.000190
_1215_,VGND,li1,119.8300,81.6000,0.000124
_1214_,VGND,li1,116.6100,81.6000,0.000123
_1213_,VGND,li1,113.3900,65.2800,0.000209
_1212_,VGND,li1,69.2300,81.6000,0.000086
_1211_,VGND,li1,56.8100,130.5600,0.000106
_1210_,VGND,li1,78.8900,130.5600,0.000140
_1209_,VGND,li1,29.2100,141.4400,0.000013
_1208_,VGND,li1,23.6900,146.8800,0.000009
_1207_,VGND,li1,17.7100,146.8800,0.000011
_1206_,VGND,li1,20.0100,141.4400,0.000011
_1205_,VGND,li1,19.0900,136.0000,0.000027
_1204_,VGND,li1,27.3700,130.5600,0.000035
_1203_,VGND,li1,20.0100,119.6800,0.000020
_1202_,VGND,li1,26.4500,125.1200,0.000034
_1201_,VGND,li1,16.7900,125.1200,0.000037
_1200_,VGND,li1,68.7700,130.5600,0.000129
_1199_,VGND,li1,77.9700,103.3600,0.000194
_1198_,VGND,li1,58.6500,65.2800,0.000117
_1197_,VGND,li1,65.0900,48.9600,0.000175
_1196_,VGND,li1,52.2100,81.6000,0.000066
_1195_,VGND,li1,52.2100,65.2800,0.000107
_1194_,VGND,li1,88.0900,76.1600,0.000143
_1193_,VGND,li1,51.2900,59.8400,0.000059
_1192_,VGND,li1,88.0900,21.7600,0.000156
_1191_,VGND,li1,68.3100,21.7600,0.000127
_1190_,VGND,li1,101.4300,48.9600,0.000259
_1189_,VGND,li1,94.5300,92.4800,0.000257
_1188_,VGND,li1,68.3100,59.8400,0.000080
_1187_,VGND,li1,110.6300,38.0800,0.000142
_1186_,VGND,li1,64.6300,43.5200,0.000138
_1185_,VGND,li1,90.8500,16.3200,0.000146
_1184_,VGND,li1,84.4100,21.7600,0.000150
_1183_,VGND,li1,123.0500,21.7600,0.000184
_1182_,VGND,li1,128.1100,16.3200,0.000172
_1181_,VGND,li1,118.4500,32.6400,0.000165
_1180_,VGND,li1,90.8500,27.2000,0.000295
_1179_,VGND,li1,77.9700,21.7600,0.000141
_1178_,VGND,li1,127.6500,10.8800,0.000048
_1177_,VGND,li1,90.3900,27.2000,0.000295
_1176_,VGND,li1,77.0500,10.8800,0.000036
_1175_,VGND,li1,101.8900,43.5200,0.000166
_1174_,VGND,li1,84.4100,16.3200,0.000138
_1173_,VGND,li1,101.8900,32.6400,0.000157
_1172_,VGND,li1,62.3300,70.7200,0.000138
_1171_,VGND,li1,52.6700,70.7200,0.000113
_1170_,VGND,li1,68.7700,54.4000,0.000137
_1169_,VGND,li1,65.0900,59.8400,0.000077
_1168_,VGND,li1,59.1100,54.4000,0.000118
_1167_,VGND,li1,79.8100,54.4000,0.000150
_1166_,VGND,li1,75.2100,32.6400,0.000126
_1165_,VGND,li1,100.0500,65.2800,0.000191
_1164_,VGND,li1,89.4700,54.4000,0.000159
_1163_,VGND,li1,64.6300,43.5200,0.000138
_1162_,VGND,li1,96.8300,54.4000,0.000165
_1161_,VGND,li1,77.9700,38.0800,0.000107
_1160_,VGND,li1,83.4900,38.0800,0.000114
_1159_,VGND,li1,102.8100,54.4000,0.000168
_1158_,VGND,li1,75.2100,97.9200,0.000116
_1157_,VGND,li1,75.6700,103.3600,0.000188
_1156_,VGND,li1,74.2900,97.9200,0.000116
_1155_,VGND,li1,60.4900,114.2400,0.000064
_1154_,VGND,li1,78.4300,119.6800,0.000091
_1153_,VGND,li1,77.9700,119.6800,0.000091
_1152_,VGND,li1,68.3100,119.6800,0.000083
_1151_,VGND,li1,101.8900,81.6000,0.000115
_1150_,VGND,li1,77.0500,87.0400,0.000178
_1149_,VGND,li1,89.4700,87.0400,0.000200
_1148_,VGND,li1,67.3900,87.0400,0.000156
_1147_,VGND,li1,100.0500,81.6000,0.000114
_1146_,VGND,li1,100.9700,87.0400,0.000222
_1145_,VGND,li1,79.8100,87.0400,0.000184
_1144_,VGND,li1,95.9100,108.8000,0.000147
_1143_,VGND,li1,90.3900,103.3600,0.000222
_1142_,VGND,li1,98.6700,103.3600,0.000238
_1141_,VGND,li1,72.4500,76.1600,0.000130
_1140_,VGND,li1,60.0300,119.6800,0.000072
_1139_,VGND,li1,66.0100,146.8800,0.000021
_1138_,VGND,li1,65.0900,136.0000,0.000079
_1137_,VGND,li1,63.2500,141.4400,0.000025
_1136_,VGND,li1,46.2300,146.8800,0.000018
_1135_,VGND,li1,49.4500,141.4400,0.000022
_1134_,VGND,li1,49.4500,136.0000,0.000064
_1133_,VGND,li1,43.9300,125.1200,0.000084
_1132_,VGND,li1,48.0700,119.6800,0.000055
_1131_,VGND,li1,44.8500,114.2400,0.000048
_1130_,VGND,li1,58.6500,97.9200,0.000090
_1129_,VGND,li1,90.8500,119.6800,0.000098
_1128_,VGND,li1,77.9700,59.8400,0.000086
_1127_,VGND,li1,13.1100,70.7200,0.000039
_1126_,VGND,li1,13.5700,70.7200,0.000039
_1125_,VGND,li1,23.6900,70.7200,0.000035
_1124_,VGND,li1,25.9900,70.7200,0.000042
_1123_,VGND,li1,37.9500,76.1600,0.000055
_1122_,VGND,li1,37.0300,59.8400,0.000038
_1121_,VGND,li1,39.3300,65.2800,0.000076
_1120_,VGND,li1,42.5500,65.2800,0.000084
_1119_,VGND,li1,42.5500,81.6000,0.000050
_1118_,VGND,li1,49.9100,32.6400,0.000079
_1117_,VGND,li1,24.6100,32.6400,0.000026
_1116_,VGND,li1,25.5300,27.2000,0.000055
_1115_,VGND,li1,25.0700,32.6400,0.000026
_1114_,VGND,li1,39.3300,27.2000,0.000115
_1113_,VGND,li1,42.0900,32.6400,0.000065
_1112_,VGND,li1,42.5500,27.2000,0.000129
_1111_,VGND,li1,52.2100,38.0800,0.000066
_1110_,VGND,li1,77.9700,70.7200,0.000162
_1109_,VGND,li1,100.9700,38.0800,0.000135
_1108_,VGND,li1,98.6700,38.0800,0.000133
_1107_,VGND,li1,103.7300,48.9600,0.000259
_1106_,VGND,li1,80.7300,43.5200,0.000153
_1105_,VGND,li1,37.4900,87.0400,0.000075
_1104_,VGND,li1,24.1500,92.4800,0.000052
_1103_,VGND,li1,12.1900,97.9200,0.000028
_1102_,VGND,li1,12.6500,103.3600,0.000039
_1101_,VGND,li1,13.1100,108.8000,0.000040
_1100_,VGND,li1,12.6500,114.2400,0.000028
_1099_,VGND,li1,12.1900,108.8000,0.000040
_1098_,VGND,li1,38.4100,92.4800,0.000108
_1097_,VGND,li1,57.2700,81.6000,0.000073
_1096_,VGND,li1,110.6300,16.3200,0.000164
_1095_,VGND,li1,113.8500,16.3200,0.000166
_1094_,VGND,li1,109.2500,21.7600,0.000175
_1093_,VGND,li1,108.7900,27.2000,0.000341
_1092_,VGND,li1,97.7500,21.7600,0.000166
_1091_,VGND,li1,100.9700,16.3200,0.000155
_1090_,VGND,li1,122.1300,27.2000,0.000361
_1089_,VGND,li1,12.1900,87.0400,0.000042
_1088_,VGND,li1,12.6500,48.9600,0.000046
_1087_,VGND,li1,12.6500,81.6000,0.000022
_1086_,VGND,li1,13.5700,48.9600,0.000046
_1085_,VGND,li1,13.5700,87.0400,0.000042
_1084_,VGND,li1,13.5700,54.4000,0.000033
_1083_,VGND,li1,21.8500,87.0400,0.000039
_1082_,VGND,li1,14.9500,54.4000,0.000033
_1081_,VGND,li1,77.0500,16.3200,0.000126
_1080_,VGND,li1,67.8500,27.2000,0.000228
_1079_,VGND,li1,142.3700,92.4800,0.000313
_1078_,VGND,li1,142.3700,92.4800,0.000313
_1077_,VGND,li1,123.9700,16.3200,0.000170
_1076_,VGND,li1,60.4900,16.3200,0.000100
_1075_,VGND,li1,50.8300,16.3200,0.000083
_1074_,VGND,li1,29.6700,16.3200,0.000038
_1073_,VGND,li1,12.1900,21.7600,0.000037
_1072_,VGND,li1,39.3300,16.3200,0.000058
_1071_,VGND,li1,16.7900,16.3200,0.000031
_1070_,VGND,li1,13.5700,16.3200,0.000032
_1069_,VGND,li1,140.0700,87.0400,0.000238
_1068_,VGND,li1,130.4100,87.0400,0.000236
_1067_,VGND,li1,89.4700,136.0000,0.000090
_1066_,VGND,li1,93.6100,130.5600,0.000155
_1065_,VGND,li1,99.1300,125.1200,0.000226
_1064_,VGND,li1,46.2300,103.3600,0.000106
_1063_,VGND,li1,52.2100,97.9200,0.000078
_1062_,VGND,li1,62.7900,108.8000,0.000123
_1061_,VGND,li1,103.7300,114.2400,0.000096
_1060_,VGND,li1,60.9500,92.4800,0.000183
_1059_,VGND,li1,98.6700,119.6800,0.000099
_1058_,VGND,li1,105.1100,136.0000,0.000094
_1057_,VGND,li1,102.8100,136.0000,0.000093
_1056_,VGND,li1,117.0700,136.0000,0.000096
_1055_,VGND,li1,118.9100,119.6800,0.000100
_1054_,VGND,li1,129.9500,141.4400,0.000026
_1053_,VGND,li1,141.9100,136.0000,0.000098
_1052_,VGND,li1,145.1300,125.1200,0.000275
_1051_,VGND,li1,141.9100,119.6800,0.000100
_1050_,VGND,li1,140.9900,114.2400,0.000105
_1049_,VGND,li1,142.3700,108.8000,0.000163
_1048_,VGND,li1,141.9100,103.3600,0.000253
_1047_,VGND,li1,129.4900,92.4800,0.000308
_1046_,VGND,li1,117.5300,92.4800,0.000293
_1045_,VGND,li1,113.8500,92.4800,0.000288
_1044_,VGND,li1,114.3100,92.4800,0.000288
_1043_,VGND,li1,111.0900,119.6800,0.000100
_1042_,VGND,li1,106.4900,65.2800,0.000200
_1041_,VGND,li1,85.3300,70.7200,0.000169
_1040_,VGND,li1,108.3300,81.6000,0.000118
_1039_,VGND,li1,89.9300,65.2800,0.000177
_1038_,VGND,li1,63.7100,81.6000,0.000081
_1037_,VGND,li1,106.4900,65.2800,0.000200
_1036_,VGND,li1,124.8900,38.0800,0.000150
_1035_,VGND,li1,123.5100,32.6400,0.000168
_1034_,VGND,li1,116.1500,48.9600,0.000262
_1033_,VGND,li1,119.3700,59.8400,0.000098
_1032_,VGND,li1,132.2500,32.6400,0.000170
_1031_,VGND,li1,141.4500,21.7600,0.000189
_1030_,VGND,li1,132.7100,32.6400,0.000171
_1029_,VGND,li1,141.9100,48.9600,0.000267
_1028_,VGND,li1,141.4500,54.4000,0.000174
_1027_,VGND,li1,141.9100,59.8400,0.000102
_1026_,VGND,li1,141.9100,70.7200,0.000194
_1025_,VGND,li1,141.9100,76.1600,0.000153
_1024_,VGND,li1,119.8300,65.2800,0.000216
_1023_,VGND,li1,120.7500,87.0400,0.000232
_1022_,VGND,li1,123.5100,81.6000,0.000124
_1021_,VGND,li1,112.0100,70.7200,0.000188
_1020_,VGND,li1,64.1700,70.7200,0.000141
_1019_,VGND,li1,59.1100,130.5600,0.000113
_1018_,VGND,li1,79.8100,130.5600,0.000142
_1017_,VGND,li1,29.6700,146.8800,0.000011
_1016_,VGND,li1,25.0700,152.3200,0.000000
_1015_,VGND,li1,24.1500,146.8800,0.000009
_1014_,VGND,li1,21.8500,141.4400,0.000010
_1013_,VGND,li1,21.3900,136.0000,0.000026
_1012_,VGND,li1,28.7500,130.5600,0.000040
_1011_,VGND,li1,26.4500,119.6800,0.000023
_1010_,VGND,li1,27.3700,119.6800,0.000023
_1009_,VGND,li1,24.1500,119.6800,0.000019
_1008_,VGND,li1,71.9900,130.5600,0.000134
_1007_,VGND,li1,81.1900,97.9200,0.000123
_1006_,VGND,li1,71.5300,103.3600,0.000175
_1005_,VGND,li1,77.9700,108.8000,0.000134
_1004_,VGND,li1,74.7500,108.8000,0.000132
_1003_,VGND,li1,54.0500,114.2400,0.000058
_1002_,VGND,li1,80.2700,114.2400,0.000080
_1001_,VGND,li1,84.4100,114.2400,0.000083
_1000_,VGND,li1,68.3100,119.6800,0.000083
_0999_,VGND,li1,106.9500,81.6000,0.000118
_0998_,VGND,li1,79.3500,92.4800,0.000232
_0997_,VGND,li1,90.8500,81.6000,0.000105
_0996_,VGND,li1,65.0900,92.4800,0.000193
_0995_,VGND,li1,103.2700,76.1600,0.000146
_0994_,VGND,li1,105.5700,92.4800,0.000276
_0993_,VGND,li1,85.3300,92.4800,0.000243
_0992_,VGND,li1,101.8900,108.8000,0.000149
_0991_,VGND,li1,89.4700,108.8000,0.000142
_0990_,VGND,li1,100.0500,92.4800,0.000268
_0989_,VGND,li1,71.5300,70.7200,0.000152
_0988_,VGND,li1,60.0300,125.1200,0.000130
_0987_,VGND,li1,68.7700,141.4400,0.000025
_0986_,VGND,li1,72.4500,136.0000,0.000083
_0985_,VGND,li1,65.5500,152.3200,0.000001
_0984_,VGND,li1,49.9100,146.8800,0.000018
_0983_,VGND,li1,54.9700,141.4400,0.000023
_0982_,VGND,li1,51.7500,141.4400,0.000022
_0981_,VGND,li1,41.6300,119.6800,0.000047
_0980_,VGND,li1,48.0700,114.2400,0.000052
_0979_,VGND,li1,44.3900,108.8000,0.000092
_0978_,VGND,li1,59.5700,108.8000,0.000121
_0977_,VGND,li1,92.2300,114.2400,0.000089
_0976_,VGND,li1,138.2300,81.6000,0.000125
_0975_,VGND,li1,81.1900,136.0000,0.000087
_0974_,VGND,li1,33.8100,43.5200,0.000068
_0973_,VGND,li1,42.0900,43.5200,0.000091
_0972_,VGND,li1,24.6100,38.0800,0.000018
_0971_,VGND,li1,47.1500,43.5200,0.000105
_0970_,VGND,li1,54.9700,54.4000,0.000108
_0969_,VGND,li1,29.6700,38.0800,0.000026
_0968_,VGND,li1,38.8700,48.9600,0.000091
_0967_,VGND,li1,25.5300,38.0800,0.000018
_0966_,VGND,li1,24.6100,108.8000,0.000036
_0965_,VGND,li1,35.1900,103.3600,0.000070
_0964_,VGND,li1,26.9100,92.4800,0.000064
_0963_,VGND,li1,40.7100,97.9200,0.000058
_0962_,VGND,li1,48.0700,87.0400,0.000105
_0961_,VGND,li1,25.5300,103.3600,0.000037
_0960_,VGND,li1,29.2100,114.2400,0.000030
_0959_,VGND,li1,35.1900,87.0400,0.000068
_0958_,VGND,li1,79.8100,54.4000,0.000150
_0957_,VGND,li1,86.2500,54.4000,0.000156
_0956_,VGND,li1,17.0200,65.2800,0.000037
_0955_,VGND,li1,16.1000,76.1600,0.000024
_0954_,VGND,li1,14.0300,65.2800,0.000037
_0953_,VGND,li1,16.5600,59.8400,0.000018
_0952_,VGND,li1,19.5500,70.7200,0.000037
_0951_,VGND,li1,20.9300,65.2800,0.000037
_0950_,VGND,li1,20.7000,76.1600,0.000024
_0949_,VGND,li1,24.8400,76.1600,0.000024
_0948_,VGND,li1,23.6900,76.1600,0.000024
_0947_,VGND,li1,23.9200,65.2800,0.000037
_0946_,VGND,li1,20.7000,65.2800,0.000037
_0945_,VGND,li1,27.3700,65.2800,0.000043
_0944_,VGND,li1,34.9600,76.1600,0.000044
_0943_,VGND,li1,33.3500,70.7200,0.000062
_0942_,VGND,li1,35.6500,70.7200,0.000068
_0941_,VGND,li1,32.6600,65.2800,0.000054
_0940_,VGND,li1,35.6500,70.7200,0.000068
_0939_,VGND,li1,40.9400,59.8400,0.000044
_0938_,VGND,li1,35.8800,65.2800,0.000066
_0937_,VGND,li1,37.2600,59.8400,0.000038
_0936_,VGND,li1,39.3300,70.7200,0.000079
_0935_,VGND,li1,42.3200,70.7200,0.000084
_0934_,VGND,li1,39.3300,54.4000,0.000069
_0933_,VGND,li1,32.8900,65.2800,0.000054
_0932_,VGND,li1,43.0100,59.8400,0.000047
_0931_,VGND,li1,37.9500,76.1600,0.000055
_0930_,VGND,li1,43.4700,87.0400,0.000088
_0929_,VGND,li1,41.1700,70.7200,0.000084
_0928_,VGND,li1,27.6000,59.8400,0.000022
_0927_,VGND,li1,29.4400,81.6000,0.000028
_0926_,VGND,li1,30.5900,81.6000,0.000028
_0925_,VGND,li1,18.1700,81.6000,0.000021
_0924_,VGND,li1,25.9900,59.8400,0.000017
_0923_,VGND,li1,24.6100,81.6000,0.000020
_0922_,VGND,li1,25.0700,54.4000,0.000030
_0921_,VGND,li1,24.6100,81.6000,0.000020
_0920_,VGND,li1,18.6300,59.8400,0.000018
_0919_,VGND,li1,22.7700,59.8400,0.000018
_0918_,VGND,li1,50.1400,27.2000,0.000158
_0917_,VGND,li1,54.9700,21.7600,0.000103
_0916_,VGND,li1,25.7600,27.2000,0.000055
_0915_,VGND,li1,50.8300,21.7600,0.000094
_0914_,VGND,li1,33.5800,32.6400,0.000046
_0913_,VGND,li1,33.8100,16.3200,0.000048
_0912_,VGND,li1,20.7000,38.0800,0.000018
_0911_,VGND,li1,25.9900,21.7600,0.000041
_0910_,VGND,li1,35.8800,27.2000,0.000100
_0909_,VGND,li1,43.0100,21.7600,0.000078
_0908_,VGND,li1,35.8800,32.6400,0.000051
_0907_,VGND,li1,29.2100,16.3200,0.000038
_0906_,VGND,li1,40.0200,32.6400,0.000060
_0905_,VGND,li1,24.1500,21.7600,0.000035
_0904_,VGND,li1,56.3500,27.2000,0.000182
_0903_,VGND,li1,59.1100,27.2000,0.000195
_0902_,VGND,li1,53.5900,32.6400,0.000087
_0901_,VGND,li1,60.0300,27.2000,0.000195
_0900_,VGND,li1,71.9900,65.2800,0.000146
_0899_,VGND,li1,92.4600,38.0800,0.000125
_0898_,VGND,li1,92.4600,43.5200,0.000162
_0897_,VGND,li1,88.7800,43.5200,0.000158
_0896_,VGND,li1,89.0100,43.5200,0.000160
_0895_,VGND,li1,102.8100,54.4000,0.000168
_0894_,VGND,li1,101.8900,59.8400,0.000093
_0893_,VGND,li1,75.4400,48.9600,0.000204
_0892_,VGND,li1,37.9500,81.6000,0.000043
_0891_,VGND,li1,43.4700,92.4800,0.000127
_0890_,VGND,li1,25.0700,87.0400,0.000036
_0889_,VGND,li1,29.2100,92.4800,0.000073
_0888_,VGND,li1,14.4900,97.9200,0.000027
_0887_,VGND,li1,17.2500,97.9200,0.000027
_0886_,VGND,li1,14.4900,103.3600,0.000039
_0885_,VGND,li1,18.6300,103.3600,0.000038
_0884_,VGND,li1,14.9500,114.2400,0.000027
_0883_,VGND,li1,8.0500,108.8000,0.000040
_0882_,VGND,li1,18.1700,108.8000,0.000038
_0881_,VGND,li1,29.2100,119.6800,0.000027
_0880_,VGND,li1,10.3500,103.3600,0.000039
_0879_,VGND,li1,31.9700,103.3600,0.000054
_0878_,VGND,li1,39.3300,87.0400,0.000080
_0877_,VGND,li1,36.5700,97.9200,0.000048
_0876_,VGND,li1,54.9700,92.4800,0.000167
_0875_,VGND,li1,59.3400,81.6000,0.000075
_0874_,VGND,li1,106.4900,21.7600,0.000173
_0873_,VGND,li1,111.0900,21.7600,0.000176
_0872_,VGND,li1,102.3500,27.2000,0.000324
_0871_,VGND,li1,101.8900,32.6400,0.000157
_0870_,VGND,li1,103.2700,27.2000,0.000324
_0869_,VGND,li1,105.1100,32.6400,0.000159
_0868_,VGND,li1,97.7500,27.2000,0.000312
_0867_,VGND,li1,93.6100,21.7600,0.000161
_0866_,VGND,li1,97.2900,27.2000,0.000312
_0865_,VGND,li1,97.7500,21.7600,0.000166
_0864_,VGND,li1,124.8900,32.6400,0.000168
_0863_,VGND,li1,115.6900,27.2000,0.000353
_0862_,VGND,li1,128.5700,32.6400,0.000169
_0861_,VGND,li1,11.7300,92.4800,0.000055
_0860_,VGND,li1,11.7300,43.5200,0.000047
_0859_,VGND,li1,11.7300,81.6000,0.000022
_0858_,VGND,li1,20.9300,48.9600,0.000043
_0857_,VGND,li1,12.1900,92.4800,0.000055
_0856_,VGND,li1,13.1100,59.8400,0.000018
_0855_,VGND,li1,20.9300,87.0400,0.000039
_0854_,VGND,li1,13.1100,59.8400,0.000018
_0853_,VGND,li1,75.6700,16.3200,0.000126
_0852_,VGND,li1,67.8500,16.3200,0.000111
_0851_,VGND,li1,141.9100,87.0400,0.000238
_0850_,VGND,li1,141.9100,97.9200,0.000156
_0849_,VGND,li1,128.8000,27.2000,0.000368
_0848_,VGND,li1,141.9100,16.3200,0.000172
_0847_,VGND,li1,60.0300,16.3200,0.000100
_0846_,VGND,li1,54.5100,16.3200,0.000090
_0845_,VGND,li1,35.1900,21.7600,0.000061
_0844_,VGND,li1,11.7300,27.2000,0.000047
_0843_,VGND,li1,40.7100,10.8800,0.000016
_0842_,VGND,li1,18.1700,21.7600,0.000036
_0841_,VGND,li1,15.4100,10.8800,0.000007
_0840_,VGND,li1,129.4900,87.0400,0.000236
_0839_,VGND,li1,72.2200,92.4800,0.000215
_0838_,VGND,li1,48.7600,43.5200,0.000105
_0837_,VGND,li1,46.6900,38.0800,0.000054
_0836_,VGND,li1,33.5800,38.0800,0.000033
_0835_,VGND,li1,45.3100,43.5200,0.000097
_0834_,VGND,li1,36.8000,38.0800,0.000038
_0833_,VGND,li1,42.0900,43.5200,0.000091
_0832_,VGND,li1,42.5500,48.9600,0.000104
_0831_,VGND,li1,33.3500,38.0800,0.000033
_0830_,VGND,li1,100.0500,136.0000,0.000092
_0829_,VGND,li1,109.2500,130.5600,0.000164
_0828_,VGND,li1,106.0300,136.0000,0.000094
_0827_,VGND,li1,103.7300,125.1200,0.000234
_0826_,VGND,li1,106.9500,125.1200,0.000238
_0825_,VGND,li1,114.0800,130.5600,0.000165
_0824_,VGND,li1,119.6000,125.1200,0.000259
_0823_,VGND,li1,123.7400,130.5600,0.000167
_0822_,VGND,li1,115.9200,119.6800,0.000100
_0821_,VGND,li1,126.2700,125.1200,0.000268
_0820_,VGND,li1,111.5500,125.1200,0.000245
_0819_,VGND,li1,128.5700,130.5600,0.000168
_0818_,VGND,li1,126.2700,130.5600,0.000167
_0817_,VGND,li1,123.7400,125.1200,0.000264
_0816_,VGND,li1,132.0200,130.5600,0.000168
_0815_,VGND,li1,132.9400,130.5600,0.000169
_0814_,VGND,li1,128.8000,130.5600,0.000168
_0813_,VGND,li1,136.3900,136.0000,0.000098
_0812_,VGND,li1,139.6100,130.5600,0.000170
_0811_,VGND,li1,135.0100,119.6800,0.000100
_0810_,VGND,li1,132.0200,125.1200,0.000272
_0809_,VGND,li1,128.8000,125.1200,0.000271
_0808_,VGND,li1,131.7900,119.6800,0.000100
_0807_,VGND,li1,128.5700,114.2400,0.000103
_0806_,VGND,li1,130.8700,114.2400,0.000103
_0805_,VGND,li1,132.0200,114.2400,0.000103
_0804_,VGND,li1,129.7200,108.8000,0.000159
_0803_,VGND,li1,133.1700,119.6800,0.000100
_0802_,VGND,li1,127.1900,108.8000,0.000158
_0801_,VGND,li1,132.0200,108.8000,0.000161
_0800_,VGND,li1,128.3400,108.8000,0.000159
_0799_,VGND,li1,130.6400,103.3600,0.000252
_0798_,VGND,li1,128.1100,103.3600,0.000251
_0797_,VGND,li1,133.1700,103.3600,0.000252
_0796_,VGND,li1,115.4600,103.3600,0.000249
_0795_,VGND,li1,112.0100,103.3600,0.000248
_0794_,VGND,li1,119.1400,103.3600,0.000250
_0793_,VGND,li1,110.6300,103.3600,0.000247
_0792_,VGND,li1,114.7700,108.8000,0.000154
_0791_,VGND,li1,108.1000,103.3600,0.000247
_0790_,VGND,li1,112.0100,108.8000,0.000153
_0789_,VGND,li1,110.1700,108.8000,0.000152
_0788_,VGND,li1,116.3800,114.2400,0.000100
_0787_,VGND,li1,111.0900,114.2400,0.000099
_0786_,VGND,li1,113.3900,43.5200,0.000169
_0785_,VGND,li1,123.5100,38.0800,0.000150
_0784_,VGND,li1,113.3900,43.5200,0.000169
_0783_,VGND,li1,117.5300,38.0800,0.000147
_0782_,VGND,li1,116.1500,43.5200,0.000169
_0781_,VGND,li1,116.8400,48.9600,0.000262
_0780_,VGND,li1,126.9600,54.4000,0.000174
_0779_,VGND,li1,123.7400,48.9600,0.000264
_0778_,VGND,li1,123.2800,54.4000,0.000174
_0777_,VGND,li1,118.9100,48.9600,0.000263
_0776_,VGND,li1,120.2900,48.9600,0.000263
_0775_,VGND,li1,132.7100,43.5200,0.000171
_0774_,VGND,li1,130.8700,48.9600,0.000265
_0773_,VGND,li1,130.1800,54.4000,0.000174
_0772_,VGND,li1,136.1600,43.5200,0.000171
_0771_,VGND,li1,136.6200,43.5200,0.000171
_0770_,VGND,li1,132.9400,43.5200,0.000171
_0769_,VGND,li1,142.8300,43.5200,0.000171
_0768_,VGND,li1,136.3900,32.6400,0.000172
_0767_,VGND,li1,132.7100,38.0800,0.000154
_0766_,VGND,li1,136.6200,48.9600,0.000266
_0765_,VGND,li1,134.3200,48.9600,0.000265
_0764_,VGND,li1,136.3900,54.4000,0.000174
_0763_,VGND,li1,131.3300,59.8400,0.000101
_0762_,VGND,li1,132.7100,54.4000,0.000174
_0761_,VGND,li1,136.6200,70.7200,0.000194
_0760_,VGND,li1,134.7800,65.2800,0.000223
_0759_,VGND,li1,137.3100,65.2800,0.000223
_0758_,VGND,li1,132.2500,65.2800,0.000222
_0757_,VGND,li1,132.9400,70.7200,0.000193
_0756_,VGND,li1,132.9400,70.7200,0.000193
_0755_,VGND,li1,136.1600,76.1600,0.000152
_0754_,VGND,li1,138.6900,76.1600,0.000153
_0753_,VGND,li1,135.0100,81.6000,0.000125
_0752_,VGND,li1,118.2200,70.7200,0.000190
_0751_,VGND,li1,114.7700,70.7200,0.000189
_0750_,VGND,li1,123.7400,70.7200,0.000191
_0749_,VGND,li1,117.0700,76.1600,0.000149
_0748_,VGND,li1,119.8300,76.1600,0.000149
_0747_,VGND,li1,113.6200,81.6000,0.000121
_0746_,VGND,li1,117.9900,87.0400,0.000231
_0745_,VGND,li1,119.8300,76.1600,0.000149
_0744_,VGND,li1,119.6000,59.8400,0.000098
_0743_,VGND,li1,113.8500,65.2800,0.000209
_0742_,VGND,li1,66.9300,125.1200,0.000145
_0741_,VGND,li1,61.6400,119.6800,0.000075
_0740_,VGND,li1,71.9900,119.6800,0.000086
_0739_,VGND,li1,72.4500,48.9600,0.000192
_0738_,VGND,li1,68.3100,38.0800,0.000092
_0737_,VGND,li1,87.6300,59.8400,0.000090
_0736_,VGND,li1,91.0800,70.7200,0.000174
_0735_,VGND,li1,106.4900,92.4800,0.000276
_0734_,VGND,li1,84.6400,81.6000,0.000101
_0733_,VGND,li1,92.0000,38.0800,0.000125
_0732_,VGND,li1,97.7500,43.5200,0.000165
_0731_,VGND,li1,88.5500,103.3600,0.000215
_0730_,VGND,li1,136.3900,92.4800,0.000311
_0729_,VGND,li1,39.1000,136.0000,0.000050
_0728_,VGND,li1,38.1800,130.5600,0.000059
_0727_,VGND,li1,34.0400,136.0000,0.000046
_0726_,VGND,li1,29.2100,141.4400,0.000013
_0725_,VGND,li1,36.1100,141.4400,0.000016
_0724_,VGND,li1,34.7300,130.5600,0.000053
_0723_,VGND,li1,34.7300,141.4400,0.000016
_0722_,VGND,li1,34.7300,125.1200,0.000060
_0721_,VGND,li1,31.9700,119.6800,0.000031
_0720_,VGND,li1,30.5900,125.1200,0.000050
_0719_,VGND,li1,34.7300,146.8800,0.000013
_0718_,VGND,li1,118.6800,114.2400,0.000101
_0717_,VGND,li1,123.0500,130.5600,0.000167
_0716_,VGND,li1,136.3900,130.5600,0.000170
_0715_,VGND,li1,114.3100,125.1200,0.000251
_0714_,VGND,li1,119.6000,108.8000,0.000156
_0713_,VGND,li1,129.0300,103.3600,0.000252
_0712_,VGND,li1,123.2800,108.8000,0.000157
_0711_,VGND,li1,130.1800,97.9200,0.000155
_0710_,VGND,li1,132.7100,87.0400,0.000236
_0709_,VGND,li1,132.7100,92.4800,0.000310
_0708_,VGND,li1,125.1200,70.7200,0.000191
_0707_,VGND,li1,126.2700,48.9600,0.000264
_0706_,VGND,li1,139.6100,43.5200,0.000171
_0705_,VGND,li1,121.6700,48.9600,0.000263
_0704_,VGND,li1,123.7400,65.2800,0.000220
_0703_,VGND,li1,129.0300,70.7200,0.000192
_0702_,VGND,li1,128.8000,70.7200,0.000192
_0701_,VGND,li1,130.8700,76.1600,0.000151
_0700_,VGND,li1,131.3300,81.6000,0.000125
_0699_,VGND,li1,49.9100,27.2000,0.000158
_0698_,VGND,li1,20.9300,16.3200,0.000030
_0697_,VGND,li1,59.3400,21.7600,0.000111
_0696_,VGND,li1,37.9500,21.7600,0.000069
_0695_,VGND,li1,54.0500,27.2000,0.000175
_0694_,VGND,li1,53.5900,21.7600,0.000098
_0693_,VGND,li1,13.1100,21.7600,0.000037
_0692_,VGND,li1,8.5100,27.2000,0.000047
_0691_,VGND,li1,17.2500,32.6400,0.000027
_0690_,VGND,li1,43.0100,16.3200,0.000068
_0689_,VGND,li1,62.3300,21.7600,0.000115
_0688_,VGND,li1,59.5700,21.7600,0.000111
_0687_,VGND,li1,32.8900,27.2000,0.000081
_0686_,VGND,li1,15.4100,32.6400,0.000027
_0685_,VGND,li1,55.4300,70.7200,0.000122
_0684_,VGND,li1,65.3200,65.2800,0.000133
_0683_,VGND,li1,65.0900,65.2800,0.000133
_0682_,VGND,li1,72.2200,59.8400,0.000082
_0681_,VGND,li1,97.9800,59.8400,0.000092
_0680_,VGND,li1,76.5900,32.6400,0.000129
_0679_,VGND,li1,68.3100,32.6400,0.000112
_0678_,VGND,li1,65.5500,32.6400,0.000108
_0677_,VGND,li1,63.2500,32.6400,0.000102
_0676_,VGND,li1,75.4400,38.0800,0.000103
_0675_,VGND,li1,89.4700,54.4000,0.000159
_0674_,VGND,li1,88.7800,48.9600,0.000240
_0673_,VGND,li1,64.6300,38.0800,0.000085
_0672_,VGND,li1,71.7600,38.0800,0.000094
_0671_,VGND,li1,60.4900,38.0800,0.000078
_0670_,VGND,li1,95.2200,59.8400,0.000092
_0669_,VGND,li1,94.0700,65.2800,0.000183
_0668_,VGND,li1,88.0900,48.9600,0.000240
_0667_,VGND,li1,67.6200,38.0800,0.000089
_0666_,VGND,li1,68.5400,32.6400,0.000112
_0665_,VGND,li1,79.5800,59.8400,0.000086
_0664_,VGND,li1,58.6500,59.8400,0.000068
_0663_,VGND,li1,61.4100,38.0800,0.000081
_0662_,VGND,li1,63.9400,38.0800,0.000085
_0661_,VGND,li1,65.0900,32.6400,0.000108
_0660_,VGND,li1,62.3300,32.6400,0.000102
_0659_,VGND,li1,63.2500,27.2000,0.000212
_0658_,VGND,li1,51.9800,59.8400,0.000059
_0657_,VGND,li1,85.1000,38.0800,0.000116
_0656_,VGND,li1,72.9100,114.2400,0.000074
_0655_,VGND,li1,68.7700,103.3600,0.000170
_0654_,VGND,li1,68.3100,103.3600,0.000165
_0653_,VGND,li1,71.7600,108.8000,0.000130
_0652_,VGND,li1,67.1600,114.2400,0.000070
_0651_,VGND,li1,75.4400,114.2400,0.000076
_0650_,VGND,li1,74.5200,125.1200,0.000167
_0649_,VGND,li1,61.8700,114.2400,0.000064
_0648_,VGND,li1,58.6500,119.6800,0.000072
_0647_,VGND,li1,80.5000,81.6000,0.000097
_0646_,VGND,li1,93.6100,81.6000,0.000109
_0645_,VGND,li1,93.8400,81.6000,0.000109
_0644_,VGND,li1,68.0800,81.6000,0.000086
_0643_,VGND,li1,87.4000,81.6000,0.000103
_0642_,VGND,li1,64.1700,92.4800,0.000193
_0641_,VGND,li1,99.3600,76.1600,0.000145
_0640_,VGND,li1,98.4400,97.9200,0.000141
_0639_,VGND,li1,102.3500,108.8000,0.000149
_0638_,VGND,li1,91.7700,103.3600,0.000222
_0637_,VGND,li1,94.5300,92.4800,0.000257
_0636_,VGND,li1,98.2100,108.8000,0.000148
_0635_,VGND,li1,105.5700,108.8000,0.000150
_0634_,VGND,li1,15.4100,141.4400,0.000011
_0633_,VGND,li1,14.9500,146.8800,0.000011
_0632_,VGND,li1,9.4300,146.8800,0.000011
_0631_,VGND,li1,9.4300,152.3200,0.000001
_0630_,VGND,li1,11.7300,146.8800,0.000011
_0629_,VGND,li1,12.1900,146.8800,0.000011
_0628_,VGND,li1,24.3800,136.0000,0.000025
_0627_,VGND,li1,12.1900,141.4400,0.000011
_0626_,VGND,li1,20.0100,130.5600,0.000028
_0625_,VGND,li1,15.8700,130.5600,0.000028
_0624_,VGND,li1,11.5000,125.1200,0.000037
_0623_,VGND,li1,14.4900,130.5600,0.000028
_0622_,VGND,li1,20.4700,125.1200,0.000035
_0621_,VGND,li1,8.0500,125.1200,0.000037
_0620_,VGND,li1,15.8700,136.0000,0.000027
_0619_,VGND,li1,14.4900,119.6800,0.000020
_0618_,VGND,li1,84.1800,27.2000,0.000277
_0617_,VGND,li1,86.9400,32.6400,0.000146
_0616_,VGND,li1,53.8200,76.1600,0.000089
_0615_,VGND,li1,58.8800,54.4000,0.000113
_0614_,VGND,li1,94.3000,76.1600,0.000144
_0613_,VGND,li1,96.8300,76.1600,0.000145
_0612_,VGND,li1,62.3300,92.4800,0.000183
_0611_,VGND,li1,90.6200,97.9200,0.000133
_0610_,VGND,li1,60.7200,87.0400,0.000140
_0609_,VGND,li1,113.6200,32.6400,0.000163
_0608_,VGND,li1,106.4900,16.3200,0.000161
_0607_,VGND,li1,123.7400,21.7600,0.000184
_0606_,VGND,li1,89.9300,125.1200,0.000210
_0605_,VGND,li1,90.3900,130.5600,0.000152
_0604_,VGND,li1,55.4300,97.9200,0.000087
_0603_,VGND,li1,62.7900,103.3600,0.000154
_0602_,VGND,li1,38.8700,114.2400,0.000042
_0601_,VGND,li1,38.4100,119.6800,0.000042
_0600_,VGND,li1,42.3200,119.6800,0.000047
_0599_,VGND,li1,38.8700,119.6800,0.000042
_0598_,VGND,li1,45.7700,125.1200,0.000089
_0597_,VGND,li1,42.5500,125.1200,0.000084
_0596_,VGND,li1,46.6900,136.0000,0.000061
_0595_,VGND,li1,48.0700,130.5600,0.000086
_0594_,VGND,li1,42.3200,141.4400,0.000019
_0593_,VGND,li1,43.9300,141.4400,0.000019
_0592_,VGND,li1,48.9900,152.3200,0.000001
_0591_,VGND,li1,46.2300,152.3200,0.000001
_0590_,VGND,li1,58.1900,146.8800,0.000020
_0589_,VGND,li1,59.5700,146.8800,0.000020
_0588_,VGND,li1,60.4900,136.0000,0.000075
_0587_,VGND,li1,68.7700,136.0000,0.000081
_0586_,VGND,li1,58.6500,136.0000,0.000073
_0585_,VGND,li1,57.0400,141.4400,0.000023
_0584_,VGND,li1,62.5600,141.4400,0.000025
_0583_,VGND,li1,67.8500,130.5600,0.000129
_0582_,VGND,li1,61.4100,146.8800,0.000020
_0581_,VGND,li1,47.3800,141.4400,0.000021
_0580_,VGND,li1,40.9400,141.4400,0.000018
_0579_,VGND,li1,46.4600,119.6800,0.000055
_0578_,VGND,li1,35.4200,119.6800,0.000037
_0577_,VGND,li1,63.7100,125.1200,0.000140
_0576_,VGND,li1,72.9100,70.7200,0.000152
_0575_,VGND,li1,71.5300,76.1600,0.000125
_0574_,VGND,li1,83.9500,141.4400,0.000025
_0573_,VGND,li1,43.4700,97.9200,0.000062
_0572_,VGND,li1,113.8500,119.6800,0.000100
_0571_,VGND,li1,117.0700,59.8400,0.000097
_0570_,VGND,li1,138.6900,32.6400,0.000172
_0569_,VGND,li1,127.1900,92.4800,0.000304
_0568_,VGND,li1,27.3700,146.8800,0.000010
_0567_,VGND,li1,117.0700,130.5600,0.000166
_0566_,VGND,li1,126.2700,114.2400,0.000102
_0565_,VGND,li1,133.6300,103.3600,0.000252
_0564_,VGND,li1,131.3300,103.3600,0.000252
_0563_,VGND,li1,118.9100,97.9200,0.000152
_0562_,VGND,li1,126.2700,54.4000,0.000174
_0561_,VGND,li1,133.6300,65.2800,0.000222
_0560_,VGND,li1,133.6300,76.1600,0.000152
_0559_,VGND,li1,139.1500,70.7200,0.000194
_0558_,VGND,li1,125.3500,81.6000,0.000124
_0557_,VGND,li1,53.1300,70.7200,0.000113
_0556_,VGND,li1,84.8700,59.8400,0.000089
_0555_,VGND,li1,94.9900,54.4000,0.000163
_0554_,VGND,li1,89.4700,59.8400,0.000090
_0553_,VGND,li1,59.1100,65.2800,0.000121
_0552_,VGND,li1,64.6300,114.2400,0.000068
_0551_,VGND,li1,69.2300,76.1600,0.000120
_0550_,VGND,li1,84.8700,81.6000,0.000101
_0549_,VGND,li1,105.5700,76.1600,0.000146
_0548_,VGND,li1,71.0700,114.2400,0.000072
_0547_,VGND,li1,71.9900,125.1200,0.000162
_0546_,VGND,li1,96.8300,65.2800,0.000186
_0545_,VGND,li1,71.0700,43.5200,0.000143
_0544_,VGND,li1,84.8700,32.6400,0.000143
_0543_,VGND,li1,69.2300,65.2800,0.000141
_0542_,VGND,li1,70.6100,32.6400,0.000118
_0541_,VGND,li1,7.5900,125.1200,0.000037
_0540_,VGND,li1,122.5900,16.3200,0.000170
_0539_,VGND,li1,89.0100,92.4800,0.000247
_0538_,VGND,li1,58.6500,92.4800,0.000177
_0537_,VGND,li1,40.7100,136.0000,0.000052
_0536_,VGND,li1,38.8700,141.4400,0.000017
_0535_,VGND,li1,37.4900,141.4400,0.000017
_0534_,VGND,li1,55.4300,136.0000,0.000069
_0533_,VGND,li1,64.6300,108.8000,0.000125
