Instance,Terminal,Layer,X location,Y location,Voltage
FILLER_51_305,VPWR,li1,146.5100,149.6000,1.799996
FILLER_51_302,VPWR,li1,145.1300,149.6000,1.799996
FILLER_51_299,VPWR,li1,143.7500,149.6000,1.799996
FILLER_51_296,VPWR,li1,142.3700,149.6000,1.799996
FILLER_51_293,VPWR,li1,140.9900,149.6000,1.799996
FILLER_51_290,VPWR,li1,139.6100,149.6000,1.799996
FILLER_51_287,VPWR,li1,138.2300,149.6000,1.799996
FILLER_51_284,VPWR,li1,136.8500,149.6000,1.799996
FILLER_51_281,VPWR,li1,135.4700,149.6000,1.799996
FILLER_51_277,VPWR,li1,133.6300,149.6000,1.799996
FILLER_51_274,VPWR,li1,132.2500,149.6000,1.799996
FILLER_51_271,VPWR,li1,130.8700,149.6000,1.799996
FILLER_51_268,VPWR,li1,129.4900,149.6000,1.799996
FILLER_51_265,VPWR,li1,128.1100,149.6000,1.799996
FILLER_51_262,VPWR,li1,126.7300,149.6000,1.799996
FILLER_51_259,VPWR,li1,125.3500,149.6000,1.799996
FILLER_51_256,VPWR,li1,123.9700,149.6000,1.799996
FILLER_51_253,VPWR,li1,122.5900,149.6000,1.799996
FILLER_51_249,VPWR,li1,120.7500,149.6000,1.799996
FILLER_51_246,VPWR,li1,119.3700,149.6000,1.799996
FILLER_51_243,VPWR,li1,117.9900,149.6000,1.799996
FILLER_51_240,VPWR,li1,116.6100,149.6000,1.799996
FILLER_51_237,VPWR,li1,115.2300,149.6000,1.799996
FILLER_51_234,VPWR,li1,113.8500,149.6000,1.799996
FILLER_51_231,VPWR,li1,112.4700,149.6000,1.799996
FILLER_51_228,VPWR,li1,111.0900,149.6000,1.799996
FILLER_51_225,VPWR,li1,109.7100,149.6000,1.799996
FILLER_51_221,VPWR,li1,107.8700,149.6000,1.799996
FILLER_51_218,VPWR,li1,106.4900,149.6000,1.799996
FILLER_51_215,VPWR,li1,105.1100,149.6000,1.799996
FILLER_51_212,VPWR,li1,103.7300,149.6000,1.799996
FILLER_51_209,VPWR,li1,102.3500,149.6000,1.799996
FILLER_51_206,VPWR,li1,100.9700,149.6000,1.799996
FILLER_51_203,VPWR,li1,99.5900,149.6000,1.799996
FILLER_51_200,VPWR,li1,98.2100,149.6000,1.799996
FILLER_51_197,VPWR,li1,96.8300,149.6000,1.799996
FILLER_51_193,VPWR,li1,94.9900,149.6000,1.799996
FILLER_51_190,VPWR,li1,93.6100,149.6000,1.799996
FILLER_51_187,VPWR,li1,92.2300,149.6000,1.799996
FILLER_51_184,VPWR,li1,90.8500,149.6000,1.799996
FILLER_51_181,VPWR,li1,89.4700,149.6000,1.799996
FILLER_51_178,VPWR,li1,88.0900,149.6000,1.799996
FILLER_51_175,VPWR,li1,86.7100,149.6000,1.799996
FILLER_51_172,VPWR,li1,85.3300,149.6000,1.799996
FILLER_51_169,VPWR,li1,83.9500,149.6000,1.799996
FILLER_51_165,VPWR,li1,82.1100,149.6000,1.799996
FILLER_51_162,VPWR,li1,80.7300,149.6000,1.799996
FILLER_51_159,VPWR,li1,79.3500,149.6000,1.799996
FILLER_51_156,VPWR,li1,77.9700,149.6000,1.799996
FILLER_51_153,VPWR,li1,76.5900,149.6000,1.799996
FILLER_51_150,VPWR,li1,75.2100,149.6000,1.799996
FILLER_51_147,VPWR,li1,73.8300,149.6000,1.799996
FILLER_51_144,VPWR,li1,72.4500,149.6000,1.799996
FILLER_51_141,VPWR,li1,71.0700,149.6000,1.799996
FILLER_51_137,VPWR,li1,69.2300,149.6000,1.799996
FILLER_51_134,VPWR,li1,67.8500,149.6000,1.799996
FILLER_51_125,VPWR,li1,63.4800,149.6000,1.799996
FILLER_51_122,VPWR,li1,62.3300,149.6000,1.799996
FILLER_51_119,VPWR,li1,60.9500,149.6000,1.799996
FILLER_51_116,VPWR,li1,59.5700,149.6000,1.799996
FILLER_51_113,VPWR,li1,58.1900,149.6000,1.799996
FILLER_51_109,VPWR,li1,56.3500,149.6000,1.799996
FILLER_51_106,VPWR,li1,54.9700,149.6000,1.799996
FILLER_51_103,VPWR,li1,53.5900,149.6000,1.799996
FILLER_51_100,VPWR,li1,52.2100,149.6000,1.799996
FILLER_51_97,VPWR,li1,50.8300,149.6000,1.799996
FILLER_51_81,VPWR,li1,43.4700,149.6000,1.799996
FILLER_51_78,VPWR,li1,42.0900,149.6000,1.799996
FILLER_51_75,VPWR,li1,40.7100,149.6000,1.799996
FILLER_51_72,VPWR,li1,39.3300,149.6000,1.799996
FILLER_51_69,VPWR,li1,37.9500,149.6000,1.799996
FILLER_51_66,VPWR,li1,36.5700,149.6000,1.799996
FILLER_51_63,VPWR,li1,35.1900,149.6000,1.799996
FILLER_51_60,VPWR,li1,33.8100,149.6000,1.799996
FILLER_51_57,VPWR,li1,32.4300,149.6000,1.799996
FILLER_51_55,VPWR,li1,31.0500,149.6000,1.799996
FILLER_51_52,VPWR,li1,30.1300,149.6000,1.799997
FILLER_51_49,VPWR,li1,28.7500,149.6000,1.799997
FILLER_51_46,VPWR,li1,27.3700,149.6000,1.799997
FILLER_51_29,VPWR,li1,19.3200,149.6000,1.799997
FILLER_51_26,VPWR,li1,17.9400,149.6000,1.799997
FILLER_51_23,VPWR,li1,16.7900,149.6000,1.799997
FILLER_51_20,VPWR,li1,15.4100,149.6000,1.799997
FILLER_51_17,VPWR,li1,14.0300,149.6000,1.799997
FILLER_51_14,VPWR,li1,12.6500,149.6000,1.799997
FILLER_51_11,VPWR,li1,11.2700,149.6000,1.799997
FILLER_51_3,VPWR,li1,7.5900,149.6000,1.799997
FILLER_50_307,VPWR,li1,146.9700,149.6000,1.799996
FILLER_50_304,VPWR,li1,146.0500,149.6000,1.799996
FILLER_50_301,VPWR,li1,144.6700,149.6000,1.799996
FILLER_50_298,VPWR,li1,143.2900,149.6000,1.799996
FILLER_50_295,VPWR,li1,141.9100,149.6000,1.799996
FILLER_50_292,VPWR,li1,140.5300,149.6000,1.799996
FILLER_50_289,VPWR,li1,139.1500,149.6000,1.799996
FILLER_50_286,VPWR,li1,137.7700,149.6000,1.799996
FILLER_50_283,VPWR,li1,136.3900,149.6000,1.799996
FILLER_50_280,VPWR,li1,135.0100,149.6000,1.799996
FILLER_50_277,VPWR,li1,133.6300,149.6000,1.799996
FILLER_50_274,VPWR,li1,132.2500,149.6000,1.799996
FILLER_50_271,VPWR,li1,130.8700,149.6000,1.799996
FILLER_50_268,VPWR,li1,129.4900,149.6000,1.799996
FILLER_50_265,VPWR,li1,128.1100,149.6000,1.799996
FILLER_50_262,VPWR,li1,126.7300,149.6000,1.799996
FILLER_50_259,VPWR,li1,125.3500,149.6000,1.799996
FILLER_50_256,VPWR,li1,123.9700,149.6000,1.799996
FILLER_50_253,VPWR,li1,122.5900,149.6000,1.799996
FILLER_50_251,VPWR,li1,121.2100,149.6000,1.799996
FILLER_50_248,VPWR,li1,120.2900,149.6000,1.799996
FILLER_50_245,VPWR,li1,118.9100,149.6000,1.799996
FILLER_50_242,VPWR,li1,117.5300,149.6000,1.799996
FILLER_50_239,VPWR,li1,116.1500,149.6000,1.799996
FILLER_50_236,VPWR,li1,114.7700,149.6000,1.799996
FILLER_50_233,VPWR,li1,113.3900,149.6000,1.799996
FILLER_50_230,VPWR,li1,112.0100,149.6000,1.799996
FILLER_50_227,VPWR,li1,110.6300,149.6000,1.799996
FILLER_50_224,VPWR,li1,109.2500,149.6000,1.799996
FILLER_50_221,VPWR,li1,107.8700,149.6000,1.799996
FILLER_50_218,VPWR,li1,106.4900,149.6000,1.799996
FILLER_50_215,VPWR,li1,105.1100,149.6000,1.799996
FILLER_50_212,VPWR,li1,103.7300,149.6000,1.799996
FILLER_50_209,VPWR,li1,102.3500,149.6000,1.799996
FILLER_50_206,VPWR,li1,100.9700,149.6000,1.799996
FILLER_50_203,VPWR,li1,99.5900,149.6000,1.799996
FILLER_50_200,VPWR,li1,98.2100,149.6000,1.799996
FILLER_50_197,VPWR,li1,96.8300,149.6000,1.799996
FILLER_50_195,VPWR,li1,95.4500,149.6000,1.799996
FILLER_50_192,VPWR,li1,94.5300,149.6000,1.799996
FILLER_50_189,VPWR,li1,93.1500,149.6000,1.799996
FILLER_50_186,VPWR,li1,91.7700,149.6000,1.799996
FILLER_50_183,VPWR,li1,90.3900,149.6000,1.799996
FILLER_50_180,VPWR,li1,89.0100,149.6000,1.799996
FILLER_50_177,VPWR,li1,87.6300,149.6000,1.799996
FILLER_50_174,VPWR,li1,86.2500,149.6000,1.799996
FILLER_50_171,VPWR,li1,84.8700,149.6000,1.799996
FILLER_50_168,VPWR,li1,83.4900,149.6000,1.799996
FILLER_50_165,VPWR,li1,82.1100,149.6000,1.799996
FILLER_50_162,VPWR,li1,80.7300,149.6000,1.799996
FILLER_50_159,VPWR,li1,79.3500,149.6000,1.799996
FILLER_50_156,VPWR,li1,77.9700,149.6000,1.799996
FILLER_50_153,VPWR,li1,76.5900,149.6000,1.799996
FILLER_50_150,VPWR,li1,75.2100,149.6000,1.799996
FILLER_50_147,VPWR,li1,73.8300,149.6000,1.799996
FILLER_50_144,VPWR,li1,72.4500,149.6000,1.799996
FILLER_50_141,VPWR,li1,71.0700,149.6000,1.799996
FILLER_50_139,VPWR,li1,69.6900,149.6000,1.799996
FILLER_50_136,VPWR,li1,68.7700,149.6000,1.799996
FILLER_50_133,VPWR,li1,67.3900,149.6000,1.799996
FILLER_50_109,VPWR,li1,56.1200,149.6000,1.799996
FILLER_50_106,VPWR,li1,54.9700,149.6000,1.799996
FILLER_50_103,VPWR,li1,53.5900,149.6000,1.799996
FILLER_50_100,VPWR,li1,52.2100,149.6000,1.799996
FILLER_50_83,VPWR,li1,43.9300,149.6000,1.799996
FILLER_50_80,VPWR,li1,43.0100,149.6000,1.799996
FILLER_50_77,VPWR,li1,41.6300,149.6000,1.799996
FILLER_50_74,VPWR,li1,40.2500,149.6000,1.799996
FILLER_50_71,VPWR,li1,38.8700,149.6000,1.799996
FILLER_50_68,VPWR,li1,37.4900,149.6000,1.799996
FILLER_50_65,VPWR,li1,36.1100,149.6000,1.799996
FILLER_50_62,VPWR,li1,34.7300,149.6000,1.799996
FILLER_50_59,VPWR,li1,33.3500,149.6000,1.799996
FILLER_50_56,VPWR,li1,31.9700,149.6000,1.799996
FILLER_50_53,VPWR,li1,30.5900,149.6000,1.799997
FILLER_50_50,VPWR,li1,29.2100,149.6000,1.799997
FILLER_50_26,VPWR,li1,17.9400,149.6000,1.799997
FILLER_50_23,VPWR,li1,16.7900,149.6000,1.799997
FILLER_50_3,VPWR,li1,7.5900,149.6000,1.799997
FILLER_49_305,VPWR,li1,146.5100,144.1600,1.799960
FILLER_49_302,VPWR,li1,145.1300,144.1600,1.799960
FILLER_49_299,VPWR,li1,143.7500,144.1600,1.799960
FILLER_49_296,VPWR,li1,142.3700,144.1600,1.799960
FILLER_49_293,VPWR,li1,140.9900,144.1600,1.799960
FILLER_49_290,VPWR,li1,139.6100,144.1600,1.799960
FILLER_49_287,VPWR,li1,138.2300,144.1600,1.799960
FILLER_49_284,VPWR,li1,136.8500,144.1600,1.799960
FILLER_49_281,VPWR,li1,135.4700,144.1600,1.799960
FILLER_49_279,VPWR,li1,134.0900,144.1600,1.799960
FILLER_49_276,VPWR,li1,133.1700,144.1600,1.799960
FILLER_49_273,VPWR,li1,131.7900,144.1600,1.799960
FILLER_49_270,VPWR,li1,130.4100,144.1600,1.799960
FILLER_49_267,VPWR,li1,129.0300,144.1600,1.799960
FILLER_49_264,VPWR,li1,127.6500,144.1600,1.799960
FILLER_49_261,VPWR,li1,126.2700,144.1600,1.799960
FILLER_49_258,VPWR,li1,124.8900,144.1600,1.799960
FILLER_49_255,VPWR,li1,123.5100,144.1600,1.799960
FILLER_49_252,VPWR,li1,122.1300,144.1600,1.799960
FILLER_49_249,VPWR,li1,120.7500,144.1600,1.799960
FILLER_49_246,VPWR,li1,119.3700,144.1600,1.799960
FILLER_49_243,VPWR,li1,117.9900,144.1600,1.799960
FILLER_49_240,VPWR,li1,116.6100,144.1600,1.799960
FILLER_49_237,VPWR,li1,115.2300,144.1600,1.799960
FILLER_49_234,VPWR,li1,113.8500,144.1600,1.799960
FILLER_49_231,VPWR,li1,112.4700,144.1600,1.799960
FILLER_49_228,VPWR,li1,111.0900,144.1600,1.799960
FILLER_49_225,VPWR,li1,109.7100,144.1600,1.799960
FILLER_49_223,VPWR,li1,108.3300,144.1600,1.799960
FILLER_49_220,VPWR,li1,107.4100,144.1600,1.799960
FILLER_49_217,VPWR,li1,106.0300,144.1600,1.799960
FILLER_49_214,VPWR,li1,104.6500,144.1600,1.799960
FILLER_49_211,VPWR,li1,103.2700,144.1600,1.799960
FILLER_49_208,VPWR,li1,101.8900,144.1600,1.799960
FILLER_49_205,VPWR,li1,100.5100,144.1600,1.799960
FILLER_49_202,VPWR,li1,99.1300,144.1600,1.799960
FILLER_49_199,VPWR,li1,97.7500,144.1600,1.799960
FILLER_49_196,VPWR,li1,96.3700,144.1600,1.799960
FILLER_49_193,VPWR,li1,94.9900,144.1600,1.799960
FILLER_49_190,VPWR,li1,93.6100,144.1600,1.799960
FILLER_49_187,VPWR,li1,92.2300,144.1600,1.799960
FILLER_49_184,VPWR,li1,90.8500,144.1600,1.799960
FILLER_49_181,VPWR,li1,89.4700,144.1600,1.799960
FILLER_49_178,VPWR,li1,88.0900,144.1600,1.799960
FILLER_49_175,VPWR,li1,86.7100,144.1600,1.799960
FILLER_49_172,VPWR,li1,85.3300,144.1600,1.799960
FILLER_49_169,VPWR,li1,83.9500,144.1600,1.799960
FILLER_49_166,VPWR,li1,82.3400,144.1600,1.799960
FILLER_49_163,VPWR,li1,81.1900,144.1600,1.799960
FILLER_49_160,VPWR,li1,79.8100,144.1600,1.799960
FILLER_49_157,VPWR,li1,78.4300,144.1600,1.799960
FILLER_49_154,VPWR,li1,77.0500,144.1600,1.799960
FILLER_49_151,VPWR,li1,75.6700,144.1600,1.799960
FILLER_49_148,VPWR,li1,74.2900,144.1600,1.799960
FILLER_49_145,VPWR,li1,72.9100,144.1600,1.799960
FILLER_49_142,VPWR,li1,71.5300,144.1600,1.799960
FILLER_49_113,VPWR,li1,57.7300,144.1600,1.799963
FILLER_49_111,VPWR,li1,56.8100,144.1600,1.799963
FILLER_49_108,VPWR,li1,55.8900,144.1600,1.799964
FILLER_49_105,VPWR,li1,54.5100,144.1600,1.799964
FILLER_49_102,VPWR,li1,53.1300,144.1600,1.799965
FILLER_49_99,VPWR,li1,51.7500,144.1600,1.799965
FILLER_49_76,VPWR,li1,40.9400,144.1600,1.799971
FILLER_49_73,VPWR,li1,39.7900,144.1600,1.799973
FILLER_49_70,VPWR,li1,38.4100,144.1600,1.799973
FILLER_49_44,VPWR,li1,26.2200,144.1600,1.799983
FILLER_48_307,VPWR,li1,146.9700,144.1600,1.799960
FILLER_48_304,VPWR,li1,146.0500,144.1600,1.799960
FILLER_48_301,VPWR,li1,144.6700,144.1600,1.799960
FILLER_48_298,VPWR,li1,143.2900,144.1600,1.799960
FILLER_48_295,VPWR,li1,141.9100,144.1600,1.799960
FILLER_48_292,VPWR,li1,140.5300,144.1600,1.799960
FILLER_48_289,VPWR,li1,139.1500,144.1600,1.799960
FILLER_48_286,VPWR,li1,137.7700,144.1600,1.799960
FILLER_48_283,VPWR,li1,136.3900,144.1600,1.799960
FILLER_48_280,VPWR,li1,135.0100,144.1600,1.799960
FILLER_48_277,VPWR,li1,133.6300,144.1600,1.799960
FILLER_48_274,VPWR,li1,132.2500,144.1600,1.799960
FILLER_48_271,VPWR,li1,130.8700,144.1600,1.799960
FILLER_48_268,VPWR,li1,129.4900,144.1600,1.799960
FILLER_48_265,VPWR,li1,128.1100,144.1600,1.799960
FILLER_48_262,VPWR,li1,126.7300,144.1600,1.799960
FILLER_48_259,VPWR,li1,125.3500,144.1600,1.799960
FILLER_48_256,VPWR,li1,123.9700,144.1600,1.799960
FILLER_48_253,VPWR,li1,122.5900,144.1600,1.799960
FILLER_48_251,VPWR,li1,121.2100,144.1600,1.799960
FILLER_48_248,VPWR,li1,120.2900,144.1600,1.799960
FILLER_48_245,VPWR,li1,118.9100,144.1600,1.799960
FILLER_48_242,VPWR,li1,117.5300,144.1600,1.799960
FILLER_48_239,VPWR,li1,116.1500,144.1600,1.799960
FILLER_48_236,VPWR,li1,114.7700,144.1600,1.799960
FILLER_48_233,VPWR,li1,113.3900,144.1600,1.799960
FILLER_48_230,VPWR,li1,112.0100,144.1600,1.799960
FILLER_48_227,VPWR,li1,110.6300,144.1600,1.799960
FILLER_48_224,VPWR,li1,109.2500,144.1600,1.799960
FILLER_48_221,VPWR,li1,107.8700,144.1600,1.799960
FILLER_48_218,VPWR,li1,106.4900,144.1600,1.799960
FILLER_48_215,VPWR,li1,105.1100,144.1600,1.799960
FILLER_48_212,VPWR,li1,103.7300,144.1600,1.799960
FILLER_48_209,VPWR,li1,102.3500,144.1600,1.799960
FILLER_48_206,VPWR,li1,100.9700,144.1600,1.799960
FILLER_48_203,VPWR,li1,99.5900,144.1600,1.799960
FILLER_48_200,VPWR,li1,98.2100,144.1600,1.799960
FILLER_48_197,VPWR,li1,96.8300,144.1600,1.799960
FILLER_48_195,VPWR,li1,95.4500,144.1600,1.799960
FILLER_48_192,VPWR,li1,94.5300,144.1600,1.799960
FILLER_48_189,VPWR,li1,93.1500,144.1600,1.799960
FILLER_48_186,VPWR,li1,91.7700,144.1600,1.799960
FILLER_48_183,VPWR,li1,90.3900,144.1600,1.799960
FILLER_48_180,VPWR,li1,89.0100,144.1600,1.799960
FILLER_48_177,VPWR,li1,87.6300,144.1600,1.799960
FILLER_48_174,VPWR,li1,86.2500,144.1600,1.799960
FILLER_48_171,VPWR,li1,84.8700,144.1600,1.799960
FILLER_48_168,VPWR,li1,83.4900,144.1600,1.799960
FILLER_48_165,VPWR,li1,82.1100,144.1600,1.799960
FILLER_48_162,VPWR,li1,80.7300,144.1600,1.799960
FILLER_48_159,VPWR,li1,79.3500,144.1600,1.799960
FILLER_48_156,VPWR,li1,77.9700,144.1600,1.799960
FILLER_48_153,VPWR,li1,76.5900,144.1600,1.799960
FILLER_48_150,VPWR,li1,75.2100,144.1600,1.799960
FILLER_48_147,VPWR,li1,73.8300,144.1600,1.799960
FILLER_48_144,VPWR,li1,72.4500,144.1600,1.799960
FILLER_48_141,VPWR,li1,71.0700,144.1600,1.799960
FILLER_48_139,VPWR,li1,69.6900,144.1600,1.799960
FILLER_48_136,VPWR,li1,68.7700,144.1600,1.799960
FILLER_48_106,VPWR,li1,54.9700,144.1600,1.799964
FILLER_48_74,VPWR,li1,40.0200,144.1600,1.799973
FILLER_48_71,VPWR,li1,38.8700,144.1600,1.799973
FILLER_48_39,VPWR,li1,23.9200,144.1600,1.799985
FILLER_48_29,VPWR,li1,19.5500,144.1600,1.799987
FILLER_48_14,VPWR,li1,12.1900,144.1600,1.799986
FILLER_48_11,VPWR,li1,11.2700,144.1600,1.799986
FILLER_47_305,VPWR,li1,146.5100,138.7200,1.799944
FILLER_47_302,VPWR,li1,145.1300,138.7200,1.799944
FILLER_47_299,VPWR,li1,143.7500,138.7200,1.799944
FILLER_47_296,VPWR,li1,142.3700,138.7200,1.799944
FILLER_47_293,VPWR,li1,140.9900,138.7200,1.799944
FILLER_47_290,VPWR,li1,139.6100,138.7200,1.799944
FILLER_47_287,VPWR,li1,138.2300,138.7200,1.799944
FILLER_47_284,VPWR,li1,136.8500,138.7200,1.799944
FILLER_47_281,VPWR,li1,135.4700,138.7200,1.799944
FILLER_47_277,VPWR,li1,133.6300,138.7200,1.799944
FILLER_47_274,VPWR,li1,132.2500,138.7200,1.799944
FILLER_47_264,VPWR,li1,127.6500,138.7200,1.799944
FILLER_47_261,VPWR,li1,126.2700,138.7200,1.799944
FILLER_47_258,VPWR,li1,124.8900,138.7200,1.799945
FILLER_47_255,VPWR,li1,123.5100,138.7200,1.799945
FILLER_47_252,VPWR,li1,122.1300,138.7200,1.799945
FILLER_47_249,VPWR,li1,120.7500,138.7200,1.799945
FILLER_47_246,VPWR,li1,119.3700,138.7200,1.799946
FILLER_47_243,VPWR,li1,117.9900,138.7200,1.799946
FILLER_47_240,VPWR,li1,116.6100,138.7200,1.799946
FILLER_47_237,VPWR,li1,115.2300,138.7200,1.799947
FILLER_47_234,VPWR,li1,113.8500,138.7200,1.799947
FILLER_47_231,VPWR,li1,112.4700,138.7200,1.799947
FILLER_47_228,VPWR,li1,111.0900,138.7200,1.799947
FILLER_47_225,VPWR,li1,109.7100,138.7200,1.799947
FILLER_47_223,VPWR,li1,108.3300,138.7200,1.799948
FILLER_47_220,VPWR,li1,107.4100,138.7200,1.799948
FILLER_47_217,VPWR,li1,106.0300,138.7200,1.799948
FILLER_47_214,VPWR,li1,104.6500,138.7200,1.799948
FILLER_47_211,VPWR,li1,103.2700,138.7200,1.799949
FILLER_47_208,VPWR,li1,101.8900,138.7200,1.799949
FILLER_47_205,VPWR,li1,100.5100,138.7200,1.799949
FILLER_47_202,VPWR,li1,99.1300,138.7200,1.799950
FILLER_47_199,VPWR,li1,97.7500,138.7200,1.799950
FILLER_47_196,VPWR,li1,96.3700,138.7200,1.799950
FILLER_47_193,VPWR,li1,94.9900,138.7200,1.799951
FILLER_47_190,VPWR,li1,93.6100,138.7200,1.799951
FILLER_47_187,VPWR,li1,92.2300,138.7200,1.799951
FILLER_47_184,VPWR,li1,90.8500,138.7200,1.799951
FILLER_47_181,VPWR,li1,89.4700,138.7200,1.799952
FILLER_47_178,VPWR,li1,88.0900,138.7200,1.799952
FILLER_47_175,VPWR,li1,86.7100,138.7200,1.799953
FILLER_47_165,VPWR,li1,82.1100,138.7200,1.799954
FILLER_47_162,VPWR,li1,80.7300,138.7200,1.799954
FILLER_47_159,VPWR,li1,79.3500,138.7200,1.799955
FILLER_47_156,VPWR,li1,77.9700,138.7200,1.799956
FILLER_47_153,VPWR,li1,76.5900,138.7200,1.799956
FILLER_47_150,VPWR,li1,75.2100,138.7200,1.799957
FILLER_47_147,VPWR,li1,73.8300,138.7200,1.799958
FILLER_47_144,VPWR,li1,72.4500,138.7200,1.799958
FILLER_47_141,VPWR,li1,71.0700,138.7200,1.799959
FILLER_47_132,VPWR,li1,66.7000,138.7200,1.799961
FILLER_47_129,VPWR,li1,65.5500,138.7200,1.799961
FILLER_47_116,VPWR,li1,59.5700,138.7200,1.799965
FILLER_47_113,VPWR,li1,58.1900,138.7200,1.799967
FILLER_47_111,VPWR,li1,56.8100,138.7200,1.799967
FILLER_47_95,VPWR,li1,49.6800,138.7200,1.799971
FILLER_47_57,VPWR,li1,32.2000,138.7200,1.799983
FILLER_47_45,VPWR,li1,26.6800,138.7200,1.799986
FILLER_47_42,VPWR,li1,25.5300,138.7200,1.799988
FILLER_47_6,VPWR,li1,8.7400,138.7200,1.799988
FILLER_47_3,VPWR,li1,7.5900,138.7200,1.799988
FILLER_46_305,VPWR,li1,146.5100,138.7200,1.799944
FILLER_46_302,VPWR,li1,145.1300,138.7200,1.799944
FILLER_46_299,VPWR,li1,143.7500,138.7200,1.799944
FILLER_46_296,VPWR,li1,142.3700,138.7200,1.799944
FILLER_46_293,VPWR,li1,140.9900,138.7200,1.799944
FILLER_46_290,VPWR,li1,139.6100,138.7200,1.799944
FILLER_46_287,VPWR,li1,138.2300,138.7200,1.799944
FILLER_46_256,VPWR,li1,123.7400,138.7200,1.799945
FILLER_46_253,VPWR,li1,122.5900,138.7200,1.799945
FILLER_46_250,VPWR,li1,120.9800,138.7200,1.799945
FILLER_46_247,VPWR,li1,119.8300,138.7200,1.799945
FILLER_46_244,VPWR,li1,118.4500,138.7200,1.799946
FILLER_46_241,VPWR,li1,117.0700,138.7200,1.799946
FILLER_46_238,VPWR,li1,115.6900,138.7200,1.799946
FILLER_46_235,VPWR,li1,114.3100,138.7200,1.799947
FILLER_46_232,VPWR,li1,112.9300,138.7200,1.799947
FILLER_46_229,VPWR,li1,111.5500,138.7200,1.799947
FILLER_46_226,VPWR,li1,110.1700,138.7200,1.799947
FILLER_46_223,VPWR,li1,108.7900,138.7200,1.799948
FILLER_46_220,VPWR,li1,107.4100,138.7200,1.799948
FILLER_46_212,VPWR,li1,103.2700,138.7200,1.799949
FILLER_46_209,VPWR,li1,102.3500,138.7200,1.799949
FILLER_46_206,VPWR,li1,100.9700,138.7200,1.799949
FILLER_46_203,VPWR,li1,99.5900,138.7200,1.799949
FILLER_46_200,VPWR,li1,98.2100,138.7200,1.799950
FILLER_46_197,VPWR,li1,96.8300,138.7200,1.799950
FILLER_46_195,VPWR,li1,95.4500,138.7200,1.799950
FILLER_46_192,VPWR,li1,94.5300,138.7200,1.799951
FILLER_46_161,VPWR,li1,80.0400,138.7200,1.799955
FILLER_46_158,VPWR,li1,78.8900,138.7200,1.799955
FILLER_46_155,VPWR,li1,77.5100,138.7200,1.799956
FILLER_46_152,VPWR,li1,76.1300,138.7200,1.799957
FILLER_46_149,VPWR,li1,74.7500,138.7200,1.799957
FILLER_46_141,VPWR,li1,70.6100,138.7200,1.799959
FILLER_46_110,VPWR,li1,56.5800,138.7200,1.799967
FILLER_46_104,VPWR,li1,54.0500,138.7200,1.799968
FILLER_46_93,VPWR,li1,48.9900,138.7200,1.799971
FILLER_46_85,VPWR,li1,44.8500,138.7200,1.799975
FILLER_46_81,VPWR,li1,43.4700,138.7200,1.799976
FILLER_46_78,VPWR,li1,42.0900,138.7200,1.799976
FILLER_46_74,VPWR,li1,39.7900,138.7200,1.799977
FILLER_46_71,VPWR,li1,38.8700,138.7200,1.799979
FILLER_46_68,VPWR,li1,37.4900,138.7200,1.799979
FILLER_46_53,VPWR,li1,30.5900,138.7200,1.799985
FILLER_46_50,VPWR,li1,29.2100,138.7200,1.799985
FILLER_46_47,VPWR,li1,27.8300,138.7200,1.799986
FILLER_46_44,VPWR,li1,26.4500,138.7200,1.799986
FILLER_46_29,VPWR,li1,19.3200,138.7200,1.799989
FILLER_46_26,VPWR,li1,17.9400,138.7200,1.799989
FILLER_45_306,VPWR,li1,146.7400,133.2800,1.799800
FILLER_45_303,VPWR,li1,145.5900,133.2800,1.799800
FILLER_45_300,VPWR,li1,144.2100,133.2800,1.799800
FILLER_45_291,VPWR,li1,139.8400,133.2800,1.799800
FILLER_45_288,VPWR,li1,138.6900,133.2800,1.799800
FILLER_45_277,VPWR,li1,133.6300,133.2800,1.799801
FILLER_45_274,VPWR,li1,132.2500,133.2800,1.799802
FILLER_45_271,VPWR,li1,130.8700,133.2800,1.799802
FILLER_45_261,VPWR,li1,126.0400,133.2800,1.799803
FILLER_45_258,VPWR,li1,124.8900,133.2800,1.799803
FILLER_45_255,VPWR,li1,123.5100,133.2800,1.799803
FILLER_45_252,VPWR,li1,122.1300,133.2800,1.799804
FILLER_45_249,VPWR,li1,120.7500,133.2800,1.799804
FILLER_45_246,VPWR,li1,119.3700,133.2800,1.799804
FILLER_45_236,VPWR,li1,114.7700,133.2800,1.799806
FILLER_45_233,VPWR,li1,113.3900,133.2800,1.799806
FILLER_45_222,VPWR,li1,108.1000,133.2800,1.799808
FILLER_45_201,VPWR,li1,98.4400,133.2800,1.799813
FILLER_45_198,VPWR,li1,97.2900,133.2800,1.799813
FILLER_45_195,VPWR,li1,95.9100,133.2800,1.799815
FILLER_45_192,VPWR,li1,94.5300,133.2800,1.799815
FILLER_45_189,VPWR,li1,93.1500,133.2800,1.799816
FILLER_45_186,VPWR,li1,91.7700,133.2800,1.799816
FILLER_45_169,VPWR,li1,83.4900,133.2800,1.799823
FILLER_45_166,VPWR,li1,82.3400,133.2800,1.799824
FILLER_45_161,VPWR,li1,80.0400,133.2800,1.799826
FILLER_45_158,VPWR,li1,78.8900,133.2800,1.799826
FILLER_45_155,VPWR,li1,77.5100,133.2800,1.799829
FILLER_45_152,VPWR,li1,76.1300,133.2800,1.799829
FILLER_45_142,VPWR,li1,71.3000,133.2800,1.799835
FILLER_45_116,VPWR,li1,59.1100,133.2800,1.799852
FILLER_45_113,VPWR,li1,58.1900,133.2800,1.799857
FILLER_45_109,VPWR,li1,56.3500,133.2800,1.799861
FILLER_45_106,VPWR,li1,54.9700,133.2800,1.799861
FILLER_45_83,VPWR,li1,44.1600,133.2800,1.799891
FILLER_45_80,VPWR,li1,43.0100,133.2800,1.799891
FILLER_45_77,VPWR,li1,41.6300,133.2800,1.799898
FILLER_45_57,VPWR,li1,31.9700,133.2800,1.799922
FILLER_45_55,VPWR,li1,31.0500,133.2800,1.799929
FILLER_45_52,VPWR,li1,30.1300,133.2800,1.799929
FILLER_45_49,VPWR,li1,28.7500,133.2800,1.799939
FILLER_45_46,VPWR,li1,27.3700,133.2800,1.799939
FILLER_45_43,VPWR,li1,25.9900,133.2800,1.799949
FILLER_45_40,VPWR,li1,24.6100,133.2800,1.799949
FILLER_44_305,VPWR,li1,146.5100,133.2800,1.799800
FILLER_44_302,VPWR,li1,145.1300,133.2800,1.799800
FILLER_44_271,VPWR,li1,130.6400,133.2800,1.799802
FILLER_44_261,VPWR,li1,126.2700,133.2800,1.799803
FILLER_44_258,VPWR,li1,124.8900,133.2800,1.799803
FILLER_44_250,VPWR,li1,120.9800,133.2800,1.799804
FILLER_44_200,VPWR,li1,97.7500,133.2800,1.799813
FILLER_44_197,VPWR,li1,96.8300,133.2800,1.799813
FILLER_44_194,VPWR,li1,95.2200,133.2800,1.799815
FILLER_44_170,VPWR,li1,84.4100,133.2800,1.799823
FILLER_44_148,VPWR,li1,73.8300,133.2800,1.799831
FILLER_44_138,VPWR,li1,69.4600,133.2800,1.799837
FILLER_44_99,VPWR,li1,51.5200,133.2800,1.799872
FILLER_44_96,VPWR,li1,50.3700,133.2800,1.799872
FILLER_44_88,VPWR,li1,46.2300,133.2800,1.799885
FILLER_44_85,VPWR,li1,45.3100,133.2800,1.799885
FILLER_44_83,VPWR,li1,43.9300,133.2800,1.799891
FILLER_44_80,VPWR,li1,43.0100,133.2800,1.799891
FILLER_44_77,VPWR,li1,41.6300,133.2800,1.799898
FILLER_44_74,VPWR,li1,40.2500,133.2800,1.799898
FILLER_44_58,VPWR,li1,32.4300,133.2800,1.799922
FILLER_44_34,VPWR,li1,21.8500,133.2800,1.799959
FILLER_44_26,VPWR,li1,17.9400,133.2800,1.799958
FILLER_43_307,VPWR,li1,146.9700,127.8400,1.799931
FILLER_43_304,VPWR,li1,146.0500,127.8400,1.799931
FILLER_43_301,VPWR,li1,144.6700,127.8400,1.799931
FILLER_43_298,VPWR,li1,143.2900,127.8400,1.799931
FILLER_43_295,VPWR,li1,141.9100,127.8400,1.799931
FILLER_43_279,VPWR,li1,134.0900,127.8400,1.799932
FILLER_43_244,VPWR,li1,118.2200,127.8400,1.799935
FILLER_43_228,VPWR,li1,111.0900,127.8400,1.799936
FILLER_43_225,VPWR,li1,109.7100,127.8400,1.799937
FILLER_43_201,VPWR,li1,98.4400,127.8400,1.799940
FILLER_43_198,VPWR,li1,97.2900,127.8400,1.799941
FILLER_43_195,VPWR,li1,95.9100,127.8400,1.799941
FILLER_43_178,VPWR,li1,88.0900,127.8400,1.799944
FILLER_43_175,VPWR,li1,86.7100,127.8400,1.799945
FILLER_43_172,VPWR,li1,85.3300,127.8400,1.799947
FILLER_43_169,VPWR,li1,83.9500,127.8400,1.799947
FILLER_43_165,VPWR,li1,82.1100,127.8400,1.799948
FILLER_43_157,VPWR,li1,77.9700,127.8400,1.799950
FILLER_43_148,VPWR,li1,73.8300,127.8400,1.799953
FILLER_43_126,VPWR,li1,63.7100,127.8400,1.799959
FILLER_43_123,VPWR,li1,62.7900,127.8400,1.799960
FILLER_43_120,VPWR,li1,61.4100,127.8400,1.799960
FILLER_43_111,VPWR,li1,56.8100,127.8400,1.799964
FILLER_43_108,VPWR,li1,55.8900,127.8400,1.799965
FILLER_43_105,VPWR,li1,54.5100,127.8400,1.799965
FILLER_43_102,VPWR,li1,53.1300,127.8400,1.799967
FILLER_43_99,VPWR,li1,51.7500,127.8400,1.799967
FILLER_43_96,VPWR,li1,50.3700,127.8400,1.799970
FILLER_43_93,VPWR,li1,48.9900,127.8400,1.799970
FILLER_43_90,VPWR,li1,47.6100,127.8400,1.799972
FILLER_43_87,VPWR,li1,46.2300,127.8400,1.799972
FILLER_43_84,VPWR,li1,44.8500,127.8400,1.799973
FILLER_43_81,VPWR,li1,43.4700,127.8400,1.799974
FILLER_43_78,VPWR,li1,42.0900,127.8400,1.799976
FILLER_43_75,VPWR,li1,40.7100,127.8400,1.799976
FILLER_43_72,VPWR,li1,39.3300,127.8400,1.799977
FILLER_43_69,VPWR,li1,37.9500,127.8400,1.799979
FILLER_43_66,VPWR,li1,36.5700,127.8400,1.799979
FILLER_43_63,VPWR,li1,35.1900,127.8400,1.799981
FILLER_43_60,VPWR,li1,33.8100,127.8400,1.799982
FILLER_43_57,VPWR,li1,32.4300,127.8400,1.799982
FILLER_43_54,VPWR,li1,30.8200,127.8400,1.799983
FILLER_43_44,VPWR,li1,26.4500,127.8400,1.799987
FILLER_43_41,VPWR,li1,25.0700,127.8400,1.799988
FILLER_43_38,VPWR,li1,23.6900,127.8400,1.799990
FILLER_43_35,VPWR,li1,22.3100,127.8400,1.799990
FILLER_43_32,VPWR,li1,20.9300,127.8400,1.799991
FILLER_43_29,VPWR,li1,19.5500,127.8400,1.799991
FILLER_43_26,VPWR,li1,18.1700,127.8400,1.799991
FILLER_43_11,VPWR,li1,11.0400,127.8400,1.799991
FILLER_42_307,VPWR,li1,146.9700,127.8400,1.799931
FILLER_42_253,VPWR,li1,122.1300,127.8400,1.799934
FILLER_42_243,VPWR,li1,117.5300,127.8400,1.799935
FILLER_42_240,VPWR,li1,116.6100,127.8400,1.799935
FILLER_42_227,VPWR,li1,110.1700,127.8400,1.799937
FILLER_42_224,VPWR,li1,109.2500,127.8400,1.799937
FILLER_42_208,VPWR,li1,101.6600,127.8400,1.799939
FILLER_42_205,VPWR,li1,100.5100,127.8400,1.799939
FILLER_42_187,VPWR,li1,91.7700,127.8400,1.799942
FILLER_42_177,VPWR,li1,87.6300,127.8400,1.799945
FILLER_42_174,VPWR,li1,86.2500,127.8400,1.799945
FILLER_42_171,VPWR,li1,84.8700,127.8400,1.799947
FILLER_42_168,VPWR,li1,83.4900,127.8400,1.799948
FILLER_42_165,VPWR,li1,82.1100,127.8400,1.799948
FILLER_42_162,VPWR,li1,80.7300,127.8400,1.799949
FILLER_42_159,VPWR,li1,79.3500,127.8400,1.799949
FILLER_42_156,VPWR,li1,77.9700,127.8400,1.799950
FILLER_42_153,VPWR,li1,76.5900,127.8400,1.799951
FILLER_42_150,VPWR,li1,75.2100,127.8400,1.799951
FILLER_42_147,VPWR,li1,73.8300,127.8400,1.799953
FILLER_42_144,VPWR,li1,72.4500,127.8400,1.799953
FILLER_42_141,VPWR,li1,71.0700,127.8400,1.799954
FILLER_42_138,VPWR,li1,69.4600,127.8400,1.799955
FILLER_42_135,VPWR,li1,68.3100,127.8400,1.799955
FILLER_42_132,VPWR,li1,66.9300,127.8400,1.799957
FILLER_42_129,VPWR,li1,65.5500,127.8400,1.799957
FILLER_42_126,VPWR,li1,64.1700,127.8400,1.799959
FILLER_42_123,VPWR,li1,62.7900,127.8400,1.799960
FILLER_42_120,VPWR,li1,61.4100,127.8400,1.799960
FILLER_42_117,VPWR,li1,60.0300,127.8400,1.799962
FILLER_42_114,VPWR,li1,58.6500,127.8400,1.799962
FILLER_42_111,VPWR,li1,57.2700,127.8400,1.799964
FILLER_42_108,VPWR,li1,55.8900,127.8400,1.799965
FILLER_42_105,VPWR,li1,54.5100,127.8400,1.799965
FILLER_42_102,VPWR,li1,53.1300,127.8400,1.799967
FILLER_42_99,VPWR,li1,51.7500,127.8400,1.799967
FILLER_42_96,VPWR,li1,50.3700,127.8400,1.799970
FILLER_42_93,VPWR,li1,48.9900,127.8400,1.799970
FILLER_42_90,VPWR,li1,47.6100,127.8400,1.799972
FILLER_42_76,VPWR,li1,40.7100,127.8400,1.799976
FILLER_42_73,VPWR,li1,39.7900,127.8400,1.799977
FILLER_42_70,VPWR,li1,38.4100,127.8400,1.799977
FILLER_42_67,VPWR,li1,37.0300,127.8400,1.799979
FILLER_42_64,VPWR,li1,35.6500,127.8400,1.799981
FILLER_42_61,VPWR,li1,34.2700,127.8400,1.799981
FILLER_42_45,VPWR,li1,26.9100,127.8400,1.799987
FILLER_42_42,VPWR,li1,25.5300,127.8400,1.799988
FILLER_42_39,VPWR,li1,24.1500,127.8400,1.799988
FILLER_42_36,VPWR,li1,22.7700,127.8400,1.799990
FILLER_42_26,VPWR,li1,17.9400,127.8400,1.799991
FILLER_41_305,VPWR,li1,146.5100,122.4000,1.799698
FILLER_41_302,VPWR,li1,145.1300,122.4000,1.799698
FILLER_41_279,VPWR,li1,134.0900,122.4000,1.799699
FILLER_41_276,VPWR,li1,133.1700,122.4000,1.799700
FILLER_41_258,VPWR,li1,124.8900,122.4000,1.799708
FILLER_41_255,VPWR,li1,123.5100,122.4000,1.799708
FILLER_41_231,VPWR,li1,112.4700,122.4000,1.799721
FILLER_41_228,VPWR,li1,111.0900,122.4000,1.799724
FILLER_41_225,VPWR,li1,109.7100,122.4000,1.799726
FILLER_41_222,VPWR,li1,108.1000,122.4000,1.799729
FILLER_41_219,VPWR,li1,106.9500,122.4000,1.799729
FILLER_41_216,VPWR,li1,105.5700,122.4000,1.799731
FILLER_41_213,VPWR,li1,104.1900,122.4000,1.799735
FILLER_41_210,VPWR,li1,102.8100,122.4000,1.799735
FILLER_41_207,VPWR,li1,101.4300,122.4000,1.799737
FILLER_41_180,VPWR,li1,88.5500,122.4000,1.799763
FILLER_41_177,VPWR,li1,87.6300,122.4000,1.799763
FILLER_41_166,VPWR,li1,82.3400,122.4000,1.799777
FILLER_41_163,VPWR,li1,81.1900,122.4000,1.799783
FILLER_41_160,VPWR,li1,79.8100,122.4000,1.799783
FILLER_41_157,VPWR,li1,78.4300,122.4000,1.799790
FILLER_41_154,VPWR,li1,77.0500,122.4000,1.799790
FILLER_41_140,VPWR,li1,70.6100,122.4000,1.799810
FILLER_41_137,VPWR,li1,69.2300,122.4000,1.799815
FILLER_41_122,VPWR,li1,61.8700,122.4000,1.799833
FILLER_41_113,VPWR,li1,57.9600,122.4000,1.799849
FILLER_41_109,VPWR,li1,56.3500,122.4000,1.799849
FILLER_41_106,VPWR,li1,54.9700,122.4000,1.799857
FILLER_41_103,VPWR,li1,53.5900,122.4000,1.799857
FILLER_41_100,VPWR,li1,52.2100,122.4000,1.799866
FILLER_41_97,VPWR,li1,50.8300,122.4000,1.799866
FILLER_41_94,VPWR,li1,49.4500,122.4000,1.799871
FILLER_41_70,VPWR,li1,38.4100,122.4000,1.799909
FILLER_40_306,VPWR,li1,146.7400,122.4000,1.799698
FILLER_40_303,VPWR,li1,145.5900,122.4000,1.799698
FILLER_40_300,VPWR,li1,144.2100,122.4000,1.799698
FILLER_40_291,VPWR,li1,139.8400,122.4000,1.799698
FILLER_40_288,VPWR,li1,138.6900,122.4000,1.799699
FILLER_40_285,VPWR,li1,137.3100,122.4000,1.799699
FILLER_40_268,VPWR,li1,129.4900,122.4000,1.799702
FILLER_40_265,VPWR,li1,128.1100,122.4000,1.799702
FILLER_40_262,VPWR,li1,126.7300,122.4000,1.799705
FILLER_40_259,VPWR,li1,125.3500,122.4000,1.799705
FILLER_40_256,VPWR,li1,123.9700,122.4000,1.799708
FILLER_40_253,VPWR,li1,122.5900,122.4000,1.799710
FILLER_40_250,VPWR,li1,120.9800,122.4000,1.799710
FILLER_40_233,VPWR,li1,112.9300,122.4000,1.799721
FILLER_40_230,VPWR,li1,112.0100,122.4000,1.799724
FILLER_40_227,VPWR,li1,110.6300,122.4000,1.799724
FILLER_40_224,VPWR,li1,109.2500,122.4000,1.799726
FILLER_40_221,VPWR,li1,107.8700,122.4000,1.799729
FILLER_40_218,VPWR,li1,106.4900,122.4000,1.799731
FILLER_40_215,VPWR,li1,105.1100,122.4000,1.799731
FILLER_40_212,VPWR,li1,103.7300,122.4000,1.799735
FILLER_40_209,VPWR,li1,102.3500,122.4000,1.799737
FILLER_40_206,VPWR,li1,100.9700,122.4000,1.799737
FILLER_40_197,VPWR,li1,96.6000,122.4000,1.799745
FILLER_40_172,VPWR,li1,85.3300,122.4000,1.799770
FILLER_40_169,VPWR,li1,83.9500,122.4000,1.799777
FILLER_40_132,VPWR,li1,66.4700,122.4000,1.799823
FILLER_40_129,VPWR,li1,65.5500,122.4000,1.799823
FILLER_40_106,VPWR,li1,54.7400,122.4000,1.799857
FILLER_40_96,VPWR,li1,50.1400,122.4000,1.799871
FILLER_40_93,VPWR,li1,48.9900,122.4000,1.799871
FILLER_40_67,VPWR,li1,36.8000,122.4000,1.799909
FILLER_40_64,VPWR,li1,35.6500,122.4000,1.799916
FILLER_40_26,VPWR,li1,17.9400,122.4000,1.799962
FILLER_40_3,VPWR,li1,7.3600,122.4000,1.799962
FILLER_39_305,VPWR,li1,146.5100,116.9600,1.799881
FILLER_39_302,VPWR,li1,145.1300,116.9600,1.799881
FILLER_39_299,VPWR,li1,143.7500,116.9600,1.799881
FILLER_39_296,VPWR,li1,142.3700,116.9600,1.799881
FILLER_39_293,VPWR,li1,140.9900,116.9600,1.799881
FILLER_39_290,VPWR,li1,139.6100,116.9600,1.799881
FILLER_39_287,VPWR,li1,138.2300,116.9600,1.799881
FILLER_39_284,VPWR,li1,136.8500,116.9600,1.799881
FILLER_39_281,VPWR,li1,135.4700,116.9600,1.799881
FILLER_39_274,VPWR,li1,131.7900,116.9600,1.799881
FILLER_39_271,VPWR,li1,130.8700,116.9600,1.799881
FILLER_39_268,VPWR,li1,129.4900,116.9600,1.799881
FILLER_39_265,VPWR,li1,128.1100,116.9600,1.799882
FILLER_39_262,VPWR,li1,126.7300,116.9600,1.799882
FILLER_39_259,VPWR,li1,125.3500,116.9600,1.799882
FILLER_39_256,VPWR,li1,123.9700,116.9600,1.799882
FILLER_39_253,VPWR,li1,122.5900,116.9600,1.799882
FILLER_39_250,VPWR,li1,121.2100,116.9600,1.799882
FILLER_39_233,VPWR,li1,112.9300,116.9600,1.799882
FILLER_39_225,VPWR,li1,109.2500,116.9600,1.799882
FILLER_39_222,VPWR,li1,108.1000,116.9600,1.799883
FILLER_39_219,VPWR,li1,106.9500,116.9600,1.799883
FILLER_39_216,VPWR,li1,105.5700,116.9600,1.799883
FILLER_39_213,VPWR,li1,104.1900,116.9600,1.799883
FILLER_39_210,VPWR,li1,102.8100,116.9600,1.799884
FILLER_39_199,VPWR,li1,97.7500,116.9600,1.799886
FILLER_39_177,VPWR,li1,87.1700,116.9600,1.799891
FILLER_39_111,VPWR,li1,56.8100,116.9600,1.799919
FILLER_39_60,VPWR,li1,33.5800,116.9600,1.799952
FILLER_39_57,VPWR,li1,32.4300,116.9600,1.799955
FILLER_39_54,VPWR,li1,30.8200,116.9600,1.799958
FILLER_39_20,VPWR,li1,14.9500,116.9600,1.799973
FILLER_39_17,VPWR,li1,14.0300,116.9600,1.799973
FILLER_39_6,VPWR,li1,8.9700,116.9600,1.799973
FILLER_39_3,VPWR,li1,7.5900,116.9600,1.799973
FILLER_38_307,VPWR,li1,146.9700,116.9600,1.799881
FILLER_38_304,VPWR,li1,146.0500,116.9600,1.799881
FILLER_38_301,VPWR,li1,144.6700,116.9600,1.799881
FILLER_38_298,VPWR,li1,143.2900,116.9600,1.799881
FILLER_38_288,VPWR,li1,138.6900,116.9600,1.799881
FILLER_38_285,VPWR,li1,137.3100,116.9600,1.799881
FILLER_38_276,VPWR,li1,132.7100,116.9600,1.799881
FILLER_38_268,VPWR,li1,129.0300,116.9600,1.799881
FILLER_38_265,VPWR,li1,128.1100,116.9600,1.799882
FILLER_38_262,VPWR,li1,126.7300,116.9600,1.799882
FILLER_38_259,VPWR,li1,125.3500,116.9600,1.799882
FILLER_38_256,VPWR,li1,123.9700,116.9600,1.799882
FILLER_38_253,VPWR,li1,122.5900,116.9600,1.799882
FILLER_38_250,VPWR,li1,120.9800,116.9600,1.799882
FILLER_38_197,VPWR,li1,96.8300,116.9600,1.799886
FILLER_38_195,VPWR,li1,95.4500,116.9600,1.799887
FILLER_38_192,VPWR,li1,94.5300,116.9600,1.799887
FILLER_38_184,VPWR,li1,90.3900,116.9600,1.799890
FILLER_38_181,VPWR,li1,89.4700,116.9600,1.799890
FILLER_38_178,VPWR,li1,88.0900,116.9600,1.799891
FILLER_38_175,VPWR,li1,86.7100,116.9600,1.799892
FILLER_38_159,VPWR,li1,78.8900,116.9600,1.799897
FILLER_38_156,VPWR,li1,77.9700,116.9600,1.799897
FILLER_38_147,VPWR,li1,73.3700,116.9600,1.799902
FILLER_38_144,VPWR,li1,72.4500,116.9600,1.799902
FILLER_38_130,VPWR,li1,65.7800,116.9600,1.799908
FILLER_38_107,VPWR,li1,55.2000,116.9600,1.799922
FILLER_38_104,VPWR,li1,54.0500,116.9600,1.799922
FILLER_38_88,VPWR,li1,46.2300,116.9600,1.799933
FILLER_38_85,VPWR,li1,45.3100,116.9600,1.799935
FILLER_38_67,VPWR,li1,36.8000,116.9600,1.799949
FILLER_38_64,VPWR,li1,35.6500,116.9600,1.799949
FILLER_38_61,VPWR,li1,34.2700,116.9600,1.799952
FILLER_38_58,VPWR,li1,32.8900,116.9600,1.799955
FILLER_38_37,VPWR,li1,23.0000,116.9600,1.799973
FILLER_38_25,VPWR,li1,17.7100,116.9600,1.799973
FILLER_38_6,VPWR,li1,8.7400,116.9600,1.799973
FILLER_38_3,VPWR,li1,7.5900,116.9600,1.799973
FILLER_37_305,VPWR,li1,146.5100,111.5200,1.799841
FILLER_37_302,VPWR,li1,145.1300,111.5200,1.799841
FILLER_37_279,VPWR,li1,134.0900,111.5200,1.799842
FILLER_37_260,VPWR,li1,125.3500,111.5200,1.799846
FILLER_37_257,VPWR,li1,124.4300,111.5200,1.799846
FILLER_37_254,VPWR,li1,123.0500,111.5200,1.799846
FILLER_37_251,VPWR,li1,121.6700,111.5200,1.799847
FILLER_37_248,VPWR,li1,120.2900,111.5200,1.799847
FILLER_37_245,VPWR,li1,118.9100,111.5200,1.799848
FILLER_37_236,VPWR,li1,114.3100,111.5200,1.799850
FILLER_37_233,VPWR,li1,113.3900,111.5200,1.799850
FILLER_37_225,VPWR,li1,109.2500,111.5200,1.799852
FILLER_37_223,VPWR,li1,108.3300,111.5200,1.799852
FILLER_37_220,VPWR,li1,107.4100,111.5200,1.799852
FILLER_37_217,VPWR,li1,106.0300,111.5200,1.799853
FILLER_37_187,VPWR,li1,92.0000,111.5200,1.799860
FILLER_37_184,VPWR,li1,90.8500,111.5200,1.799860
FILLER_37_181,VPWR,li1,89.4700,111.5200,1.799862
FILLER_37_178,VPWR,li1,88.0900,111.5200,1.799863
FILLER_37_175,VPWR,li1,86.7100,111.5200,1.799863
FILLER_37_172,VPWR,li1,85.3300,111.5200,1.799865
FILLER_37_169,VPWR,li1,83.9500,111.5200,1.799866
FILLER_37_166,VPWR,li1,82.3400,111.5200,1.799866
FILLER_37_158,VPWR,li1,78.4300,111.5200,1.799870
FILLER_37_141,VPWR,li1,70.8400,111.5200,1.799875
FILLER_37_138,VPWR,li1,69.6900,111.5200,1.799875
FILLER_37_116,VPWR,li1,59.3400,111.5200,1.799884
FILLER_37_113,VPWR,li1,58.1900,111.5200,1.799884
FILLER_37_109,VPWR,li1,56.3500,111.5200,1.799886
FILLER_37_99,VPWR,li1,51.7500,111.5200,1.799896
FILLER_37_96,VPWR,li1,50.3700,111.5200,1.799896
FILLER_37_73,VPWR,li1,39.5600,111.5200,1.799921
FILLER_37_70,VPWR,li1,38.4100,111.5200,1.799927
FILLER_37_67,VPWR,li1,37.0300,111.5200,1.799927
FILLER_37_57,VPWR,li1,32.2000,111.5200,1.799940
FILLER_37_46,VPWR,li1,26.9100,111.5200,1.799952
FILLER_37_6,VPWR,li1,8.5100,111.5200,1.799965
FILLER_37_3,VPWR,li1,7.5900,111.5200,1.799965
FILLER_36_307,VPWR,li1,146.9700,111.5200,1.799841
FILLER_36_304,VPWR,li1,146.0500,111.5200,1.799841
FILLER_36_301,VPWR,li1,144.6700,111.5200,1.799841
FILLER_36_259,VPWR,li1,125.3500,111.5200,1.799846
FILLER_36_256,VPWR,li1,123.9700,111.5200,1.799846
FILLER_36_253,VPWR,li1,122.5900,111.5200,1.799846
FILLER_36_249,VPWR,li1,120.7500,111.5200,1.799847
FILLER_36_246,VPWR,li1,119.3700,111.5200,1.799848
FILLER_36_243,VPWR,li1,117.9900,111.5200,1.799848
FILLER_36_240,VPWR,li1,116.6100,111.5200,1.799849
FILLER_36_237,VPWR,li1,115.2300,111.5200,1.799849
FILLER_36_234,VPWR,li1,113.8500,111.5200,1.799850
FILLER_36_228,VPWR,li1,110.6300,111.5200,1.799852
FILLER_36_225,VPWR,li1,109.7100,111.5200,1.799852
FILLER_36_222,VPWR,li1,108.3300,111.5200,1.799852
FILLER_36_219,VPWR,li1,106.9500,111.5200,1.799853
FILLER_36_216,VPWR,li1,105.5700,111.5200,1.799853
FILLER_36_213,VPWR,li1,104.1900,111.5200,1.799854
FILLER_36_185,VPWR,li1,91.3100,111.5200,1.799860
FILLER_36_182,VPWR,li1,89.9300,111.5200,1.799862
FILLER_36_179,VPWR,li1,88.5500,111.5200,1.799862
FILLER_36_176,VPWR,li1,87.1700,111.5200,1.799863
FILLER_36_173,VPWR,li1,85.7900,111.5200,1.799865
FILLER_36_170,VPWR,li1,84.4100,111.5200,1.799865
FILLER_36_167,VPWR,li1,83.0300,111.5200,1.799866
FILLER_36_164,VPWR,li1,81.6500,111.5200,1.799868
FILLER_36_161,VPWR,li1,80.2700,111.5200,1.799868
FILLER_36_144,VPWR,li1,72.4500,111.5200,1.799873
FILLER_36_141,VPWR,li1,71.0700,111.5200,1.799875
FILLER_36_138,VPWR,li1,69.4600,111.5200,1.799875
FILLER_36_116,VPWR,li1,59.5700,111.5200,1.799884
FILLER_36_85,VPWR,li1,45.3100,111.5200,1.799909
FILLER_36_82,VPWR,li1,43.7000,111.5200,1.799913
FILLER_36_79,VPWR,li1,42.5500,111.5200,1.799913
FILLER_36_70,VPWR,li1,37.9500,111.5200,1.799927
FILLER_36_67,VPWR,li1,37.0300,111.5200,1.799927
FILLER_36_25,VPWR,li1,17.7100,111.5200,1.799967
FILLER_35_306,VPWR,li1,146.7400,106.0800,1.799748
FILLER_35_303,VPWR,li1,145.5900,106.0800,1.799748
FILLER_35_281,VPWR,li1,135.0100,106.0800,1.799749
FILLER_35_263,VPWR,li1,126.7300,106.0800,1.799752
FILLER_35_260,VPWR,li1,125.8100,106.0800,1.799752
FILLER_35_241,VPWR,li1,117.0700,106.0800,1.799754
FILLER_35_233,VPWR,li1,112.9300,106.0800,1.799755
FILLER_35_230,VPWR,li1,112.0100,106.0800,1.799755
FILLER_35_221,VPWR,li1,107.8700,106.0800,1.799756
FILLER_35_178,VPWR,li1,87.6300,106.0800,1.799786
FILLER_35_175,VPWR,li1,86.7100,106.0800,1.799786
FILLER_35_172,VPWR,li1,85.3300,106.0800,1.799790
FILLER_35_169,VPWR,li1,83.9500,106.0800,1.799794
FILLER_35_166,VPWR,li1,82.3400,106.0800,1.799798
FILLER_35_163,VPWR,li1,81.1900,106.0800,1.799798
FILLER_35_140,VPWR,li1,70.1500,106.0800,1.799826
FILLER_35_137,VPWR,li1,69.2300,106.0800,1.799826
FILLER_35_134,VPWR,li1,67.8500,106.0800,1.799830
FILLER_35_131,VPWR,li1,66.4700,106.0800,1.799834
FILLER_35_128,VPWR,li1,65.0900,106.0800,1.799834
FILLER_35_113,VPWR,li1,57.7300,106.0800,1.799853
FILLER_35_110,VPWR,li1,56.5800,106.0800,1.799858
FILLER_35_107,VPWR,li1,55.4300,106.0800,1.799858
FILLER_35_79,VPWR,li1,42.3200,106.0800,1.799895
FILLER_35_57,VPWR,li1,31.9700,106.0800,1.799932
FILLER_35_32,VPWR,li1,20.9300,106.0800,1.799960
FILLER_35_3,VPWR,li1,7.5900,106.0800,1.799957
FILLER_34_290,VPWR,li1,139.3800,106.0800,1.799748
FILLER_34_280,VPWR,li1,134.7800,106.0800,1.799750
FILLER_34_262,VPWR,li1,126.5000,106.0800,1.799752
FILLER_34_259,VPWR,li1,125.3500,106.0800,1.799752
FILLER_34_256,VPWR,li1,123.9700,106.0800,1.799752
FILLER_34_253,VPWR,li1,122.5900,106.0800,1.799753
FILLER_34_251,VPWR,li1,121.2100,106.0800,1.799753
FILLER_34_226,VPWR,li1,109.9400,106.0800,1.799756
FILLER_34_197,VPWR,li1,96.8300,106.0800,1.799769
FILLER_34_195,VPWR,li1,95.4500,106.0800,1.799769
FILLER_34_171,VPWR,li1,84.8700,106.0800,1.799790
FILLER_34_141,VPWR,li1,70.6100,106.0800,1.799822
FILLER_34_132,VPWR,li1,66.9300,106.0800,1.799830
FILLER_34_100,VPWR,li1,52.2100,106.0800,1.799866
FILLER_34_75,VPWR,li1,40.2500,106.0800,1.799904
FILLER_34_72,VPWR,li1,39.3300,106.0800,1.799904
FILLER_34_69,VPWR,li1,37.9500,106.0800,1.799911
FILLER_34_53,VPWR,li1,30.3600,106.0800,1.799932
FILLER_34_29,VPWR,li1,19.5500,106.0800,1.799960
FILLER_34_27,VPWR,li1,18.1700,106.0800,1.799959
FILLER_34_24,VPWR,li1,17.2500,106.0800,1.799959
FILLER_34_6,VPWR,li1,8.5100,106.0800,1.799957
FILLER_34_3,VPWR,li1,7.5900,106.0800,1.799957
FILLER_33_292,VPWR,li1,140.0700,100.6400,1.799809
FILLER_33_289,VPWR,li1,139.1500,100.6400,1.799809
FILLER_33_275,VPWR,li1,132.4800,100.6400,1.799810
FILLER_33_262,VPWR,li1,126.7300,100.6400,1.799811
FILLER_33_259,VPWR,li1,125.3500,100.6400,1.799812
FILLER_33_256,VPWR,li1,123.9700,100.6400,1.799812
FILLER_33_253,VPWR,li1,122.5900,100.6400,1.799813
FILLER_33_221,VPWR,li1,107.8700,100.6400,1.799821
FILLER_33_177,VPWR,li1,87.1700,100.6400,1.799841
FILLER_33_131,VPWR,li1,66.2400,100.6400,1.799874
FILLER_33_128,VPWR,li1,65.0900,100.6400,1.799874
FILLER_33_69,VPWR,li1,37.4900,100.6400,1.799933
FILLER_33_60,VPWR,li1,33.3500,100.6400,1.799943
FILLER_33_57,VPWR,li1,32.4300,100.6400,1.799949
FILLER_33_54,VPWR,li1,30.8200,100.6400,1.799949
FILLER_33_51,VPWR,li1,29.6700,100.6400,1.799955
FILLER_33_48,VPWR,li1,28.2900,100.6400,1.799955
FILLER_33_24,VPWR,li1,17.0200,100.6400,1.799973
FILLER_33_3,VPWR,li1,7.5900,100.6400,1.799972
FILLER_32_307,VPWR,li1,146.9700,100.6400,1.799809
FILLER_32_304,VPWR,li1,146.0500,100.6400,1.799809
FILLER_32_294,VPWR,li1,141.2200,100.6400,1.799809
FILLER_32_262,VPWR,li1,126.7300,100.6400,1.799811
FILLER_32_259,VPWR,li1,125.3500,100.6400,1.799812
FILLER_32_256,VPWR,li1,123.9700,100.6400,1.799812
FILLER_32_253,VPWR,li1,122.5900,100.6400,1.799813
FILLER_32_251,VPWR,li1,121.2100,100.6400,1.799813
FILLER_32_248,VPWR,li1,120.2900,100.6400,1.799814
FILLER_32_222,VPWR,li1,108.1000,100.6400,1.799821
FILLER_32_219,VPWR,li1,106.9500,100.6400,1.799821
FILLER_32_197,VPWR,li1,96.8300,100.6400,1.799830
FILLER_32_180,VPWR,li1,88.7800,100.6400,1.799841
FILLER_32_177,VPWR,li1,87.6300,100.6400,1.799841
FILLER_32_174,VPWR,li1,86.2500,100.6400,1.799844
FILLER_32_171,VPWR,li1,84.8700,100.6400,1.799844
FILLER_32_162,VPWR,li1,80.2700,100.6400,1.799850
FILLER_32_134,VPWR,li1,67.6200,100.6400,1.799870
FILLER_32_96,VPWR,li1,50.1400,100.6400,1.799906
FILLER_32_93,VPWR,li1,48.9900,100.6400,1.799906
FILLER_32_70,VPWR,li1,38.1800,100.6400,1.799933
FILLER_32_62,VPWR,li1,34.7300,100.6400,1.799943
FILLER_32_59,VPWR,li1,33.3500,100.6400,1.799943
FILLER_32_49,VPWR,li1,28.5200,100.6400,1.799955
FILLER_32_40,VPWR,li1,24.1500,100.6400,1.799968
FILLER_32_37,VPWR,li1,23.2300,100.6400,1.799968
FILLER_32_3,VPWR,li1,7.5900,100.6400,1.799972
FILLER_31_307,VPWR,li1,146.9700,95.2000,1.799692
FILLER_31_304,VPWR,li1,146.0500,95.2000,1.799692
FILLER_31_301,VPWR,li1,144.6700,95.2000,1.799692
FILLER_31_289,VPWR,li1,139.1500,95.2000,1.799692
FILLER_31_278,VPWR,li1,133.8600,95.2000,1.799694
FILLER_31_275,VPWR,li1,132.7100,95.2000,1.799694
FILLER_31_264,VPWR,li1,127.6500,95.2000,1.799699
FILLER_31_261,VPWR,li1,126.2700,95.2000,1.799699
FILLER_31_258,VPWR,li1,124.8900,95.2000,1.799702
FILLER_31_255,VPWR,li1,123.5100,95.2000,1.799702
FILLER_31_252,VPWR,li1,122.1300,95.2000,1.799704
FILLER_31_249,VPWR,li1,120.7500,95.2000,1.799707
FILLER_31_246,VPWR,li1,119.3700,95.2000,1.799707
FILLER_31_221,VPWR,li1,107.8700,95.2000,1.799722
FILLER_31_218,VPWR,li1,106.4900,95.2000,1.799725
FILLER_31_215,VPWR,li1,105.1100,95.2000,1.799725
FILLER_31_187,VPWR,li1,92.0000,95.2000,1.799746
FILLER_31_184,VPWR,li1,90.8500,95.2000,1.799746
FILLER_31_181,VPWR,li1,89.4700,95.2000,1.799750
FILLER_31_178,VPWR,li1,88.0900,95.2000,1.799750
FILLER_31_175,VPWR,li1,86.7100,95.2000,1.799754
FILLER_31_172,VPWR,li1,85.3300,95.2000,1.799754
FILLER_31_169,VPWR,li1,83.9500,95.2000,1.799757
FILLER_31_160,VPWR,li1,79.3500,95.2000,1.799762
FILLER_31_137,VPWR,li1,69.0000,95.2000,1.799789
FILLER_31_134,VPWR,li1,67.8500,95.2000,1.799789
FILLER_31_103,VPWR,li1,53.3600,95.2000,1.799829
FILLER_31_100,VPWR,li1,52.2100,95.2000,1.799829
FILLER_31_97,VPWR,li1,50.8300,95.2000,1.799837
FILLER_31_94,VPWR,li1,49.4500,95.2000,1.799837
FILLER_31_91,VPWR,li1,48.0700,95.2000,1.799842
FILLER_31_60,VPWR,li1,33.5800,95.2000,1.799896
FILLER_31_57,VPWR,li1,32.4300,95.2000,1.799905
FILLER_31_55,VPWR,li1,31.0500,95.2000,1.799912
FILLER_31_32,VPWR,li1,20.7000,95.2000,1.799949
FILLER_31_6,VPWR,li1,8.5100,95.2000,1.799949
FILLER_31_3,VPWR,li1,7.5900,95.2000,1.799949
FILLER_30_276,VPWR,li1,133.1700,95.2000,1.799694
FILLER_30_259,VPWR,li1,125.1200,95.2000,1.799702
FILLER_30_256,VPWR,li1,123.9700,95.2000,1.799702
FILLER_30_253,VPWR,li1,122.5900,95.2000,1.799704
FILLER_30_250,VPWR,li1,120.9800,95.2000,1.799707
FILLER_30_247,VPWR,li1,119.8300,95.2000,1.799707
FILLER_30_239,VPWR,li1,115.6900,95.2000,1.799711
FILLER_30_231,VPWR,li1,112.0100,95.2000,1.799716
FILLER_30_228,VPWR,li1,111.0900,95.2000,1.799719
FILLER_30_225,VPWR,li1,109.7100,95.2000,1.799719
FILLER_30_222,VPWR,li1,108.3300,95.2000,1.799722
FILLER_30_200,VPWR,li1,97.9800,95.2000,1.799735
FILLER_30_197,VPWR,li1,96.8300,95.2000,1.799738
FILLER_30_189,VPWR,li1,92.9200,95.2000,1.799743
FILLER_30_178,VPWR,li1,88.0900,95.2000,1.799750
FILLER_30_175,VPWR,li1,86.7100,95.2000,1.799754
FILLER_30_172,VPWR,li1,85.3300,95.2000,1.799754
FILLER_30_169,VPWR,li1,83.9500,95.2000,1.799757
FILLER_30_166,VPWR,li1,82.5700,95.2000,1.799760
FILLER_30_163,VPWR,li1,81.1900,95.2000,1.799760
FILLER_30_160,VPWR,li1,79.8100,95.2000,1.799762
FILLER_30_139,VPWR,li1,69.6900,95.2000,1.799783
FILLER_30_112,VPWR,li1,57.5000,95.2000,1.799815
FILLER_30_109,VPWR,li1,56.3500,95.2000,1.799822
FILLER_30_106,VPWR,li1,54.9700,95.2000,1.799822
FILLER_30_103,VPWR,li1,53.5900,95.2000,1.799829
FILLER_30_100,VPWR,li1,52.2100,95.2000,1.799829
FILLER_30_97,VPWR,li1,50.8300,95.2000,1.799837
FILLER_30_85,VPWR,li1,44.8500,95.2000,1.799854
FILLER_30_80,VPWR,li1,42.5500,95.2000,1.799861
FILLER_30_54,VPWR,li1,30.5900,95.2000,1.799912
FILLER_30_51,VPWR,li1,29.6700,95.2000,1.799912
FILLER_30_40,VPWR,li1,24.3800,95.2000,1.799933
FILLER_30_26,VPWR,li1,17.9400,95.2000,1.799949
FILLER_30_6,VPWR,li1,8.9700,95.2000,1.799949
FILLER_30_3,VPWR,li1,7.5900,95.2000,1.799949
FILLER_29_281,VPWR,li1,135.0100,89.7600,1.799804
FILLER_29_261,VPWR,li1,126.0400,89.7600,1.799807
FILLER_29_258,VPWR,li1,124.8900,89.7600,1.799809
FILLER_29_255,VPWR,li1,123.5100,89.7600,1.799810
FILLER_29_252,VPWR,li1,122.1300,89.7600,1.799810
FILLER_29_249,VPWR,li1,120.7500,89.7600,1.799811
FILLER_29_246,VPWR,li1,119.3700,89.7600,1.799812
FILLER_29_243,VPWR,li1,117.9900,89.7600,1.799812
FILLER_29_240,VPWR,li1,116.6100,89.7600,1.799813
FILLER_29_231,VPWR,li1,112.2400,89.7600,1.799815
FILLER_29_228,VPWR,li1,111.0900,89.7600,1.799817
FILLER_29_225,VPWR,li1,109.7100,89.7600,1.799817
FILLER_29_221,VPWR,li1,107.8700,89.7600,1.799818
FILLER_29_213,VPWR,li1,103.7300,89.7600,1.799822
FILLER_29_210,VPWR,li1,102.8100,89.7600,1.799822
FILLER_29_177,VPWR,li1,87.6300,89.7600,1.799840
FILLER_29_169,VPWR,li1,83.4900,89.7600,1.799847
FILLER_29_167,VPWR,li1,82.5700,89.7600,1.799850
FILLER_29_164,VPWR,li1,81.6500,89.7600,1.799850
FILLER_29_119,VPWR,li1,60.7200,89.7600,1.799889
FILLER_29_116,VPWR,li1,59.5700,89.7600,1.799889
FILLER_29_113,VPWR,li1,58.1900,89.7600,1.799895
FILLER_29_111,VPWR,li1,56.8100,89.7600,1.799895
FILLER_29_102,VPWR,li1,52.9000,89.7600,1.799903
FILLER_29_57,VPWR,li1,32.2000,89.7600,1.799950
FILLER_29_54,VPWR,li1,30.8200,89.7600,1.799950
FILLER_29_22,VPWR,li1,16.1000,89.7600,1.799972
FILLER_29_19,VPWR,li1,14.9500,89.7600,1.799972
FILLER_29_9,VPWR,li1,9.8900,89.7600,1.799972
FILLER_29_6,VPWR,li1,8.9700,89.7600,1.799972
FILLER_29_3,VPWR,li1,7.5900,89.7600,1.799972
FILLER_28_306,VPWR,li1,146.7400,89.7600,1.799801
FILLER_28_303,VPWR,li1,145.5900,89.7600,1.799801
FILLER_28_259,VPWR,li1,125.1200,89.7600,1.799809
FILLER_28_256,VPWR,li1,123.9700,89.7600,1.799809
FILLER_28_253,VPWR,li1,122.5900,89.7600,1.799810
FILLER_28_251,VPWR,li1,121.2100,89.7600,1.799811
FILLER_28_248,VPWR,li1,120.2900,89.7600,1.799811
FILLER_28_245,VPWR,li1,118.9100,89.7600,1.799812
FILLER_28_242,VPWR,li1,117.5300,89.7600,1.799813
FILLER_28_239,VPWR,li1,116.1500,89.7600,1.799813
FILLER_28_193,VPWR,li1,94.9900,89.7600,1.799831
FILLER_28_141,VPWR,li1,70.8400,89.7600,1.799869
FILLER_28_110,VPWR,li1,56.3500,89.7600,1.799898
FILLER_28_107,VPWR,li1,55.4300,89.7600,1.799898
FILLER_28_97,VPWR,li1,50.6000,89.7600,1.799907
FILLER_28_85,VPWR,li1,45.3100,89.7600,1.799918
FILLER_28_58,VPWR,li1,32.6600,89.7600,1.799946
FILLER_28_55,VPWR,li1,31.5100,89.7600,1.799950
FILLER_28_6,VPWR,li1,8.5100,89.7600,1.799972
FILLER_28_3,VPWR,li1,7.5900,89.7600,1.799972
FILLER_27_307,VPWR,li1,146.9700,84.3200,1.799807
FILLER_27_304,VPWR,li1,146.0500,84.3200,1.799807
FILLER_27_301,VPWR,li1,144.6700,84.3200,1.799807
FILLER_27_281,VPWR,li1,135.4700,84.3200,1.799807
FILLER_27_263,VPWR,li1,127.1900,84.3200,1.799808
FILLER_27_260,VPWR,li1,125.8100,84.3200,1.799808
FILLER_27_257,VPWR,li1,124.4300,84.3200,1.799809
FILLER_27_254,VPWR,li1,123.0500,84.3200,1.799809
FILLER_27_240,VPWR,li1,116.3800,84.3200,1.799810
FILLER_27_237,VPWR,li1,115.2300,84.3200,1.799810
FILLER_27_228,VPWR,li1,110.6300,84.3200,1.799811
FILLER_27_225,VPWR,li1,109.7100,84.3200,1.799812
FILLER_27_222,VPWR,li1,108.1000,84.3200,1.799812
FILLER_27_193,VPWR,li1,94.7600,84.3200,1.799824
FILLER_27_184,VPWR,li1,90.3900,84.3200,1.799831
FILLER_27_175,VPWR,li1,86.2500,84.3200,1.799839
FILLER_27_172,VPWR,li1,85.3300,84.3200,1.799839
FILLER_27_169,VPWR,li1,83.9500,84.3200,1.799842
FILLER_27_166,VPWR,li1,82.3400,84.3200,1.799845
FILLER_27_113,VPWR,li1,58.1900,84.3200,1.799886
FILLER_27_109,VPWR,li1,56.3500,84.3200,1.799891
FILLER_27_106,VPWR,li1,54.9700,84.3200,1.799891
FILLER_27_78,VPWR,li1,41.8600,84.3200,1.799919
FILLER_27_60,VPWR,li1,33.3500,84.3200,1.799942
FILLER_27_57,VPWR,li1,32.4300,84.3200,1.799942
FILLER_27_55,VPWR,li1,31.0500,84.3200,1.799947
FILLER_27_52,VPWR,li1,30.1300,84.3200,1.799947
FILLER_27_49,VPWR,li1,28.7500,84.3200,1.799954
FILLER_27_46,VPWR,li1,27.3700,84.3200,1.799954
FILLER_27_3,VPWR,li1,7.1300,84.3200,1.799967
FILLER_26_298,VPWR,li1,143.0600,84.3200,1.799807
FILLER_26_295,VPWR,li1,141.9100,84.3200,1.799807
FILLER_26_292,VPWR,li1,140.5300,84.3200,1.799807
FILLER_26_278,VPWR,li1,133.6300,84.3200,1.799808
FILLER_26_275,VPWR,li1,132.7100,84.3200,1.799808
FILLER_26_272,VPWR,li1,131.3300,84.3200,1.799808
FILLER_26_269,VPWR,li1,129.9500,84.3200,1.799808
FILLER_26_266,VPWR,li1,128.5700,84.3200,1.799808
FILLER_26_263,VPWR,li1,127.1900,84.3200,1.799808
FILLER_26_260,VPWR,li1,125.8100,84.3200,1.799808
FILLER_26_230,VPWR,li1,111.5500,84.3200,1.799811
FILLER_26_227,VPWR,li1,110.6300,84.3200,1.799811
FILLER_26_197,VPWR,li1,96.6000,84.3200,1.799821
FILLER_26_195,VPWR,li1,95.4500,84.3200,1.799824
FILLER_26_168,VPWR,li1,83.4900,84.3200,1.799842
FILLER_26_158,VPWR,li1,78.6600,84.3200,1.799848
FILLER_26_141,VPWR,li1,70.6100,84.3200,1.799862
FILLER_26_130,VPWR,li1,65.7800,84.3200,1.799870
FILLER_26_99,VPWR,li1,51.7500,84.3200,1.799900
FILLER_26_96,VPWR,li1,50.3700,84.3200,1.799900
FILLER_26_85,VPWR,li1,45.3100,84.3200,1.799915
FILLER_26_83,VPWR,li1,43.9300,84.3200,1.799915
FILLER_26_64,VPWR,li1,35.4200,84.3200,1.799937
FILLER_26_61,VPWR,li1,34.2700,84.3200,1.799937
FILLER_26_32,VPWR,li1,20.9300,84.3200,1.799970
FILLER_26_29,VPWR,li1,19.5500,84.3200,1.799969
FILLER_26_26,VPWR,li1,17.9400,84.3200,1.799969
FILLER_26_3,VPWR,li1,7.3600,84.3200,1.799967
FILLER_25_307,VPWR,li1,146.9700,78.8800,1.799799
FILLER_25_304,VPWR,li1,146.0500,78.8800,1.799799
FILLER_25_301,VPWR,li1,144.6700,78.8800,1.799799
FILLER_25_298,VPWR,li1,143.2900,78.8800,1.799799
FILLER_25_295,VPWR,li1,141.9100,78.8800,1.799799
FILLER_25_292,VPWR,li1,140.5300,78.8800,1.799799
FILLER_25_284,VPWR,li1,136.3900,78.8800,1.799799
FILLER_25_281,VPWR,li1,135.4700,78.8800,1.799799
FILLER_25_265,VPWR,li1,127.8800,78.8800,1.799801
FILLER_25_262,VPWR,li1,126.7300,78.8800,1.799801
FILLER_25_231,VPWR,li1,112.0100,78.8800,1.799806
FILLER_25_228,VPWR,li1,111.0900,78.8800,1.799806
FILLER_25_225,VPWR,li1,109.7100,78.8800,1.799807
FILLER_25_216,VPWR,li1,105.1100,78.8800,1.799808
FILLER_25_187,VPWR,li1,91.7700,78.8800,1.799816
FILLER_25_184,VPWR,li1,90.8500,78.8800,1.799816
FILLER_25_181,VPWR,li1,89.4700,78.8800,1.799817
FILLER_25_178,VPWR,li1,88.0900,78.8800,1.799818
FILLER_25_175,VPWR,li1,86.7100,78.8800,1.799818
FILLER_25_167,VPWR,li1,82.5700,78.8800,1.799820
FILLER_25_157,VPWR,li1,78.2000,78.8800,1.799823
FILLER_25_127,VPWR,li1,64.1700,78.8800,1.799856
FILLER_25_124,VPWR,li1,63.2500,78.8800,1.799856
FILLER_25_121,VPWR,li1,61.8700,78.8800,1.799861
FILLER_25_60,VPWR,li1,33.5800,78.8800,1.799933
FILLER_25_57,VPWR,li1,32.4300,78.8800,1.799940
FILLER_25_34,VPWR,li1,21.3900,78.8800,1.799970
FILLER_25_18,VPWR,li1,14.4900,78.8800,1.799970
FILLER_25_6,VPWR,li1,8.9700,78.8800,1.799970
FILLER_25_3,VPWR,li1,7.5900,78.8800,1.799970
FILLER_24_305,VPWR,li1,146.5100,78.8800,1.799799
FILLER_24_302,VPWR,li1,145.1300,78.8800,1.799799
FILLER_24_279,VPWR,li1,134.3200,78.8800,1.799800
FILLER_24_276,VPWR,li1,133.1700,78.8800,1.799800
FILLER_24_273,VPWR,li1,131.7900,78.8800,1.799800
FILLER_24_270,VPWR,li1,130.4100,78.8800,1.799801
FILLER_24_267,VPWR,li1,129.0300,78.8800,1.799801
FILLER_24_264,VPWR,li1,127.6500,78.8800,1.799801
FILLER_24_261,VPWR,li1,126.2700,78.8800,1.799801
FILLER_24_251,VPWR,li1,121.2100,78.8800,1.799802
FILLER_24_237,VPWR,li1,115.0000,78.8800,1.799805
FILLER_24_234,VPWR,li1,113.8500,78.8800,1.799805
FILLER_24_231,VPWR,li1,112.4700,78.8800,1.799806
FILLER_24_228,VPWR,li1,111.0900,78.8800,1.799806
FILLER_24_225,VPWR,li1,109.7100,78.8800,1.799807
FILLER_24_222,VPWR,li1,108.3300,78.8800,1.799807
FILLER_24_219,VPWR,li1,106.9500,78.8800,1.799807
FILLER_24_200,VPWR,li1,97.7500,78.8800,1.799811
FILLER_24_188,VPWR,li1,92.4600,78.8800,1.799816
FILLER_24_185,VPWR,li1,91.3100,78.8800,1.799816
FILLER_24_182,VPWR,li1,89.9300,78.8800,1.799817
FILLER_24_179,VPWR,li1,88.5500,78.8800,1.799817
FILLER_24_176,VPWR,li1,87.1700,78.8800,1.799818
FILLER_24_146,VPWR,li1,73.1400,78.8800,1.799834
FILLER_24_135,VPWR,li1,68.0800,78.8800,1.799845
FILLER_24_132,VPWR,li1,66.9300,78.8800,1.799851
FILLER_24_129,VPWR,li1,65.5500,78.8800,1.799851
FILLER_24_126,VPWR,li1,64.1700,78.8800,1.799856
FILLER_24_123,VPWR,li1,62.7900,78.8800,1.799861
FILLER_24_120,VPWR,li1,61.4100,78.8800,1.799861
FILLER_24_117,VPWR,li1,60.0300,78.8800,1.799867
FILLER_24_114,VPWR,li1,58.6500,78.8800,1.799867
FILLER_24_111,VPWR,li1,57.2700,78.8800,1.799874
FILLER_24_108,VPWR,li1,55.8900,78.8800,1.799874
FILLER_24_100,VPWR,li1,51.9800,78.8800,1.799883
FILLER_24_97,VPWR,li1,50.8300,78.8800,1.799889
FILLER_24_94,VPWR,li1,49.4500,78.8800,1.799889
FILLER_24_91,VPWR,li1,48.0700,78.8800,1.799897
FILLER_24_88,VPWR,li1,46.6900,78.8800,1.799897
FILLER_24_85,VPWR,li1,45.3100,78.8800,1.799902
FILLER_24_81,VPWR,li1,43.4700,78.8800,1.799907
FILLER_24_57,VPWR,li1,32.4300,78.8800,1.799940
FILLER_24_54,VPWR,li1,31.0500,78.8800,1.799940
FILLER_24_51,VPWR,li1,29.6700,78.8800,1.799948
FILLER_24_48,VPWR,li1,28.2900,78.8800,1.799948
FILLER_24_45,VPWR,li1,26.9100,78.8800,1.799956
FILLER_24_42,VPWR,li1,25.5300,78.8800,1.799956
FILLER_24_35,VPWR,li1,22.0800,78.8800,1.799970
FILLER_24_32,VPWR,li1,20.9300,78.8800,1.799970
FILLER_24_29,VPWR,li1,19.5500,78.8800,1.799970
FILLER_24_27,VPWR,li1,18.1700,78.8800,1.799970
FILLER_23_306,VPWR,li1,146.7400,73.4400,1.799882
FILLER_23_303,VPWR,li1,145.5900,73.4400,1.799882
FILLER_23_300,VPWR,li1,144.2100,73.4400,1.799882
FILLER_23_292,VPWR,li1,140.0700,73.4400,1.799882
FILLER_23_276,VPWR,li1,132.7100,73.4400,1.799883
FILLER_23_268,VPWR,li1,129.0300,73.4400,1.799884
FILLER_23_265,VPWR,li1,128.1100,73.4400,1.799884
FILLER_23_255,VPWR,li1,123.2800,73.4400,1.799885
FILLER_23_252,VPWR,li1,122.1300,73.4400,1.799885
FILLER_23_243,VPWR,li1,117.7600,73.4400,1.799886
FILLER_23_240,VPWR,li1,116.6100,73.4400,1.799886
FILLER_23_237,VPWR,li1,115.2300,73.4400,1.799887
FILLER_23_234,VPWR,li1,113.8500,73.4400,1.799887
FILLER_23_231,VPWR,li1,112.4700,73.4400,1.799887
FILLER_23_228,VPWR,li1,111.0900,73.4400,1.799887
FILLER_23_225,VPWR,li1,109.7100,73.4400,1.799888
FILLER_23_223,VPWR,li1,108.3300,73.4400,1.799888
FILLER_23_220,VPWR,li1,107.4100,73.4400,1.799889
FILLER_23_217,VPWR,li1,106.0300,73.4400,1.799889
FILLER_23_214,VPWR,li1,104.6500,73.4400,1.799889
FILLER_23_211,VPWR,li1,103.2700,73.4400,1.799890
FILLER_23_208,VPWR,li1,101.8900,73.4400,1.799890
FILLER_23_198,VPWR,li1,97.0600,73.4400,1.799893
FILLER_23_167,VPWR,li1,82.5700,73.4400,1.799900
FILLER_23_164,VPWR,li1,81.6500,73.4400,1.799900
FILLER_23_133,VPWR,li1,67.1600,73.4400,1.799914
FILLER_23_130,VPWR,li1,66.0100,73.4400,1.799917
FILLER_23_127,VPWR,li1,64.6300,73.4400,1.799917
FILLER_23_124,VPWR,li1,63.2500,73.4400,1.799920
FILLER_23_121,VPWR,li1,61.8700,73.4400,1.799920
FILLER_23_109,VPWR,li1,56.3500,73.4400,1.799929
FILLER_23_106,VPWR,li1,54.9700,73.4400,1.799929
FILLER_23_103,VPWR,li1,53.5900,73.4400,1.799933
FILLER_23_100,VPWR,li1,52.2100,73.4400,1.799933
FILLER_23_97,VPWR,li1,50.8300,73.4400,1.799937
FILLER_23_94,VPWR,li1,49.4500,73.4400,1.799937
FILLER_23_91,VPWR,li1,48.0700,73.4400,1.799940
FILLER_23_88,VPWR,li1,46.6900,73.4400,1.799943
FILLER_23_85,VPWR,li1,45.3100,73.4400,1.799943
FILLER_23_82,VPWR,li1,43.9300,73.4400,1.799946
FILLER_23_60,VPWR,li1,33.3500,73.4400,1.799961
FILLER_23_57,VPWR,li1,32.4300,73.4400,1.799965
FILLER_23_55,VPWR,li1,31.0500,73.4400,1.799965
FILLER_23_52,VPWR,li1,30.1300,73.4400,1.799968
FILLER_23_49,VPWR,li1,28.7500,73.4400,1.799971
FILLER_23_46,VPWR,li1,27.3700,73.4400,1.799971
FILLER_23_37,VPWR,li1,22.7700,73.4400,1.799978
FILLER_23_27,VPWR,li1,18.4000,73.4400,1.799981
FILLER_22_306,VPWR,li1,146.7400,73.4400,1.799882
FILLER_22_303,VPWR,li1,145.5900,73.4400,1.799882
FILLER_22_264,VPWR,li1,127.1900,73.4400,1.799885
FILLER_22_261,VPWR,li1,126.2700,73.4400,1.799885
FILLER_22_249,VPWR,li1,120.7500,73.4400,1.799886
FILLER_22_232,VPWR,li1,112.7000,73.4400,1.799887
FILLER_22_200,VPWR,li1,98.2100,73.4400,1.799891
FILLER_22_197,VPWR,li1,96.8300,73.4400,1.799893
FILLER_22_195,VPWR,li1,95.4500,73.4400,1.799893
FILLER_22_192,VPWR,li1,94.5300,73.4400,1.799893
FILLER_22_189,VPWR,li1,93.1500,73.4400,1.799893
FILLER_22_151,VPWR,li1,75.6700,73.4400,1.799905
FILLER_22_141,VPWR,li1,70.6100,73.4400,1.799912
FILLER_22_137,VPWR,li1,69.2300,73.4400,1.799912
FILLER_22_134,VPWR,li1,67.8500,73.4400,1.799914
FILLER_22_91,VPWR,li1,47.6100,73.4400,1.799940
FILLER_22_88,VPWR,li1,46.6900,73.4400,1.799943
FILLER_22_85,VPWR,li1,45.3100,73.4400,1.799943
FILLER_22_81,VPWR,li1,43.4700,73.4400,1.799946
FILLER_22_71,VPWR,li1,38.8700,73.4400,1.799955
FILLER_22_68,VPWR,li1,37.4900,73.4400,1.799955
FILLER_22_56,VPWR,li1,31.7400,73.4400,1.799965
FILLER_22_53,VPWR,li1,30.5900,73.4400,1.799968
FILLER_22_50,VPWR,li1,29.2100,73.4400,1.799968
FILLER_22_27,VPWR,li1,18.1700,73.4400,1.799981
FILLER_22_3,VPWR,li1,7.5900,73.4400,1.799979
FILLER_21_306,VPWR,li1,146.7400,68.0000,1.799805
FILLER_21_303,VPWR,li1,145.5900,68.0000,1.799805
FILLER_21_300,VPWR,li1,144.2100,68.0000,1.799805
FILLER_21_292,VPWR,li1,140.0700,68.0000,1.799805
FILLER_21_272,VPWR,li1,131.1000,68.0000,1.799806
FILLER_21_225,VPWR,li1,109.7100,68.0000,1.799810
FILLER_21_214,VPWR,li1,104.4200,68.0000,1.799812
FILLER_21_211,VPWR,li1,103.2700,68.0000,1.799812
FILLER_21_189,VPWR,li1,92.6900,68.0000,1.799819
FILLER_21_180,VPWR,li1,88.5500,68.0000,1.799822
FILLER_21_177,VPWR,li1,87.6300,68.0000,1.799822
FILLER_21_169,VPWR,li1,83.4900,68.0000,1.799826
FILLER_21_139,VPWR,li1,69.6900,68.0000,1.799842
FILLER_21_100,VPWR,li1,51.9800,68.0000,1.799875
FILLER_21_97,VPWR,li1,50.8300,68.0000,1.799881
FILLER_21_94,VPWR,li1,49.4500,68.0000,1.799881
FILLER_21_83,VPWR,li1,44.3900,68.0000,1.799893
FILLER_21_68,VPWR,li1,37.2600,68.0000,1.799916
FILLER_21_60,VPWR,li1,33.8100,68.0000,1.799921
FILLER_21_57,VPWR,li1,32.4300,68.0000,1.799928
FILLER_21_55,VPWR,li1,31.0500,68.0000,1.799928
FILLER_21_33,VPWR,li1,20.9300,68.0000,1.799960
FILLER_21_6,VPWR,li1,8.5100,68.0000,1.799959
FILLER_21_3,VPWR,li1,7.5900,68.0000,1.799959
FILLER_20_298,VPWR,li1,143.0600,68.0000,1.799805
FILLER_20_295,VPWR,li1,141.9100,68.0000,1.799805
FILLER_20_292,VPWR,li1,140.5300,68.0000,1.799805
FILLER_20_289,VPWR,li1,139.1500,68.0000,1.799805
FILLER_20_270,VPWR,li1,130.4100,68.0000,1.799806
FILLER_20_267,VPWR,li1,129.0300,68.0000,1.799806
FILLER_20_264,VPWR,li1,127.6500,68.0000,1.799806
FILLER_20_261,VPWR,li1,126.2700,68.0000,1.799806
FILLER_20_223,VPWR,li1,108.3300,68.0000,1.799810
FILLER_20_187,VPWR,li1,92.0000,68.0000,1.799819
FILLER_20_141,VPWR,li1,70.8400,68.0000,1.799842
FILLER_20_134,VPWR,li1,67.8500,68.0000,1.799845
FILLER_20_103,VPWR,li1,53.3600,68.0000,1.799875
FILLER_20_100,VPWR,li1,52.2100,68.0000,1.799875
FILLER_20_85,VPWR,li1,44.8500,68.0000,1.799893
FILLER_20_53,VPWR,li1,30.3600,68.0000,1.799934
FILLER_20_36,VPWR,li1,22.5400,68.0000,1.799960
FILLER_20_29,VPWR,li1,19.0900,68.0000,1.799960
FILLER_20_14,VPWR,li1,12.1900,68.0000,1.799959
FILLER_20_11,VPWR,li1,11.2700,68.0000,1.799959
FILLER_19_305,VPWR,li1,146.5100,62.5600,1.799778
FILLER_19_302,VPWR,li1,145.1300,62.5600,1.799778
FILLER_19_275,VPWR,li1,132.4800,62.5600,1.799781
FILLER_19_272,VPWR,li1,131.3300,62.5600,1.799781
FILLER_19_269,VPWR,li1,129.9500,62.5600,1.799782
FILLER_19_266,VPWR,li1,128.5700,62.5600,1.799782
FILLER_19_263,VPWR,li1,127.1900,62.5600,1.799783
FILLER_19_250,VPWR,li1,120.9800,62.5600,1.799789
FILLER_19_247,VPWR,li1,119.8300,62.5600,1.799789
FILLER_19_231,VPWR,li1,112.0100,62.5600,1.799799
FILLER_19_228,VPWR,li1,111.0900,62.5600,1.799801
FILLER_19_225,VPWR,li1,109.7100,62.5600,1.799803
FILLER_19_223,VPWR,li1,108.3300,62.5600,1.799803
FILLER_19_194,VPWR,li1,94.9900,62.5600,1.799822
FILLER_19_191,VPWR,li1,94.0700,62.5600,1.799822
FILLER_19_188,VPWR,li1,92.6900,62.5600,1.799826
FILLER_19_185,VPWR,li1,91.3100,62.5600,1.799826
FILLER_19_182,VPWR,li1,89.9300,62.5600,1.799829
FILLER_19_172,VPWR,li1,85.1000,62.5600,1.799838
FILLER_19_169,VPWR,li1,83.9500,62.5600,1.799838
FILLER_19_167,VPWR,li1,82.5700,62.5600,1.799841
FILLER_19_164,VPWR,li1,81.6500,62.5600,1.799841
FILLER_19_139,VPWR,li1,69.9200,62.5600,1.799861
FILLER_19_136,VPWR,li1,68.7700,62.5600,1.799865
FILLER_19_133,VPWR,li1,67.3900,62.5600,1.799865
FILLER_19_113,VPWR,li1,57.9600,62.5600,1.799886
FILLER_19_54,VPWR,li1,30.8200,62.5600,1.799949
FILLER_19_51,VPWR,li1,29.6700,62.5600,1.799949
FILLER_19_22,VPWR,li1,15.8700,62.5600,1.799973
FILLER_19_19,VPWR,li1,14.9500,62.5600,1.799973
FILLER_18_306,VPWR,li1,146.7400,62.5600,1.799778
FILLER_18_268,VPWR,li1,129.0300,62.5600,1.799782
FILLER_18_265,VPWR,li1,128.1100,62.5600,1.799783
FILLER_18_262,VPWR,li1,126.7300,62.5600,1.799783
FILLER_18_259,VPWR,li1,125.3500,62.5600,1.799784
FILLER_18_256,VPWR,li1,123.9700,62.5600,1.799784
FILLER_18_253,VPWR,li1,122.5900,62.5600,1.799787
FILLER_18_238,VPWR,li1,115.6900,62.5600,1.799794
FILLER_18_235,VPWR,li1,114.3100,62.5600,1.799796
FILLER_18_232,VPWR,li1,112.9300,62.5600,1.799799
FILLER_18_229,VPWR,li1,111.5500,62.5600,1.799801
FILLER_18_226,VPWR,li1,110.1700,62.5600,1.799801
FILLER_18_223,VPWR,li1,108.7900,62.5600,1.799803
FILLER_18_220,VPWR,li1,107.4100,62.5600,1.799806
FILLER_18_217,VPWR,li1,106.0300,62.5600,1.799808
FILLER_18_214,VPWR,li1,104.6500,62.5600,1.799808
FILLER_18_211,VPWR,li1,103.2700,62.5600,1.799811
FILLER_18_208,VPWR,li1,101.8900,62.5600,1.799811
FILLER_18_205,VPWR,li1,100.5100,62.5600,1.799814
FILLER_18_193,VPWR,li1,94.9900,62.5600,1.799822
FILLER_18_184,VPWR,li1,90.3900,62.5600,1.799829
FILLER_18_110,VPWR,li1,56.5800,62.5600,1.799886
FILLER_18_88,VPWR,li1,46.2300,62.5600,1.799908
FILLER_18_85,VPWR,li1,45.3100,62.5600,1.799912
FILLER_18_55,VPWR,li1,31.5100,62.5600,1.799945
FILLER_18_52,VPWR,li1,30.1300,62.5600,1.799949
FILLER_18_29,VPWR,li1,19.3200,62.5600,1.799973
FILLER_18_27,VPWR,li1,18.1700,62.5600,1.799973
FILLER_18_11,VPWR,li1,10.8100,62.5600,1.799972
FILLER_17_306,VPWR,li1,146.7400,57.1200,1.799827
FILLER_17_303,VPWR,li1,145.5900,57.1200,1.799827
FILLER_17_300,VPWR,li1,144.2100,57.1200,1.799827
FILLER_17_290,VPWR,li1,139.6100,57.1200,1.799827
FILLER_17_287,VPWR,li1,138.2300,57.1200,1.799827
FILLER_17_284,VPWR,li1,136.8500,57.1200,1.799827
FILLER_17_281,VPWR,li1,135.4700,57.1200,1.799827
FILLER_17_277,VPWR,li1,133.6300,57.1200,1.799827
FILLER_17_269,VPWR,li1,129.4900,57.1200,1.799827
FILLER_17_266,VPWR,li1,128.5700,57.1200,1.799827
FILLER_17_263,VPWR,li1,127.1900,57.1200,1.799827
FILLER_17_260,VPWR,li1,125.8100,57.1200,1.799827
FILLER_17_257,VPWR,li1,124.4300,57.1200,1.799827
FILLER_17_254,VPWR,li1,123.0500,57.1200,1.799827
FILLER_17_251,VPWR,li1,121.6700,57.1200,1.799827
FILLER_17_243,VPWR,li1,117.5300,57.1200,1.799828
FILLER_17_240,VPWR,li1,116.6100,57.1200,1.799828
FILLER_17_237,VPWR,li1,115.2300,57.1200,1.799828
FILLER_17_234,VPWR,li1,113.8500,57.1200,1.799828
FILLER_17_231,VPWR,li1,112.4700,57.1200,1.799829
FILLER_17_228,VPWR,li1,111.0900,57.1200,1.799829
FILLER_17_225,VPWR,li1,109.7100,57.1200,1.799829
FILLER_17_222,VPWR,li1,108.1000,57.1200,1.799829
FILLER_17_202,VPWR,li1,99.1300,57.1200,1.799832
FILLER_17_199,VPWR,li1,97.7500,57.1200,1.799833
FILLER_17_169,VPWR,li1,83.7200,57.1200,1.799840
FILLER_17_113,VPWR,li1,57.9600,57.1200,1.799876
FILLER_17_97,VPWR,li1,50.3700,57.1200,1.799897
FILLER_17_94,VPWR,li1,49.4500,57.1200,1.799897
FILLER_17_91,VPWR,li1,48.0700,57.1200,1.799904
FILLER_17_88,VPWR,li1,46.6900,57.1200,1.799904
FILLER_17_85,VPWR,li1,45.3100,57.1200,1.799910
FILLER_17_82,VPWR,li1,43.9300,57.1200,1.799915
FILLER_17_63,VPWR,li1,35.1900,57.1200,1.799934
FILLER_17_60,VPWR,li1,33.8100,57.1200,1.799940
FILLER_17_57,VPWR,li1,32.4300,57.1200,1.799946
FILLER_17_54,VPWR,li1,30.8200,57.1200,1.799946
FILLER_17_51,VPWR,li1,29.6700,57.1200,1.799951
FILLER_17_35,VPWR,li1,22.3100,57.1200,1.799972
FILLER_17_21,VPWR,li1,15.4100,57.1200,1.799971
FILLER_17_3,VPWR,li1,7.1300,57.1200,1.799970
FILLER_16_305,VPWR,li1,146.5100,57.1200,1.799827
FILLER_16_302,VPWR,li1,145.1300,57.1200,1.799827
FILLER_16_299,VPWR,li1,143.7500,57.1200,1.799827
FILLER_16_289,VPWR,li1,139.1500,57.1200,1.799827
FILLER_16_286,VPWR,li1,137.7700,57.1200,1.799827
FILLER_16_283,VPWR,li1,136.3900,57.1200,1.799827
FILLER_16_280,VPWR,li1,135.0100,57.1200,1.799827
FILLER_16_270,VPWR,li1,130.4100,57.1200,1.799827
FILLER_16_267,VPWR,li1,129.0300,57.1200,1.799827
FILLER_16_264,VPWR,li1,127.6500,57.1200,1.799827
FILLER_16_230,VPWR,li1,111.5500,57.1200,1.799829
FILLER_16_200,VPWR,li1,97.7500,57.1200,1.799833
FILLER_16_197,VPWR,li1,96.8300,57.1200,1.799833
FILLER_16_149,VPWR,li1,74.5200,57.1200,1.799847
FILLER_16_138,VPWR,li1,69.4600,57.1200,1.799853
FILLER_16_103,VPWR,li1,53.5900,57.1200,1.799890
FILLER_16_100,VPWR,li1,52.2100,57.1200,1.799890
FILLER_16_97,VPWR,li1,50.8300,57.1200,1.799897
FILLER_16_94,VPWR,li1,49.4500,57.1200,1.799897
FILLER_16_91,VPWR,li1,48.0700,57.1200,1.799904
FILLER_16_88,VPWR,li1,46.6900,57.1200,1.799904
FILLER_16_85,VPWR,li1,45.3100,57.1200,1.799910
FILLER_16_70,VPWR,li1,37.9500,57.1200,1.799929
FILLER_16_67,VPWR,li1,37.0300,57.1200,1.799929
FILLER_16_64,VPWR,li1,35.6500,57.1200,1.799934
FILLER_16_61,VPWR,li1,34.2700,57.1200,1.799940
FILLER_16_58,VPWR,li1,32.8900,57.1200,1.799940
FILLER_16_55,VPWR,li1,31.5100,57.1200,1.799946
FILLER_16_52,VPWR,li1,30.1300,57.1200,1.799951
FILLER_16_49,VPWR,li1,28.7500,57.1200,1.799951
FILLER_16_35,VPWR,li1,21.8500,57.1200,1.799972
FILLER_16_32,VPWR,li1,20.9300,57.1200,1.799972
FILLER_16_29,VPWR,li1,19.5500,57.1200,1.799971
FILLER_16_6,VPWR,li1,8.5100,57.1200,1.799970
FILLER_16_3,VPWR,li1,7.5900,57.1200,1.799970
FILLER_15_306,VPWR,li1,146.7400,51.6800,1.799821
FILLER_15_303,VPWR,li1,145.5900,51.6800,1.799821
FILLER_15_300,VPWR,li1,144.2100,51.6800,1.799821
FILLER_15_297,VPWR,li1,142.8300,51.6800,1.799821
FILLER_15_294,VPWR,li1,141.4500,51.6800,1.799821
FILLER_15_291,VPWR,li1,140.0700,51.6800,1.799821
FILLER_15_288,VPWR,li1,138.6900,51.6800,1.799821
FILLER_15_277,VPWR,li1,133.6300,51.6800,1.799822
FILLER_15_274,VPWR,li1,132.2500,51.6800,1.799822
FILLER_15_259,VPWR,li1,124.8900,51.6800,1.799823
FILLER_15_251,VPWR,li1,121.4400,51.6800,1.799824
FILLER_15_228,VPWR,li1,110.8600,51.6800,1.799827
FILLER_15_225,VPWR,li1,109.7100,51.6800,1.799828
FILLER_15_214,VPWR,li1,104.4200,51.6800,1.799829
FILLER_15_187,VPWR,li1,91.7700,51.6800,1.799837
FILLER_15_172,VPWR,li1,84.8700,51.6800,1.799849
FILLER_15_169,VPWR,li1,83.9500,51.6800,1.799849
FILLER_15_165,VPWR,li1,82.1100,51.6800,1.799853
FILLER_15_157,VPWR,li1,77.9700,51.6800,1.799858
FILLER_15_148,VPWR,li1,73.8300,51.6800,1.799867
FILLER_15_100,VPWR,li1,52.2100,51.6800,1.799907
FILLER_15_97,VPWR,li1,50.8300,51.6800,1.799907
FILLER_15_66,VPWR,li1,36.3400,51.6800,1.799939
FILLER_15_63,VPWR,li1,35.1900,51.6800,1.799944
FILLER_15_60,VPWR,li1,33.8100,51.6800,1.799944
FILLER_15_57,VPWR,li1,32.4300,51.6800,1.799951
FILLER_15_54,VPWR,li1,30.8200,51.6800,1.799951
FILLER_15_51,VPWR,li1,29.6700,51.6800,1.799956
FILLER_15_48,VPWR,li1,28.2900,51.6800,1.799960
FILLER_15_45,VPWR,li1,26.9100,51.6800,1.799960
FILLER_15_42,VPWR,li1,25.5300,51.6800,1.799966
FILLER_15_39,VPWR,li1,24.1500,51.6800,1.799966
FILLER_15_9,VPWR,li1,9.8900,51.6800,1.799971
FILLER_15_6,VPWR,li1,8.9700,51.6800,1.799971
FILLER_15_3,VPWR,li1,7.5900,51.6800,1.799971
FILLER_14_307,VPWR,li1,146.9700,51.6800,1.799821
FILLER_14_304,VPWR,li1,146.0500,51.6800,1.799821
FILLER_14_274,VPWR,li1,132.2500,51.6800,1.799822
FILLER_14_271,VPWR,li1,130.8700,51.6800,1.799823
FILLER_14_268,VPWR,li1,129.4900,51.6800,1.799823
FILLER_14_265,VPWR,li1,128.1100,51.6800,1.799823
FILLER_14_253,VPWR,li1,122.1300,51.6800,1.799824
FILLER_14_234,VPWR,li1,113.8500,51.6800,1.799826
FILLER_14_231,VPWR,li1,112.4700,51.6800,1.799827
FILLER_14_228,VPWR,li1,111.0900,51.6800,1.799827
FILLER_14_225,VPWR,li1,109.7100,51.6800,1.799828
FILLER_14_222,VPWR,li1,108.3300,51.6800,1.799828
FILLER_14_219,VPWR,li1,106.9500,51.6800,1.799828
FILLER_14_197,VPWR,li1,96.3700,51.6800,1.799834
FILLER_14_176,VPWR,li1,86.7100,51.6800,1.799846
FILLER_14_173,VPWR,li1,85.7900,51.6800,1.799846
FILLER_14_170,VPWR,li1,84.4100,51.6800,1.799849
FILLER_14_167,VPWR,li1,83.0300,51.6800,1.799853
FILLER_14_164,VPWR,li1,81.6500,51.6800,1.799853
FILLER_14_161,VPWR,li1,80.2700,51.6800,1.799855
FILLER_14_158,VPWR,li1,78.8900,51.6800,1.799858
FILLER_14_88,VPWR,li1,46.4600,51.6800,1.799916
FILLER_14_85,VPWR,li1,45.3100,51.6800,1.799920
FILLER_14_65,VPWR,li1,36.1100,51.6800,1.799939
FILLER_14_62,VPWR,li1,34.7300,51.6800,1.799944
FILLER_14_52,VPWR,li1,29.9000,51.6800,1.799956
FILLER_14_49,VPWR,li1,28.7500,51.6800,1.799956
FILLER_14_46,VPWR,li1,27.3700,51.6800,1.799960
FILLER_14_26,VPWR,li1,17.9400,51.6800,1.799972
FILLER_14_3,VPWR,li1,7.3600,51.6800,1.799971
FILLER_13_306,VPWR,li1,146.7400,46.2400,1.799713
FILLER_13_303,VPWR,li1,145.5900,46.2400,1.799713
FILLER_13_300,VPWR,li1,144.2100,46.2400,1.799713
FILLER_13_292,VPWR,li1,140.0700,46.2400,1.799713
FILLER_13_289,VPWR,li1,139.1500,46.2400,1.799713
FILLER_13_278,VPWR,li1,133.8600,46.2400,1.799713
FILLER_13_275,VPWR,li1,132.7100,46.2400,1.799713
FILLER_13_268,VPWR,li1,129.2600,46.2400,1.799713
FILLER_13_265,VPWR,li1,128.1100,46.2400,1.799713
FILLER_13_262,VPWR,li1,126.7300,46.2400,1.799713
FILLER_13_259,VPWR,li1,125.3500,46.2400,1.799713
FILLER_13_256,VPWR,li1,123.9700,46.2400,1.799713
FILLER_13_234,VPWR,li1,113.8500,46.2400,1.799713
FILLER_13_231,VPWR,li1,112.4700,46.2400,1.799713
FILLER_13_228,VPWR,li1,111.0900,46.2400,1.799713
FILLER_13_225,VPWR,li1,109.7100,46.2400,1.799713
FILLER_13_175,VPWR,li1,86.2500,46.2400,1.799729
FILLER_13_172,VPWR,li1,85.3300,46.2400,1.799734
FILLER_13_169,VPWR,li1,83.9500,46.2400,1.799734
FILLER_13_167,VPWR,li1,82.5700,46.2400,1.799739
FILLER_13_164,VPWR,li1,81.6500,46.2400,1.799739
FILLER_13_147,VPWR,li1,73.3700,46.2400,1.799756
FILLER_13_144,VPWR,li1,72.4500,46.2400,1.799761
FILLER_13_141,VPWR,li1,71.0700,46.2400,1.799761
FILLER_13_131,VPWR,li1,66.2400,46.2400,1.799775
FILLER_13_128,VPWR,li1,65.0900,46.2400,1.799775
FILLER_13_125,VPWR,li1,63.7100,46.2400,1.799781
FILLER_13_109,VPWR,li1,56.3500,46.2400,1.799795
FILLER_13_106,VPWR,li1,54.9700,46.2400,1.799802
FILLER_13_63,VPWR,li1,34.7300,46.2400,1.799883
FILLER_13_60,VPWR,li1,33.8100,46.2400,1.799883
FILLER_13_57,VPWR,li1,32.4300,46.2400,1.799893
FILLER_13_34,VPWR,li1,21.3900,46.2400,1.799943
FILLER_13_31,VPWR,li1,20.4700,46.2400,1.799943
FILLER_13_28,VPWR,li1,19.0900,46.2400,1.799943
FILLER_13_6,VPWR,li1,8.5100,46.2400,1.799942
FILLER_13_3,VPWR,li1,7.5900,46.2400,1.799942
FILLER_12_305,VPWR,li1,146.5100,46.2400,1.799713
FILLER_12_302,VPWR,li1,145.1300,46.2400,1.799713
FILLER_12_271,VPWR,li1,130.8700,46.2400,1.799713
FILLER_12_268,VPWR,li1,129.4900,46.2400,1.799713
FILLER_12_265,VPWR,li1,128.1100,46.2400,1.799713
FILLER_12_262,VPWR,li1,126.7300,46.2400,1.799713
FILLER_12_259,VPWR,li1,125.3500,46.2400,1.799713
FILLER_12_256,VPWR,li1,123.9700,46.2400,1.799713
FILLER_12_253,VPWR,li1,122.5900,46.2400,1.799713
FILLER_12_229,VPWR,li1,111.5500,46.2400,1.799713
FILLER_12_226,VPWR,li1,110.1700,46.2400,1.799713
FILLER_12_223,VPWR,li1,108.7900,46.2400,1.799713
FILLER_12_220,VPWR,li1,107.4100,46.2400,1.799713
FILLER_12_217,VPWR,li1,106.0300,46.2400,1.799713
FILLER_12_207,VPWR,li1,101.2000,46.2400,1.799714
FILLER_12_204,VPWR,li1,100.0500,46.2400,1.799714
FILLER_12_177,VPWR,li1,87.1700,46.2400,1.799729
FILLER_12_174,VPWR,li1,86.2500,46.2400,1.799729
FILLER_12_150,VPWR,li1,75.2100,46.2400,1.799752
FILLER_12_147,VPWR,li1,73.8300,46.2400,1.799756
FILLER_12_144,VPWR,li1,72.4500,46.2400,1.799761
FILLER_12_139,VPWR,li1,69.6900,46.2400,1.799767
FILLER_12_115,VPWR,li1,59.1100,46.2400,1.799789
FILLER_12_85,VPWR,li1,44.8500,46.2400,1.799839
FILLER_12_72,VPWR,li1,39.3300,46.2400,1.799866
FILLER_12_69,VPWR,li1,37.9500,46.2400,1.799866
FILLER_12_27,VPWR,li1,18.1700,46.2400,1.799943
FILLER_12_18,VPWR,li1,14.0300,46.2400,1.799942
FILLER_12_6,VPWR,li1,8.9700,46.2400,1.799942
FILLER_12_3,VPWR,li1,7.5900,46.2400,1.799942
FILLER_11_305,VPWR,li1,146.5100,40.8000,1.799863
FILLER_11_271,VPWR,li1,130.6400,40.8000,1.799865
FILLER_11_268,VPWR,li1,129.4900,40.8000,1.799865
FILLER_11_265,VPWR,li1,128.1100,40.8000,1.799866
FILLER_11_262,VPWR,li1,126.7300,40.8000,1.799867
FILLER_11_259,VPWR,li1,125.3500,40.8000,1.799867
FILLER_11_228,VPWR,li1,111.0900,40.8000,1.799873
FILLER_11_225,VPWR,li1,109.7100,40.8000,1.799873
FILLER_11_223,VPWR,li1,108.3300,40.8000,1.799875
FILLER_11_220,VPWR,li1,107.4100,40.8000,1.799875
FILLER_11_196,VPWR,li1,96.3700,40.8000,1.799886
FILLER_11_193,VPWR,li1,94.9900,40.8000,1.799886
FILLER_11_175,VPWR,li1,86.4800,40.8000,1.799896
FILLER_11_172,VPWR,li1,85.3300,40.8000,1.799896
FILLER_11_169,VPWR,li1,83.9500,40.8000,1.799898
FILLER_11_159,VPWR,li1,78.8900,40.8000,1.799903
FILLER_11_156,VPWR,li1,77.9700,40.8000,1.799905
FILLER_11_153,VPWR,li1,76.5900,40.8000,1.799908
FILLER_11_150,VPWR,li1,75.2100,40.8000,1.799908
FILLER_11_147,VPWR,li1,73.8300,40.8000,1.799910
FILLER_11_116,VPWR,li1,59.3400,40.8000,1.799930
FILLER_11_113,VPWR,li1,58.1900,40.8000,1.799930
FILLER_11_109,VPWR,li1,56.3500,40.8000,1.799933
FILLER_11_106,VPWR,li1,54.9700,40.8000,1.799936
FILLER_11_103,VPWR,li1,53.5900,40.8000,1.799936
FILLER_11_100,VPWR,li1,52.2100,40.8000,1.799940
FILLER_11_97,VPWR,li1,50.8300,40.8000,1.799940
FILLER_11_74,VPWR,li1,40.2500,40.8000,1.799956
FILLER_11_11,VPWR,li1,11.2700,40.8000,1.799981
FILLER_10_305,VPWR,li1,146.5100,40.8000,1.799863
FILLER_10_266,VPWR,li1,128.3400,40.8000,1.799866
FILLER_10_263,VPWR,li1,127.1900,40.8000,1.799866
FILLER_10_260,VPWR,li1,125.8100,40.8000,1.799867
FILLER_10_250,VPWR,li1,120.9800,40.8000,1.799868
FILLER_10_247,VPWR,li1,119.8300,40.8000,1.799868
FILLER_10_239,VPWR,li1,115.6900,40.8000,1.799871
FILLER_10_193,VPWR,li1,94.9900,40.8000,1.799886
FILLER_10_183,VPWR,li1,90.1600,40.8000,1.799892
FILLER_10_180,VPWR,li1,89.0100,40.8000,1.799892
FILLER_10_156,VPWR,li1,77.9700,40.8000,1.799905
FILLER_10_147,VPWR,li1,73.3700,40.8000,1.799910
FILLER_10_132,VPWR,li1,66.4700,40.8000,1.799918
FILLER_10_117,VPWR,li1,59.5700,40.8000,1.799930
FILLER_10_114,VPWR,li1,58.6500,40.8000,1.799930
FILLER_10_111,VPWR,li1,57.2700,40.8000,1.799933
FILLER_10_108,VPWR,li1,55.8900,40.8000,1.799933
FILLER_10_105,VPWR,li1,54.5100,40.8000,1.799936
FILLER_10_94,VPWR,li1,49.4500,40.8000,1.799943
FILLER_10_81,VPWR,li1,43.4700,40.8000,1.799953
FILLER_10_78,VPWR,li1,42.0900,40.8000,1.799953
FILLER_10_75,VPWR,li1,40.7100,40.8000,1.799956
FILLER_10_72,VPWR,li1,39.3300,40.8000,1.799956
FILLER_10_29,VPWR,li1,19.3200,40.8000,1.799981
FILLER_10_27,VPWR,li1,18.1700,40.8000,1.799981
FILLER_10_24,VPWR,li1,17.2500,40.8000,1.799981
FILLER_10_21,VPWR,li1,15.8700,40.8000,1.799981
FILLER_10_18,VPWR,li1,14.4900,40.8000,1.799981
FILLER_10_15,VPWR,li1,13.1100,40.8000,1.799981
FILLER_10_12,VPWR,li1,11.7300,40.8000,1.799981
FILLER_10_9,VPWR,li1,10.3500,40.8000,1.799981
FILLER_10_6,VPWR,li1,8.9700,40.8000,1.799981
FILLER_10_3,VPWR,li1,7.5900,40.8000,1.799981
FILLER_9_306,VPWR,li1,146.7400,35.3600,1.799847
FILLER_9_303,VPWR,li1,145.5900,35.3600,1.799847
FILLER_9_281,VPWR,li1,135.0100,35.3600,1.799849
FILLER_9_272,VPWR,li1,130.8700,35.3600,1.799850
FILLER_9_269,VPWR,li1,129.9500,35.3600,1.799851
FILLER_9_266,VPWR,li1,128.5700,35.3600,1.799851
FILLER_9_263,VPWR,li1,127.1900,35.3600,1.799853
FILLER_9_234,VPWR,li1,113.3900,35.3600,1.799859
FILLER_9_231,VPWR,li1,112.4700,35.3600,1.799859
FILLER_9_228,VPWR,li1,111.0900,35.3600,1.799861
FILLER_9_225,VPWR,li1,109.7100,35.3600,1.799861
FILLER_9_221,VPWR,li1,107.8700,35.3600,1.799862
FILLER_9_191,VPWR,li1,93.6100,35.3600,1.799874
FILLER_9_113,VPWR,li1,58.1900,35.3600,1.799919
FILLER_9_88,VPWR,li1,46.6900,35.3600,1.799935
FILLER_9_85,VPWR,li1,45.3100,35.3600,1.799940
FILLER_9_74,VPWR,li1,40.2500,35.3600,1.799947
FILLER_9_71,VPWR,li1,38.8700,35.3600,1.799951
FILLER_9_68,VPWR,li1,37.4900,35.3600,1.799955
FILLER_9_65,VPWR,li1,36.1100,35.3600,1.799955
FILLER_9_46,VPWR,li1,27.1400,35.3600,1.799970
FILLER_9_27,VPWR,li1,18.4000,35.3600,1.799980
FILLER_9_24,VPWR,li1,17.2500,35.3600,1.799980
FILLER_9_21,VPWR,li1,15.8700,35.3600,1.799980
FILLER_9_18,VPWR,li1,14.4900,35.3600,1.799980
FILLER_9_15,VPWR,li1,13.1100,35.3600,1.799980
FILLER_9_12,VPWR,li1,11.7300,35.3600,1.799980
FILLER_9_9,VPWR,li1,10.3500,35.3600,1.799980
FILLER_9_6,VPWR,li1,8.9700,35.3600,1.799980
FILLER_9_3,VPWR,li1,7.5900,35.3600,1.799980
FILLER_8_269,VPWR,li1,129.9500,35.3600,1.799851
FILLER_8_266,VPWR,li1,128.5700,35.3600,1.799851
FILLER_8_263,VPWR,li1,127.1900,35.3600,1.799853
FILLER_8_260,VPWR,li1,125.8100,35.3600,1.799853
FILLER_8_249,VPWR,li1,120.7500,35.3600,1.799855
FILLER_8_246,VPWR,li1,119.3700,35.3600,1.799855
FILLER_8_226,VPWR,li1,109.9400,35.3600,1.799861
FILLER_8_223,VPWR,li1,108.7900,35.3600,1.799862
FILLER_8_220,VPWR,li1,107.4100,35.3600,1.799862
FILLER_8_197,VPWR,li1,96.6000,35.3600,1.799872
FILLER_8_186,VPWR,li1,91.5400,35.3600,1.799876
FILLER_8_183,VPWR,li1,90.3900,35.3600,1.799879
FILLER_8_180,VPWR,li1,89.0100,35.3600,1.799879
FILLER_8_168,VPWR,li1,83.4900,35.3600,1.799885
FILLER_8_165,VPWR,li1,82.1100,35.3600,1.799887
FILLER_8_162,VPWR,li1,80.7300,35.3600,1.799887
FILLER_8_119,VPWR,li1,60.7200,35.3600,1.799916
FILLER_8_116,VPWR,li1,59.5700,35.3600,1.799916
FILLER_8_113,VPWR,li1,58.1900,35.3600,1.799919
FILLER_8_110,VPWR,li1,56.8100,35.3600,1.799921
FILLER_8_107,VPWR,li1,55.4300,35.3600,1.799921
FILLER_8_85,VPWR,li1,44.8500,35.3600,1.799940
FILLER_8_82,VPWR,li1,43.7000,35.3600,1.799943
FILLER_8_79,VPWR,li1,42.5500,35.3600,1.799943
FILLER_8_70,VPWR,li1,37.9500,35.3600,1.799951
FILLER_8_60,VPWR,li1,33.5800,35.3600,1.799959
FILLER_8_29,VPWR,li1,19.3200,35.3600,1.799980
FILLER_8_21,VPWR,li1,15.6400,35.3600,1.799980
FILLER_8_18,VPWR,li1,14.4900,35.3600,1.799980
FILLER_8_15,VPWR,li1,13.1100,35.3600,1.799980
FILLER_8_12,VPWR,li1,11.7300,35.3600,1.799980
FILLER_8_9,VPWR,li1,10.3500,35.3600,1.799980
FILLER_8_6,VPWR,li1,8.9700,35.3600,1.799980
FILLER_8_3,VPWR,li1,7.5900,35.3600,1.799980
FILLER_7_307,VPWR,li1,146.9700,29.9200,1.799656
FILLER_7_271,VPWR,li1,130.6400,29.9200,1.799659
FILLER_7_263,VPWR,li1,126.7300,29.9200,1.799664
FILLER_7_233,VPWR,li1,113.1600,29.9200,1.799681
FILLER_7_223,VPWR,li1,108.3300,29.9200,1.799689
FILLER_7_220,VPWR,li1,107.4100,29.9200,1.799689
FILLER_7_204,VPWR,li1,99.8200,29.9200,1.799702
FILLER_7_195,VPWR,li1,95.4500,29.9200,1.799710
FILLER_7_192,VPWR,li1,94.5300,29.9200,1.799710
FILLER_7_182,VPWR,li1,89.7000,29.9200,1.799718
FILLER_7_169,VPWR,li1,83.7200,29.9200,1.799734
FILLER_7_166,VPWR,li1,82.3400,29.9200,1.799739
FILLER_7_163,VPWR,li1,81.1900,29.9200,1.799739
FILLER_7_160,VPWR,li1,79.8100,29.9200,1.799746
FILLER_7_157,VPWR,li1,78.4300,29.9200,1.799746
FILLER_7_149,VPWR,li1,74.7500,29.9200,1.799759
FILLER_7_146,VPWR,li1,73.3700,29.9200,1.799764
FILLER_7_143,VPWR,li1,71.9900,29.9200,1.799764
FILLER_7_133,VPWR,li1,66.9300,29.9200,1.799778
FILLER_7_122,VPWR,li1,61.8700,29.9200,1.799796
FILLER_7_119,VPWR,li1,60.9500,29.9200,1.799803
FILLER_7_116,VPWR,li1,59.5700,29.9200,1.799809
FILLER_7_113,VPWR,li1,58.1900,29.9200,1.799809
FILLER_7_111,VPWR,li1,56.8100,29.9200,1.799818
FILLER_7_108,VPWR,li1,55.8900,29.9200,1.799818
FILLER_7_99,VPWR,li1,51.5200,29.9200,1.799834
FILLER_7_90,VPWR,li1,47.1500,29.9200,1.799852
FILLER_7_68,VPWR,li1,37.0300,29.9200,1.799891
FILLER_7_65,VPWR,li1,36.1100,29.9200,1.799891
FILLER_7_53,VPWR,li1,30.5900,29.9200,1.799913
FILLER_7_17,VPWR,li1,13.8000,29.9200,1.799955
FILLER_7_6,VPWR,li1,8.9700,29.9200,1.799955
FILLER_7_3,VPWR,li1,7.5900,29.9200,1.799955
FILLER_6_284,VPWR,li1,136.8500,29.9200,1.799658
FILLER_6_281,VPWR,li1,135.4700,29.9200,1.799658
FILLER_6_269,VPWR,li1,129.4900,29.9200,1.799661
FILLER_6_251,VPWR,li1,121.2100,29.9200,1.799670
FILLER_6_204,VPWR,li1,100.0500,29.9200,1.799702
FILLER_6_195,VPWR,li1,95.4500,29.9200,1.799710
FILLER_6_166,VPWR,li1,82.3400,29.9200,1.799739
FILLER_6_156,VPWR,li1,77.7400,29.9200,1.799751
FILLER_6_153,VPWR,li1,76.5900,29.9200,1.799751
FILLER_6_150,VPWR,li1,75.2100,29.9200,1.799759
FILLER_6_147,VPWR,li1,73.8300,29.9200,1.799759
FILLER_6_144,VPWR,li1,72.4500,29.9200,1.799764
FILLER_6_141,VPWR,li1,71.0700,29.9200,1.799769
FILLER_6_128,VPWR,li1,64.6300,29.9200,1.799786
FILLER_6_104,VPWR,li1,54.0500,29.9200,1.799826
FILLER_6_101,VPWR,li1,52.6700,29.9200,1.799834
FILLER_6_54,VPWR,li1,30.5900,29.9200,1.799913
FILLER_6_32,VPWR,li1,20.4700,29.9200,1.799956
FILLER_6_29,VPWR,li1,19.5500,29.9200,1.799955
FILLER_6_19,VPWR,li1,14.4900,29.9200,1.799955
FILLER_5_281,VPWR,li1,135.4700,24.4800,1.799742
FILLER_5_203,VPWR,li1,99.3600,24.4800,1.799776
FILLER_5_172,VPWR,li1,85.3300,24.4800,1.799802
FILLER_5_169,VPWR,li1,83.9500,24.4800,1.799806
FILLER_5_167,VPWR,li1,82.5700,24.4800,1.799806
FILLER_5_149,VPWR,li1,74.5200,24.4800,1.799823
FILLER_5_146,VPWR,li1,73.3700,24.4800,1.799828
FILLER_5_123,VPWR,li1,62.5600,24.4800,1.799854
FILLER_5_120,VPWR,li1,61.4100,24.4800,1.799854
FILLER_5_111,VPWR,li1,56.8100,24.4800,1.799867
FILLER_5_108,VPWR,li1,55.8900,24.4800,1.799867
FILLER_5_100,VPWR,li1,52.2100,24.4800,1.799876
FILLER_5_91,VPWR,li1,47.8400,24.4800,1.799890
FILLER_5_39,VPWR,li1,23.6900,24.4800,1.799955
FILLER_5_30,VPWR,li1,19.5500,24.4800,1.799962
FILLER_5_27,VPWR,li1,18.6300,24.4800,1.799962
FILLER_5_18,VPWR,li1,14.0300,24.4800,1.799961
FILLER_5_3,VPWR,li1,7.1300,24.4800,1.799961
FILLER_4_307,VPWR,li1,146.9700,24.4800,1.799741
FILLER_4_304,VPWR,li1,146.0500,24.4800,1.799741
FILLER_4_261,VPWR,li1,125.8100,24.4800,1.799746
FILLER_4_249,VPWR,li1,120.7500,24.4800,1.799749
FILLER_4_240,VPWR,li1,116.1500,24.4800,1.799753
FILLER_4_204,VPWR,li1,100.0500,24.4800,1.799776
FILLER_4_195,VPWR,li1,95.4500,24.4800,1.799782
FILLER_4_185,VPWR,li1,91.3100,24.4800,1.799792
FILLER_4_182,VPWR,li1,89.9300,24.4800,1.799792
FILLER_4_144,VPWR,li1,72.4500,24.4800,1.799828
FILLER_4_141,VPWR,li1,71.0700,24.4800,1.799833
FILLER_4_129,VPWR,li1,65.5500,24.4800,1.799847
FILLER_4_126,VPWR,li1,64.1700,24.4800,1.799847
FILLER_4_123,VPWR,li1,62.7900,24.4800,1.799854
FILLER_4_120,VPWR,li1,61.4100,24.4800,1.799854
FILLER_4_101,VPWR,li1,52.2100,24.4800,1.799876
FILLER_4_81,VPWR,li1,43.4700,24.4800,1.799901
FILLER_4_78,VPWR,li1,42.0900,24.4800,1.799901
FILLER_4_69,VPWR,li1,37.4900,24.4800,1.799913
FILLER_4_29,VPWR,li1,19.5500,24.4800,1.799962
FILLER_4_25,VPWR,li1,17.7100,24.4800,1.799961
FILLER_4_3,VPWR,li1,7.1300,24.4800,1.799961
FILLER_3_299,VPWR,li1,143.2900,19.0400,1.799801
FILLER_3_289,VPWR,li1,139.1500,19.0400,1.799802
FILLER_3_278,VPWR,li1,133.8600,19.0400,1.799802
FILLER_3_242,VPWR,li1,117.5300,19.0400,1.799807
FILLER_3_57,VPWR,li1,31.9700,19.0400,1.799937
FILLER_3_35,VPWR,li1,21.8500,19.0400,1.799968
FILLER_3_32,VPWR,li1,20.9300,19.0400,1.799968
FILLER_3_9,VPWR,li1,9.8900,19.0400,1.799966
FILLER_3_6,VPWR,li1,8.9700,19.0400,1.799966
FILLER_2_303,VPWR,li1,145.3600,19.0400,1.799801
FILLER_2_300,VPWR,li1,144.2100,19.0400,1.799801
FILLER_2_251,VPWR,li1,121.2100,19.0400,1.799805
FILLER_2_194,VPWR,li1,95.2200,19.0400,1.799823
FILLER_2_160,VPWR,li1,79.3500,19.0400,1.799843
FILLER_2_157,VPWR,li1,78.4300,19.0400,1.799843
FILLER_2_147,VPWR,li1,73.3700,19.0400,1.799852
FILLER_2_144,VPWR,li1,72.4500,19.0400,1.799852
FILLER_2_141,VPWR,li1,71.0700,19.0400,1.799856
FILLER_2_130,VPWR,li1,65.5500,19.0400,1.799864
FILLER_2_85,VPWR,li1,45.3100,19.0400,1.799905
FILLER_2_41,VPWR,li1,24.6100,19.0400,1.799959
FILLER_2_38,VPWR,li1,23.6900,19.0400,1.799959
FILLER_2_6,VPWR,li1,8.5100,19.0400,1.799966
FILLER_2_3,VPWR,li1,7.5900,19.0400,1.799966
FILLER_1_306,VPWR,li1,146.7400,13.6000,1.799874
FILLER_1_303,VPWR,li1,145.5900,13.6000,1.799874
FILLER_1_300,VPWR,li1,144.2100,13.6000,1.799874
FILLER_1_297,VPWR,li1,142.8300,13.6000,1.799874
FILLER_1_279,VPWR,li1,134.0900,13.6000,1.799874
FILLER_1_276,VPWR,li1,133.1700,13.6000,1.799874
FILLER_1_246,VPWR,li1,118.9100,13.6000,1.799878
FILLER_1_214,VPWR,li1,104.1900,13.6000,1.799886
FILLER_1_204,VPWR,li1,99.8200,13.6000,1.799889
FILLER_1_169,VPWR,li1,83.7200,13.6000,1.799902
FILLER_1_166,VPWR,li1,82.3400,13.6000,1.799902
FILLER_1_135,VPWR,li1,68.0800,13.6000,1.799920
FILLER_1_132,VPWR,li1,66.9300,13.6000,1.799920
FILLER_1_123,VPWR,li1,62.3300,13.6000,1.799926
FILLER_1_113,VPWR,li1,57.7300,13.6000,1.799933
FILLER_1_111,VPWR,li1,56.8100,13.6000,1.799933
FILLER_1_91,VPWR,li1,48.0700,13.6000,1.799945
FILLER_1_88,VPWR,li1,46.6900,13.6000,1.799949
FILLER_1_66,VPWR,li1,36.1100,13.6000,1.799962
FILLER_1_38,VPWR,li1,23.2300,13.6000,1.799983
FILLER_1_35,VPWR,li1,22.3100,13.6000,1.799983
FILLER_1_3,VPWR,li1,7.5900,13.6000,1.799981
FILLER_0_306,VPWR,li1,146.7400,13.6000,1.799874
FILLER_0_303,VPWR,li1,145.5900,13.6000,1.799874
FILLER_0_300,VPWR,li1,144.2100,13.6000,1.799874
FILLER_0_297,VPWR,li1,142.8300,13.6000,1.799874
FILLER_0_279,VPWR,li1,134.0900,13.6000,1.799874
FILLER_0_276,VPWR,li1,133.1700,13.6000,1.799874
FILLER_0_253,VPWR,li1,122.3600,13.6000,1.799877
FILLER_0_249,VPWR,li1,120.7500,13.6000,1.799877
FILLER_0_221,VPWR,li1,107.8700,13.6000,1.799884
FILLER_0_185,VPWR,li1,91.3100,13.6000,1.799894
FILLER_0_166,VPWR,li1,82.3400,13.6000,1.799902
FILLER_0_144,VPWR,li1,71.9900,13.6000,1.799913
FILLER_0_141,VPWR,li1,71.0700,13.6000,1.799916
FILLER_0_131,VPWR,li1,66.0100,13.6000,1.799923
FILLER_0_113,VPWR,li1,57.9600,13.6000,1.799933
FILLER_0_85,VPWR,li1,45.3100,13.6000,1.799949
FILLER_0_81,VPWR,li1,43.4700,13.6000,1.799952
FILLER_0_63,VPWR,li1,34.7300,13.6000,1.799965
FILLER_0_60,VPWR,li1,33.8100,13.6000,1.799965
FILLER_0_57,VPWR,li1,32.4300,13.6000,1.799969
FILLER_0_29,VPWR,li1,19.5500,13.6000,1.799982
FILLER_0_26,VPWR,li1,17.9400,13.6000,1.799982
FILLER_0_6,VPWR,li1,8.9700,13.6000,1.799981
FILLER_0_3,VPWR,li1,7.5900,13.6000,1.799981
hold289,VPWR,li1,93.8400,35.3600,1.799874
hold288,VPWR,li1,105.8000,57.1200,1.799830
hold287,VPWR,li1,94.3000,95.2000,1.799743
hold286,VPWR,li1,75.9000,51.6800,1.799861
hold285,VPWR,li1,123.7400,57.1200,1.799827
hold284,VPWR,li1,97.5200,29.9200,1.799705
hold283,VPWR,li1,120.5200,127.8400,1.799934
hold282,VPWR,li1,59.3400,73.4400,1.799923
hold281,VPWR,li1,46.4600,149.6000,1.799996
hold280,VPWR,li1,29.4400,13.6000,1.799972
hold279,VPWR,li1,64.8600,149.6000,1.799996
hold278,VPWR,li1,68.0800,116.9600,1.799906
hold277,VPWR,li1,16.1000,24.4800,1.799961
hold276,VPWR,li1,38.1800,13.6000,1.799959
hold275,VPWR,li1,84.6400,78.8800,1.799819
hold274,VPWR,li1,94.7600,73.4400,1.799893
hold273,VPWR,li1,71.3000,40.8000,1.799914
hold272,VPWR,li1,21.6200,51.6800,1.799974
hold271,VPWR,li1,134.7800,116.9600,1.799881
hold270,VPWR,li1,17.9400,62.5600,1.799973
hold269,VPWR,li1,20.7000,100.6400,1.799974
hold268,VPWR,li1,16.1000,46.2400,1.799942
hold267,VPWR,li1,21.6200,24.4800,1.799962
hold266,VPWR,li1,16.5600,29.9200,1.799955
hold265,VPWR,li1,71.3000,35.3600,1.799901
hold264,VPWR,li1,18.4000,95.2000,1.799949
hold263,VPWR,li1,109.4800,57.1200,1.799829
hold262,VPWR,li1,9.2000,57.1200,1.799970
hold261,VPWR,li1,76.3600,51.6800,1.799861
hold260,VPWR,li1,72.2200,57.1200,1.799849
hold259,VPWR,li1,28.9800,89.7600,1.799954
hold258,VPWR,li1,110.8600,133.2800,1.799807
hold257,VPWR,li1,16.1000,78.8800,1.799970
hold256,VPWR,li1,92.0000,29.9200,1.799714
hold255,VPWR,li1,64.4000,13.6000,1.799923
hold254,VPWR,li1,56.5800,24.4800,1.799867
hold253,VPWR,li1,119.6000,46.2400,1.799713
hold252,VPWR,li1,131.1000,62.5600,1.799781
hold251,VPWR,li1,125.5800,73.4400,1.799885
hold250,VPWR,li1,73.6000,133.2800,1.799833
hold249,VPWR,li1,25.7600,46.2400,1.799919
hold248,VPWR,li1,117.3000,62.5600,1.799794
hold247,VPWR,li1,24.8400,51.6800,1.799966
hold246,VPWR,li1,34.5000,111.5200,1.799933
hold245,VPWR,li1,32.6600,95.2000,1.799905
hold244,VPWR,li1,41.8600,84.3200,1.799919
hold243,VPWR,li1,46.4600,100.6400,1.799912
hold242,VPWR,li1,115.0000,116.9600,1.799882
hold241,VPWR,li1,35.4200,100.6400,1.799938
hold240,VPWR,li1,40.0200,111.5200,1.799921
hold239,VPWR,li1,21.6200,100.6400,1.799974
hold238,VPWR,li1,88.7800,35.3600,1.799879
hold237,VPWR,li1,76.3600,84.3200,1.799852
hold236,VPWR,li1,24.8400,111.5200,1.799958
hold235,VPWR,li1,30.3600,116.9600,1.799958
hold234,VPWR,li1,86.9400,62.5600,1.799833
hold233,VPWR,li1,32.2000,51.6800,1.799951
hold232,VPWR,li1,37.7200,40.8000,1.799960
hold231,VPWR,li1,38.6400,51.6800,1.799933
hold230,VPWR,li1,42.3200,57.1200,1.799915
hold229,VPWR,li1,30.8200,100.6400,1.799949
hold228,VPWR,li1,26.2200,100.6400,1.799962
hold227,VPWR,li1,115.4600,29.9200,1.799678
hold226,VPWR,li1,48.7600,51.6800,1.799911
hold225,VPWR,li1,106.7200,24.4800,1.799763
hold224,VPWR,li1,80.9600,84.3200,1.799845
hold223,VPWR,li1,79.1200,73.4400,1.799903
hold222,VPWR,li1,103.0400,68.0000,1.799812
hold221,VPWR,li1,67.1600,111.5200,1.799877
hold220,VPWR,li1,75.9000,89.7600,1.799859
hold219,VPWR,li1,21.6200,40.8000,1.799982
hold218,VPWR,li1,29.4400,35.3600,1.799966
hold217,VPWR,li1,102.5800,24.4800,1.799770
hold216,VPWR,li1,102.1200,13.6000,1.799887
hold215,VPWR,li1,83.2600,62.5600,1.799841
hold214,VPWR,li1,87.4000,62.5600,1.799833
hold213,VPWR,li1,55.2000,57.1200,1.799881
hold212,VPWR,li1,75.9000,127.8400,1.799951
hold211,VPWR,li1,73.1400,89.7600,1.799866
hold210,VPWR,li1,91.5400,57.1200,1.799835
hold209,VPWR,li1,79.1200,46.2400,1.799744
hold208,VPWR,li1,68.5400,46.2400,1.799767
hold207,VPWR,li1,128.3400,133.2800,1.799802
hold206,VPWR,li1,135.7000,138.7200,1.799944
hold205,VPWR,li1,129.7200,19.0400,1.799802
hold204,VPWR,li1,118.2200,24.4800,1.799750
hold203,VPWR,li1,46.4600,29.9200,1.799852
hold202,VPWR,li1,39.5600,24.4800,1.799908
hold201,VPWR,li1,42.7800,35.3600,1.799943
hold200,VPWR,li1,67.6200,68.0000,1.799845
hold199,VPWR,li1,61.6400,62.5600,1.799876
hold198,VPWR,li1,140.3000,40.8000,1.799863
hold197,VPWR,li1,99.3600,68.0000,1.799815
hold196,VPWR,li1,51.5200,138.7200,1.799970
hold195,VPWR,li1,72.2200,89.7600,1.799866
hold194,VPWR,li1,90.6200,95.2000,1.799746
hold193,VPWR,li1,90.6200,122.4000,1.799755
hold192,VPWR,li1,92.4600,84.3200,1.799828
hold191,VPWR,li1,88.3200,84.3200,1.799835
hold190,VPWR,li1,51.9800,40.8000,1.799940
hold189,VPWR,li1,31.2800,35.3600,1.799963
hold188,VPWR,li1,47.8400,84.3200,1.799906
hold187,VPWR,li1,52.9000,89.7600,1.799903
hold186,VPWR,li1,64.4000,106.0800,1.799840
hold185,VPWR,li1,65.3200,100.6400,1.799874
hold184,VPWR,li1,32.6600,29.9200,1.799905
hold183,VPWR,li1,29.4400,24.4800,1.799935
hold182,VPWR,li1,49.2200,29.9200,1.799842
hold181,VPWR,li1,75.9000,78.8800,1.799828
hold180,VPWR,li1,114.5400,13.6000,1.799880
hold179,VPWR,li1,42.3200,116.9600,1.799939
hold178,VPWR,li1,51.5200,116.9600,1.799925
hold177,VPWR,li1,115.0000,19.0400,1.799808
hold176,VPWR,li1,74.9800,106.0800,1.799811
hold175,VPWR,li1,105.8000,84.3200,1.799813
hold174,VPWR,li1,99.8200,78.8800,1.799810
hold173,VPWR,li1,80.9600,116.9600,1.799895
hold172,VPWR,li1,76.3600,111.5200,1.799872
hold171,VPWR,li1,97.0600,84.3200,1.799821
hold170,VPWR,li1,62.1000,51.6800,1.799884
hold169,VPWR,li1,41.4000,73.4400,1.799950
hold168,VPWR,li1,90.6200,68.0000,1.799820
hold167,VPWR,li1,35.8800,95.2000,1.799887
hold166,VPWR,li1,20.7000,116.9600,1.799973
hold165,VPWR,li1,11.5000,116.9600,1.799973
hold164,VPWR,li1,9.6600,122.4000,1.799962
hold163,VPWR,li1,18.4000,89.7600,1.799973
hold162,VPWR,li1,11.0400,116.9600,1.799973
hold161,VPWR,li1,79.1200,62.5600,1.799845
hold160,VPWR,li1,78.2000,73.4400,1.799903
hold159,VPWR,li1,20.7000,111.5200,1.799968
hold158,VPWR,li1,105.3400,100.6400,1.799822
hold157,VPWR,li1,102.5800,95.2000,1.799729
hold156,VPWR,li1,80.9600,40.8000,1.799901
hold155,VPWR,li1,138.4600,19.0400,1.799802
hold154,VPWR,li1,78.6600,106.0800,1.799807
hold153,VPWR,li1,93.8400,100.6400,1.799833
hold152,VPWR,li1,67.6200,95.2000,1.799789
hold151,VPWR,li1,68.5400,89.7600,1.799873
hold150,VPWR,li1,135.7000,95.2000,1.799693
hold149,VPWR,li1,97.9800,127.8400,1.799940
hold148,VPWR,li1,105.3400,35.3600,1.799864
hold147,VPWR,li1,138.0000,84.3200,1.799807
hold146,VPWR,li1,143.5200,100.6400,1.799809
hold145,VPWR,li1,59.3400,100.6400,1.799885
hold144,VPWR,li1,82.3400,100.6400,1.799847
hold143,VPWR,li1,141.2200,29.9200,1.799656
hold142,VPWR,li1,103.5000,46.2400,1.799713
hold141,VPWR,li1,49.6800,68.0000,1.799881
hold140,VPWR,li1,116.8400,35.3600,1.799856
hold139,VPWR,li1,132.4800,24.4800,1.799744
hold138,VPWR,li1,85.1000,13.6000,1.799900
hold137,VPWR,li1,92.0000,138.7200,1.799951
hold136,VPWR,li1,91.0800,19.0400,1.799826
hold135,VPWR,li1,141.6800,24.4800,1.799741
hold134,VPWR,li1,49.6800,106.0800,1.799873
hold133,VPWR,li1,136.6200,19.0400,1.799802
hold132,VPWR,li1,127.4200,29.9200,1.799664
clkload11,VPWR,li1,100.7400,89.7600,1.799824
clkload10,VPWR,li1,126.5000,95.2000,1.799699
clkload9,VPWR,li1,126.5000,122.4000,1.799705
clkload8,VPWR,li1,69.0000,100.6400,1.799870
clkload7,VPWR,li1,64.1700,133.2800,1.799840
clkload6,VPWR,li1,21.6200,111.5200,1.799968
clkload5,VPWR,li1,28.7500,19.0400,1.799944
clkload4,VPWR,li1,60.9500,57.1200,1.799867
clkload3,VPWR,li1,28.9800,68.0000,1.799934
clkload2,VPWR,li1,100.0500,100.6400,1.799826
clkload1,VPWR,li1,52.2100,106.0800,1.799866
clkload0,VPWR,li1,93.1500,46.2400,1.799715
clkbuf_2_3__f_i_clk,VPWR,li1,102.1200,106.0800,1.799758
clkbuf_2_2__f_i_clk,VPWR,li1,54.2800,111.5200,1.799887
clkbuf_2_1__f_i_clk,VPWR,li1,94.3000,46.2400,1.799715
clkbuf_2_0__f_i_clk,VPWR,li1,53.8200,46.2400,1.799802
clkbuf_0_i_clk,VPWR,li1,78.2000,78.8800,1.799823
clkbuf_leaf_20_i_clk,VPWR,li1,30.5900,24.4800,1.799935
clkbuf_leaf_19_i_clk,VPWR,li1,67.3900,29.9200,1.799778
clkbuf_leaf_18_i_clk,VPWR,li1,66.4700,57.1200,1.799855
clkbuf_leaf_17_i_clk,VPWR,li1,93.1500,51.6800,1.799837
clkbuf_leaf_16_i_clk,VPWR,li1,86.7100,29.9200,1.799724
clkbuf_leaf_15_i_clk,VPWR,li1,111.5500,24.4800,1.799755
clkbuf_leaf_14_i_clk,VPWR,li1,132.2500,29.9200,1.799659
clkbuf_leaf_13_i_clk,VPWR,li1,123.9700,62.5600,1.799784
clkbuf_leaf_12_i_clk,VPWR,li1,101.4300,84.3200,1.799814
clkbuf_leaf_11_i_clk,VPWR,li1,129.9500,95.2000,1.799694
clkbuf_leaf_10_i_clk,VPWR,li1,129.9500,122.4000,1.799700
clkbuf_leaf_9_i_clk,VPWR,li1,94.9900,122.4000,1.799745
clkbuf_leaf_8_i_clk,VPWR,li1,76.5900,95.2000,1.799766
clkbuf_leaf_7_i_clk,VPWR,li1,64.1700,133.2800,1.799840
clkbuf_leaf_6_i_clk,VPWR,li1,34.7300,133.2800,1.799913
clkbuf_leaf_5_i_clk,VPWR,li1,25.9900,116.9600,1.799963
clkbuf_leaf_4_i_clk,VPWR,li1,21.3900,95.2000,1.799949
clkbuf_leaf_3_i_clk,VPWR,li1,47.6100,95.2000,1.799842
clkbuf_leaf_2_i_clk,VPWR,li1,60.0300,68.0000,1.799856
clkbuf_leaf_1_i_clk,VPWR,li1,25.5300,68.0000,1.799943
clkbuf_leaf_0_i_clk,VPWR,li1,21.3900,46.2400,1.799943
_1289__129,VPWR,li1,85.3300,138.7200,1.799953
fanout128,VPWR,li1,145.3600,100.6400,1.799809
fanout127,VPWR,li1,145.3600,84.3200,1.799807
fanout126,VPWR,li1,138.0000,84.3200,1.799807
fanout125,VPWR,li1,100.2800,116.9600,1.799884
fanout124,VPWR,li1,112.7000,84.3200,1.799810
fanout123,VPWR,li1,145.3600,24.4800,1.799741
fanout122,VPWR,li1,138.0000,24.4800,1.799741
fanout121,VPWR,li1,145.3600,35.3600,1.799847
fanout120,VPWR,li1,119.1400,29.9200,1.799674
fanout119,VPWR,li1,106.7200,51.6800,1.799828
fanout118,VPWR,li1,92.4600,62.5600,1.799826
load_slew117,VPWR,li1,93.8400,19.0400,1.799823
fanout116,VPWR,li1,93.8400,13.6000,1.799892
load_slew115,VPWR,li1,111.3200,35.3600,1.799861
fanout114,VPWR,li1,130.6400,13.6000,1.799874
fanout113,VPWR,li1,80.5000,24.4800,1.799811
fanout112,VPWR,li1,68.0800,89.7600,1.799873
fanout111,VPWR,li1,62.1000,111.5200,1.799881
fanout110,VPWR,li1,72.6800,84.3200,1.799858
fanout109,VPWR,li1,35.8800,78.8800,1.799926
load_slew108,VPWR,li1,42.7800,89.7600,1.799924
fanout107,VPWR,li1,50.6000,89.7600,1.799907
fanout106,VPWR,li1,77.7400,24.4800,1.799818
fanout105,VPWR,li1,75.9000,62.5600,1.799851
load_slew104,VPWR,li1,62.1000,46.2400,1.799781
fanout103,VPWR,li1,59.3400,46.2400,1.799789
load_slew102,VPWR,li1,74.5200,24.4800,1.799823
fanout101,VPWR,li1,80.0400,29.9200,1.799746
fanout100,VPWR,li1,50.1400,24.4800,1.799881
load_slew99,VPWR,li1,46.4600,68.0000,1.799888
fanout98,VPWR,li1,46.9200,68.0000,1.799888
fanout97,VPWR,li1,46.4600,24.4800,1.799890
load_slew96,VPWR,li1,33.5800,19.0400,1.799932
fanout95,VPWR,li1,47.8400,13.6000,1.799945
fanout94,VPWR,li1,93.8400,127.8400,1.799941
fanout93,VPWR,li1,118.2200,13.6000,1.799878
fanout92,VPWR,li1,76.8200,24.4800,1.799818
fanout91,VPWR,li1,68.0800,24.4800,1.799838
fanout90,VPWR,li1,42.3200,106.0800,1.799895
fanout89,VPWR,li1,75.4400,62.5600,1.799851
fanout88,VPWR,li1,123.7400,78.8800,1.799802
fanout87,VPWR,li1,118.6800,116.9600,1.799882
fanout86,VPWR,li1,143.9800,40.8000,1.799863
fanout85,VPWR,li1,136.6200,100.6400,1.799809
fanout84,VPWR,li1,138.9200,100.6400,1.799809
fanout83,VPWR,li1,104.4200,100.6400,1.799822
fanout82,VPWR,li1,110.4000,73.4400,1.799887
fanout81,VPWR,li1,144.4400,62.5600,1.799778
fanout80,VPWR,li1,143.9800,40.8000,1.799863
fanout79,VPWR,li1,73.1400,68.0000,1.799839
fanout78,VPWR,li1,85.1000,122.4000,1.799770
fanout77,VPWR,li1,82.3400,106.0800,1.799798
fanout76,VPWR,li1,47.8400,111.5200,1.799901
fanout75,VPWR,li1,52.4400,122.4000,1.799866
fanout74,VPWR,li1,93.8400,111.5200,1.799858
fanout73,VPWR,li1,144.9000,29.9200,1.799656
fanout72,VPWR,li1,137.0800,106.0800,1.799749
fanout71,VPWR,li1,136.6200,95.2000,1.799693
fanout70,VPWR,li1,103.5000,95.2000,1.799729
fanout69,VPWR,li1,106.7200,68.0000,1.799810
fanout68,VPWR,li1,145.3600,68.0000,1.799805
fanout67,VPWR,li1,140.3000,40.8000,1.799863
fanout66,VPWR,li1,76.8200,68.0000,1.799832
fanout65,VPWR,li1,85.1000,116.9600,1.799892
fanout64,VPWR,li1,85.1000,100.6400,1.799844
fanout63,VPWR,li1,47.8400,106.0800,1.799884
fanout62,VPWR,li1,54.7400,116.9600,1.799922
output61,VPWR,li1,25.3000,13.6000,1.799978
output60,VPWR,li1,97.5200,13.6000,1.799891
output59,VPWR,li1,97.9800,13.6000,1.799890
output58,VPWR,li1,12.4200,73.4400,1.799979
output57,VPWR,li1,8.7400,78.8800,1.799970
output56,VPWR,li1,18.4000,111.5200,1.799967
output55,VPWR,li1,8.7400,127.8400,1.799991
output54,VPWR,li1,20.7000,122.4000,1.799963
output53,VPWR,li1,10.1200,122.4000,1.799962
output52,VPWR,li1,8.7400,133.2800,1.799958
output51,VPWR,li1,15.6400,95.2000,1.799949
output50,VPWR,li1,140.3000,13.6000,1.799874
output49,VPWR,li1,136.6200,13.6000,1.799874
output48,VPWR,li1,101.6600,13.6000,1.799887
output47,VPWR,li1,117.3000,19.0400,1.799807
output46,VPWR,li1,110.8600,13.6000,1.799882
output45,VPWR,li1,110.8600,29.9200,1.799684
output44,VPWR,li1,140.3000,13.6000,1.799874
input43,VPWR,li1,51.5200,13.6000,1.799942
input42,VPWR,li1,36.8000,13.6000,1.799962
input41,VPWR,li1,18.4000,29.9200,1.799955
input40,VPWR,li1,10.1200,13.6000,1.799981
input39,VPWR,li1,25.7600,13.6000,1.799978
input38,VPWR,li1,11.5000,13.6000,1.799981
input37,VPWR,li1,11.5000,29.9200,1.799955
input36,VPWR,li1,55.2000,13.6000,1.799936
input35,VPWR,li1,63.9400,13.6000,1.799926
input34,VPWR,li1,50.6000,13.6000,1.799942
input33,VPWR,li1,22.0800,13.6000,1.799983
input32,VPWR,li1,8.7400,29.9200,1.799955
input31,VPWR,li1,46.9200,19.0400,1.799905
input30,VPWR,li1,22.0800,24.4800,1.799962
input29,VPWR,li1,12.4200,29.9200,1.799955
input28,VPWR,li1,145.3600,19.0400,1.799801
input27,VPWR,li1,145.3600,106.0800,1.799748
input26,VPWR,li1,141.6800,106.0800,1.799748
input25,VPWR,li1,60.2600,13.6000,1.799929
input24,VPWR,li1,68.0800,13.6000,1.799920
input23,VPWR,li1,21.6200,149.6000,1.799997
input22,VPWR,li1,8.7400,144.1600,1.799986
input21,VPWR,li1,134.7800,19.0400,1.799802
input20,VPWR,li1,70.3800,13.6000,1.799916
input19,VPWR,li1,136.6200,13.6000,1.799874
input18,VPWR,li1,105.3400,13.6000,1.799886
input17,VPWR,li1,123.7400,29.9200,1.799667
input16,VPWR,li1,88.7800,13.6000,1.799896
input15,VPWR,li1,8.7400,144.1600,1.799986
input14,VPWR,li1,12.4200,138.7200,1.799988
input13,VPWR,li1,12.4200,133.2800,1.799958
input12,VPWR,li1,12.4200,133.2800,1.799958
input11,VPWR,li1,8.7400,138.7200,1.799988
input10,VPWR,li1,8.7400,133.2800,1.799958
input9,VPWR,li1,15.6400,127.8400,1.799991
input8,VPWR,li1,8.7400,73.4400,1.799979
input7,VPWR,li1,8.7400,62.5600,1.799972
input6,VPWR,li1,8.7400,68.0000,1.799959
input5,VPWR,li1,8.7400,40.8000,1.799981
input4,VPWR,li1,10.5800,95.2000,1.799949
input3,VPWR,li1,8.7400,62.5600,1.799972
input2,VPWR,li1,12.4200,78.8800,1.799970
input1,VPWR,li1,12.4200,62.5600,1.799972
i2c_master_controller_top_131,VPWR,li1,7.5900,19.0400,1.799966
i2c_master_controller_top,VPWR,li1,146.5100,19.0400,1.799801
_1290__130,VPWR,li1,43.4700,95.2000,1.799861
TAP_TAPCELL_ROW_51_373,VPWR,li1,134.5500,149.9060,1.799996
TAP_TAPCELL_ROW_51_372,VPWR,li1,121.6700,149.9060,1.799996
TAP_TAPCELL_ROW_51_371,VPWR,li1,108.7900,149.9060,1.799996
TAP_TAPCELL_ROW_51_370,VPWR,li1,95.9100,149.9060,1.799996
TAP_TAPCELL_ROW_51_369,VPWR,li1,83.0300,149.9060,1.799996
TAP_TAPCELL_ROW_51_368,VPWR,li1,70.1500,149.9060,1.799996
TAP_TAPCELL_ROW_51_367,VPWR,li1,57.2700,149.9060,1.799996
TAP_TAPCELL_ROW_51_366,VPWR,li1,44.3900,149.9060,1.799996
TAP_TAPCELL_ROW_51_365,VPWR,li1,31.5100,149.9060,1.799996
TAP_TAPCELL_ROW_51_364,VPWR,li1,18.6300,149.9060,1.799997
TAP_TAPCELL_ROW_50_363,VPWR,li1,121.6700,149.2930,1.799996
TAP_TAPCELL_ROW_50_362,VPWR,li1,95.9100,149.2930,1.799996
TAP_TAPCELL_ROW_50_361,VPWR,li1,70.1500,149.2930,1.799996
TAP_TAPCELL_ROW_50_360,VPWR,li1,44.3900,149.2930,1.799996
TAP_TAPCELL_ROW_50_359,VPWR,li1,18.6300,149.2930,1.799997
TAP_TAPCELL_ROW_49_358,VPWR,li1,134.5500,144.4660,1.799960
TAP_TAPCELL_ROW_49_357,VPWR,li1,108.7900,144.4660,1.799960
TAP_TAPCELL_ROW_49_356,VPWR,li1,83.0300,144.4660,1.799960
TAP_TAPCELL_ROW_49_355,VPWR,li1,57.2700,144.4660,1.799963
TAP_TAPCELL_ROW_49_354,VPWR,li1,31.5100,144.4660,1.799978
TAP_TAPCELL_ROW_48_353,VPWR,li1,121.6700,143.8530,1.799960
TAP_TAPCELL_ROW_48_352,VPWR,li1,95.9100,143.8530,1.799960
TAP_TAPCELL_ROW_48_351,VPWR,li1,70.1500,143.8530,1.799960
TAP_TAPCELL_ROW_48_350,VPWR,li1,44.3900,143.8530,1.799969
TAP_TAPCELL_ROW_48_349,VPWR,li1,18.6300,143.8530,1.799986
TAP_TAPCELL_ROW_47_348,VPWR,li1,134.5500,139.0260,1.799944
TAP_TAPCELL_ROW_47_347,VPWR,li1,108.7900,139.0260,1.799948
TAP_TAPCELL_ROW_47_346,VPWR,li1,83.0300,139.0260,1.799954
TAP_TAPCELL_ROW_47_345,VPWR,li1,57.2700,139.0260,1.799967
TAP_TAPCELL_ROW_47_344,VPWR,li1,31.5100,139.0260,1.799983
TAP_TAPCELL_ROW_46_343,VPWR,li1,121.6700,138.4130,1.799945
TAP_TAPCELL_ROW_46_342,VPWR,li1,95.9100,138.4130,1.799950
TAP_TAPCELL_ROW_46_341,VPWR,li1,70.1500,138.4130,1.799960
TAP_TAPCELL_ROW_46_340,VPWR,li1,44.3900,138.4130,1.799975
TAP_TAPCELL_ROW_46_339,VPWR,li1,18.6300,138.4130,1.799989
TAP_TAPCELL_ROW_45_338,VPWR,li1,134.5500,133.5860,1.799801
TAP_TAPCELL_ROW_45_337,VPWR,li1,108.7900,133.5860,1.799808
TAP_TAPCELL_ROW_45_336,VPWR,li1,83.0300,133.5860,1.799823
TAP_TAPCELL_ROW_45_335,VPWR,li1,57.2700,133.5860,1.799857
TAP_TAPCELL_ROW_45_334,VPWR,li1,31.5100,133.5860,1.799929
TAP_TAPCELL_ROW_44_333,VPWR,li1,121.6700,132.9730,1.799804
TAP_TAPCELL_ROW_44_332,VPWR,li1,95.9100,132.9730,1.799815
TAP_TAPCELL_ROW_44_331,VPWR,li1,70.1500,132.9730,1.799835
TAP_TAPCELL_ROW_44_330,VPWR,li1,44.3900,132.9730,1.799891
TAP_TAPCELL_ROW_44_329,VPWR,li1,18.6300,132.9730,1.799958
TAP_TAPCELL_ROW_43_328,VPWR,li1,134.5500,128.1460,1.799932
TAP_TAPCELL_ROW_43_327,VPWR,li1,108.7900,128.1460,1.799937
TAP_TAPCELL_ROW_43_326,VPWR,li1,83.0300,128.1460,1.799948
TAP_TAPCELL_ROW_43_325,VPWR,li1,57.2700,128.1460,1.799964
TAP_TAPCELL_ROW_43_324,VPWR,li1,31.5100,128.1460,1.799983
TAP_TAPCELL_ROW_42_323,VPWR,li1,121.6700,127.5330,1.799934
TAP_TAPCELL_ROW_42_322,VPWR,li1,95.9100,127.5330,1.799941
TAP_TAPCELL_ROW_42_321,VPWR,li1,70.1500,127.5330,1.799954
TAP_TAPCELL_ROW_42_320,VPWR,li1,44.3900,127.5330,1.799973
TAP_TAPCELL_ROW_42_319,VPWR,li1,18.6300,127.5330,1.799991
TAP_TAPCELL_ROW_41_318,VPWR,li1,134.5500,122.7060,1.799699
TAP_TAPCELL_ROW_41_317,VPWR,li1,108.7900,122.7060,1.799726
TAP_TAPCELL_ROW_41_316,VPWR,li1,83.0300,122.7060,1.799777
TAP_TAPCELL_ROW_41_315,VPWR,li1,57.2700,122.7060,1.799849
TAP_TAPCELL_ROW_41_314,VPWR,li1,31.5100,122.7060,1.799926
TAP_TAPCELL_ROW_40_313,VPWR,li1,121.6700,122.0930,1.799710
TAP_TAPCELL_ROW_40_312,VPWR,li1,95.9100,122.0930,1.799745
TAP_TAPCELL_ROW_40_311,VPWR,li1,70.1500,122.0930,1.799810
TAP_TAPCELL_ROW_40_310,VPWR,li1,44.3900,122.0930,1.799885
TAP_TAPCELL_ROW_40_309,VPWR,li1,18.6300,122.0930,1.799962
TAP_TAPCELL_ROW_39_308,VPWR,li1,134.5500,117.2660,1.799881
TAP_TAPCELL_ROW_39_307,VPWR,li1,108.7900,117.2660,1.799882
TAP_TAPCELL_ROW_39_306,VPWR,li1,83.0300,117.2660,1.799894
TAP_TAPCELL_ROW_39_305,VPWR,li1,57.2700,117.2660,1.799919
TAP_TAPCELL_ROW_39_304,VPWR,li1,31.5100,117.2660,1.799955
TAP_TAPCELL_ROW_38_303,VPWR,li1,121.6700,116.6530,1.799882
TAP_TAPCELL_ROW_38_302,VPWR,li1,95.9100,116.6530,1.799887
TAP_TAPCELL_ROW_38_301,VPWR,li1,70.1500,116.6530,1.799904
TAP_TAPCELL_ROW_38_300,VPWR,li1,44.3900,116.6530,1.799935
TAP_TAPCELL_ROW_38_299,VPWR,li1,18.6300,116.6530,1.799973
TAP_TAPCELL_ROW_37_298,VPWR,li1,134.5500,111.8260,1.799842
TAP_TAPCELL_ROW_37_297,VPWR,li1,108.7900,111.8260,1.799852
TAP_TAPCELL_ROW_37_296,VPWR,li1,83.0300,111.8260,1.799866
TAP_TAPCELL_ROW_37_295,VPWR,li1,57.2700,111.8260,1.799886
TAP_TAPCELL_ROW_37_294,VPWR,li1,31.5100,111.8260,1.799940
TAP_TAPCELL_ROW_36_293,VPWR,li1,121.6700,111.2130,1.799847
TAP_TAPCELL_ROW_36_292,VPWR,li1,95.9100,111.2130,1.799857
TAP_TAPCELL_ROW_36_291,VPWR,li1,70.1500,111.2130,1.799875
TAP_TAPCELL_ROW_36_290,VPWR,li1,44.3900,111.2130,1.799909
TAP_TAPCELL_ROW_36_289,VPWR,li1,18.6300,111.2130,1.799967
TAP_TAPCELL_ROW_35_288,VPWR,li1,134.5500,106.3860,1.799750
TAP_TAPCELL_ROW_35_287,VPWR,li1,108.7900,106.3860,1.799756
TAP_TAPCELL_ROW_35_286,VPWR,li1,83.0300,106.3860,1.799794
TAP_TAPCELL_ROW_35_285,VPWR,li1,57.2700,106.3860,1.799853
TAP_TAPCELL_ROW_35_284,VPWR,li1,31.5100,106.3860,1.799932
TAP_TAPCELL_ROW_34_283,VPWR,li1,121.6700,105.7730,1.799753
TAP_TAPCELL_ROW_34_282,VPWR,li1,95.9100,105.7730,1.799769
TAP_TAPCELL_ROW_34_281,VPWR,li1,70.1500,105.7730,1.799826
TAP_TAPCELL_ROW_34_280,VPWR,li1,44.3900,105.7730,1.799889
TAP_TAPCELL_ROW_34_279,VPWR,li1,18.6300,105.7730,1.799959
TAP_TAPCELL_ROW_33_278,VPWR,li1,134.5500,100.9460,1.799809
TAP_TAPCELL_ROW_33_277,VPWR,li1,108.7900,100.9460,1.799819
TAP_TAPCELL_ROW_33_276,VPWR,li1,83.0300,100.9460,1.799847
TAP_TAPCELL_ROW_33_275,VPWR,li1,57.2700,100.9460,1.799888
TAP_TAPCELL_ROW_33_274,VPWR,li1,31.5100,100.9460,1.799949
TAP_TAPCELL_ROW_32_273,VPWR,li1,121.6700,100.3330,1.799813
TAP_TAPCELL_ROW_32_272,VPWR,li1,95.9100,100.3330,1.799830
TAP_TAPCELL_ROW_32_271,VPWR,li1,70.1500,100.3330,1.799866
TAP_TAPCELL_ROW_32_270,VPWR,li1,44.3900,100.3330,1.799916
TAP_TAPCELL_ROW_32_269,VPWR,li1,18.6300,100.3330,1.799973
TAP_TAPCELL_ROW_31_268,VPWR,li1,134.5500,95.5060,1.799693
TAP_TAPCELL_ROW_31_267,VPWR,li1,108.7900,95.5060,1.799722
TAP_TAPCELL_ROW_31_266,VPWR,li1,83.0300,95.5060,1.799757
TAP_TAPCELL_ROW_31_265,VPWR,li1,57.2700,95.5060,1.799815
TAP_TAPCELL_ROW_31_264,VPWR,li1,31.5100,95.5060,1.799905
TAP_TAPCELL_ROW_30_263,VPWR,li1,121.6700,94.8930,1.799704
TAP_TAPCELL_ROW_30_262,VPWR,li1,95.9100,94.8930,1.799738
TAP_TAPCELL_ROW_30_261,VPWR,li1,70.1500,94.8930,1.799783
TAP_TAPCELL_ROW_30_260,VPWR,li1,44.3900,94.8930,1.799854
TAP_TAPCELL_ROW_30_259,VPWR,li1,18.6300,94.8930,1.799949
TAP_TAPCELL_ROW_29_258,VPWR,li1,134.5500,90.0660,1.799804
TAP_TAPCELL_ROW_29_257,VPWR,li1,108.7900,90.0660,1.799818
TAP_TAPCELL_ROW_29_256,VPWR,li1,83.0300,90.0660,1.799850
TAP_TAPCELL_ROW_29_255,VPWR,li1,57.2700,90.0660,1.799895
TAP_TAPCELL_ROW_29_254,VPWR,li1,31.5100,90.0660,1.799950
TAP_TAPCELL_ROW_28_253,VPWR,li1,121.6700,89.4530,1.799811
TAP_TAPCELL_ROW_28_252,VPWR,li1,95.9100,89.4530,1.799831
TAP_TAPCELL_ROW_28_251,VPWR,li1,70.1500,89.4530,1.799869
TAP_TAPCELL_ROW_28_250,VPWR,li1,44.3900,89.4530,1.799924
TAP_TAPCELL_ROW_28_249,VPWR,li1,18.6300,89.4530,1.799973
TAP_TAPCELL_ROW_27_248,VPWR,li1,134.5500,84.6260,1.799808
TAP_TAPCELL_ROW_27_247,VPWR,li1,108.7900,84.6260,1.799812
TAP_TAPCELL_ROW_27_246,VPWR,li1,83.0300,84.6260,1.799842
TAP_TAPCELL_ROW_27_245,VPWR,li1,57.2700,84.6260,1.799886
TAP_TAPCELL_ROW_27_244,VPWR,li1,31.5100,84.6260,1.799947
TAP_TAPCELL_ROW_26_243,VPWR,li1,121.6700,84.0130,1.799809
TAP_TAPCELL_ROW_26_242,VPWR,li1,95.9100,84.0130,1.799824
TAP_TAPCELL_ROW_26_241,VPWR,li1,70.1500,84.0130,1.799862
TAP_TAPCELL_ROW_26_240,VPWR,li1,44.3900,84.0130,1.799915
TAP_TAPCELL_ROW_26_239,VPWR,li1,18.6300,84.0130,1.799969
TAP_TAPCELL_ROW_25_238,VPWR,li1,134.5500,79.1860,1.799800
TAP_TAPCELL_ROW_25_237,VPWR,li1,108.7900,79.1860,1.799807
TAP_TAPCELL_ROW_25_236,VPWR,li1,83.0300,79.1860,1.799820
TAP_TAPCELL_ROW_25_235,VPWR,li1,57.2700,79.1860,1.799874
TAP_TAPCELL_ROW_25_234,VPWR,li1,31.5100,79.1860,1.799940
TAP_TAPCELL_ROW_24_233,VPWR,li1,121.6700,78.5730,1.799802
TAP_TAPCELL_ROW_24_232,VPWR,li1,95.9100,78.5730,1.799812
TAP_TAPCELL_ROW_24_231,VPWR,li1,70.1500,78.5730,1.799840
TAP_TAPCELL_ROW_24_230,VPWR,li1,44.3900,78.5730,1.799902
TAP_TAPCELL_ROW_24_229,VPWR,li1,18.6300,78.5730,1.799970
TAP_TAPCELL_ROW_23_228,VPWR,li1,134.5500,73.7460,1.799883
TAP_TAPCELL_ROW_23_227,VPWR,li1,108.7900,73.7460,1.799888
TAP_TAPCELL_ROW_23_226,VPWR,li1,83.0300,73.7460,1.799900
TAP_TAPCELL_ROW_23_225,VPWR,li1,57.2700,73.7460,1.799926
TAP_TAPCELL_ROW_23_224,VPWR,li1,31.5100,73.7460,1.799965
TAP_TAPCELL_ROW_22_223,VPWR,li1,121.6700,73.1330,1.799885
TAP_TAPCELL_ROW_22_222,VPWR,li1,95.9100,73.1330,1.799893
TAP_TAPCELL_ROW_22_221,VPWR,li1,70.1500,73.1330,1.799912
TAP_TAPCELL_ROW_22_220,VPWR,li1,44.3900,73.1330,1.799946
TAP_TAPCELL_ROW_22_219,VPWR,li1,18.6300,73.1330,1.799981
TAP_TAPCELL_ROW_21_218,VPWR,li1,134.5500,68.3060,1.799806
TAP_TAPCELL_ROW_21_217,VPWR,li1,108.7900,68.3060,1.799810
TAP_TAPCELL_ROW_21_216,VPWR,li1,83.0300,68.3060,1.799826
TAP_TAPCELL_ROW_21_215,VPWR,li1,57.2700,68.3060,1.799862
TAP_TAPCELL_ROW_21_214,VPWR,li1,31.5100,68.3060,1.799928
TAP_TAPCELL_ROW_20_213,VPWR,li1,121.6700,67.6930,1.799806
TAP_TAPCELL_ROW_20_212,VPWR,li1,95.9100,67.6930,1.799816
TAP_TAPCELL_ROW_20_211,VPWR,li1,70.1500,67.6930,1.799842
TAP_TAPCELL_ROW_20_210,VPWR,li1,44.3900,67.6930,1.799893
TAP_TAPCELL_ROW_20_209,VPWR,li1,18.6300,67.6930,1.799960
TAP_TAPCELL_ROW_19_208,VPWR,li1,134.5500,62.8660,1.799780
TAP_TAPCELL_ROW_19_207,VPWR,li1,108.7900,62.8660,1.799803
TAP_TAPCELL_ROW_19_206,VPWR,li1,83.0300,62.8660,1.799841
TAP_TAPCELL_ROW_19_205,VPWR,li1,57.2700,62.8660,1.799886
TAP_TAPCELL_ROW_19_204,VPWR,li1,31.5100,62.8660,1.799945
TAP_TAPCELL_ROW_18_203,VPWR,li1,121.6700,62.2530,1.799787
TAP_TAPCELL_ROW_18_202,VPWR,li1,95.9100,62.2530,1.799820
TAP_TAPCELL_ROW_18_201,VPWR,li1,70.1500,62.2530,1.799861
TAP_TAPCELL_ROW_18_200,VPWR,li1,44.3900,62.2530,1.799912
TAP_TAPCELL_ROW_18_199,VPWR,li1,18.6300,62.2530,1.799973
TAP_TAPCELL_ROW_17_198,VPWR,li1,134.5500,57.4260,1.799827
TAP_TAPCELL_ROW_17_197,VPWR,li1,108.7900,57.4260,1.799829
TAP_TAPCELL_ROW_17_196,VPWR,li1,83.0300,57.4260,1.799840
TAP_TAPCELL_ROW_17_195,VPWR,li1,57.2700,57.4260,1.799876
TAP_TAPCELL_ROW_17_194,VPWR,li1,31.5100,57.4260,1.799946
TAP_TAPCELL_ROW_16_193,VPWR,li1,121.6700,56.8130,1.799827
TAP_TAPCELL_ROW_16_192,VPWR,li1,95.9100,56.8130,1.799834
TAP_TAPCELL_ROW_16_191,VPWR,li1,70.1500,56.8130,1.799851
TAP_TAPCELL_ROW_16_190,VPWR,li1,44.3900,56.8130,1.799910
TAP_TAPCELL_ROW_16_189,VPWR,li1,18.6300,56.8130,1.799971
TAP_TAPCELL_ROW_15_188,VPWR,li1,134.5500,51.9860,1.799822
TAP_TAPCELL_ROW_15_187,VPWR,li1,108.7900,51.9860,1.799828
TAP_TAPCELL_ROW_15_186,VPWR,li1,83.0300,51.9860,1.799853
TAP_TAPCELL_ROW_15_185,VPWR,li1,57.2700,51.9860,1.799894
TAP_TAPCELL_ROW_15_184,VPWR,li1,31.5100,51.9860,1.799951
TAP_TAPCELL_ROW_14_183,VPWR,li1,121.6700,51.3730,1.799824
TAP_TAPCELL_ROW_14_182,VPWR,li1,95.9100,51.3730,1.799834
TAP_TAPCELL_ROW_14_181,VPWR,li1,70.1500,51.3730,1.799872
TAP_TAPCELL_ROW_14_180,VPWR,li1,44.3900,51.3730,1.799920
TAP_TAPCELL_ROW_14_179,VPWR,li1,18.6300,51.3730,1.799972
TAP_TAPCELL_ROW_13_178,VPWR,li1,134.5500,46.5460,1.799713
TAP_TAPCELL_ROW_13_177,VPWR,li1,108.7900,46.5460,1.799713
TAP_TAPCELL_ROW_13_176,VPWR,li1,83.0300,46.5460,1.799739
TAP_TAPCELL_ROW_13_175,VPWR,li1,57.2700,46.5460,1.799795
TAP_TAPCELL_ROW_13_174,VPWR,li1,31.5100,46.5460,1.799893
TAP_TAPCELL_ROW_12_173,VPWR,li1,121.6700,45.9330,1.799713
TAP_TAPCELL_ROW_12_172,VPWR,li1,95.9100,45.9330,1.799715
TAP_TAPCELL_ROW_12_171,VPWR,li1,70.1500,45.9330,1.799767
TAP_TAPCELL_ROW_12_170,VPWR,li1,44.3900,45.9330,1.799839
TAP_TAPCELL_ROW_12_169,VPWR,li1,18.6300,45.9330,1.799943
TAP_TAPCELL_ROW_11_168,VPWR,li1,134.5500,41.1060,1.799864
TAP_TAPCELL_ROW_11_167,VPWR,li1,108.7900,41.1060,1.799875
TAP_TAPCELL_ROW_11_166,VPWR,li1,83.0300,41.1060,1.799898
TAP_TAPCELL_ROW_11_165,VPWR,li1,57.2700,41.1060,1.799933
TAP_TAPCELL_ROW_11_164,VPWR,li1,31.5100,41.1060,1.799967
TAP_TAPCELL_ROW_10_163,VPWR,li1,121.6700,40.4930,1.799868
TAP_TAPCELL_ROW_10_162,VPWR,li1,95.9100,40.4930,1.799886
TAP_TAPCELL_ROW_10_161,VPWR,li1,70.1500,40.4930,1.799914
TAP_TAPCELL_ROW_10_160,VPWR,li1,44.3900,40.4930,1.799949
TAP_TAPCELL_ROW_10_159,VPWR,li1,18.6300,40.4930,1.799981
TAP_TAPCELL_ROW_9_158,VPWR,li1,134.5500,35.6660,1.799849
TAP_TAPCELL_ROW_9_157,VPWR,li1,108.7900,35.6660,1.799862
TAP_TAPCELL_ROW_9_156,VPWR,li1,83.0300,35.6660,1.799885
TAP_TAPCELL_ROW_9_155,VPWR,li1,57.2700,35.6660,1.799919
TAP_TAPCELL_ROW_9_154,VPWR,li1,31.5100,35.6660,1.799963
TAP_TAPCELL_ROW_8_153,VPWR,li1,121.6700,35.0530,1.799854
TAP_TAPCELL_ROW_8_152,VPWR,li1,95.9100,35.0530,1.799872
TAP_TAPCELL_ROW_8_151,VPWR,li1,70.1500,35.0530,1.799901
TAP_TAPCELL_ROW_8_150,VPWR,li1,44.3900,35.0530,1.799940
TAP_TAPCELL_ROW_8_149,VPWR,li1,18.6300,35.0530,1.799980
TAP_TAPCELL_ROW_7_148,VPWR,li1,134.5500,30.2260,1.799658
TAP_TAPCELL_ROW_7_147,VPWR,li1,108.7900,30.2260,1.799689
TAP_TAPCELL_ROW_7_146,VPWR,li1,83.0300,30.2260,1.799734
TAP_TAPCELL_ROW_7_145,VPWR,li1,57.2700,30.2260,1.799818
TAP_TAPCELL_ROW_7_144,VPWR,li1,31.5100,30.2260,1.799913
TAP_TAPCELL_ROW_6_143,VPWR,li1,121.6700,29.6130,1.799670
TAP_TAPCELL_ROW_6_142,VPWR,li1,95.9100,29.6130,1.799710
TAP_TAPCELL_ROW_6_141,VPWR,li1,70.1500,29.6130,1.799769
TAP_TAPCELL_ROW_6_140,VPWR,li1,44.3900,29.6130,1.799859
TAP_TAPCELL_ROW_6_139,VPWR,li1,18.6300,29.6130,1.799955
TAP_TAPCELL_ROW_5_138,VPWR,li1,134.5500,24.7860,1.799742
TAP_TAPCELL_ROW_5_137,VPWR,li1,108.7900,24.7860,1.799759
TAP_TAPCELL_ROW_5_136,VPWR,li1,83.0300,24.7860,1.799806
TAP_TAPCELL_ROW_5_135,VPWR,li1,57.2700,24.7860,1.799867
TAP_TAPCELL_ROW_5_134,VPWR,li1,31.5100,24.7860,1.799929
TAP_TAPCELL_ROW_4_133,VPWR,li1,121.6700,24.1730,1.799749
TAP_TAPCELL_ROW_4_132,VPWR,li1,95.9100,24.1730,1.799782
TAP_TAPCELL_ROW_4_131,VPWR,li1,70.1500,24.1730,1.799833
TAP_TAPCELL_ROW_4_130,VPWR,li1,44.3900,24.1730,1.799895
TAP_TAPCELL_ROW_4_129,VPWR,li1,18.6300,24.1730,1.799962
TAP_TAPCELL_ROW_3_128,VPWR,li1,134.5500,19.3460,1.799802
TAP_TAPCELL_ROW_3_127,VPWR,li1,108.7900,19.3460,1.799811
TAP_TAPCELL_ROW_3_126,VPWR,li1,83.0300,19.3460,1.799836
TAP_TAPCELL_ROW_3_125,VPWR,li1,57.2700,19.3460,1.799879
TAP_TAPCELL_ROW_3_124,VPWR,li1,31.5100,19.3460,1.799937
TAP_TAPCELL_ROW_2_123,VPWR,li1,121.6700,18.7330,1.799805
TAP_TAPCELL_ROW_2_122,VPWR,li1,95.9100,18.7330,1.799821
TAP_TAPCELL_ROW_2_121,VPWR,li1,70.1500,18.7330,1.799856
TAP_TAPCELL_ROW_2_120,VPWR,li1,44.3900,18.7330,1.799910
TAP_TAPCELL_ROW_2_119,VPWR,li1,18.6300,18.7330,1.799967
TAP_TAPCELL_ROW_1_118,VPWR,li1,134.5500,13.9060,1.799874
TAP_TAPCELL_ROW_1_117,VPWR,li1,108.7900,13.9060,1.799883
TAP_TAPCELL_ROW_1_116,VPWR,li1,83.0300,13.9060,1.799902
TAP_TAPCELL_ROW_1_115,VPWR,li1,57.2700,13.9060,1.799933
TAP_TAPCELL_ROW_1_114,VPWR,li1,31.5100,13.9060,1.799969
TAP_TAPCELL_ROW_0_113,VPWR,li1,134.5500,13.2930,1.799874
TAP_TAPCELL_ROW_0_112,VPWR,li1,121.6700,13.2930,1.799877
TAP_TAPCELL_ROW_0_111,VPWR,li1,108.7900,13.2930,1.799883
TAP_TAPCELL_ROW_0_110,VPWR,li1,95.9100,13.2930,1.799891
TAP_TAPCELL_ROW_0_109,VPWR,li1,83.0300,13.2930,1.799902
TAP_TAPCELL_ROW_0_108,VPWR,li1,70.1500,13.2930,1.799916
TAP_TAPCELL_ROW_0_107,VPWR,li1,57.2700,13.2930,1.799933
TAP_TAPCELL_ROW_0_106,VPWR,li1,44.3900,13.2930,1.799952
TAP_TAPCELL_ROW_0_105,VPWR,li1,31.5100,13.2930,1.799969
TAP_TAPCELL_ROW_0_104,VPWR,li1,18.6300,13.2930,1.799982
PHY_EDGE_ROW_51_Left_103,VPWR,li1,6.2100,149.6000,1.799997
PHY_EDGE_ROW_50_Left_102,VPWR,li1,6.2100,149.6000,1.799997
PHY_EDGE_ROW_49_Left_101,VPWR,li1,6.2100,144.1600,1.799986
PHY_EDGE_ROW_48_Left_100,VPWR,li1,6.2100,144.1600,1.799986
PHY_EDGE_ROW_47_Left_99,VPWR,li1,6.2100,138.7200,1.799988
PHY_EDGE_ROW_46_Left_98,VPWR,li1,6.2100,138.7200,1.799988
PHY_EDGE_ROW_45_Left_97,VPWR,li1,6.2100,133.2800,1.799958
PHY_EDGE_ROW_44_Left_96,VPWR,li1,6.2100,133.2800,1.799958
PHY_EDGE_ROW_43_Left_95,VPWR,li1,6.2100,127.8400,1.799991
PHY_EDGE_ROW_42_Left_94,VPWR,li1,6.2100,127.8400,1.799991
PHY_EDGE_ROW_41_Left_93,VPWR,li1,6.2100,122.4000,1.799962
PHY_EDGE_ROW_40_Left_92,VPWR,li1,6.2100,122.4000,1.799962
PHY_EDGE_ROW_39_Left_91,VPWR,li1,6.2100,116.9600,1.799973
PHY_EDGE_ROW_38_Left_90,VPWR,li1,6.2100,116.9600,1.799973
PHY_EDGE_ROW_37_Left_89,VPWR,li1,6.2100,111.5200,1.799965
PHY_EDGE_ROW_36_Left_88,VPWR,li1,6.2100,111.5200,1.799965
PHY_EDGE_ROW_35_Left_87,VPWR,li1,6.2100,106.0800,1.799957
PHY_EDGE_ROW_34_Left_86,VPWR,li1,6.2100,106.0800,1.799957
PHY_EDGE_ROW_33_Left_85,VPWR,li1,6.2100,100.6400,1.799972
PHY_EDGE_ROW_32_Left_84,VPWR,li1,6.2100,100.6400,1.799972
PHY_EDGE_ROW_31_Left_83,VPWR,li1,6.2100,95.2000,1.799949
PHY_EDGE_ROW_30_Left_82,VPWR,li1,6.2100,95.2000,1.799949
PHY_EDGE_ROW_29_Left_81,VPWR,li1,6.2100,89.7600,1.799972
PHY_EDGE_ROW_28_Left_80,VPWR,li1,6.2100,89.7600,1.799972
PHY_EDGE_ROW_27_Left_79,VPWR,li1,6.2100,84.3200,1.799967
PHY_EDGE_ROW_26_Left_78,VPWR,li1,6.2100,84.3200,1.799967
PHY_EDGE_ROW_25_Left_77,VPWR,li1,6.2100,78.8800,1.799970
PHY_EDGE_ROW_24_Left_76,VPWR,li1,6.2100,78.8800,1.799970
PHY_EDGE_ROW_23_Left_75,VPWR,li1,6.2100,73.4400,1.799979
PHY_EDGE_ROW_22_Left_74,VPWR,li1,6.2100,73.4400,1.799979
PHY_EDGE_ROW_21_Left_73,VPWR,li1,6.2100,68.0000,1.799959
PHY_EDGE_ROW_20_Left_72,VPWR,li1,6.2100,68.0000,1.799959
PHY_EDGE_ROW_19_Left_71,VPWR,li1,6.2100,62.5600,1.799972
PHY_EDGE_ROW_18_Left_70,VPWR,li1,6.2100,62.5600,1.799972
PHY_EDGE_ROW_17_Left_69,VPWR,li1,6.2100,57.1200,1.799970
PHY_EDGE_ROW_16_Left_68,VPWR,li1,6.2100,57.1200,1.799970
PHY_EDGE_ROW_15_Left_67,VPWR,li1,6.2100,51.6800,1.799971
PHY_EDGE_ROW_14_Left_66,VPWR,li1,6.2100,51.6800,1.799971
PHY_EDGE_ROW_13_Left_65,VPWR,li1,6.2100,46.2400,1.799942
PHY_EDGE_ROW_12_Left_64,VPWR,li1,6.2100,46.2400,1.799942
PHY_EDGE_ROW_11_Left_63,VPWR,li1,6.2100,40.8000,1.799981
PHY_EDGE_ROW_10_Left_62,VPWR,li1,6.2100,40.8000,1.799981
PHY_EDGE_ROW_9_Left_61,VPWR,li1,6.2100,35.3600,1.799980
PHY_EDGE_ROW_8_Left_60,VPWR,li1,6.2100,35.3600,1.799980
PHY_EDGE_ROW_7_Left_59,VPWR,li1,6.2100,29.9200,1.799955
PHY_EDGE_ROW_6_Left_58,VPWR,li1,6.2100,29.9200,1.799955
PHY_EDGE_ROW_5_Left_57,VPWR,li1,6.2100,24.4800,1.799961
PHY_EDGE_ROW_4_Left_56,VPWR,li1,6.2100,24.4800,1.799961
PHY_EDGE_ROW_3_Left_55,VPWR,li1,6.2100,19.0400,1.799966
PHY_EDGE_ROW_2_Left_54,VPWR,li1,6.2100,19.0400,1.799966
PHY_EDGE_ROW_1_Left_53,VPWR,li1,6.2100,13.6000,1.799981
PHY_EDGE_ROW_0_Left_52,VPWR,li1,6.2100,13.6000,1.799981
PHY_EDGE_ROW_51_Right_51,VPWR,li1,147.8900,149.6000,1.799996
PHY_EDGE_ROW_50_Right_50,VPWR,li1,147.8900,149.6000,1.799996
PHY_EDGE_ROW_49_Right_49,VPWR,li1,147.8900,144.1600,1.799960
PHY_EDGE_ROW_48_Right_48,VPWR,li1,147.8900,144.1600,1.799960
PHY_EDGE_ROW_47_Right_47,VPWR,li1,147.8900,138.7200,1.799944
PHY_EDGE_ROW_46_Right_46,VPWR,li1,147.8900,138.7200,1.799944
PHY_EDGE_ROW_45_Right_45,VPWR,li1,147.8900,133.2800,1.799800
PHY_EDGE_ROW_44_Right_44,VPWR,li1,147.8900,133.2800,1.799800
PHY_EDGE_ROW_43_Right_43,VPWR,li1,147.8900,127.8400,1.799931
PHY_EDGE_ROW_42_Right_42,VPWR,li1,147.8900,127.8400,1.799931
PHY_EDGE_ROW_41_Right_41,VPWR,li1,147.8900,122.4000,1.799698
PHY_EDGE_ROW_40_Right_40,VPWR,li1,147.8900,122.4000,1.799698
PHY_EDGE_ROW_39_Right_39,VPWR,li1,147.8900,116.9600,1.799881
PHY_EDGE_ROW_38_Right_38,VPWR,li1,147.8900,116.9600,1.799881
PHY_EDGE_ROW_37_Right_37,VPWR,li1,147.8900,111.5200,1.799841
PHY_EDGE_ROW_36_Right_36,VPWR,li1,147.8900,111.5200,1.799841
PHY_EDGE_ROW_35_Right_35,VPWR,li1,147.8900,106.0800,1.799748
PHY_EDGE_ROW_34_Right_34,VPWR,li1,147.8900,106.0800,1.799748
PHY_EDGE_ROW_33_Right_33,VPWR,li1,147.8900,100.6400,1.799809
PHY_EDGE_ROW_32_Right_32,VPWR,li1,147.8900,100.6400,1.799809
PHY_EDGE_ROW_31_Right_31,VPWR,li1,147.8900,95.2000,1.799692
PHY_EDGE_ROW_30_Right_30,VPWR,li1,147.8900,95.2000,1.799692
PHY_EDGE_ROW_29_Right_29,VPWR,li1,147.8900,89.7600,1.799801
PHY_EDGE_ROW_28_Right_28,VPWR,li1,147.8900,89.7600,1.799801
PHY_EDGE_ROW_27_Right_27,VPWR,li1,147.8900,84.3200,1.799807
PHY_EDGE_ROW_26_Right_26,VPWR,li1,147.8900,84.3200,1.799807
PHY_EDGE_ROW_25_Right_25,VPWR,li1,147.8900,78.8800,1.799799
PHY_EDGE_ROW_24_Right_24,VPWR,li1,147.8900,78.8800,1.799799
PHY_EDGE_ROW_23_Right_23,VPWR,li1,147.8900,73.4400,1.799882
PHY_EDGE_ROW_22_Right_22,VPWR,li1,147.8900,73.4400,1.799882
PHY_EDGE_ROW_21_Right_21,VPWR,li1,147.8900,68.0000,1.799805
PHY_EDGE_ROW_20_Right_20,VPWR,li1,147.8900,68.0000,1.799805
PHY_EDGE_ROW_19_Right_19,VPWR,li1,147.8900,62.5600,1.799778
PHY_EDGE_ROW_18_Right_18,VPWR,li1,147.8900,62.5600,1.799778
PHY_EDGE_ROW_17_Right_17,VPWR,li1,147.8900,57.1200,1.799827
PHY_EDGE_ROW_16_Right_16,VPWR,li1,147.8900,57.1200,1.799827
PHY_EDGE_ROW_15_Right_15,VPWR,li1,147.8900,51.6800,1.799821
PHY_EDGE_ROW_14_Right_14,VPWR,li1,147.8900,51.6800,1.799821
PHY_EDGE_ROW_13_Right_13,VPWR,li1,147.8900,46.2400,1.799713
PHY_EDGE_ROW_12_Right_12,VPWR,li1,147.8900,46.2400,1.799713
PHY_EDGE_ROW_11_Right_11,VPWR,li1,147.8900,40.8000,1.799863
PHY_EDGE_ROW_10_Right_10,VPWR,li1,147.8900,40.8000,1.799863
PHY_EDGE_ROW_9_Right_9,VPWR,li1,147.8900,35.3600,1.799847
PHY_EDGE_ROW_8_Right_8,VPWR,li1,147.8900,35.3600,1.799847
PHY_EDGE_ROW_7_Right_7,VPWR,li1,147.8900,29.9200,1.799656
PHY_EDGE_ROW_6_Right_6,VPWR,li1,147.8900,29.9200,1.799656
PHY_EDGE_ROW_5_Right_5,VPWR,li1,147.8900,24.4800,1.799741
PHY_EDGE_ROW_4_Right_4,VPWR,li1,147.8900,24.4800,1.799741
PHY_EDGE_ROW_3_Right_3,VPWR,li1,147.8900,19.0400,1.799801
PHY_EDGE_ROW_2_Right_2,VPWR,li1,147.8900,19.0400,1.799801
PHY_EDGE_ROW_1_Right_1,VPWR,li1,147.8900,13.6000,1.799874
PHY_EDGE_ROW_0_Right_0,VPWR,li1,147.8900,13.6000,1.799874
_1290_,VPWR,li1,46.6900,89.7600,1.799918
_1289_,VPWR,li1,85.7900,133.2800,1.799820
_1288_,VPWR,li1,100.7400,24.4800,1.799776
_1287_,VPWR,li1,120.0600,19.0400,1.799805
_1286_,VPWR,li1,85.1000,13.6000,1.799900
_1285_,VPWR,li1,115.0000,24.4800,1.799753
_1284_,VPWR,li1,103.5000,19.0400,1.799815
_1283_,VPWR,li1,132.4800,19.0400,1.799802
_1278_,VPWR,li1,32.4300,46.2400,1.799893
_1277_,VPWR,li1,45.3100,51.6800,1.799920
_1276_,VPWR,li1,16.7900,40.8000,1.799981
_1275_,VPWR,li1,49.4500,46.2400,1.799819
_1274_,VPWR,li1,55.4300,51.6800,1.799898
_1273_,VPWR,li1,26.4500,46.2400,1.799919
_1272_,VPWR,li1,39.7900,46.2400,1.799858
_1271_,VPWR,li1,26.4500,40.8000,1.799976
_1270_,VPWR,li1,26.4500,106.0800,1.799949
_1269_,VPWR,li1,37.0300,106.0800,1.799911
_1268_,VPWR,li1,25.9900,95.2000,1.799933
_1267_,VPWR,li1,42.5500,95.2000,1.799861
_1266_,VPWR,li1,49.4500,84.3200,1.799906
_1265_,VPWR,li1,25.0700,106.0800,1.799949
_1264_,VPWR,li1,31.5100,111.5200,1.799940
_1263_,VPWR,li1,37.4900,89.7600,1.799935
_1262_,VPWR,li1,140.5300,24.4800,1.799741
_1261_,VPWR,li1,130.8700,24.4800,1.799744
_1260_,VPWR,li1,142.3700,29.9200,1.799656
_1259_,VPWR,li1,85.3300,138.7200,1.799953
_1258_,VPWR,li1,89.9300,133.2800,1.799818
_1257_,VPWR,li1,92.2300,116.9600,1.799888
_1256_,VPWR,li1,42.5500,100.6400,1.799920
_1255_,VPWR,li1,52.2100,100.6400,1.799899
_1254_,VPWR,li1,57.7300,106.0800,1.799853
_1253_,VPWR,li1,102.3500,116.9600,1.799884
_1252_,VPWR,li1,62.3300,95.2000,1.799805
_1251_,VPWR,li1,97.2900,111.5200,1.799857
_1250_,VPWR,li1,103.7300,127.8400,1.799938
_1249_,VPWR,li1,102.8100,133.2800,1.799810
_1248_,VPWR,li1,115.6900,133.2800,1.799805
_1247_,VPWR,li1,117.9900,122.4000,1.799714
_1246_,VPWR,li1,129.0300,138.7200,1.799944
_1245_,VPWR,li1,139.6100,133.2800,1.799800
_1244_,VPWR,li1,139.6100,122.4000,1.799698
_1243_,VPWR,li1,138.6900,127.8400,1.799931
_1242_,VPWR,li1,135.9300,111.5200,1.799841
_1241_,VPWR,li1,139.6100,111.5200,1.799841
_1240_,VPWR,li1,140.0700,106.0800,1.799748
_1239_,VPWR,li1,132.2500,100.6400,1.799810
_1238_,VPWR,li1,117.0700,100.6400,1.799814
_1237_,VPWR,li1,113.3900,100.6400,1.799816
_1236_,VPWR,li1,113.8500,95.2000,1.799713
_1235_,VPWR,li1,112.0100,116.9600,1.799882
_1234_,VPWR,li1,97.7500,68.0000,1.799815
_1233_,VPWR,li1,83.4900,68.0000,1.799826
_1232_,VPWR,li1,110.6300,89.7600,1.799817
_1231_,VPWR,li1,84.8700,73.4400,1.799898
_1230_,VPWR,li1,61.4100,89.7600,1.799885
_1229_,VPWR,li1,103.7300,73.4400,1.799889
_1228_,VPWR,li1,119.8300,40.8000,1.799868
_1227_,VPWR,li1,118.4500,35.3600,1.799856
_1226_,VPWR,li1,116.1500,51.6800,1.799825
_1225_,VPWR,li1,116.6100,57.1200,1.799828
_1224_,VPWR,li1,133.6300,40.8000,1.799864
_1223_,VPWR,li1,140.0700,35.3600,1.799847
_1222_,VPWR,li1,138.6900,35.3600,1.799847
_1221_,VPWR,li1,140.5300,51.6800,1.799821
_1220_,VPWR,li1,137.7700,62.5600,1.799778
_1219_,VPWR,li1,139.6100,62.5600,1.799778
_1218_,VPWR,li1,140.0700,73.4400,1.799882
_1217_,VPWR,li1,139.6100,78.8800,1.799799
_1216_,VPWR,li1,118.4500,68.0000,1.799806
_1215_,VPWR,li1,119.8300,78.8800,1.799802
_1214_,VPWR,li1,116.6100,84.3200,1.799810
_1213_,VPWR,li1,113.3900,68.0000,1.799808
_1212_,VPWR,li1,69.2300,78.8800,1.799845
_1211_,VPWR,li1,56.8100,133.2800,1.799857
_1210_,VPWR,li1,78.8900,133.2800,1.799826
_1209_,VPWR,li1,29.2100,144.1600,1.799980
_1208_,VPWR,li1,23.6900,149.6000,1.799997
_1207_,VPWR,li1,17.7100,144.1600,1.799986
_1206_,VPWR,li1,20.0100,138.7200,1.799989
_1205_,VPWR,li1,19.0900,133.2800,1.799958
_1204_,VPWR,li1,27.3700,133.2800,1.799939
_1203_,VPWR,li1,20.0100,116.9600,1.799973
_1202_,VPWR,li1,26.4500,122.4000,1.799943
_1201_,VPWR,li1,16.7900,122.4000,1.799962
_1200_,VPWR,li1,68.7700,127.8400,1.799955
_1199_,VPWR,li1,77.9700,100.6400,1.799854
_1198_,VPWR,li1,58.6500,68.0000,1.799862
_1197_,VPWR,li1,65.0900,51.6800,1.799879
_1196_,VPWR,li1,52.2100,78.8800,1.799883
_1195_,VPWR,li1,52.2100,62.5600,1.799896
_1194_,VPWR,li1,88.0900,73.4400,1.799896
_1193_,VPWR,li1,51.2900,62.5600,1.799896
_1192_,VPWR,li1,88.0900,19.0400,1.799829
_1191_,VPWR,li1,68.3100,19.0400,1.799860
_1190_,VPWR,li1,101.4300,51.6800,1.799831
_1189_,VPWR,li1,94.5300,89.7600,1.799831
_1188_,VPWR,li1,68.3100,57.1200,1.799853
_1187_,VPWR,li1,110.6300,40.8000,1.799873
_1186_,VPWR,li1,64.6300,46.2400,1.799775
_1185_,VPWR,li1,90.8500,13.6000,1.799894
_1184_,VPWR,li1,84.4100,24.4800,1.799802
_1183_,VPWR,li1,123.0500,19.0400,1.799804
_1182_,VPWR,li1,128.1100,19.0400,1.799802
_1181_,VPWR,li1,118.4500,29.9200,1.799674
_1180_,VPWR,li1,90.8500,24.4800,1.799792
_1179_,VPWR,li1,77.9700,19.0400,1.799843
_1178_,VPWR,li1,127.6500,13.6000,1.799875
_1177_,VPWR,li1,90.3900,29.9200,1.799718
_1176_,VPWR,li1,77.0500,13.6000,1.799907
_1175_,VPWR,li1,101.8900,40.8000,1.799879
_1174_,VPWR,li1,84.4100,19.0400,1.799836
_1173_,VPWR,li1,101.8900,35.3600,1.799866
_1172_,VPWR,li1,62.3300,73.4400,1.799920
_1171_,VPWR,li1,52.6700,73.4400,1.799933
_1170_,VPWR,li1,68.7700,51.6800,1.799872
_1169_,VPWR,li1,65.0900,62.5600,1.799869
_1168_,VPWR,li1,59.1100,57.1200,1.799871
_1167_,VPWR,li1,79.8100,57.1200,1.799842
_1166_,VPWR,li1,75.2100,35.3600,1.799893
_1165_,VPWR,li1,100.0500,62.5600,1.799814
_1164_,VPWR,li1,89.4700,57.1200,1.799836
_1163_,VPWR,li1,64.6300,40.8000,1.799921
_1162_,VPWR,li1,96.8300,51.6800,1.799834
_1161_,VPWR,li1,77.9700,35.3600,1.799891
_1160_,VPWR,li1,83.4900,40.8000,1.799898
_1159_,VPWR,li1,102.8100,57.1200,1.799831
_1158_,VPWR,li1,75.2100,100.6400,1.799857
_1157_,VPWR,li1,75.6700,106.0800,1.799811
_1156_,VPWR,li1,74.2900,95.2000,1.799772
_1155_,VPWR,li1,60.4900,116.9600,1.799914
_1154_,VPWR,li1,78.4300,122.4000,1.799790
_1153_,VPWR,li1,77.9700,116.9600,1.799897
_1152_,VPWR,li1,68.3100,116.9600,1.799906
_1151_,VPWR,li1,101.8900,84.3200,1.799814
_1150_,VPWR,li1,77.0500,84.3200,1.799852
_1149_,VPWR,li1,89.4700,89.7600,1.799837
_1148_,VPWR,li1,67.3900,84.3200,1.799870
_1147_,VPWR,li1,100.0500,78.8800,1.799810
_1146_,VPWR,li1,100.9700,89.7600,1.799824
_1145_,VPWR,li1,79.8100,89.7600,1.799853
_1144_,VPWR,li1,95.9100,106.0800,1.799769
_1143_,VPWR,li1,90.3900,106.0800,1.799781
_1142_,VPWR,li1,98.6700,100.6400,1.799826
_1141_,VPWR,li1,72.4500,73.4400,1.799908
_1140_,VPWR,li1,60.0300,122.4000,1.799838
_1139_,VPWR,li1,66.0100,144.1600,1.799960
_1138_,VPWR,li1,65.0900,138.7200,1.799961
_1137_,VPWR,li1,63.2500,144.1600,1.799961
_1136_,VPWR,li1,46.2300,144.1600,1.799967
_1135_,VPWR,li1,49.4500,144.1600,1.799966
_1134_,VPWR,li1,49.4500,133.2800,1.799878
_1133_,VPWR,li1,43.9300,122.4000,1.799891
_1132_,VPWR,li1,48.0700,116.9600,1.799930
_1131_,VPWR,li1,44.8500,111.5200,1.799909
_1130_,VPWR,li1,58.6500,100.6400,1.799888
_1129_,VPWR,li1,90.8500,122.4000,1.799755
_1128_,VPWR,li1,77.9700,57.1200,1.799844
_1127_,VPWR,li1,13.1100,73.4400,1.799979
_1126_,VPWR,li1,13.5700,68.0000,1.799959
_1125_,VPWR,li1,23.6900,73.4400,1.799978
_1124_,VPWR,li1,25.9900,68.0000,1.799943
_1123_,VPWR,li1,37.9500,78.8800,1.799920
_1122_,VPWR,li1,37.0300,62.5600,1.799933
_1121_,VPWR,li1,39.3300,68.0000,1.799906
_1120_,VPWR,li1,42.5500,62.5600,1.799916
_1119_,VPWR,li1,42.5500,78.8800,1.799907
_1118_,VPWR,li1,49.9100,35.3600,1.799930
_1117_,VPWR,li1,24.6100,35.3600,1.799975
_1116_,VPWR,li1,25.5300,29.9200,1.799935
_1115_,VPWR,li1,25.0700,29.9200,1.799935
_1114_,VPWR,li1,39.3300,29.9200,1.799878
_1113_,VPWR,li1,42.0900,29.9200,1.799868
_1112_,VPWR,li1,42.5500,24.4800,1.799901
_1111_,VPWR,li1,52.2100,35.3600,1.799926
_1110_,VPWR,li1,77.9700,68.0000,1.799832
_1109_,VPWR,li1,100.9700,40.8000,1.799879
_1108_,VPWR,li1,98.6700,35.3600,1.799869
_1107_,VPWR,li1,103.7300,46.2400,1.799713
_1106_,VPWR,li1,80.7300,46.2400,1.799744
_1105_,VPWR,li1,37.4900,84.3200,1.799929
_1104_,VPWR,li1,24.1500,89.7600,1.799965
_1103_,VPWR,li1,12.1900,100.6400,1.799972
_1102_,VPWR,li1,12.6500,106.0800,1.799957
_1101_,VPWR,li1,13.1100,111.5200,1.799965
_1100_,VPWR,li1,12.6500,111.5200,1.799965
_1099_,VPWR,li1,12.1900,106.0800,1.799957
_1098_,VPWR,li1,38.4100,95.2000,1.799877
_1097_,VPWR,li1,57.2700,84.3200,1.799886
_1096_,VPWR,li1,110.6300,19.0400,1.799810
_1095_,VPWR,li1,113.8500,13.6000,1.799880
_1094_,VPWR,li1,109.2500,24.4800,1.799759
_1093_,VPWR,li1,108.7900,29.9200,1.799689
_1092_,VPWR,li1,97.7500,19.0400,1.799819
_1091_,VPWR,li1,100.9700,19.0400,1.799816
_1090_,VPWR,li1,122.1300,24.4800,1.799749
_1089_,VPWR,li1,12.1900,84.3200,1.799967
_1088_,VPWR,li1,12.6500,51.6800,1.799971
_1087_,VPWR,li1,12.6500,84.3200,1.799967
_1086_,VPWR,li1,13.5700,46.2400,1.799942
_1085_,VPWR,li1,13.5700,89.7600,1.799972
_1084_,VPWR,li1,13.5700,57.1200,1.799970
_1083_,VPWR,li1,21.8500,84.3200,1.799970
_1082_,VPWR,li1,14.9500,51.6800,1.799971
_1081_,VPWR,li1,77.0500,13.6000,1.799907
_1080_,VPWR,li1,67.8500,24.4800,1.799838
_1079_,VPWR,li1,142.3700,95.2000,1.799692
_1078_,VPWR,li1,142.3700,89.7600,1.799801
_1077_,VPWR,li1,123.9700,13.6000,1.799875
_1076_,VPWR,li1,60.4900,19.0400,1.799875
_1075_,VPWR,li1,50.8300,19.0400,1.799892
_1074_,VPWR,li1,29.6700,19.0400,1.799944
_1073_,VPWR,li1,12.1900,24.4800,1.799961
_1072_,VPWR,li1,39.3300,19.0400,1.799921
_1071_,VPWR,li1,16.7900,13.6000,1.799981
_1070_,VPWR,li1,13.5700,19.0400,1.799966
_1069_,VPWR,li1,140.0700,89.7600,1.799802
_1068_,VPWR,li1,130.4100,89.7600,1.799805
_1067_,VPWR,li1,89.4700,133.2800,1.799818
_1066_,VPWR,li1,93.6100,127.8400,1.799941
_1065_,VPWR,li1,99.1300,122.4000,1.799740
_1064_,VPWR,li1,46.2300,106.0800,1.799884
_1063_,VPWR,li1,52.2100,100.6400,1.799899
_1062_,VPWR,li1,62.7900,106.0800,1.799840
_1061_,VPWR,li1,103.7300,111.5200,1.799854
_1060_,VPWR,li1,60.9500,95.2000,1.799805
_1059_,VPWR,li1,98.6700,122.4000,1.799740
_1058_,VPWR,li1,105.1100,138.7200,1.799948
_1057_,VPWR,li1,102.8100,133.2800,1.799810
_1056_,VPWR,li1,117.0700,133.2800,1.799805
_1055_,VPWR,li1,118.9100,122.4000,1.799714
_1054_,VPWR,li1,129.9500,138.7200,1.799944
_1053_,VPWR,li1,141.9100,133.2800,1.799800
_1052_,VPWR,li1,145.1300,127.8400,1.799931
_1051_,VPWR,li1,141.9100,122.4000,1.799698
_1050_,VPWR,li1,140.9900,116.9600,1.799881
_1049_,VPWR,li1,142.3700,111.5200,1.799841
_1048_,VPWR,li1,141.9100,100.6400,1.799809
_1047_,VPWR,li1,129.4900,89.7600,1.799805
_1046_,VPWR,li1,117.5300,95.2000,1.799709
_1045_,VPWR,li1,113.8500,95.2000,1.799713
_1044_,VPWR,li1,114.3100,89.7600,1.799814
_1043_,VPWR,li1,111.0900,116.9600,1.799882
_1042_,VPWR,li1,106.4900,68.0000,1.799810
_1041_,VPWR,li1,85.3300,68.0000,1.799824
_1040_,VPWR,li1,108.3300,84.3200,1.799812
_1039_,VPWR,li1,89.9300,68.0000,1.799820
_1038_,VPWR,li1,63.7100,84.3200,1.799873
_1037_,VPWR,li1,106.4900,62.5600,1.799806
_1036_,VPWR,li1,124.8900,35.3600,1.799853
_1035_,VPWR,li1,123.5100,35.3600,1.799853
_1034_,VPWR,li1,116.1500,46.2400,1.799713
_1033_,VPWR,li1,119.3700,57.1200,1.799827
_1032_,VPWR,li1,132.2500,35.3600,1.799850
_1031_,VPWR,li1,141.4500,19.0400,1.799801
_1030_,VPWR,li1,132.7100,29.9200,1.799658
_1029_,VPWR,li1,141.9100,46.2400,1.799713
_1028_,VPWR,li1,141.4500,57.1200,1.799827
_1027_,VPWR,li1,141.9100,57.1200,1.799827
_1026_,VPWR,li1,141.9100,68.0000,1.799805
_1025_,VPWR,li1,141.9100,73.4400,1.799882
_1024_,VPWR,li1,119.8300,68.0000,1.799806
_1023_,VPWR,li1,120.7500,84.3200,1.799809
_1022_,VPWR,li1,123.5100,84.3200,1.799809
_1021_,VPWR,li1,112.0100,68.0000,1.799808
_1020_,VPWR,li1,64.1700,68.0000,1.799850
_1019_,VPWR,li1,59.1100,127.8400,1.799962
_1018_,VPWR,li1,79.8100,127.8400,1.799949
_1017_,VPWR,li1,29.6700,144.1600,1.799980
_1016_,VPWR,li1,25.0700,149.6000,1.799997
_1015_,VPWR,li1,24.1500,144.1600,1.799985
_1014_,VPWR,li1,21.8500,144.1600,1.799987
_1013_,VPWR,li1,21.3900,138.7200,1.799989
_1012_,VPWR,li1,28.7500,127.8400,1.799985
_1011_,VPWR,li1,26.4500,116.9600,1.799963
_1010_,VPWR,li1,27.3700,122.4000,1.799943
_1009_,VPWR,li1,24.1500,122.4000,1.799951
_1008_,VPWR,li1,71.9900,133.2800,1.799833
_1007_,VPWR,li1,81.1900,95.2000,1.799760
_1006_,VPWR,li1,71.5300,100.6400,1.799866
_1005_,VPWR,li1,77.9700,111.5200,1.799870
_1004_,VPWR,li1,74.7500,111.5200,1.799872
_1003_,VPWR,li1,54.0500,111.5200,1.799887
_1002_,VPWR,li1,80.2700,111.5200,1.799868
_1001_,VPWR,li1,84.4100,116.9600,1.799894
_1000_,VPWR,li1,68.3100,122.4000,1.799815
_0999_,VPWR,li1,106.9500,78.8800,1.799807
_0998_,VPWR,li1,79.3500,89.7600,1.799853
_0997_,VPWR,li1,90.8500,84.3200,1.799831
_0996_,VPWR,li1,65.0900,89.7600,1.799878
_0995_,VPWR,li1,103.2700,78.8800,1.799809
_0994_,VPWR,li1,105.5700,89.7600,1.799820
_0993_,VPWR,li1,85.3300,89.7600,1.799844
_0992_,VPWR,li1,101.8900,111.5200,1.799854
_0991_,VPWR,li1,89.4700,106.0800,1.799781
_0990_,VPWR,li1,100.0500,95.2000,1.799732
_0989_,VPWR,li1,71.5300,68.0000,1.799839
_0988_,VPWR,li1,60.0300,122.4000,1.799838
_0987_,VPWR,li1,68.7700,138.7200,1.799960
_0986_,VPWR,li1,72.4500,138.7200,1.799958
_0985_,VPWR,li1,65.5500,149.6000,1.799996
_0984_,VPWR,li1,49.9100,149.6000,1.799996
_0983_,VPWR,li1,54.9700,138.7200,1.799968
_0982_,VPWR,li1,51.7500,138.7200,1.799970
_0981_,VPWR,li1,41.6300,116.9600,1.799939
_0980_,VPWR,li1,48.0700,116.9600,1.799930
_0979_,VPWR,li1,44.3900,106.0800,1.799889
_0978_,VPWR,li1,59.5700,106.0800,1.799847
_0977_,VPWR,li1,92.2300,116.9600,1.799888
_0976_,VPWR,li1,138.2300,78.8800,1.799799
_0975_,VPWR,li1,81.1900,133.2800,1.799824
_0974_,VPWR,li1,33.8100,40.8000,1.799965
_0973_,VPWR,li1,42.0900,46.2400,1.799849
_0972_,VPWR,li1,24.6100,35.3600,1.799975
_0971_,VPWR,li1,47.1500,46.2400,1.799828
_0970_,VPWR,li1,54.9700,51.6800,1.799898
_0969_,VPWR,li1,29.6700,40.8000,1.799970
_0968_,VPWR,li1,38.8700,51.6800,1.799933
_0967_,VPWR,li1,25.5300,40.8000,1.799976
_0966_,VPWR,li1,24.6100,111.5200,1.799958
_0965_,VPWR,li1,35.1900,106.0800,1.799917
_0964_,VPWR,li1,26.9100,95.2000,1.799923
_0963_,VPWR,li1,40.7100,100.6400,1.799925
_0962_,VPWR,li1,48.0700,89.7600,1.799913
_0961_,VPWR,li1,25.5300,100.6400,1.799962
_0960_,VPWR,li1,29.2100,111.5200,1.799946
_0959_,VPWR,li1,35.1900,89.7600,1.799940
_0958_,VPWR,li1,79.8100,51.6800,1.799855
_0957_,VPWR,li1,86.2500,51.6800,1.799846
_0956_,VPWR,li1,17.0200,68.0000,1.799960
_0955_,VPWR,li1,16.1000,73.4400,1.799980
_0954_,VPWR,li1,14.0300,68.0000,1.799959
_0953_,VPWR,li1,16.5600,62.5600,1.799973
_0952_,VPWR,li1,19.5500,68.0000,1.799960
_0951_,VPWR,li1,20.9300,62.5600,1.799973
_0950_,VPWR,li1,20.7000,73.4400,1.799981
_0949_,VPWR,li1,24.8400,73.4400,1.799974
_0948_,VPWR,li1,23.6900,78.8800,1.799962
_0947_,VPWR,li1,23.9200,62.5600,1.799968
_0946_,VPWR,li1,20.7000,68.0000,1.799960
_0945_,VPWR,li1,27.3700,62.5600,1.799956
_0944_,VPWR,li1,34.9600,73.4400,1.799961
_0943_,VPWR,li1,33.3500,73.4400,1.799961
_0942_,VPWR,li1,35.6500,73.4400,1.799958
_0941_,VPWR,li1,32.6600,68.0000,1.799928
_0940_,VPWR,li1,35.6500,68.0000,1.799916
_0939_,VPWR,li1,40.9400,57.1200,1.799923
_0938_,VPWR,li1,35.8800,62.5600,1.799933
_0937_,VPWR,li1,37.2600,57.1200,1.799929
_0936_,VPWR,li1,39.3300,68.0000,1.799906
_0935_,VPWR,li1,42.3200,68.0000,1.799899
_0934_,VPWR,li1,39.3300,57.1200,1.799923
_0933_,VPWR,li1,32.8900,62.5600,1.799945
_0932_,VPWR,li1,43.0100,62.5600,1.799916
_0931_,VPWR,li1,37.9500,73.4400,1.799955
_0930_,VPWR,li1,43.4700,84.3200,1.799919
_0929_,VPWR,li1,41.1700,73.4400,1.799950
_0928_,VPWR,li1,27.6000,62.5600,1.799956
_0927_,VPWR,li1,29.4400,78.8800,1.799948
_0926_,VPWR,li1,30.5900,84.3200,1.799947
_0925_,VPWR,li1,18.1700,78.8800,1.799970
_0924_,VPWR,li1,25.9900,57.1200,1.799961
_0923_,VPWR,li1,24.6100,78.8800,1.799962
_0922_,VPWR,li1,25.0700,57.1200,1.799961
_0921_,VPWR,li1,24.6100,84.3200,1.799961
_0920_,VPWR,li1,18.6300,57.1200,1.799971
_0919_,VPWR,li1,22.7700,62.5600,1.799968
_0918_,VPWR,li1,50.1400,29.9200,1.799842
_0917_,VPWR,li1,54.9700,19.0400,1.799884
_0916_,VPWR,li1,25.7600,24.4800,1.799948
_0915_,VPWR,li1,50.8300,19.0400,1.799892
_0914_,VPWR,li1,33.5800,29.9200,1.799905
_0913_,VPWR,li1,33.8100,13.6000,1.799965
_0912_,VPWR,li1,20.7000,35.3600,1.799980
_0911_,VPWR,li1,25.9900,24.4800,1.799948
_0910_,VPWR,li1,35.8800,24.4800,1.799919
_0909_,VPWR,li1,43.0100,19.0400,1.799910
_0908_,VPWR,li1,35.8800,35.3600,1.799955
_0907_,VPWR,li1,29.2100,13.6000,1.799972
_0906_,VPWR,li1,40.0200,35.3600,1.799947
_0905_,VPWR,li1,24.1500,19.0400,1.799959
_0904_,VPWR,li1,56.3500,29.9200,1.799818
_0903_,VPWR,li1,59.1100,24.4800,1.799859
_0902_,VPWR,li1,53.5900,29.9200,1.799826
_0901_,VPWR,li1,60.0300,29.9200,1.799803
_0900_,VPWR,li1,71.9900,62.5600,1.799857
_0899_,VPWR,li1,92.4600,40.8000,1.799888
_0898_,VPWR,li1,92.4600,40.8000,1.799888
_0897_,VPWR,li1,88.7800,40.8000,1.799892
_0896_,VPWR,li1,89.0100,46.2400,1.799726
_0895_,VPWR,li1,102.8100,51.6800,1.799831
_0894_,VPWR,li1,101.8900,57.1200,1.799831
_0893_,VPWR,li1,75.4400,46.2400,1.799752
_0892_,VPWR,li1,37.9500,84.3200,1.799929
_0891_,VPWR,li1,43.4700,89.7600,1.799924
_0890_,VPWR,li1,25.0700,89.7600,1.799965
_0889_,VPWR,li1,29.2100,89.7600,1.799954
_0888_,VPWR,li1,14.4900,95.2000,1.799949
_0887_,VPWR,li1,17.2500,100.6400,1.799973
_0886_,VPWR,li1,14.4900,100.6400,1.799973
_0885_,VPWR,li1,18.6300,100.6400,1.799973
_0884_,VPWR,li1,14.9500,116.9600,1.799973
_0883_,VPWR,li1,8.0500,111.5200,1.799965
_0882_,VPWR,li1,18.1700,106.0800,1.799959
_0881_,VPWR,li1,29.2100,116.9600,1.799958
_0880_,VPWR,li1,10.3500,100.6400,1.799972
_0879_,VPWR,li1,31.9700,106.0800,1.799932
_0878_,VPWR,li1,39.3300,89.7600,1.799931
_0877_,VPWR,li1,36.5700,100.6400,1.799938
_0876_,VPWR,li1,54.9700,89.7600,1.799898
_0875_,VPWR,li1,59.3400,78.8800,1.799867
_0874_,VPWR,li1,106.4900,19.0400,1.799813
_0873_,VPWR,li1,111.0900,19.0400,1.799810
_0872_,VPWR,li1,102.3500,29.9200,1.799698
_0871_,VPWR,li1,101.8900,29.9200,1.799698
_0870_,VPWR,li1,103.2700,24.4800,1.799770
_0869_,VPWR,li1,105.1100,29.9200,1.799693
_0868_,VPWR,li1,97.7500,29.9200,1.799705
_0867_,VPWR,li1,93.6100,24.4800,1.799785
_0866_,VPWR,li1,97.2900,24.4800,1.799779
_0865_,VPWR,li1,97.7500,24.4800,1.799779
_0864_,VPWR,li1,124.8900,29.9200,1.799667
_0863_,VPWR,li1,115.6900,24.4800,1.799753
_0862_,VPWR,li1,128.5700,29.9200,1.799661
_0861_,VPWR,li1,11.7300,95.2000,1.799949
_0860_,VPWR,li1,11.7300,46.2400,1.799942
_0859_,VPWR,li1,11.7300,78.8800,1.799970
_0858_,VPWR,li1,20.9300,51.6800,1.799974
_0857_,VPWR,li1,12.1900,89.7600,1.799972
_0856_,VPWR,li1,13.1100,57.1200,1.799970
_0855_,VPWR,li1,20.9300,89.7600,1.799973
_0854_,VPWR,li1,13.1100,62.5600,1.799972
_0853_,VPWR,li1,75.6700,19.0400,1.799847
_0852_,VPWR,li1,67.8500,19.0400,1.799860
_0851_,VPWR,li1,141.9100,84.3200,1.799807
_0850_,VPWR,li1,141.9100,95.2000,1.799692
_0849_,VPWR,li1,128.8000,24.4800,1.799745
_0848_,VPWR,li1,141.9100,19.0400,1.799801
_0847_,VPWR,li1,60.0300,13.6000,1.799929
_0846_,VPWR,li1,54.5100,13.6000,1.799936
_0845_,VPWR,li1,35.1900,24.4800,1.799919
_0844_,VPWR,li1,11.7300,24.4800,1.799961
_0843_,VPWR,li1,40.7100,13.6000,1.799956
_0842_,VPWR,li1,18.1700,19.0400,1.799967
_0841_,VPWR,li1,15.4100,13.6000,1.799981
_0840_,VPWR,li1,129.4900,84.3200,1.799808
_0839_,VPWR,li1,72.2200,95.2000,1.799777
_0838_,VPWR,li1,48.7600,40.8000,1.799943
_0837_,VPWR,li1,46.6900,40.8000,1.799946
_0836_,VPWR,li1,33.5800,35.3600,1.799959
_0835_,VPWR,li1,45.3100,40.8000,1.799949
_0834_,VPWR,li1,36.8000,40.8000,1.799960
_0833_,VPWR,li1,42.0900,40.8000,1.799953
_0832_,VPWR,li1,42.5500,51.6800,1.799924
_0831_,VPWR,li1,33.3500,40.8000,1.799965
_0830_,VPWR,li1,100.0500,133.2800,1.799811
_0829_,VPWR,li1,109.2500,133.2800,1.799808
_0828_,VPWR,li1,106.0300,133.2800,1.799808
_0827_,VPWR,li1,103.7300,127.8400,1.799938
_0826_,VPWR,li1,106.9500,127.8400,1.799937
_0825_,VPWR,li1,114.0800,127.8400,1.799936
_0824_,VPWR,li1,119.6000,127.8400,1.799934
_0823_,VPWR,li1,123.7400,127.8400,1.799934
_0822_,VPWR,li1,115.9200,122.4000,1.799717
_0821_,VPWR,li1,126.2700,127.8400,1.799933
_0820_,VPWR,li1,111.5500,127.8400,1.799936
_0819_,VPWR,li1,128.5700,133.2800,1.799802
_0818_,VPWR,li1,126.2700,127.8400,1.799933
_0817_,VPWR,li1,123.7400,127.8400,1.799934
_0816_,VPWR,li1,132.0200,127.8400,1.799932
_0815_,VPWR,li1,132.9400,133.2800,1.799801
_0814_,VPWR,li1,128.8000,127.8400,1.799933
_0813_,VPWR,li1,136.3900,133.2800,1.799801
_0812_,VPWR,li1,139.6100,127.8400,1.799931
_0811_,VPWR,li1,135.0100,122.4000,1.799699
_0810_,VPWR,li1,132.0200,127.8400,1.799932
_0809_,VPWR,li1,128.8000,127.8400,1.799933
_0808_,VPWR,li1,131.7900,122.4000,1.799700
_0807_,VPWR,li1,128.5700,111.5200,1.799844
_0806_,VPWR,li1,130.8700,116.9600,1.799881
_0805_,VPWR,li1,132.0200,111.5200,1.799843
_0804_,VPWR,li1,129.7200,111.5200,1.799844
_0803_,VPWR,li1,133.1700,116.9600,1.799881
_0802_,VPWR,li1,127.1900,111.5200,1.799845
_0801_,VPWR,li1,132.0200,106.0800,1.799750
_0800_,VPWR,li1,128.3400,106.0800,1.799751
_0799_,VPWR,li1,130.6400,106.0800,1.799750
_0798_,VPWR,li1,128.1100,106.0800,1.799751
_0797_,VPWR,li1,133.1700,106.0800,1.799750
_0796_,VPWR,li1,115.4600,106.0800,1.799754
_0795_,VPWR,li1,112.0100,106.0800,1.799755
_0794_,VPWR,li1,119.1400,106.0800,1.799753
_0793_,VPWR,li1,110.6300,100.6400,1.799818
_0792_,VPWR,li1,114.7700,106.0800,1.799754
_0791_,VPWR,li1,108.1000,106.0800,1.799756
_0790_,VPWR,li1,112.0100,111.5200,1.799851
_0789_,VPWR,li1,110.1700,106.0800,1.799756
_0788_,VPWR,li1,116.3800,111.5200,1.799849
_0787_,VPWR,li1,111.0900,111.5200,1.799851
_0786_,VPWR,li1,113.3900,46.2400,1.799713
_0785_,VPWR,li1,123.5100,40.8000,1.799867
_0784_,VPWR,li1,113.3900,40.8000,1.799872
_0783_,VPWR,li1,117.5300,40.8000,1.799870
_0782_,VPWR,li1,116.1500,46.2400,1.799713
_0781_,VPWR,li1,116.8400,51.6800,1.799825
_0780_,VPWR,li1,126.9600,51.6800,1.799823
_0779_,VPWR,li1,123.7400,51.6800,1.799824
_0778_,VPWR,li1,123.2800,51.6800,1.799824
_0777_,VPWR,li1,118.9100,46.2400,1.799713
_0776_,VPWR,li1,120.2900,51.6800,1.799824
_0775_,VPWR,li1,132.7100,40.8000,1.799864
_0774_,VPWR,li1,130.8700,46.2400,1.799713
_0773_,VPWR,li1,130.1800,51.6800,1.799823
_0772_,VPWR,li1,136.1600,46.2400,1.799713
_0771_,VPWR,li1,136.6200,40.8000,1.799864
_0770_,VPWR,li1,132.9400,46.2400,1.799713
_0769_,VPWR,li1,142.8300,46.2400,1.799713
_0768_,VPWR,li1,136.3900,29.9200,1.799658
_0767_,VPWR,li1,132.7100,35.3600,1.799850
_0766_,VPWR,li1,136.6200,46.2400,1.799713
_0765_,VPWR,li1,134.3200,51.6800,1.799822
_0764_,VPWR,li1,136.3900,51.6800,1.799821
_0763_,VPWR,li1,131.3300,57.1200,1.799827
_0762_,VPWR,li1,132.7100,57.1200,1.799827
_0761_,VPWR,li1,136.6200,68.0000,1.799805
_0760_,VPWR,li1,134.7800,68.0000,1.799806
_0759_,VPWR,li1,137.3100,68.0000,1.799805
_0758_,VPWR,li1,132.2500,68.0000,1.799806
_0757_,VPWR,li1,132.9400,73.4400,1.799883
_0756_,VPWR,li1,132.9400,68.0000,1.799806
_0755_,VPWR,li1,136.1600,73.4400,1.799883
_0754_,VPWR,li1,138.6900,73.4400,1.799882
_0753_,VPWR,li1,135.0100,84.3200,1.799808
_0752_,VPWR,li1,118.2200,73.4400,1.799886
_0751_,VPWR,li1,114.7700,73.4400,1.799887
_0750_,VPWR,li1,123.7400,73.4400,1.799885
_0749_,VPWR,li1,117.0700,78.8800,1.799804
_0748_,VPWR,li1,119.8300,73.4400,1.799886
_0747_,VPWR,li1,113.6200,78.8800,1.799805
_0746_,VPWR,li1,117.9900,84.3200,1.799809
_0745_,VPWR,li1,119.8300,78.8800,1.799802
_0744_,VPWR,li1,119.6000,62.5600,1.799789
_0743_,VPWR,li1,113.8500,62.5600,1.799796
_0742_,VPWR,li1,66.9300,122.4000,1.799823
_0741_,VPWR,li1,61.6400,116.9600,1.799914
_0740_,VPWR,li1,71.9900,122.4000,1.799805
_0739_,VPWR,li1,72.4500,51.6800,1.799867
_0738_,VPWR,li1,68.3100,40.8000,1.799916
_0737_,VPWR,li1,87.6300,57.1200,1.799837
_0736_,VPWR,li1,91.0800,73.4400,1.799894
_0735_,VPWR,li1,106.4900,95.2000,1.799725
_0734_,VPWR,li1,84.6400,78.8800,1.799819
_0733_,VPWR,li1,92.0000,35.3600,1.799876
_0732_,VPWR,li1,97.7500,46.2400,1.799714
_0731_,VPWR,li1,88.5500,100.6400,1.799841
_0730_,VPWR,li1,136.3900,89.7600,1.799803
_0729_,VPWR,li1,39.1000,133.2800,1.799904
_0728_,VPWR,li1,38.1800,133.2800,1.799904
_0727_,VPWR,li1,34.0400,138.7200,1.799981
_0726_,VPWR,li1,29.2100,138.7200,1.799985
_0725_,VPWR,li1,36.1100,144.1600,1.799976
_0724_,VPWR,li1,34.7300,133.2800,1.799913
_0723_,VPWR,li1,34.7300,138.7200,1.799981
_0722_,VPWR,li1,34.7300,122.4000,1.799916
_0721_,VPWR,li1,31.9700,122.4000,1.799926
_0720_,VPWR,li1,30.5900,127.8400,1.799983
_0719_,VPWR,li1,34.7300,144.1600,1.799976
_0718_,VPWR,li1,118.6800,116.9600,1.799882
_0717_,VPWR,li1,123.0500,133.2800,1.799804
_0716_,VPWR,li1,136.3900,127.8400,1.799931
_0715_,VPWR,li1,114.3100,127.8400,1.799936
_0714_,VPWR,li1,119.6000,106.0800,1.799753
_0713_,VPWR,li1,129.0300,100.6400,1.799810
_0712_,VPWR,li1,123.2800,106.0800,1.799752
_0711_,VPWR,li1,130.1800,95.2000,1.799694
_0710_,VPWR,li1,132.7100,84.3200,1.799808
_0709_,VPWR,li1,132.7100,89.7600,1.799804
_0708_,VPWR,li1,125.1200,68.0000,1.799806
_0707_,VPWR,li1,126.2700,51.6800,1.799823
_0706_,VPWR,li1,139.6100,46.2400,1.799713
_0705_,VPWR,li1,121.6700,46.2400,1.799713
_0704_,VPWR,li1,123.7400,68.0000,1.799806
_0703_,VPWR,li1,129.0300,73.4400,1.799884
_0702_,VPWR,li1,128.8000,68.0000,1.799806
_0701_,VPWR,li1,130.8700,73.4400,1.799883
_0700_,VPWR,li1,131.3300,78.8800,1.799800
_0699_,VPWR,li1,49.9100,24.4800,1.799881
_0698_,VPWR,li1,20.9300,19.0400,1.799968
_0697_,VPWR,li1,59.3400,19.0400,1.799875
_0696_,VPWR,li1,37.9500,19.0400,1.799921
_0695_,VPWR,li1,54.0500,24.4800,1.799871
_0694_,VPWR,li1,53.5900,24.4800,1.799876
_0693_,VPWR,li1,13.1100,19.0400,1.799966
_0692_,VPWR,li1,8.5100,24.4800,1.799961
_0691_,VPWR,li1,17.2500,35.3600,1.799980
_0690_,VPWR,li1,43.0100,13.6000,1.799952
_0689_,VPWR,li1,62.3300,19.0400,1.799870
_0688_,VPWR,li1,59.5700,24.4800,1.799859
_0687_,VPWR,li1,32.8900,24.4800,1.799929
_0686_,VPWR,li1,15.4100,29.9200,1.799955
_0685_,VPWR,li1,55.4300,68.0000,1.799866
_0684_,VPWR,li1,65.3200,68.0000,1.799850
_0683_,VPWR,li1,65.0900,62.5600,1.799869
_0682_,VPWR,li1,72.2200,62.5600,1.799857
_0681_,VPWR,li1,97.9800,62.5600,1.799817
_0680_,VPWR,li1,76.5900,29.9200,1.799751
_0679_,VPWR,li1,68.3100,35.3600,1.799904
_0678_,VPWR,li1,65.5500,29.9200,1.799786
_0677_,VPWR,li1,63.2500,29.9200,1.799796
_0676_,VPWR,li1,75.4400,40.8000,1.799908
_0675_,VPWR,li1,89.4700,51.6800,1.799841
_0674_,VPWR,li1,88.7800,51.6800,1.799841
_0673_,VPWR,li1,64.6300,40.8000,1.799921
_0672_,VPWR,li1,71.7600,40.8000,1.799914
_0671_,VPWR,li1,60.4900,35.3600,1.799916
_0670_,VPWR,li1,95.2200,57.1200,1.799834
_0669_,VPWR,li1,94.0700,68.0000,1.799817
_0668_,VPWR,li1,88.0900,46.2400,1.799726
_0667_,VPWR,li1,67.6200,35.3600,1.799904
_0666_,VPWR,li1,68.5400,29.9200,1.799778
_0665_,VPWR,li1,79.5800,62.5600,1.799845
_0664_,VPWR,li1,58.6500,62.5600,1.799882
_0663_,VPWR,li1,61.4100,40.8000,1.799925
_0662_,VPWR,li1,63.9400,35.3600,1.799912
_0661_,VPWR,li1,65.0900,35.3600,1.799908
_0660_,VPWR,li1,62.3300,35.3600,1.799912
_0659_,VPWR,li1,63.2500,29.9200,1.799796
_0658_,VPWR,li1,51.9800,57.1200,1.799890
_0657_,VPWR,li1,85.1000,35.3600,1.799883
_0656_,VPWR,li1,72.9100,111.5200,1.799873
_0655_,VPWR,li1,68.7700,106.0800,1.799826
_0654_,VPWR,li1,68.3100,100.6400,1.799870
_0653_,VPWR,li1,71.7600,106.0800,1.799822
_0652_,VPWR,li1,67.1600,111.5200,1.799877
_0651_,VPWR,li1,75.4400,116.9600,1.799899
_0650_,VPWR,li1,74.5200,122.4000,1.799798
_0649_,VPWR,li1,61.8700,111.5200,1.799881
_0648_,VPWR,li1,58.6500,116.9600,1.799916
_0647_,VPWR,li1,80.5000,78.8800,1.799822
_0646_,VPWR,li1,93.6100,78.8800,1.799814
_0645_,VPWR,li1,93.8400,84.3200,1.799828
_0644_,VPWR,li1,68.0800,84.3200,1.799866
_0643_,VPWR,li1,87.4000,84.3200,1.799835
_0642_,VPWR,li1,64.1700,95.2000,1.799797
_0641_,VPWR,li1,99.3600,73.4400,1.799891
_0640_,VPWR,li1,98.4400,95.2000,1.799735
_0639_,VPWR,li1,102.3500,106.0800,1.799758
_0638_,VPWR,li1,91.7700,100.6400,1.799837
_0637_,VPWR,li1,94.5300,95.2000,1.799743
_0636_,VPWR,li1,98.2100,111.5200,1.799856
_0635_,VPWR,li1,105.5700,106.0800,1.799757
_0634_,VPWR,li1,15.4100,144.1600,1.799986
_0633_,VPWR,li1,14.9500,149.6000,1.799997
_0632_,VPWR,li1,9.4300,149.6000,1.799997
_0631_,VPWR,li1,9.4300,149.6000,1.799997
_0630_,VPWR,li1,11.7300,144.1600,1.799986
_0629_,VPWR,li1,12.1900,149.6000,1.799997
_0628_,VPWR,li1,24.3800,138.7200,1.799988
_0627_,VPWR,li1,12.1900,138.7200,1.799988
_0626_,VPWR,li1,20.0100,133.2800,1.799959
_0625_,VPWR,li1,15.8700,133.2800,1.799958
_0624_,VPWR,li1,11.5000,127.8400,1.799991
_0623_,VPWR,li1,14.4900,127.8400,1.799991
_0622_,VPWR,li1,20.4700,127.8400,1.799991
_0621_,VPWR,li1,8.0500,127.8400,1.799991
_0620_,VPWR,li1,15.8700,138.7200,1.799989
_0619_,VPWR,li1,14.4900,122.4000,1.799962
_0618_,VPWR,li1,84.1800,29.9200,1.799734
_0617_,VPWR,li1,86.9400,35.3600,1.799881
_0616_,VPWR,li1,53.8200,78.8800,1.799879
_0615_,VPWR,li1,58.8800,51.6800,1.799894
_0614_,VPWR,li1,94.3000,78.8800,1.799814
_0613_,VPWR,li1,96.8300,78.8800,1.799812
_0612_,VPWR,li1,62.3300,89.7600,1.799885
_0611_,VPWR,li1,90.6200,100.6400,1.799837
_0610_,VPWR,li1,60.7200,84.3200,1.799879
_0609_,VPWR,li1,113.6200,35.3600,1.799859
_0608_,VPWR,li1,106.4900,13.6000,1.799884
_0607_,VPWR,li1,123.7400,24.4800,1.799747
_0606_,VPWR,li1,89.9300,127.8400,1.799943
_0605_,VPWR,li1,90.3900,127.8400,1.799943
_0604_,VPWR,li1,55.4300,95.2000,1.799822
_0603_,VPWR,li1,62.7900,100.6400,1.799878
_0602_,VPWR,li1,38.8700,116.9600,1.799944
_0601_,VPWR,li1,38.4100,116.9600,1.799944
_0600_,VPWR,li1,42.3200,122.4000,1.799891
_0599_,VPWR,li1,38.8700,122.4000,1.799902
_0598_,VPWR,li1,45.7700,127.8400,1.799973
_0597_,VPWR,li1,42.5500,127.8400,1.799974
_0596_,VPWR,li1,46.6900,138.7200,1.799973
_0595_,VPWR,li1,48.0700,133.2800,1.799878
_0594_,VPWR,li1,42.3200,144.1600,1.799971
_0593_,VPWR,li1,43.9300,138.7200,1.799975
_0592_,VPWR,li1,48.9900,149.6000,1.799996
_0591_,VPWR,li1,46.2300,149.6000,1.799996
_0590_,VPWR,li1,58.1900,149.6000,1.799996
_0589_,VPWR,li1,59.5700,144.1600,1.799962
_0588_,VPWR,li1,60.4900,133.2800,1.799852
_0587_,VPWR,li1,68.7700,133.2800,1.799837
_0586_,VPWR,li1,58.6500,138.7200,1.799965
_0585_,VPWR,li1,57.0400,144.1600,1.799963
_0584_,VPWR,li1,62.5600,138.7200,1.799963
_0583_,VPWR,li1,67.8500,133.2800,1.799837
_0582_,VPWR,li1,61.4100,149.6000,1.799996
_0581_,VPWR,li1,47.3800,138.7200,1.799973
_0580_,VPWR,li1,40.9400,138.7200,1.799977
_0579_,VPWR,li1,46.4600,122.4000,1.799879
_0578_,VPWR,li1,35.4200,116.9600,1.799949
_0577_,VPWR,li1,63.7100,122.4000,1.799828
_0576_,VPWR,li1,72.9100,73.4400,1.799908
_0575_,VPWR,li1,71.5300,78.8800,1.799840
_0574_,VPWR,li1,83.9500,138.7200,1.799954
_0573_,VPWR,li1,43.4700,100.6400,1.799920
_0572_,VPWR,li1,113.8500,122.4000,1.799721
_0571_,VPWR,li1,117.0700,62.5600,1.799794
_0570_,VPWR,li1,138.6900,29.9200,1.799657
_0569_,VPWR,li1,127.1900,89.7600,1.799807
_0568_,VPWR,li1,27.3700,144.1600,1.799983
_0567_,VPWR,li1,117.0700,127.8400,1.799935
_0566_,VPWR,li1,126.2700,111.5200,1.799845
_0565_,VPWR,li1,133.6300,100.6400,1.799809
_0564_,VPWR,li1,131.3300,100.6400,1.799810
_0563_,VPWR,li1,118.9100,100.6400,1.799814
_0562_,VPWR,li1,126.2700,57.1200,1.799827
_0561_,VPWR,li1,133.6300,62.5600,1.799780
_0560_,VPWR,li1,133.6300,73.4400,1.799883
_0559_,VPWR,li1,139.1500,68.0000,1.799805
_0558_,VPWR,li1,125.3500,78.8800,1.799802
_0557_,VPWR,li1,53.1300,68.0000,1.799875
_0556_,VPWR,li1,84.8700,57.1200,1.799839
_0555_,VPWR,li1,94.9900,57.1200,1.799834
_0554_,VPWR,li1,89.4700,62.5600,1.799829
_0553_,VPWR,li1,59.1100,62.5600,1.799882
_0552_,VPWR,li1,64.6300,111.5200,1.799879
_0551_,VPWR,li1,69.2300,78.8800,1.799845
_0550_,VPWR,li1,84.8700,84.3200,1.799839
_0549_,VPWR,li1,105.5700,78.8800,1.799808
_0548_,VPWR,li1,71.0700,116.9600,1.799904
_0547_,VPWR,li1,71.9900,122.4000,1.799805
_0546_,VPWR,li1,96.8300,68.0000,1.799816
_0545_,VPWR,li1,71.0700,46.2400,1.799761
_0544_,VPWR,li1,84.8700,35.3600,1.799883
_0543_,VPWR,li1,69.2300,68.0000,1.799845
_0542_,VPWR,li1,70.6100,29.9200,1.799769
_0541_,VPWR,li1,7.5900,122.4000,1.799962
_0540_,VPWR,li1,122.5900,19.0400,1.799804
_0539_,VPWR,li1,89.0100,89.7600,1.799840
_0538_,VPWR,li1,58.6500,95.2000,1.799815
_0537_,VPWR,li1,40.7100,138.7200,1.799977
_0536_,VPWR,li1,38.8700,138.7200,1.799979
_0535_,VPWR,li1,37.4900,138.7200,1.799979
_0534_,VPWR,li1,55.4300,138.7200,1.799968
_0533_,VPWR,li1,64.6300,111.5200,1.799879
