
===========================================================================
report_checks -path_delay min (Hold)
============================================================================
======================= nom_ss_100C_1v60 Corner ===================================

Startpoint: _1182_ (rising edge-triggered flip-flop clocked by i_clk)
Endpoint: _1077_ (removal check against rising-edge clock i_clk)
Path Group: asynchronous
Path Type: min

Fanout         Cap        Slew       Delay        Time   Description
---------------------------------------------------------------------------------------------
                      0.150000    0.000000    0.000000   clock i_clk (rise edge)
                                  0.000000    0.000000   clock network delay (ideal)
                      0.150000    0.000000    0.000000 ^ _1182_/CLK (sky130_fd_sc_hd__dfrtp_2)
     2    0.005355    0.090727    0.853173    0.853173 v _1182_/Q (sky130_fd_sc_hd__dfrtp_2)
                                                         u_i2c_master_controller.cntrl_fsm.intr_clr_reg2 (net)
                      0.090727    0.000000    0.853173 v _0849_/B (sky130_fd_sc_hd__nor3_2)
     1    0.003263    0.198317    0.256588    1.109760 ^ _0849_/Y (sky130_fd_sc_hd__nor3_2)
                                                         _0101_ (net)
                      0.198317    0.000000    1.109760 ^ _1077_/RESET_B (sky130_fd_sc_hd__dfrtp_2)
                                              1.109760   data arrival time

                      0.150000    0.000000    0.000000   clock i_clk (rise edge)
                                  0.000000    0.000000   clock network delay (ideal)
                                  0.250000    0.250000   clock uncertainty
                                  0.000000    0.250000   clock reconvergence pessimism
                                              0.250000 ^ _1077_/CLK (sky130_fd_sc_hd__dfrtp_2)
                                  0.720847    0.970847   library removal time
                                              0.970847   data required time
---------------------------------------------------------------------------------------------
                                              0.970847   data required time
                                             -1.109760   data arrival time
---------------------------------------------------------------------------------------------
                                              0.138913   slack (MET)


Startpoint: _1176_ (rising edge-triggered flip-flop clocked by i_clk)
Endpoint: _1174_ (rising edge-triggered flip-flop clocked by i_clk)
Path Group: i_clk
Path Type: min

Fanout         Cap        Slew       Delay        Time   Description
---------------------------------------------------------------------------------------------
                      0.150000    0.000000    0.000000   clock i_clk (rise edge)
                                  0.000000    0.000000   clock network delay (ideal)
                      0.150000    0.000000    0.000000 ^ _1176_/CLK (sky130_fd_sc_hd__dfrtp_2)
     1    0.001853    0.064404    0.700576    0.700576 ^ _1176_/Q (sky130_fd_sc_hd__dfrtp_2)
                                                         u_i2c_master_controller.cntrl_fsm.abort_reg1 (net)
                      0.064404    0.000000    0.700576 ^ _1174_/D (sky130_fd_sc_hd__dfrtp_2)
                                              0.700576   data arrival time

                      0.150000    0.000000    0.000000   clock i_clk (rise edge)
                                  0.000000    0.000000   clock network delay (ideal)
                                  0.250000    0.250000   clock uncertainty
                                  0.000000    0.250000   clock reconvergence pessimism
                                              0.250000 ^ _1174_/CLK (sky130_fd_sc_hd__dfrtp_2)
                                 -0.062500    0.187500   library hold time
                                              0.187500   data required time
---------------------------------------------------------------------------------------------
                                              0.187500   data required time
                                             -0.700576   data arrival time
---------------------------------------------------------------------------------------------
                                              0.513076   slack (MET)


Startpoint: _1184_ (rising edge-triggered flip-flop clocked by i_clk)
Endpoint: _1185_ (rising edge-triggered flip-flop clocked by i_clk)
Path Group: i_clk
Path Type: min

Fanout         Cap        Slew       Delay        Time   Description
---------------------------------------------------------------------------------------------
                      0.150000    0.000000    0.000000   clock i_clk (rise edge)
                                  0.000000    0.000000   clock network delay (ideal)
                      0.150000    0.000000    0.000000 ^ _1184_/CLK (sky130_fd_sc_hd__dfrtp_2)
     1    0.001853    0.064404    0.700576    0.700576 ^ _1184_/Q (sky130_fd_sc_hd__dfrtp_2)
                                                         u_i2c_master_controller.cntrl_fsm.start_reg1 (net)
                      0.064404    0.000000    0.700576 ^ _1185_/D (sky130_fd_sc_hd__dfrtp_2)
                                              0.700576   data arrival time

                      0.150000    0.000000    0.000000   clock i_clk (rise edge)
                                  0.000000    0.000000   clock network delay (ideal)
                                  0.250000    0.250000   clock uncertainty
                                  0.000000    0.250000   clock reconvergence pessimism
                                              0.250000 ^ _1185_/CLK (sky130_fd_sc_hd__dfrtp_2)
                                 -0.062500    0.187500   library hold time
                                              0.187500   data required time
---------------------------------------------------------------------------------------------
                                              0.187500   data required time
                                             -0.700576   data arrival time
---------------------------------------------------------------------------------------------
                                              0.513076   slack (MET)


Startpoint: _1256_ (rising edge-triggered flip-flop clocked by i_clk)
Endpoint: _1255_ (rising edge-triggered flip-flop clocked by i_clk)
Path Group: i_clk
Path Type: min

Fanout         Cap        Slew       Delay        Time   Description
---------------------------------------------------------------------------------------------
                      0.150000    0.000000    0.000000   clock i_clk (rise edge)
                                  0.000000    0.000000   clock network delay (ideal)
                      0.150000    0.000000    0.000000 ^ _1256_/CLK (sky130_fd_sc_hd__dfrtp_2)
     1    0.001853    0.064404    0.700576    0.700576 ^ _1256_/Q (sky130_fd_sc_hd__dfrtp_2)
                                                         u_i2c_master_controller.filter_sda.in_d1 (net)
                      0.064404    0.000000    0.700576 ^ _1255_/D (sky130_fd_sc_hd__dfrtp_2)
                                              0.700576   data arrival time

                      0.150000    0.000000    0.000000   clock i_clk (rise edge)
                                  0.000000    0.000000   clock network delay (ideal)
                                  0.250000    0.250000   clock uncertainty
                                  0.000000    0.250000   clock reconvergence pessimism
                                              0.250000 ^ _1255_/CLK (sky130_fd_sc_hd__dfrtp_2)
                                 -0.062500    0.187500   library hold time
                                              0.187500   data required time
---------------------------------------------------------------------------------------------
                                              0.187500   data required time
                                             -0.700576   data arrival time
---------------------------------------------------------------------------------------------
                                              0.513076   slack (MET)


Startpoint: _1259_ (rising edge-triggered flip-flop clocked by i_clk)
Endpoint: _1258_ (rising edge-triggered flip-flop clocked by i_clk)
Path Group: i_clk
Path Type: min

Fanout         Cap        Slew       Delay        Time   Description
---------------------------------------------------------------------------------------------
                      0.150000    0.000000    0.000000   clock i_clk (rise edge)
                                  0.000000    0.000000   clock network delay (ideal)
                      0.150000    0.000000    0.000000 ^ _1259_/CLK (sky130_fd_sc_hd__dfrtp_2)
     1    0.001853    0.064404    0.700576    0.700576 ^ _1259_/Q (sky130_fd_sc_hd__dfrtp_2)
                                                         u_i2c_master_controller.filter_scl.in_d1 (net)
                      0.064404    0.000000    0.700576 ^ _1258_/D (sky130_fd_sc_hd__dfrtp_2)
                                              0.700576   data arrival time

                      0.150000    0.000000    0.000000   clock i_clk (rise edge)
                                  0.000000    0.000000   clock network delay (ideal)
                                  0.250000    0.250000   clock uncertainty
                                  0.000000    0.250000   clock reconvergence pessimism
                                              0.250000 ^ _1258_/CLK (sky130_fd_sc_hd__dfrtp_2)
                                 -0.062500    0.187500   library hold time
                                              0.187500   data required time
---------------------------------------------------------------------------------------------
                                              0.187500   data required time
                                             -0.700576   data arrival time
---------------------------------------------------------------------------------------------
                                              0.513076   slack (MET)


Startpoint: _1261_ (rising edge-triggered flip-flop clocked by i_clk)
Endpoint: _1262_ (rising edge-triggered flip-flop clocked by i_clk)
Path Group: i_clk
Path Type: min

Fanout         Cap        Slew       Delay        Time   Description
---------------------------------------------------------------------------------------------
                      0.150000    0.000000    0.000000   clock i_clk (rise edge)
                                  0.000000    0.000000   clock network delay (ideal)
                      0.150000    0.000000    0.000000 ^ _1261_/CLK (sky130_fd_sc_hd__dfrtp_2)
     1    0.001853    0.064404    0.700576    0.700576 ^ _1261_/Q (sky130_fd_sc_hd__dfrtp_2)
                                                         u_i2c_master_controller.soft_reset_d1 (net)
                      0.064404    0.000000    0.700576 ^ _1262_/D (sky130_fd_sc_hd__dfrtp_2)
                                              0.700576   data arrival time

                      0.150000    0.000000    0.000000   clock i_clk (rise edge)
                                  0.000000    0.000000   clock network delay (ideal)
                                  0.250000    0.250000   clock uncertainty
                                  0.000000    0.250000   clock reconvergence pessimism
                                              0.250000 ^ _1262_/CLK (sky130_fd_sc_hd__dfrtp_2)
                                 -0.062500    0.187500   library hold time
                                              0.187500   data required time
---------------------------------------------------------------------------------------------
                                              0.187500   data required time
                                             -0.700576   data arrival time
---------------------------------------------------------------------------------------------
                                              0.513076   slack (MET)


Startpoint: _1183_ (rising edge-triggered flip-flop clocked by i_clk)
Endpoint: _1178_ (rising edge-triggered flip-flop clocked by i_clk)
Path Group: i_clk
Path Type: min

Fanout         Cap        Slew       Delay        Time   Description
---------------------------------------------------------------------------------------------
                      0.150000    0.000000    0.000000   clock i_clk (rise edge)
                                  0.000000    0.000000   clock network delay (ideal)
                      0.150000    0.000000    0.000000 ^ _1183_/CLK (sky130_fd_sc_hd__dfrtp_2)
     2    0.003312    0.075463    0.715144    0.715144 ^ _1183_/Q (sky130_fd_sc_hd__dfrtp_2)
                                                         u_i2c_master_controller.cntrl_fsm.intr_clr_reg (net)
                      0.075463    0.000000    0.715144 ^ _1178_/D (sky130_fd_sc_hd__dfrtp_2)
                                              0.715144   data arrival time

                      0.150000    0.000000    0.000000   clock i_clk (rise edge)
                                  0.000000    0.000000   clock network delay (ideal)
                                  0.250000    0.250000   clock uncertainty
                                  0.000000    0.250000   clock reconvergence pessimism
                                              0.250000 ^ _1178_/CLK (sky130_fd_sc_hd__dfrtp_2)
                                 -0.065013    0.184987   library hold time
                                              0.184987   data required time
---------------------------------------------------------------------------------------------
                                              0.184987   data required time
                                             -0.715144   data arrival time
---------------------------------------------------------------------------------------------
                                              0.530157   slack (MET)


Startpoint: _1078_ (rising edge-triggered flip-flop clocked by i_clk)
Endpoint: _1069_ (rising edge-triggered flip-flop clocked by i_clk)
Path Group: i_clk
Path Type: min

Fanout         Cap        Slew       Delay        Time   Description
---------------------------------------------------------------------------------------------
                      0.150000    0.000000    0.000000   clock i_clk (rise edge)
                                  0.000000    0.000000   clock network delay (ideal)
                      0.150000    0.000000    0.000000 ^ _1078_/CLK (sky130_fd_sc_hd__dfrtp_2)
     2    0.006231    0.096997    0.742171    0.742171 ^ _1078_/Q (sky130_fd_sc_hd__dfrtp_2)
                                                         u_i2c_master_controller.bps_mode[0] (net)
                      0.096997    0.000000    0.742171 ^ _0730_/B (sky130_fd_sc_hd__nor2_2)
     1    0.002189    0.028922    0.064681    0.806853 v _0730_/Y (sky130_fd_sc_hd__nor2_2)
                                                         _0050_ (net)
                      0.028922    0.000000    0.806853 v _1069_/D (sky130_fd_sc_hd__dfstp_2)
                                              0.806853   data arrival time

                      0.150000    0.000000    0.000000   clock i_clk (rise edge)
                                  0.000000    0.000000   clock network delay (ideal)
                                  0.250000    0.250000   clock uncertainty
                                  0.000000    0.250000   clock reconvergence pessimism
                                              0.250000 ^ _1069_/CLK (sky130_fd_sc_hd__dfstp_2)
                                  0.026229    0.276229   library hold time
                                              0.276229   data required time
---------------------------------------------------------------------------------------------
                                              0.276229   data required time
                                             -0.806853   data arrival time
---------------------------------------------------------------------------------------------
                                              0.530624   slack (MET)


Startpoint: _1187_ (rising edge-triggered flip-flop clocked by i_clk)
Endpoint: _1181_ (rising edge-triggered flip-flop clocked by i_clk)
Path Group: i_clk
Path Type: min

Fanout         Cap        Slew       Delay        Time   Description
---------------------------------------------------------------------------------------------
                      0.150000    0.000000    0.000000   clock i_clk (rise edge)
                                  0.000000    0.000000   clock network delay (ideal)
                      0.150000    0.000000    0.000000 ^ _1187_/CLK (sky130_fd_sc_hd__dfrtp_2)
     2    0.003457    0.076562    0.716592    0.716592 ^ _1187_/Q (sky130_fd_sc_hd__dfrtp_2)
                                                         u_i2c_master_controller.cntrl_fsm.abort_ack (net)
                      0.076562    0.000000    0.716592 ^ _1181_/D (sky130_fd_sc_hd__dfrtp_2)
                                              0.716592   data arrival time

                      0.150000    0.000000    0.000000   clock i_clk (rise edge)
                                  0.000000    0.000000   clock network delay (ideal)
                                  0.250000    0.250000   clock uncertainty
                                  0.000000    0.250000   clock reconvergence pessimism
                                              0.250000 ^ _1181_/CLK (sky130_fd_sc_hd__dfrtp_2)
                                 -0.065262    0.184738   library hold time
                                              0.184738   data required time
---------------------------------------------------------------------------------------------
                                              0.184738   data required time
                                             -0.716592   data arrival time
---------------------------------------------------------------------------------------------
                                              0.531854   slack (MET)


Startpoint: _1108_ (rising edge-triggered flip-flop clocked by i_clk)
Endpoint: _1173_ (rising edge-triggered flip-flop clocked by i_clk)
Path Group: i_clk
Path Type: min

Fanout         Cap        Slew       Delay        Time   Description
---------------------------------------------------------------------------------------------
                      0.150000    0.000000    0.000000   clock i_clk (rise edge)
                                  0.000000    0.000000   clock network delay (ideal)
                      0.150000    0.000000    0.000000 ^ _1108_/CLK (sky130_fd_sc_hd__dfrtp_2)
     3    0.005891    0.094717    0.739843    0.739843 ^ _1108_/Q (sky130_fd_sc_hd__dfrtp_2)
                                                         u_i2c_master_controller.cntrl_fsm.cntrl_fsm.o_tx_done (net)
                      0.094717    0.000000    0.739843 ^ _1173_/D (sky130_fd_sc_hd__dfrtp_2)
                                              0.739843   data arrival time

                      0.150000    0.000000    0.000000   clock i_clk (rise edge)
                                  0.000000    0.000000   clock network delay (ideal)
                                  0.250000    0.250000   clock uncertainty
                                  0.000000    0.250000   clock reconvergence pessimism
                                              0.250000 ^ _1173_/CLK (sky130_fd_sc_hd__dfrtp_2)
                                 -0.069388    0.180612   library hold time
                                              0.180612   data required time
---------------------------------------------------------------------------------------------
                                              0.180612   data required time
                                             -0.739843   data arrival time
---------------------------------------------------------------------------------------------
                                              0.559231   slack (MET)


Startpoint: _1109_ (rising edge-triggered flip-flop clocked by i_clk)
Endpoint: _1175_ (rising edge-triggered flip-flop clocked by i_clk)
Path Group: i_clk
Path Type: min

Fanout         Cap        Slew       Delay        Time   Description
---------------------------------------------------------------------------------------------
                      0.150000    0.000000    0.000000   clock i_clk (rise edge)
                                  0.000000    0.000000   clock network delay (ideal)
                      0.150000    0.000000    0.000000 ^ _1109_/CLK (sky130_fd_sc_hd__dfrtp_2)
     3    0.005891    0.094717    0.739843    0.739843 ^ _1109_/Q (sky130_fd_sc_hd__dfrtp_2)
                                                         u_i2c_master_controller.cntrl_fsm.cntrl_fsm.o_rx_done (net)
                      0.094717    0.000000    0.739843 ^ _1175_/D (sky130_fd_sc_hd__dfrtp_2)
                                              0.739843   data arrival time

                      0.150000    0.000000    0.000000   clock i_clk (rise edge)
                                  0.000000    0.000000   clock network delay (ideal)
                                  0.250000    0.250000   clock uncertainty
                                  0.000000    0.250000   clock reconvergence pessimism
                                              0.250000 ^ _1175_/CLK (sky130_fd_sc_hd__dfrtp_2)
                                 -0.069388    0.180612   library hold time
                                              0.180612   data required time
---------------------------------------------------------------------------------------------
                                              0.180612   data required time
                                             -0.739843   data arrival time
---------------------------------------------------------------------------------------------
                                              0.559231   slack (MET)


Startpoint: _1193_ (rising edge-triggered flip-flop clocked by i_clk)
Endpoint: _1195_ (rising edge-triggered flip-flop clocked by i_clk)
Path Group: i_clk
Path Type: min

Fanout         Cap        Slew       Delay        Time   Description
---------------------------------------------------------------------------------------------
                      0.150000    0.000000    0.000000   clock i_clk (rise edge)
                                  0.000000    0.000000   clock network delay (ideal)
                      0.150000    0.000000    0.000000 ^ _1193_/CLK (sky130_fd_sc_hd__dfrtp_2)
     3    0.005922    0.094925    0.740055    0.740055 ^ _1193_/Q (sky130_fd_sc_hd__dfrtp_2)
                                                         u_i2c_master_controller.cntrl_fsm.cntrl_fsm.rx_en (net)
                      0.094925    0.000000    0.740055 ^ _1195_/D (sky130_fd_sc_hd__dfrtp_2)
                                              0.740055   data arrival time

                      0.150000    0.000000    0.000000   clock i_clk (rise edge)
                                  0.000000    0.000000   clock network delay (ideal)
                                  0.250000    0.250000   clock uncertainty
                                  0.000000    0.250000   clock reconvergence pessimism
                                              0.250000 ^ _1195_/CLK (sky130_fd_sc_hd__dfrtp_2)
                                 -0.069435    0.180565   library hold time
                                              0.180565   data required time
---------------------------------------------------------------------------------------------
                                              0.180565   data required time
                                             -0.740055   data arrival time
---------------------------------------------------------------------------------------------
                                              0.559490   slack (MET)


Startpoint: _1143_ (rising edge-triggered flip-flop clocked by i_clk)
Endpoint: _1252_ (rising edge-triggered flip-flop clocked by i_clk)
Path Group: i_clk
Path Type: min

Fanout         Cap        Slew       Delay        Time   Description
---------------------------------------------------------------------------------------------
                      0.150000    0.000000    0.000000   clock i_clk (rise edge)
                                  0.000000    0.000000   clock network delay (ideal)
                      0.150000    0.000000    0.000000 ^ _1143_/CLK (sky130_fd_sc_hd__dfrtp_2)
     3    0.008487    0.112120    0.757620    0.757620 ^ _1143_/Q (sky130_fd_sc_hd__dfrtp_2)
                                                         u_i2c_master_controller.i2cbus_cntrl_fsm.stop_gen.state[1] (net)
                      0.112120    0.000000    0.757620 ^ _0731_/A (sky130_fd_sc_hd__nor2_2)
     1    0.002189    0.036936    0.080498    0.838118 v _0731_/Y (sky130_fd_sc_hd__nor2_2)
                                                         _0072_ (net)
                      0.036936    0.000000    0.838118 v _1252_/D (sky130_fd_sc_hd__dfstp_2)
                                              0.838118   data arrival time

                      0.150000    0.000000    0.000000   clock i_clk (rise edge)
                                  0.000000    0.000000   clock network delay (ideal)
                                  0.250000    0.250000   clock uncertainty
                                  0.000000    0.250000   clock reconvergence pessimism
                                              0.250000 ^ _1252_/CLK (sky130_fd_sc_hd__dfstp_2)
                                  0.024569    0.274569   library hold time
                                              0.274569   data required time
---------------------------------------------------------------------------------------------
                                              0.274569   data required time
                                             -0.838118   data arrival time
---------------------------------------------------------------------------------------------
                                              0.563549   slack (MET)


Startpoint: _1262_ (rising edge-triggered flip-flop clocked by i_clk)
Endpoint: _1260_ (rising edge-triggered flip-flop clocked by i_clk)
Path Group: i_clk
Path Type: min

Fanout         Cap        Slew       Delay        Time   Description
---------------------------------------------------------------------------------------------
                      0.150000    0.000000    0.000000   clock i_clk (rise edge)
                                  0.000000    0.000000   clock network delay (ideal)
                      0.150000    0.000000    0.000000 ^ _1262_/CLK (sky130_fd_sc_hd__dfrtp_2)
     2    0.006462    0.098545    0.743753    0.743753 ^ _1262_/Q (sky130_fd_sc_hd__dfrtp_2)
                                                         u_i2c_master_controller.soft_reset_d2 (net)
                      0.098545    0.000000    0.743753 ^ _1260_/D (sky130_fd_sc_hd__dfrtp_2)
                                              0.743753   data arrival time

                      0.150000    0.000000    0.000000   clock i_clk (rise edge)
                                  0.000000    0.000000   clock network delay (ideal)
                                  0.250000    0.250000   clock uncertainty
                                  0.000000    0.250000   clock reconvergence pessimism
                                              0.250000 ^ _1260_/CLK (sky130_fd_sc_hd__dfrtp_2)
                                 -0.070257    0.179743   library hold time
                                              0.179743   data required time
---------------------------------------------------------------------------------------------
                                              0.179743   data required time
                                             -0.743753   data arrival time
---------------------------------------------------------------------------------------------
                                              0.564011   slack (MET)


Startpoint: _1158_ (rising edge-triggered flip-flop clocked by i_clk)
Endpoint: _1199_ (rising edge-triggered flip-flop clocked by i_clk)
Path Group: i_clk
Path Type: min

Fanout         Cap        Slew       Delay        Time   Description
---------------------------------------------------------------------------------------------
                      0.150000    0.000000    0.000000   clock i_clk (rise edge)
                                  0.000000    0.000000   clock network delay (ideal)
                      0.150000    0.000000    0.000000 ^ _1158_/CLK (sky130_fd_sc_hd__dfrtp_2)
     2    0.006537    0.099048    0.744267    0.744267 ^ _1158_/Q (sky130_fd_sc_hd__dfrtp_2)
                                                         u_i2c_master_controller.i2cbus_cntrl_fsm.falling_scl_detect.state[2] (net)
                      0.099048    0.000000    0.744267 ^ _1199_/D (sky130_fd_sc_hd__dfrtp_2)
                                              0.744267   data arrival time

                      0.150000    0.000000    0.000000   clock i_clk (rise edge)
                                  0.000000    0.000000   clock network delay (ideal)
                                  0.250000    0.250000   clock uncertainty
                                  0.000000    0.250000   clock reconvergence pessimism
                                              0.250000 ^ _1199_/CLK (sky130_fd_sc_hd__dfrtp_2)
                                 -0.070372    0.179628   library hold time
                                              0.179628   data required time
---------------------------------------------------------------------------------------------
                                              0.179628   data required time
                                             -0.744267   data arrival time
---------------------------------------------------------------------------------------------
                                              0.564639   slack (MET)


Startpoint: _1079_ (rising edge-triggered flip-flop clocked by i_clk)
Endpoint: _1068_ (rising edge-triggered flip-flop clocked by i_clk)
Path Group: i_clk
Path Type: min

Fanout         Cap        Slew       Delay        Time   Description
---------------------------------------------------------------------------------------------
                      0.150000    0.000000    0.000000   clock i_clk (rise edge)
                                  0.000000    0.000000   clock network delay (ideal)
                      0.150000    0.000000    0.000000 ^ _1079_/CLK (sky130_fd_sc_hd__dfrtp_2)
     3    0.010743    0.127244    0.773069    0.773069 ^ _1079_/Q (sky130_fd_sc_hd__dfrtp_2)
                                                         u_i2c_master_controller.bps_mode[1] (net)
                      0.127244    0.000000    0.773069 ^ _0569_/A (sky130_fd_sc_hd__inv_2)
     1    0.002189    0.031289    0.067993    0.841062 v _0569_/Y (sky130_fd_sc_hd__inv_2)
                                                         _0049_ (net)
                      0.031289    0.000000    0.841062 v _1068_/D (sky130_fd_sc_hd__dfstp_2)
                                              0.841062   data arrival time

                      0.150000    0.000000    0.000000   clock i_clk (rise edge)
                                  0.000000    0.000000   clock network delay (ideal)
                                  0.250000    0.250000   clock uncertainty
                                  0.000000    0.250000   clock reconvergence pessimism
                                              0.250000 ^ _1068_/CLK (sky130_fd_sc_hd__dfstp_2)
                                  0.025739    0.275739   library hold time
                                              0.275739   data required time
---------------------------------------------------------------------------------------------
                                              0.275739   data required time
                                             -0.841062   data arrival time
---------------------------------------------------------------------------------------------
                                              0.565324   slack (MET)


Startpoint: _1255_ (rising edge-triggered flip-flop clocked by i_clk)
Endpoint: _1254_ (rising edge-triggered flip-flop clocked by i_clk)
Path Group: i_clk
Path Type: min

Fanout         Cap        Slew       Delay        Time   Description
---------------------------------------------------------------------------------------------
                      0.150000    0.000000    0.000000   clock i_clk (rise edge)
                                  0.000000    0.000000   clock network delay (ideal)
                      0.150000    0.000000    0.000000 ^ _1255_/CLK (sky130_fd_sc_hd__dfrtp_2)
     3    0.006839    0.101073    0.746335    0.746335 ^ _1255_/Q (sky130_fd_sc_hd__dfrtp_2)
                                                         u_i2c_master_controller.filter_sda.in_d2 (net)
                      0.101073    0.000000    0.746335 ^ _1254_/D (sky130_fd_sc_hd__dfrtp_2)
                                              0.746335   data arrival time

                      0.150000    0.000000    0.000000   clock i_clk (rise edge)
                                  0.000000    0.000000   clock network delay (ideal)
                                  0.250000    0.250000   clock uncertainty
                                  0.000000    0.250000   clock reconvergence pessimism
                                              0.250000 ^ _1254_/CLK (sky130_fd_sc_hd__dfrtp_2)
                                 -0.070832    0.179168   library hold time
                                              0.179168   data required time
---------------------------------------------------------------------------------------------
                                              0.179168   data required time
                                             -0.746335   data arrival time
---------------------------------------------------------------------------------------------
                                              0.567167   slack (MET)


Startpoint: _1258_ (rising edge-triggered flip-flop clocked by i_clk)
Endpoint: _1257_ (rising edge-triggered flip-flop clocked by i_clk)
Path Group: i_clk
Path Type: min

Fanout         Cap        Slew       Delay        Time   Description
---------------------------------------------------------------------------------------------
                      0.150000    0.000000    0.000000   clock i_clk (rise edge)
                                  0.000000    0.000000   clock network delay (ideal)
                      0.150000    0.000000    0.000000 ^ _1258_/CLK (sky130_fd_sc_hd__dfrtp_2)
     3    0.006839    0.101073    0.746335    0.746335 ^ _1258_/Q (sky130_fd_sc_hd__dfrtp_2)
                                                         u_i2c_master_controller.filter_scl.in_d2 (net)
                      0.101073    0.000000    0.746335 ^ _1257_/D (sky130_fd_sc_hd__dfrtp_2)
                                              0.746335   data arrival time

                      0.150000    0.000000    0.000000   clock i_clk (rise edge)
                                  0.000000    0.000000   clock network delay (ideal)
                                  0.250000    0.250000   clock uncertainty
                                  0.000000    0.250000   clock reconvergence pessimism
                                              0.250000 ^ _1257_/CLK (sky130_fd_sc_hd__dfrtp_2)
                                 -0.070832    0.179168   library hold time
                                              0.179168   data required time
---------------------------------------------------------------------------------------------
                                              0.179168   data required time
                                             -0.746335   data arrival time
---------------------------------------------------------------------------------------------
                                              0.567167   slack (MET)


Startpoint: _1148_ (rising edge-triggered flip-flop clocked by i_clk)
Endpoint: _1230_ (rising edge-triggered flip-flop clocked by i_clk)
Path Group: i_clk
Path Type: min

Fanout         Cap        Slew       Delay        Time   Description
---------------------------------------------------------------------------------------------
                      0.150000    0.000000    0.000000   clock i_clk (rise edge)
                                  0.000000    0.000000   clock network delay (ideal)
                      0.150000    0.000000    0.000000 ^ _1148_/CLK (sky130_fd_sc_hd__dfrtp_2)
     3    0.009635    0.119816    0.765482    0.765482 ^ _1148_/Q (sky130_fd_sc_hd__dfrtp_2)
                                                         u_i2c_master_controller.i2cbus_cntrl_fsm.start_gen.state[3] (net)
                      0.119816    0.000000    0.765482 ^ _0839_/C (sky130_fd_sc_hd__nor3_2)
     1    0.002189    0.036232    0.078833    0.844315 v _0839_/Y (sky130_fd_sc_hd__nor3_2)
                                                         _0052_ (net)
                      0.036232    0.000000    0.844315 v _1230_/D (sky130_fd_sc_hd__dfstp_2)
                                              0.844315   data arrival time

                      0.150000    0.000000    0.000000   clock i_clk (rise edge)
                                  0.000000    0.000000   clock network delay (ideal)
                                  0.250000    0.250000   clock uncertainty
                                  0.000000    0.250000   clock reconvergence pessimism
                                              0.250000 ^ _1230_/CLK (sky130_fd_sc_hd__dfstp_2)
                                  0.024715    0.274715   library hold time
                                              0.274715   data required time
---------------------------------------------------------------------------------------------
                                              0.274715   data required time
                                             -0.844315   data arrival time
---------------------------------------------------------------------------------------------
                                              0.569600   slack (MET)


Startpoint: _1178_ (rising edge-triggered flip-flop clocked by i_clk)
Endpoint: _1182_ (rising edge-triggered flip-flop clocked by i_clk)
Path Group: i_clk
Path Type: min

Fanout         Cap        Slew       Delay        Time   Description
---------------------------------------------------------------------------------------------
                      0.150000    0.000000    0.000000   clock i_clk (rise edge)
                                  0.000000    0.000000   clock network delay (ideal)
                      0.150000    0.000000    0.000000 ^ _1178_/CLK (sky130_fd_sc_hd__dfrtp_2)
     3    0.011036    0.129208    0.775076    0.775076 ^ _1178_/Q (sky130_fd_sc_hd__dfrtp_2)
                                                         u_i2c_master_controller.cntrl_fsm.intr_clr_reg1 (net)
                      0.129208    0.000000    0.775076 ^ _1182_/D (sky130_fd_sc_hd__dfrtp_2)
                                              0.775076   data arrival time

                      0.150000    0.000000    0.000000   clock i_clk (rise edge)
                                  0.000000    0.000000   clock network delay (ideal)
                                  0.250000    0.250000   clock uncertainty
                                  0.000000    0.250000   clock reconvergence pessimism
                                              0.250000 ^ _1182_/CLK (sky130_fd_sc_hd__dfrtp_2)
                                 -0.077225    0.172775   library hold time
                                              0.172775   data required time
---------------------------------------------------------------------------------------------
                                              0.172775   data required time
                                             -0.775076   data arrival time
---------------------------------------------------------------------------------------------
                                              0.602300   slack (MET)


Startpoint: _1189_ (rising edge-triggered flip-flop clocked by i_clk)
Endpoint: _1142_ (rising edge-triggered flip-flop clocked by i_clk)
Path Group: i_clk
Path Type: min

Fanout         Cap        Slew       Delay        Time   Description
---------------------------------------------------------------------------------------------
                      0.150000    0.000000    0.000000   clock i_clk (rise edge)
                                  0.000000    0.000000   clock network delay (ideal)
                      0.150000    0.000000    0.000000 ^ _1189_/CLK (sky130_fd_sc_hd__dfrtp_2)
     3    0.008833    0.114440    0.759990    0.759990 ^ _1189_/Q (sky130_fd_sc_hd__dfrtp_2)
                                                         u_i2c_master_controller.cntrl_fsm.cntrl_fsm.o_stop_gen_en (net)
                      0.114440    0.000000    0.759990 ^ _0640_/A1 (sky130_fd_sc_hd__a211oi_2)
     1    0.002189    0.047597    0.125636    0.885626 v _0640_/Y (sky130_fd_sc_hd__a211oi_2)
                                                         _0030_ (net)
                      0.047597    0.000000    0.885626 v _1142_/D (sky130_fd_sc_hd__dfstp_2)
                                              0.885626   data arrival time

                      0.150000    0.000000    0.000000   clock i_clk (rise edge)
                                  0.000000    0.000000   clock network delay (ideal)
                                  0.250000    0.250000   clock uncertainty
                                  0.000000    0.250000   clock reconvergence pessimism
                                              0.250000 ^ _1142_/CLK (sky130_fd_sc_hd__dfstp_2)
                                  0.022361    0.272361   library hold time
                                              0.272361   data required time
---------------------------------------------------------------------------------------------
                                              0.272361   data required time
                                             -0.885626   data arrival time
---------------------------------------------------------------------------------------------
                                              0.613265   slack (MET)


Startpoint: _1167_ (rising edge-triggered flip-flop clocked by i_clk)
Endpoint: _1192_ (rising edge-triggered flip-flop clocked by i_clk)
Path Group: i_clk
Path Type: min

Fanout         Cap        Slew       Delay        Time   Description
---------------------------------------------------------------------------------------------
                      0.150000    0.000000    0.000000   clock i_clk (rise edge)
                                  0.000000    0.000000   clock network delay (ideal)
                      0.150000    0.000000    0.000000 ^ _1167_/CLK (sky130_fd_sc_hd__dfrtp_2)
     5    0.012761    0.140772    0.786888    0.786888 ^ _1167_/Q (sky130_fd_sc_hd__dfrtp_2)
                                                         u_i2c_master_controller.cntrl_fsm.cntrl_fsm.state[8] (net)
                      0.140772    0.000000    0.786888 ^ _1192_/D (sky130_fd_sc_hd__dfrtp_2)
                                              0.786888   data arrival time

                      0.150000    0.000000    0.000000   clock i_clk (rise edge)
                                  0.000000    0.000000   clock network delay (ideal)
                                  0.250000    0.250000   clock uncertainty
                                  0.000000    0.250000   clock reconvergence pessimism
                                              0.250000 ^ _1192_/CLK (sky130_fd_sc_hd__dfrtp_2)
                                 -0.079852    0.170148   library hold time
                                              0.170148   data required time
---------------------------------------------------------------------------------------------
                                              0.170148   data required time
                                             -0.786888   data arrival time
---------------------------------------------------------------------------------------------
                                              0.616740   slack (MET)


Startpoint: _1141_ (rising edge-triggered flip-flop clocked by i_clk)
Endpoint: _1110_ (rising edge-triggered flip-flop clocked by i_clk)
Path Group: i_clk
Path Type: min

Fanout         Cap        Slew       Delay        Time   Description
---------------------------------------------------------------------------------------------
                      0.150000    0.000000    0.000000   clock i_clk (rise edge)
                                  0.000000    0.000000   clock network delay (ideal)
                      0.150000    0.000000    0.000000 ^ _1141_/CLK (sky130_fd_sc_hd__dfrtp_2)
     2    0.004096    0.081405    0.722972    0.722972 ^ _1141_/Q (sky130_fd_sc_hd__dfrtp_2)
                                                         u_i2c_master_controller.cntrl_fsm.cntrl_fsm.i_i2c_master_start_detect (net)
                      0.081405    0.000000    0.722972 ^ _0900_/B1 (sky130_fd_sc_hd__a21o_2)
     1    0.001853    0.039642    0.144289    0.867262 ^ _0900_/X (sky130_fd_sc_hd__a21o_2)
                                                         _0233_ (net)
                      0.039642    0.000000    0.867262 ^ _1110_/D (sky130_fd_sc_hd__dfrtp_2)
                                              0.867262   data arrival time

                      0.150000    0.000000    0.000000   clock i_clk (rise edge)
                                  0.000000    0.000000   clock network delay (ideal)
                                  0.250000    0.250000   clock uncertainty
                                  0.000000    0.250000   clock reconvergence pessimism
                                              0.250000 ^ _1110_/CLK (sky130_fd_sc_hd__dfrtp_2)
                                 -0.056874    0.193126   library hold time
                                              0.193126   data required time
---------------------------------------------------------------------------------------------
                                              0.193126   data required time
                                             -0.867262   data arrival time
---------------------------------------------------------------------------------------------
                                              0.674135   slack (MET)


Startpoint: _1152_ (rising edge-triggered flip-flop clocked by i_clk)
Endpoint: _1210_ (rising edge-triggered flip-flop clocked by i_clk)
Path Group: i_clk
Path Type: min

Fanout         Cap        Slew       Delay        Time   Description
---------------------------------------------------------------------------------------------
                      0.150000    0.000000    0.000000   clock i_clk (rise edge)
                                  0.000000    0.000000   clock network delay (ideal)
                      0.150000    0.000000    0.000000 ^ _1152_/CLK (sky130_fd_sc_hd__dfstp_2)
     4    0.011099    0.071764    0.774807    0.774807 v _1152_/Q (sky130_fd_sc_hd__dfstp_2)
                                                         u_i2c_master_controller.i2cbus_cntrl_fsm.scl_gen.state[0] (net)
                      0.071764    0.000000    0.774807 v _0548_/A (sky130_fd_sc_hd__inv_2)
     3    0.009622    0.081667    0.102375    0.877183 ^ _0548_/Y (sky130_fd_sc_hd__inv_2)
                                                         _0295_ (net)
                      0.081667    0.000000    0.877183 ^ _0740_/A2 (sky130_fd_sc_hd__o21ai_2)
     1    0.002189    0.041363    0.092380    0.969562 v _0740_/Y (sky130_fd_sc_hd__o21ai_2)
                                                         _0047_ (net)
                      0.041363    0.000000    0.969562 v _1210_/D (sky130_fd_sc_hd__dfstp_2)
                                              0.969562   data arrival time

                      0.150000    0.000000    0.000000   clock i_clk (rise edge)
                                  0.000000    0.000000   clock network delay (ideal)
                                  0.250000    0.250000   clock uncertainty
                                  0.000000    0.250000   clock reconvergence pessimism
                                              0.250000 ^ _1210_/CLK (sky130_fd_sc_hd__dfstp_2)
                                  0.023652    0.273652   library hold time
                                              0.273652   data required time
---------------------------------------------------------------------------------------------
                                              0.273652   data required time
                                             -0.969562   data arrival time
---------------------------------------------------------------------------------------------
                                              0.695910   slack (MET)


Startpoint: _1146_ (rising edge-triggered flip-flop clocked by i_clk)
Endpoint: _1150_ (rising edge-triggered flip-flop clocked by i_clk)
Path Group: i_clk
Path Type: min

Fanout         Cap        Slew       Delay        Time   Description
---------------------------------------------------------------------------------------------
                      0.150000    0.000000    0.000000   clock i_clk (rise edge)
                                  0.000000    0.000000   clock network delay (ideal)
                      0.150000    0.000000    0.000000 ^ _1146_/CLK (sky130_fd_sc_hd__dfrtp_2)
     3    0.008681    0.113421    0.758949    0.758949 ^ _1146_/Q (sky130_fd_sc_hd__dfrtp_2)
                                                         u_i2c_master_controller.i2cbus_cntrl_fsm.start_gen.state[1] (net)
                      0.113421    0.000000    0.758949 ^ _0642_/B1 (sky130_fd_sc_hd__a21o_2)
     1    0.001853    0.040006    0.158374    0.917323 ^ _0642_/X (sky130_fd_sc_hd__a21o_2)
                                                         _0028_ (net)
                      0.040006    0.000000    0.917323 ^ _1150_/D (sky130_fd_sc_hd__dfrtp_2)
                                              0.917323   data arrival time

                      0.150000    0.000000    0.000000   clock i_clk (rise edge)
                                  0.000000    0.000000   clock network delay (ideal)
                                  0.250000    0.250000   clock uncertainty
                                  0.000000    0.250000   clock reconvergence pessimism
                                              0.250000 ^ _1150_/CLK (sky130_fd_sc_hd__dfrtp_2)
                                 -0.056956    0.193044   library hold time
                                              0.193044   data required time
---------------------------------------------------------------------------------------------
                                              0.193044   data required time
                                             -0.917323   data arrival time
---------------------------------------------------------------------------------------------
                                              0.724280   slack (MET)


Startpoint: _1158_ (rising edge-triggered flip-flop clocked by i_clk)
Endpoint: _1157_ (rising edge-triggered flip-flop clocked by i_clk)
Path Group: i_clk
Path Type: min

Fanout         Cap        Slew       Delay        Time   Description
---------------------------------------------------------------------------------------------
                      0.150000    0.000000    0.000000   clock i_clk (rise edge)
                                  0.000000    0.000000   clock network delay (ideal)
                      0.150000    0.000000    0.000000 ^ _1158_/CLK (sky130_fd_sc_hd__dfrtp_2)
     2    0.006537    0.099048    0.744267    0.744267 ^ _1158_/Q (sky130_fd_sc_hd__dfrtp_2)
                                                         u_i2c_master_controller.i2cbus_cntrl_fsm.falling_scl_detect.state[2] (net)
                      0.099048    0.000000    0.744267 ^ _0654_/B1 (sky130_fd_sc_hd__a21oi_2)
     1    0.004181    0.041028    0.072337    0.816604 v _0654_/Y (sky130_fd_sc_hd__a21oi_2)
                                                         _0353_ (net)
                      0.041028    0.000000    0.816604 v _0655_/B (sky130_fd_sc_hd__nor2_2)
     1    0.001853    0.086546    0.096380    0.912983 ^ _0655_/Y (sky130_fd_sc_hd__nor2_2)
                                                         _0018_ (net)
                      0.086546    0.000000    0.912983 ^ _1157_/D (sky130_fd_sc_hd__dfrtp_2)
                                              0.912983   data arrival time

                      0.150000    0.000000    0.000000   clock i_clk (rise edge)
                                  0.000000    0.000000   clock network delay (ideal)
                                  0.250000    0.250000   clock uncertainty
                                  0.000000    0.250000   clock reconvergence pessimism
                                              0.250000 ^ _1157_/CLK (sky130_fd_sc_hd__dfrtp_2)
                                 -0.067531    0.182469   library hold time
                                              0.182469   data required time
---------------------------------------------------------------------------------------------
                                              0.182469   data required time
                                             -0.912983   data arrival time
---------------------------------------------------------------------------------------------
                                              0.730514   slack (MET)


Startpoint: _1090_ (rising edge-triggered flip-flop clocked by i_clk)
Endpoint: _1077_ (rising edge-triggered flip-flop clocked by i_clk)
Path Group: i_clk
Path Type: min

Fanout         Cap        Slew       Delay        Time   Description
---------------------------------------------------------------------------------------------
                      0.150000    0.000000    0.000000   clock i_clk (rise edge)
                                  0.000000    0.000000   clock network delay (ideal)
                      0.150000    0.000000    0.000000 ^ _1090_/CLK (sky130_fd_sc_hd__dfrtp_2)
     3    0.005820    0.094241    0.739357    0.739357 ^ _1090_/Q (sky130_fd_sc_hd__dfrtp_2)
                                                         u_i2c_master_controller.cntrl_fsm.abort_ack_reg (net)
                      0.094241    0.000000    0.739357 ^ _0609_/B (sky130_fd_sc_hd__or3_2)
     1    0.001853    0.042731    0.183845    0.923202 ^ _0609_/X (sky130_fd_sc_hd__or3_2)
                                                         _0200_ (net)
                      0.042731    0.000000    0.923202 ^ _1077_/D (sky130_fd_sc_hd__dfrtp_2)
                                              0.923202   data arrival time

                      0.150000    0.000000    0.000000   clock i_clk (rise edge)
                                  0.000000    0.000000   clock network delay (ideal)
                                  0.250000    0.250000   clock uncertainty
                                  0.000000    0.250000   clock reconvergence pessimism
                                              0.250000 ^ _1077_/CLK (sky130_fd_sc_hd__dfrtp_2)
                                 -0.057576    0.192424   library hold time
                                              0.192424   data required time
---------------------------------------------------------------------------------------------
                                              0.192424   data required time
                                             -0.923202   data arrival time
---------------------------------------------------------------------------------------------
                                              0.730777   slack (MET)


Startpoint: _1233_ (rising edge-triggered flip-flop clocked by i_clk)
Endpoint: _1234_ (rising edge-triggered flip-flop clocked by i_clk)
Path Group: i_clk
Path Type: min

Fanout         Cap        Slew       Delay        Time   Description
---------------------------------------------------------------------------------------------
                      0.150000    0.000000    0.000000   clock i_clk (rise edge)
                                  0.000000    0.000000   clock network delay (ideal)
                      0.150000    0.000000    0.000000 ^ _1233_/CLK (sky130_fd_sc_hd__dfrtp_2)
     1    0.001416    0.060642    0.695353    0.695353 ^ _1233_/Q (sky130_fd_sc_hd__dfrtp_2)
                                                         u_i2c_master_controller.i2cbus_cntrl_fsm.stop_detect.state (net)
                      0.060642    0.000000    0.695353 ^ _0736_/A (sky130_fd_sc_hd__and2_2)
     1    0.001853    0.061380    0.235578    0.930931 ^ _0736_/X (sky130_fd_sc_hd__and2_2)
                                                         _0071_ (net)
                      0.061380    0.000000    0.930931 ^ _1234_/D (sky130_fd_sc_hd__dfrtp_2)
                                              0.930931   data arrival time

                      0.150000    0.000000    0.000000   clock i_clk (rise edge)
                                  0.000000    0.000000   clock network delay (ideal)
                                  0.250000    0.250000   clock uncertainty
                                  0.000000    0.250000   clock reconvergence pessimism
                                              0.250000 ^ _1234_/CLK (sky130_fd_sc_hd__dfrtp_2)
                                 -0.061813    0.188187   library hold time
                                              0.188187   data required time
---------------------------------------------------------------------------------------------
                                              0.188187   data required time
                                             -0.930931   data arrival time
---------------------------------------------------------------------------------------------
                                              0.742744   slack (MET)


Startpoint: _1168_ (rising edge-triggered flip-flop clocked by i_clk)
Endpoint: _1168_ (rising edge-triggered flip-flop clocked by i_clk)
Path Group: i_clk
Path Type: min

Fanout         Cap        Slew       Delay        Time   Description
---------------------------------------------------------------------------------------------
                      0.150000    0.000000    0.000000   clock i_clk (rise edge)
                                  0.000000    0.000000   clock network delay (ideal)
                      0.150000    0.000000    0.000000 ^ _1168_/CLK (sky130_fd_sc_hd__dfrtp_2)
     2    0.003865    0.079654    0.720666    0.720666 ^ _1168_/Q (sky130_fd_sc_hd__dfrtp_2)
                                                         u_i2c_master_controller.cntrl_fsm.cntrl_fsm.state[9] (net)
                      0.079654    0.000000    0.720666 ^ _0664_/A1 (sky130_fd_sc_hd__a21o_2)
     1    0.001853    0.039582    0.216317    0.936982 ^ _0664_/X (sky130_fd_sc_hd__a21o_2)
                                                         _0016_ (net)
                      0.039582    0.000000    0.936982 ^ _1168_/D (sky130_fd_sc_hd__dfrtp_2)
                                              0.936982   data arrival time

                      0.150000    0.000000    0.000000   clock i_clk (rise edge)
                                  0.000000    0.000000   clock network delay (ideal)
                                  0.250000    0.250000   clock uncertainty
                                  0.000000    0.250000   clock reconvergence pessimism
                                              0.250000 ^ _1168_/CLK (sky130_fd_sc_hd__dfrtp_2)
                                 -0.056860    0.193140   library hold time
                                              0.193140   data required time
---------------------------------------------------------------------------------------------
                                              0.193140   data required time
                                             -0.936982   data arrival time
---------------------------------------------------------------------------------------------
                                              0.743842   slack (MET)


Startpoint: _1130_ (rising edge-triggered flip-flop clocked by i_clk)
Endpoint: _1212_ (rising edge-triggered flip-flop clocked by i_clk)
Path Group: i_clk
Path Type: min

Fanout         Cap        Slew       Delay        Time   Description
---------------------------------------------------------------------------------------------
                      0.150000    0.000000    0.000000   clock i_clk (rise edge)
                                  0.000000    0.000000   clock network delay (ideal)
                      0.150000    0.000000    0.000000 ^ _1130_/CLK (sky130_fd_sc_hd__dfrtp_2)
     4    0.014079    0.149608    0.795914    0.795914 ^ _1130_/Q (sky130_fd_sc_hd__dfrtp_2)
                                                         u_i2c_master_controller.filter_sda.out_n (net)
                      0.149608    0.000000    0.795914 ^ _0612_/A (sky130_fd_sc_hd__nor2_2)
     5    0.011127    0.074246    0.128575    0.924489 v _0612_/Y (sky130_fd_sc_hd__nor2_2)
                                                         u_i2c_master_controller.i2cbus_cntrl_fsm.start_detect.state_next (net)
                      0.074246    0.000000    0.924489 v _1212_/D (sky130_fd_sc_hd__dfrtp_2)
                                              0.924489   data arrival time

                      0.150000    0.000000    0.000000   clock i_clk (rise edge)
                                  0.000000    0.000000   clock network delay (ideal)
                                  0.250000    0.250000   clock uncertainty
                                  0.000000    0.250000   clock reconvergence pessimism
                                              0.250000 ^ _1212_/CLK (sky130_fd_sc_hd__dfrtp_2)
                                 -0.071816    0.178184   library hold time
                                              0.178184   data required time
---------------------------------------------------------------------------------------------
                                              0.178184   data required time
                                             -0.924489   data arrival time
---------------------------------------------------------------------------------------------
                                              0.746305   slack (MET)


Startpoint: _1095_ (rising edge-triggered flip-flop clocked by i_clk)
Endpoint: _1095_ (rising edge-triggered flip-flop clocked by i_clk)
Path Group: i_clk
Path Type: min

Fanout         Cap        Slew       Delay        Time   Description
---------------------------------------------------------------------------------------------
                      0.150000    0.000000    0.000000   clock i_clk (rise edge)
                                  0.000000    0.000000   clock network delay (ideal)
                      0.150000    0.000000    0.000000 ^ _1095_/CLK (sky130_fd_sc_hd__dfrtp_2)
     2    0.003909    0.079988    0.721105    0.721105 ^ _1095_/Q (sky130_fd_sc_hd__dfrtp_2)
                                                         u_i2c_master_controller.cntrl_fsm.txintr_en (net)
                      0.079988    0.000000    0.721105 ^ _0873_/A0 (sky130_fd_sc_hd__mux2_1)
     1    0.001853    0.063016    0.215183    0.936288 ^ _0873_/X (sky130_fd_sc_hd__mux2_1)
                                                         _0218_ (net)
                      0.063016    0.000000    0.936288 ^ _1095_/D (sky130_fd_sc_hd__dfrtp_2)
                                              0.936288   data arrival time

                      0.150000    0.000000    0.000000   clock i_clk (rise edge)
                                  0.000000    0.000000   clock network delay (ideal)
                                  0.250000    0.250000   clock uncertainty
                                  0.000000    0.250000   clock reconvergence pessimism
                                              0.250000 ^ _1095_/CLK (sky130_fd_sc_hd__dfrtp_2)
                                 -0.062185    0.187815   library hold time
                                              0.187815   data required time
---------------------------------------------------------------------------------------------
                                              0.187815   data required time
                                             -0.936288   data arrival time
---------------------------------------------------------------------------------------------
                                              0.748473   slack (MET)


Startpoint: _1096_ (rising edge-triggered flip-flop clocked by i_clk)
Endpoint: _1096_ (rising edge-triggered flip-flop clocked by i_clk)
Path Group: i_clk
Path Type: min

Fanout         Cap        Slew       Delay        Time   Description
---------------------------------------------------------------------------------------------
                      0.150000    0.000000    0.000000   clock i_clk (rise edge)
                                  0.000000    0.000000   clock network delay (ideal)
                      0.150000    0.000000    0.000000 ^ _1096_/CLK (sky130_fd_sc_hd__dfrtp_2)
     2    0.003985    0.080564    0.721864    0.721864 ^ _1096_/Q (sky130_fd_sc_hd__dfrtp_2)
                                                         u_i2c_master_controller.cntrl_fsm.rxintr_en (net)
                      0.080564    0.000000    0.721864 ^ _0874_/A0 (sky130_fd_sc_hd__mux2_1)
     1    0.001853    0.063016    0.215428    0.937292 ^ _0874_/X (sky130_fd_sc_hd__mux2_1)
                                                         _0219_ (net)
                      0.063016    0.000000    0.937292 ^ _1096_/D (sky130_fd_sc_hd__dfrtp_2)
                                              0.937292   data arrival time

                      0.150000    0.000000    0.000000   clock i_clk (rise edge)
                                  0.000000    0.000000   clock network delay (ideal)
                                  0.250000    0.250000   clock uncertainty
                                  0.000000    0.250000   clock reconvergence pessimism
                                              0.250000 ^ _1096_/CLK (sky130_fd_sc_hd__dfrtp_2)
                                 -0.062185    0.187815   library hold time
                                              0.187815   data required time
---------------------------------------------------------------------------------------------
                                              0.187815   data required time
                                             -0.937292   data arrival time
---------------------------------------------------------------------------------------------
                                              0.749476   slack (MET)


Startpoint: _1140_ (rising edge-triggered flip-flop clocked by i_clk)
Endpoint: _1131_ (rising edge-triggered flip-flop clocked by i_clk)
Path Group: i_clk
Path Type: min

Fanout         Cap        Slew       Delay        Time   Description
---------------------------------------------------------------------------------------------
                      0.150000    0.000000    0.000000   clock i_clk (rise edge)
                                  0.000000    0.000000   clock network delay (ideal)
                      0.150000    0.000000    0.000000 ^ _1140_/CLK (sky130_fd_sc_hd__dfrtp_2)
     6    0.017394    0.171831    0.818614    0.818614 ^ _1140_/Q (sky130_fd_sc_hd__dfrtp_2)
                                                         u_i2c_master_controller.i2cbus_cntrl_fsm.scl_gen.count_en (net)
                      0.171831    0.000000    0.818614 ^ _0602_/A1 (sky130_fd_sc_hd__a21oi_2)
     1    0.001838    0.029698    0.125707    0.944322 v _0602_/Y (sky130_fd_sc_hd__a21oi_2)
                                                         _0254_ (net)
                      0.029698    0.000000    0.944322 v _1131_/D (sky130_fd_sc_hd__dfrtp_2)
                                              0.944322   data arrival time

                      0.150000    0.000000    0.000000   clock i_clk (rise edge)
                                  0.000000    0.000000   clock network delay (ideal)
                                  0.250000    0.250000   clock uncertainty
                                  0.000000    0.250000   clock reconvergence pessimism
                                              0.250000 ^ _1131_/CLK (sky130_fd_sc_hd__dfrtp_2)
                                 -0.055495    0.194505   library hold time
                                              0.194505   data required time
---------------------------------------------------------------------------------------------
                                              0.194505   data required time
                                             -0.944322   data arrival time
---------------------------------------------------------------------------------------------
                                              0.749817   slack (MET)


Startpoint: _1141_ (rising edge-triggered flip-flop clocked by i_clk)
Endpoint: _1141_ (rising edge-triggered flip-flop clocked by i_clk)
Path Group: i_clk
Path Type: min

Fanout         Cap        Slew       Delay        Time   Description
---------------------------------------------------------------------------------------------
                      0.150000    0.000000    0.000000   clock i_clk (rise edge)
                                  0.000000    0.000000   clock network delay (ideal)
                      0.150000    0.000000    0.000000 ^ _1141_/CLK (sky130_fd_sc_hd__dfrtp_2)
     2    0.004096    0.081405    0.722972    0.722972 ^ _1141_/Q (sky130_fd_sc_hd__dfrtp_2)
                                                         u_i2c_master_controller.cntrl_fsm.cntrl_fsm.i_i2c_master_start_detect (net)
                      0.081405    0.000000    0.722972 ^ _0576_/A0 (sky130_fd_sc_hd__mux2_1)
     1    0.001853    0.062904    0.215784    0.938757 ^ _0576_/X (sky130_fd_sc_hd__mux2_1)
                                                         _0264_ (net)
                      0.062904    0.000000    0.938757 ^ _1141_/D (sky130_fd_sc_hd__dfrtp_2)
                                              0.938757   data arrival time

                      0.150000    0.000000    0.000000   clock i_clk (rise edge)
                                  0.000000    0.000000   clock network delay (ideal)
                                  0.250000    0.250000   clock uncertainty
                                  0.000000    0.250000   clock reconvergence pessimism
                                              0.250000 ^ _1141_/CLK (sky130_fd_sc_hd__dfrtp_2)
                                 -0.062159    0.187841   library hold time
                                              0.187841   data required time
---------------------------------------------------------------------------------------------
                                              0.187841   data required time
                                             -0.938757   data arrival time
---------------------------------------------------------------------------------------------
                                              0.750916   slack (MET)


Startpoint: _1146_ (rising edge-triggered flip-flop clocked by i_clk)
Endpoint: _1232_ (rising edge-triggered flip-flop clocked by i_clk)
Path Group: i_clk
Path Type: min

Fanout         Cap        Slew       Delay        Time   Description
---------------------------------------------------------------------------------------------
                      0.150000    0.000000    0.000000   clock i_clk (rise edge)
                                  0.000000    0.000000   clock network delay (ideal)
                      0.150000    0.000000    0.000000 ^ _1146_/CLK (sky130_fd_sc_hd__dfrtp_2)
     3    0.008681    0.113421    0.758949    0.758949 ^ _1146_/Q (sky130_fd_sc_hd__dfrtp_2)
                                                         u_i2c_master_controller.i2cbus_cntrl_fsm.start_gen.state[1] (net)
                      0.113421    0.000000    0.758949 ^ _0735_/A (sky130_fd_sc_hd__or2_2)
     1    0.001853    0.043239    0.187012    0.945961 ^ _0735_/X (sky130_fd_sc_hd__or2_2)
                                                         _0053_ (net)
                      0.043239    0.000000    0.945961 ^ _1232_/D (sky130_fd_sc_hd__dfrtp_2)
                                              0.945961   data arrival time

                      0.150000    0.000000    0.000000   clock i_clk (rise edge)
                                  0.000000    0.000000   clock network delay (ideal)
                                  0.250000    0.250000   clock uncertainty
                                  0.000000    0.250000   clock reconvergence pessimism
                                              0.250000 ^ _1232_/CLK (sky130_fd_sc_hd__dfrtp_2)
                                 -0.057691    0.192309   library hold time
                                              0.192309   data required time
---------------------------------------------------------------------------------------------
                                              0.192309   data required time
                                             -0.945961   data arrival time
---------------------------------------------------------------------------------------------
                                              0.753651   slack (MET)


Startpoint: _1266_ (rising edge-triggered flip-flop clocked by i_clk)
Endpoint: _1266_ (rising edge-triggered flip-flop clocked by i_clk)
Path Group: i_clk
Path Type: min

Fanout         Cap        Slew       Delay        Time   Description
---------------------------------------------------------------------------------------------
                      0.150000    0.000000    0.000000   clock i_clk (rise edge)
                                  0.000000    0.000000   clock network delay (ideal)
                      0.150000    0.000000    0.000000 ^ _1266_/CLK (sky130_fd_sc_hd__dfrtp_2)
     3    0.004311    0.083035    0.725119    0.725119 ^ _1266_/Q (sky130_fd_sc_hd__dfrtp_2)
                                                         u_i2c_master_controller.cntrl_fsm.byte_rx_fsm.state[6] (net)
                      0.083035    0.000000    0.725119 ^ _0962_/A0 (sky130_fd_sc_hd__mux2_1)
     1    0.001853    0.063020    0.216475    0.941594 ^ _0962_/X (sky130_fd_sc_hd__mux2_1)
                                                         _0268_ (net)
                      0.063020    0.000000    0.941594 ^ _1266_/D (sky130_fd_sc_hd__dfrtp_2)
                                              0.941594   data arrival time

                      0.150000    0.000000    0.000000   clock i_clk (rise edge)
                                  0.000000    0.000000   clock network delay (ideal)
                                  0.250000    0.250000   clock uncertainty
                                  0.000000    0.250000   clock reconvergence pessimism
                                              0.250000 ^ _1266_/CLK (sky130_fd_sc_hd__dfrtp_2)
                                 -0.062186    0.187814   library hold time
                                              0.187814   data required time
---------------------------------------------------------------------------------------------
                                              0.187814   data required time
                                             -0.941594   data arrival time
---------------------------------------------------------------------------------------------
                                              0.753780   slack (MET)


Startpoint: _1147_ (rising edge-triggered flip-flop clocked by i_clk)
Endpoint: _1147_ (rising edge-triggered flip-flop clocked by i_clk)
Path Group: i_clk
Path Type: min

Fanout         Cap        Slew       Delay        Time   Description
---------------------------------------------------------------------------------------------
                      0.150000    0.000000    0.000000   clock i_clk (rise edge)
                                  0.000000    0.000000   clock network delay (ideal)
                      0.150000    0.000000    0.000000 ^ _1147_/CLK (sky130_fd_sc_hd__dfrtp_2)
     2    0.004883    0.087371    0.730830    0.730830 ^ _1147_/Q (sky130_fd_sc_hd__dfrtp_2)
                                                         u_i2c_master_controller.i2cbus_cntrl_fsm.start_gen.state[2] (net)
                      0.087371    0.000000    0.730830 ^ _0646_/A1 (sky130_fd_sc_hd__a21o_2)
     1    0.001853    0.039613    0.219542    0.950372 ^ _0646_/X (sky130_fd_sc_hd__a21o_2)
                                                         _0025_ (net)
                      0.039613    0.000000    0.950372 ^ _1147_/D (sky130_fd_sc_hd__dfrtp_2)
                                              0.950372   data arrival time

                      0.150000    0.000000    0.000000   clock i_clk (rise edge)
                                  0.000000    0.000000   clock network delay (ideal)
                                  0.250000    0.250000   clock uncertainty
                                  0.000000    0.250000   clock reconvergence pessimism
                                              0.250000 ^ _1147_/CLK (sky130_fd_sc_hd__dfrtp_2)
                                 -0.056867    0.193133   library hold time
                                              0.193133   data required time
---------------------------------------------------------------------------------------------
                                              0.193133   data required time
                                             -0.950372   data arrival time
---------------------------------------------------------------------------------------------
                                              0.757239   slack (MET)


Startpoint: _1159_ (rising edge-triggered flip-flop clocked by i_clk)
Endpoint: _1107_ (rising edge-triggered flip-flop clocked by i_clk)
Path Group: i_clk
Path Type: min

Fanout         Cap        Slew       Delay        Time   Description
---------------------------------------------------------------------------------------------
                      0.150000    0.000000    0.000000   clock i_clk (rise edge)
                                  0.000000    0.000000   clock network delay (ideal)
                      0.150000    0.000000    0.000000 ^ _1159_/CLK (sky130_fd_sc_hd__dfstp_2)
     5    0.015384    0.087805    0.791372    0.791372 v _1159_/Q (sky130_fd_sc_hd__dfstp_2)
                                                         u_i2c_master_controller.cntrl_fsm.cntrl_fsm.state[0] (net)
                      0.087805    0.000000    0.791372 v _0895_/A (sky130_fd_sc_hd__nor2_2)
     1    0.001853    0.086733    0.151848    0.943220 ^ _0895_/Y (sky130_fd_sc_hd__nor2_2)
                                                         _0230_ (net)
                      0.086733    0.000000    0.943220 ^ _1107_/D (sky130_fd_sc_hd__dfrtp_2)
                                              0.943220   data arrival time

                      0.150000    0.000000    0.000000   clock i_clk (rise edge)
                                  0.000000    0.000000   clock network delay (ideal)
                                  0.250000    0.250000   clock uncertainty
                                  0.000000    0.250000   clock reconvergence pessimism
                                              0.250000 ^ _1107_/CLK (sky130_fd_sc_hd__dfrtp_2)
                                 -0.067573    0.182427   library hold time
                                              0.182427   data required time
---------------------------------------------------------------------------------------------
                                              0.182427   data required time
                                             -0.943220   data arrival time
---------------------------------------------------------------------------------------------
                                              0.760794   slack (MET)


Startpoint: _1167_ (rising edge-triggered flip-flop clocked by i_clk)
Endpoint: _1128_ (rising edge-triggered flip-flop clocked by i_clk)
Path Group: i_clk
Path Type: min

Fanout         Cap        Slew       Delay        Time   Description
---------------------------------------------------------------------------------------------
                      0.150000    0.000000    0.000000   clock i_clk (rise edge)
                                  0.000000    0.000000   clock network delay (ideal)
                      0.150000    0.000000    0.000000 ^ _1167_/CLK (sky130_fd_sc_hd__dfrtp_2)
     5    0.012761    0.140772    0.786888    0.786888 ^ _1167_/Q (sky130_fd_sc_hd__dfrtp_2)
                                                         u_i2c_master_controller.cntrl_fsm.cntrl_fsm.state[8] (net)
                      0.140772    0.000000    0.786888 ^ _0958_/B1 (sky130_fd_sc_hd__a21o_2)
     1    0.001853    0.040317    0.170408    0.957296 ^ _0958_/X (sky130_fd_sc_hd__a21o_2)
                                                         _0251_ (net)
                      0.040317    0.000000    0.957296 ^ _1128_/D (sky130_fd_sc_hd__dfrtp_2)
                                              0.957296   data arrival time

                      0.150000    0.000000    0.000000   clock i_clk (rise edge)
                                  0.000000    0.000000   clock network delay (ideal)
                                  0.250000    0.250000   clock uncertainty
                                  0.000000    0.250000   clock reconvergence pessimism
                                              0.250000 ^ _1128_/CLK (sky130_fd_sc_hd__dfrtp_2)
                                 -0.057027    0.192973   library hold time
                                              0.192973   data required time
---------------------------------------------------------------------------------------------
                                              0.192973   data required time
                                             -0.957296   data arrival time
---------------------------------------------------------------------------------------------
                                              0.764323   slack (MET)


Startpoint: _1179_ (rising edge-triggered flip-flop clocked by i_clk)
Endpoint: _1189_ (rising edge-triggered flip-flop clocked by i_clk)
Path Group: i_clk
Path Type: min

Fanout         Cap        Slew       Delay        Time   Description
---------------------------------------------------------------------------------------------
                      0.150000    0.000000    0.000000   clock i_clk (rise edge)
                                  0.000000    0.000000   clock network delay (ideal)
                      0.150000    0.000000    0.000000 ^ _1179_/CLK (sky130_fd_sc_hd__dfrtp_2)
     2    0.003924    0.080102    0.721255    0.721255 ^ _1179_/Q (sky130_fd_sc_hd__dfrtp_2)
                                                         u_i2c_master_controller.cntrl_fsm.cntrl_fsm.i_slave_changed (net)
                      0.080102    0.000000    0.721255 ^ _0668_/A2 (sky130_fd_sc_hd__o21a_2)
     2    0.004400    0.068006    0.233913    0.955168 ^ _0668_/X (sky130_fd_sc_hd__o21a_2)
                                                         _0039_ (net)
                      0.068006    0.000000    0.955168 ^ _1189_/D (sky130_fd_sc_hd__dfrtp_2)
                                              0.955168   data arrival time

                      0.150000    0.000000    0.000000   clock i_clk (rise edge)
                                  0.000000    0.000000   clock network delay (ideal)
                                  0.250000    0.250000   clock uncertainty
                                  0.000000    0.250000   clock reconvergence pessimism
                                              0.250000 ^ _1189_/CLK (sky130_fd_sc_hd__dfrtp_2)
                                 -0.063318    0.186682   library hold time
                                              0.186682   data required time
---------------------------------------------------------------------------------------------
                                              0.186682   data required time
                                             -0.955168   data arrival time
---------------------------------------------------------------------------------------------
                                              0.768486   slack (MET)


Startpoint: _1274_ (rising edge-triggered flip-flop clocked by i_clk)
Endpoint: _1274_ (rising edge-triggered flip-flop clocked by i_clk)
Path Group: i_clk
Path Type: min

Fanout         Cap        Slew       Delay        Time   Description
---------------------------------------------------------------------------------------------
                      0.150000    0.000000    0.000000   clock i_clk (rise edge)
                                  0.000000    0.000000   clock network delay (ideal)
                      0.150000    0.000000    0.000000 ^ _1274_/CLK (sky130_fd_sc_hd__dfrtp_2)
     3    0.005455    0.091706    0.736542    0.736542 ^ _1274_/Q (sky130_fd_sc_hd__dfrtp_2)
                                                         u_i2c_master_controller.cntrl_fsm.byte_tx_fsm.state[6] (net)
                      0.091706    0.000000    0.736542 ^ _0970_/A0 (sky130_fd_sc_hd__mux2_1)
     1    0.001853    0.063020    0.220151    0.956693 ^ _0970_/X (sky130_fd_sc_hd__mux2_1)
                                                         _0276_ (net)
                      0.063020    0.000000    0.956693 ^ _1274_/D (sky130_fd_sc_hd__dfrtp_2)
                                              0.956693   data arrival time

                      0.150000    0.000000    0.000000   clock i_clk (rise edge)
                                  0.000000    0.000000   clock network delay (ideal)
                                  0.250000    0.250000   clock uncertainty
                                  0.000000    0.250000   clock reconvergence pessimism
                                              0.250000 ^ _1274_/CLK (sky130_fd_sc_hd__dfrtp_2)
                                 -0.062186    0.187814   library hold time
                                              0.187814   data required time
---------------------------------------------------------------------------------------------
                                              0.187814   data required time
                                             -0.956693   data arrival time
---------------------------------------------------------------------------------------------
                                              0.768879   slack (MET)


Startpoint: _1134_ (rising edge-triggered flip-flop clocked by i_clk)
Endpoint: _1134_ (rising edge-triggered flip-flop clocked by i_clk)
Path Group: i_clk
Path Type: min

Fanout         Cap        Slew       Delay        Time   Description
---------------------------------------------------------------------------------------------
                      0.150000    0.000000    0.000000   clock i_clk (rise edge)
                                  0.000000    0.000000   clock network delay (ideal)
                      0.150000    0.000000    0.000000 ^ _1134_/CLK (sky130_fd_sc_hd__dfrtp_2)
     6    0.019660    0.187186    0.832433    0.832433 ^ _1134_/Q (sky130_fd_sc_hd__dfrtp_2)
                                                         u_i2c_master_controller.i2cbus_cntrl_fsm.scl_gen.count[3] (net)
                      0.187186    0.000000    0.832433 ^ _0596_/A1 (sky130_fd_sc_hd__a21oi_2)
     1    0.001838    0.029698    0.131849    0.964282 v _0596_/Y (sky130_fd_sc_hd__a21oi_2)
                                                         _0257_ (net)
                      0.029698    0.000000    0.964282 v _1134_/D (sky130_fd_sc_hd__dfrtp_2)
                                              0.964282   data arrival time

                      0.150000    0.000000    0.000000   clock i_clk (rise edge)
                                  0.000000    0.000000   clock network delay (ideal)
                                  0.250000    0.250000   clock uncertainty
                                  0.000000    0.250000   clock reconvergence pessimism
                                              0.250000 ^ _1134_/CLK (sky130_fd_sc_hd__dfrtp_2)
                                 -0.055495    0.194505   library hold time
                                              0.194505   data required time
---------------------------------------------------------------------------------------------
                                              0.194505   data required time
                                             -0.964282   data arrival time
---------------------------------------------------------------------------------------------
                                              0.769777   slack (MET)


Startpoint: _1258_ (rising edge-triggered flip-flop clocked by i_clk)
Endpoint: _1129_ (rising edge-triggered flip-flop clocked by i_clk)
Path Group: i_clk
Path Type: min

Fanout         Cap        Slew       Delay        Time   Description
---------------------------------------------------------------------------------------------
                      0.150000    0.000000    0.000000   clock i_clk (rise edge)
                                  0.000000    0.000000   clock network delay (ideal)
                      0.150000    0.000000    0.000000 ^ _1258_/CLK (sky130_fd_sc_hd__dfrtp_2)
     3    0.006839    0.101073    0.746335    0.746335 ^ _1258_/Q (sky130_fd_sc_hd__dfrtp_2)
                                                         u_i2c_master_controller.filter_scl.in_d2 (net)
                      0.101073    0.000000    0.746335 ^ _0606_/A2 (sky130_fd_sc_hd__o21a_2)
     1    0.001853    0.048186    0.220748    0.967083 ^ _0606_/X (sky130_fd_sc_hd__o21a_2)
                                                         _0252_ (net)
                      0.048186    0.000000    0.967083 ^ _1129_/D (sky130_fd_sc_hd__dfrtp_2)
                                              0.967083   data arrival time

                      0.150000    0.000000    0.000000   clock i_clk (rise edge)
                                  0.000000    0.000000   clock network delay (ideal)
                                  0.250000    0.250000   clock uncertainty
                                  0.000000    0.250000   clock reconvergence pessimism
                                              0.250000 ^ _1129_/CLK (sky130_fd_sc_hd__dfrtp_2)
                                 -0.058815    0.191185   library hold time
                                              0.191185   data required time
---------------------------------------------------------------------------------------------
                                              0.191185   data required time
                                             -0.967083   data arrival time
---------------------------------------------------------------------------------------------
                                              0.775898   slack (MET)


Startpoint: _1255_ (rising edge-triggered flip-flop clocked by i_clk)
Endpoint: _1130_ (rising edge-triggered flip-flop clocked by i_clk)
Path Group: i_clk
Path Type: min

Fanout         Cap        Slew       Delay        Time   Description
---------------------------------------------------------------------------------------------
                      0.150000    0.000000    0.000000   clock i_clk (rise edge)
                                  0.000000    0.000000   clock network delay (ideal)
                      0.150000    0.000000    0.000000 ^ _1255_/CLK (sky130_fd_sc_hd__dfrtp_2)
     3    0.006839    0.101073    0.746335    0.746335 ^ _1255_/Q (sky130_fd_sc_hd__dfrtp_2)
                                                         u_i2c_master_controller.filter_sda.in_d2 (net)
                      0.101073    0.000000    0.746335 ^ _0604_/A2 (sky130_fd_sc_hd__o21a_2)
     1    0.001853    0.048186    0.220748    0.967083 ^ _0604_/X (sky130_fd_sc_hd__o21a_2)
                                                         _0253_ (net)
                      0.048186    0.000000    0.967083 ^ _1130_/D (sky130_fd_sc_hd__dfrtp_2)
                                              0.967083   data arrival time

                      0.150000    0.000000    0.000000   clock i_clk (rise edge)
                                  0.000000    0.000000   clock network delay (ideal)
                                  0.250000    0.250000   clock uncertainty
                                  0.000000    0.250000   clock reconvergence pessimism
                                              0.250000 ^ _1130_/CLK (sky130_fd_sc_hd__dfrtp_2)
                                 -0.058815    0.191185   library hold time
                                              0.191185   data required time
---------------------------------------------------------------------------------------------
                                              0.191185   data required time
                                             -0.967083   data arrival time
---------------------------------------------------------------------------------------------
                                              0.775898   slack (MET)


Startpoint: _1157_ (rising edge-triggered flip-flop clocked by i_clk)
Endpoint: _1156_ (rising edge-triggered flip-flop clocked by i_clk)
Path Group: i_clk
Path Type: min

Fanout         Cap        Slew       Delay        Time   Description
---------------------------------------------------------------------------------------------
                      0.150000    0.000000    0.000000   clock i_clk (rise edge)
                                  0.000000    0.000000   clock network delay (ideal)
                      0.150000    0.000000    0.000000 ^ _1157_/CLK (sky130_fd_sc_hd__dfrtp_2)
     2    0.007607    0.106221    0.751594    0.751594 ^ _1157_/Q (sky130_fd_sc_hd__dfrtp_2)
                                                         u_i2c_master_controller.i2cbus_cntrl_fsm.falling_scl_detect.state[1] (net)
                      0.106221    0.000000    0.751594 ^ _0656_/A2 (sky130_fd_sc_hd__o21a_2)
     1    0.002386    0.052332    0.227133    0.978727 ^ _0656_/X (sky130_fd_sc_hd__o21a_2)
                                                         _0017_ (net)
                      0.052332    0.000000    0.978727 ^ _1156_/D (sky130_fd_sc_hd__dfstp_2)
                                              0.978727   data arrival time

                      0.150000    0.000000    0.000000   clock i_clk (rise edge)
                                  0.000000    0.000000   clock network delay (ideal)
                                  0.250000    0.250000   clock uncertainty
                                  0.000000    0.250000   clock reconvergence pessimism
                                              0.250000 ^ _1156_/CLK (sky130_fd_sc_hd__dfstp_2)
                                 -0.047562    0.202438   library hold time
                                              0.202438   data required time
---------------------------------------------------------------------------------------------
                                              0.202438   data required time
                                             -0.978727   data arrival time
---------------------------------------------------------------------------------------------
                                              0.776290   slack (MET)


Startpoint: _1151_ (rising edge-triggered flip-flop clocked by i_clk)
Endpoint: _1146_ (rising edge-triggered flip-flop clocked by i_clk)
Path Group: i_clk
Path Type: min

Fanout         Cap        Slew       Delay        Time   Description
---------------------------------------------------------------------------------------------
                      0.150000    0.000000    0.000000   clock i_clk (rise edge)
                                  0.000000    0.000000   clock network delay (ideal)
                      0.150000    0.000000    0.000000 ^ _1151_/CLK (sky130_fd_sc_hd__dfrtp_2)
     2    0.003906    0.079965    0.721075    0.721075 ^ _1151_/Q (sky130_fd_sc_hd__dfrtp_2)
                                                         u_i2c_master_controller.i2cbus_cntrl_fsm.start_gen.state[6] (net)
                      0.079965    0.000000    0.721075 ^ _0614_/A (sky130_fd_sc_hd__and2_2)
     1    0.001853    0.061562    0.243755    0.964830 ^ _0614_/X (sky130_fd_sc_hd__and2_2)
                                                         _0002_ (net)
                      0.061562    0.000000    0.964830 ^ _1146_/D (sky130_fd_sc_hd__dfrtp_2)
                                              0.964830   data arrival time

                      0.150000    0.000000    0.000000   clock i_clk (rise edge)
                                  0.000000    0.000000   clock network delay (ideal)
                                  0.250000    0.250000   clock uncertainty
                                  0.000000    0.250000   clock reconvergence pessimism
                                              0.250000 ^ _1146_/CLK (sky130_fd_sc_hd__dfrtp_2)
                                 -0.061854    0.188146   library hold time
                                              0.188146   data required time
---------------------------------------------------------------------------------------------
                                              0.188146   data required time
                                             -0.964830   data arrival time
---------------------------------------------------------------------------------------------
                                              0.776684   slack (MET)


Startpoint: _1078_ (rising edge-triggered flip-flop clocked by i_clk)
Endpoint: _1078_ (rising edge-triggered flip-flop clocked by i_clk)
Path Group: i_clk
Path Type: min

Fanout         Cap        Slew       Delay        Time   Description
---------------------------------------------------------------------------------------------
                      0.150000    0.000000    0.000000   clock i_clk (rise edge)
                                  0.000000    0.000000   clock network delay (ideal)
                      0.150000    0.000000    0.000000 ^ _1078_/CLK (sky130_fd_sc_hd__dfrtp_2)
     2    0.006231    0.096997    0.742171    0.742171 ^ _1078_/Q (sky130_fd_sc_hd__dfrtp_2)
                                                         u_i2c_master_controller.bps_mode[0] (net)
                      0.096997    0.000000    0.742171 ^ _0850_/A0 (sky130_fd_sc_hd__mux2_1)
     1    0.001853    0.063016    0.222394    0.964565 ^ _0850_/X (sky130_fd_sc_hd__mux2_1)
                                                         _0201_ (net)
                      0.063016    0.000000    0.964565 ^ _1078_/D (sky130_fd_sc_hd__dfrtp_2)
                                              0.964565   data arrival time

                      0.150000    0.000000    0.000000   clock i_clk (rise edge)
                                  0.000000    0.000000   clock network delay (ideal)
                                  0.250000    0.250000   clock uncertainty
                                  0.000000    0.250000   clock reconvergence pessimism
                                              0.250000 ^ _1078_/CLK (sky130_fd_sc_hd__dfrtp_2)
                                 -0.062185    0.187815   library hold time
                                              0.187815   data required time
---------------------------------------------------------------------------------------------
                                              0.187815   data required time
                                             -0.964565   data arrival time
---------------------------------------------------------------------------------------------
                                              0.776750   slack (MET)


Startpoint: _1151_ (rising edge-triggered flip-flop clocked by i_clk)
Endpoint: _1151_ (rising edge-triggered flip-flop clocked by i_clk)
Path Group: i_clk
Path Type: min

Fanout         Cap        Slew       Delay        Time   Description
---------------------------------------------------------------------------------------------
                      0.150000    0.000000    0.000000   clock i_clk (rise edge)
                                  0.000000    0.000000   clock network delay (ideal)
                      0.150000    0.000000    0.000000 ^ _1151_/CLK (sky130_fd_sc_hd__dfrtp_2)
     2    0.003906    0.079965    0.721075    0.721075 ^ _1151_/Q (sky130_fd_sc_hd__dfrtp_2)
                                                         u_i2c_master_controller.i2cbus_cntrl_fsm.start_gen.state[6] (net)
                      0.079965    0.000000    0.721075 ^ _0641_/B2 (sky130_fd_sc_hd__a22o_2)
     1    0.001853    0.055472    0.247848    0.968923 ^ _0641_/X (sky130_fd_sc_hd__a22o_2)
                                                         _0029_ (net)
                      0.055472    0.000000    0.968923 ^ _1151_/D (sky130_fd_sc_hd__dfrtp_2)
                                              0.968923   data arrival time

                      0.150000    0.000000    0.000000   clock i_clk (rise edge)
                                  0.000000    0.000000   clock network delay (ideal)
                                  0.250000    0.250000   clock uncertainty
                                  0.000000    0.250000   clock reconvergence pessimism
                                              0.250000 ^ _1151_/CLK (sky130_fd_sc_hd__dfrtp_2)
                                 -0.060471    0.189529   library hold time
                                              0.189529   data required time
---------------------------------------------------------------------------------------------
                                              0.189529   data required time
                                             -0.968923   data arrival time
---------------------------------------------------------------------------------------------
                                              0.779393   slack (MET)


Startpoint: _1154_ (rising edge-triggered flip-flop clocked by i_clk)
Endpoint: _1153_ (rising edge-triggered flip-flop clocked by i_clk)
Path Group: i_clk
Path Type: min

Fanout         Cap        Slew       Delay        Time   Description
---------------------------------------------------------------------------------------------
                      0.150000    0.000000    0.000000   clock i_clk (rise edge)
                                  0.000000    0.000000   clock network delay (ideal)
                      0.150000    0.000000    0.000000 ^ _1154_/CLK (sky130_fd_sc_hd__dfrtp_2)
     2    0.004994    0.088212    0.731939    0.731939 ^ _1154_/Q (sky130_fd_sc_hd__dfrtp_2)
                                                         u_i2c_master_controller.i2cbus_cntrl_fsm.scl_gen.state[2] (net)
                      0.088212    0.000000    0.731939 ^ _0651_/B1 (sky130_fd_sc_hd__a22o_2)
     1    0.001853    0.055512    0.242377    0.974315 ^ _0651_/X (sky130_fd_sc_hd__a22o_2)
                                                         _0021_ (net)
                      0.055512    0.000000    0.974315 ^ _1153_/D (sky130_fd_sc_hd__dfrtp_2)
                                              0.974315   data arrival time

                      0.150000    0.000000    0.000000   clock i_clk (rise edge)
                                  0.000000    0.000000   clock network delay (ideal)
                                  0.250000    0.250000   clock uncertainty
                                  0.000000    0.250000   clock reconvergence pessimism
                                              0.250000 ^ _1153_/CLK (sky130_fd_sc_hd__dfrtp_2)
                                 -0.060480    0.189520   library hold time
                                              0.189520   data required time
---------------------------------------------------------------------------------------------
                                              0.189520   data required time
                                             -0.974315   data arrival time
---------------------------------------------------------------------------------------------
                                              0.784795   slack (MET)


Startpoint: _1228_ (rising edge-triggered flip-flop clocked by i_clk)
Endpoint: _1228_ (rising edge-triggered flip-flop clocked by i_clk)
Path Group: i_clk
Path Type: min

Fanout         Cap        Slew       Delay        Time   Description
---------------------------------------------------------------------------------------------
                      0.150000    0.000000    0.000000   clock i_clk (rise edge)
                                  0.000000    0.000000   clock network delay (ideal)
                      0.150000    0.000000    0.000000 ^ _1228_/CLK (sky130_fd_sc_hd__dfrtp_2)
     3    0.008675    0.113381    0.758908    0.758908 ^ _1228_/Q (sky130_fd_sc_hd__dfrtp_2)
                                                         u_i2c_master_controller.i2cbus_cntrl_fsm.start_gen.delay_gen.count[15] (net)
                      0.113381    0.000000    0.758908 ^ _0784_/B1 (sky130_fd_sc_hd__a21oi_2)
     1    0.004246    0.044492    0.077168    0.836076 v _0784_/Y (sky130_fd_sc_hd__a21oi_2)
                                                         _0433_ (net)
                      0.044492    0.000000    0.836076 v _0786_/A (sky130_fd_sc_hd__nor2_2)
     1    0.001853    0.086183    0.132815    0.968891 ^ _0786_/Y (sky130_fd_sc_hd__nor2_2)
                                                         _0060_ (net)
                      0.086183    0.000000    0.968891 ^ _1228_/D (sky130_fd_sc_hd__dfrtp_2)
                                              0.968891   data arrival time

                      0.150000    0.000000    0.000000   clock i_clk (rise edge)
                                  0.000000    0.000000   clock network delay (ideal)
                                  0.250000    0.250000   clock uncertainty
                                  0.000000    0.250000   clock reconvergence pessimism
                                              0.250000 ^ _1228_/CLK (sky130_fd_sc_hd__dfrtp_2)
                                 -0.067448    0.182552   library hold time
                                              0.182552   data required time
---------------------------------------------------------------------------------------------
                                              0.182552   data required time
                                             -0.968891   data arrival time
---------------------------------------------------------------------------------------------
                                              0.786339   slack (MET)


Startpoint: _1250_ (rising edge-triggered flip-flop clocked by i_clk)
Endpoint: _1250_ (rising edge-triggered flip-flop clocked by i_clk)
Path Group: i_clk
Path Type: min

Fanout         Cap        Slew       Delay        Time   Description
---------------------------------------------------------------------------------------------
                      0.150000    0.000000    0.000000   clock i_clk (rise edge)
                                  0.000000    0.000000   clock network delay (ideal)
                      0.150000    0.000000    0.000000 ^ _1250_/CLK (sky130_fd_sc_hd__dfrtp_2)
     3    0.008675    0.113381    0.758908    0.758908 ^ _1250_/Q (sky130_fd_sc_hd__dfrtp_2)
                                                         u_i2c_master_controller.i2cbus_cntrl_fsm.stop_gen.delay_gen.count[15] (net)
                      0.113381    0.000000    0.758908 ^ _0828_/B1 (sky130_fd_sc_hd__a21oi_2)
     1    0.004246    0.044492    0.077168    0.836076 v _0828_/Y (sky130_fd_sc_hd__a21oi_2)
                                                         _0461_ (net)
                      0.044492    0.000000    0.836076 v _0830_/A (sky130_fd_sc_hd__nor2_2)
     1    0.001853    0.086183    0.132815    0.968891 ^ _0830_/Y (sky130_fd_sc_hd__nor2_2)
                                                         _0079_ (net)
                      0.086183    0.000000    0.968891 ^ _1250_/D (sky130_fd_sc_hd__dfrtp_2)
                                              0.968891   data arrival time

                      0.150000    0.000000    0.000000   clock i_clk (rise edge)
                                  0.000000    0.000000   clock network delay (ideal)
                                  0.250000    0.250000   clock uncertainty
                                  0.000000    0.250000   clock reconvergence pessimism
                                              0.250000 ^ _1250_/CLK (sky130_fd_sc_hd__dfrtp_2)
                                 -0.067448    0.182552   library hold time
                                              0.182552   data required time
---------------------------------------------------------------------------------------------
                                              0.182552   data required time
                                             -0.968891   data arrival time
---------------------------------------------------------------------------------------------
                                              0.786339   slack (MET)


Startpoint: _1111_ (rising edge-triggered flip-flop clocked by i_clk)
Endpoint: _1111_ (rising edge-triggered flip-flop clocked by i_clk)
Path Group: i_clk
Path Type: min

Fanout         Cap        Slew       Delay        Time   Description
---------------------------------------------------------------------------------------------
                      0.150000    0.000000    0.000000   clock i_clk (rise edge)
                                  0.000000    0.000000   clock network delay (ideal)
                      0.150000    0.000000    0.000000 ^ _1111_/CLK (sky130_fd_sc_hd__dfrtp_2)
     2    0.004919    0.087644    0.731190    0.731190 ^ _1111_/Q (sky130_fd_sc_hd__dfrtp_2)
                                                         u_i2c_master_controller.cntrl_fsm.byte_tx_fsm.i_tx_data[0] (net)
                      0.087644    0.000000    0.731190 ^ _0902_/A1 (sky130_fd_sc_hd__o21a_2)
     1    0.001853    0.048212    0.246823    0.978013 ^ _0902_/X (sky130_fd_sc_hd__o21a_2)
                                                         _0234_ (net)
                      0.048212    0.000000    0.978013 ^ _1111_/D (sky130_fd_sc_hd__dfrtp_2)
                                              0.978013   data arrival time

                      0.150000    0.000000    0.000000   clock i_clk (rise edge)
                                  0.000000    0.000000   clock network delay (ideal)
                                  0.250000    0.250000   clock uncertainty
                                  0.000000    0.250000   clock reconvergence pessimism
                                              0.250000 ^ _1111_/CLK (sky130_fd_sc_hd__dfrtp_2)
                                 -0.058821    0.191179   library hold time
                                              0.191179   data required time
---------------------------------------------------------------------------------------------
                                              0.191179   data required time
                                             -0.978013   data arrival time
---------------------------------------------------------------------------------------------
                                              0.786834   slack (MET)


Startpoint: _1271_ (rising edge-triggered flip-flop clocked by i_clk)
Endpoint: _1271_ (rising edge-triggered flip-flop clocked by i_clk)
Path Group: i_clk
Path Type: min

Fanout         Cap        Slew       Delay        Time   Description
---------------------------------------------------------------------------------------------
                      0.150000    0.000000    0.000000   clock i_clk (rise edge)
                                  0.000000    0.000000   clock network delay (ideal)
                      0.150000    0.000000    0.000000 ^ _1271_/CLK (sky130_fd_sc_hd__dfrtp_2)
     4    0.007296    0.104136    0.749464    0.749464 ^ _1271_/Q (sky130_fd_sc_hd__dfrtp_2)
                                                         u_i2c_master_controller.cntrl_fsm.byte_tx_fsm.state[9] (net)
                      0.104136    0.000000    0.749464 ^ _0967_/A0 (sky130_fd_sc_hd__mux2_1)
     1    0.001853    0.063020    0.225421    0.974885 ^ _0967_/X (sky130_fd_sc_hd__mux2_1)
                                                         _0273_ (net)
                      0.063020    0.000000    0.974885 ^ _1271_/D (sky130_fd_sc_hd__dfrtp_2)
                                              0.974885   data arrival time

                      0.150000    0.000000    0.000000   clock i_clk (rise edge)
                                  0.000000    0.000000   clock network delay (ideal)
                                  0.250000    0.250000   clock uncertainty
                                  0.000000    0.250000   clock reconvergence pessimism
                                              0.250000 ^ _1271_/CLK (sky130_fd_sc_hd__dfrtp_2)
                                 -0.062186    0.187814   library hold time
                                              0.187814   data required time
---------------------------------------------------------------------------------------------
                                              0.187814   data required time
                                             -0.974885   data arrival time
---------------------------------------------------------------------------------------------
                                              0.787071   slack (MET)


Startpoint: _1278_ (rising edge-triggered flip-flop clocked by i_clk)
Endpoint: _1278_ (rising edge-triggered flip-flop clocked by i_clk)
Path Group: i_clk
Path Type: min

Fanout         Cap        Slew       Delay        Time   Description
---------------------------------------------------------------------------------------------
                      0.150000    0.000000    0.000000   clock i_clk (rise edge)
                                  0.000000    0.000000   clock network delay (ideal)
                      0.150000    0.000000    0.000000 ^ _1278_/CLK (sky130_fd_sc_hd__dfrtp_2)
     4    0.007305    0.104197    0.749526    0.749526 ^ _1278_/Q (sky130_fd_sc_hd__dfrtp_2)
                                                         u_i2c_master_controller.cntrl_fsm.byte_tx_fsm.state[2] (net)
                      0.104197    0.000000    0.749526 ^ _0974_/A0 (sky130_fd_sc_hd__mux2_1)
     1    0.001853    0.063020    0.225446    0.974972 ^ _0974_/X (sky130_fd_sc_hd__mux2_1)
                                                         _0280_ (net)
                      0.063020    0.000000    0.974972 ^ _1278_/D (sky130_fd_sc_hd__dfrtp_2)
                                              0.974972   data arrival time

                      0.150000    0.000000    0.000000   clock i_clk (rise edge)
                                  0.000000    0.000000   clock network delay (ideal)
                                  0.250000    0.250000   clock uncertainty
                                  0.000000    0.250000   clock reconvergence pessimism
                                              0.250000 ^ _1278_/CLK (sky130_fd_sc_hd__dfrtp_2)
                                 -0.062186    0.187814   library hold time
                                              0.187814   data required time
---------------------------------------------------------------------------------------------
                                              0.187814   data required time
                                             -0.974972   data arrival time
---------------------------------------------------------------------------------------------
                                              0.787158   slack (MET)


Startpoint: _1165_ (rising edge-triggered flip-flop clocked by i_clk)
Endpoint: _1165_ (rising edge-triggered flip-flop clocked by i_clk)
Path Group: i_clk
Path Type: min

Fanout         Cap        Slew       Delay        Time   Description
---------------------------------------------------------------------------------------------
                      0.150000    0.000000    0.000000   clock i_clk (rise edge)
                                  0.000000    0.000000   clock network delay (ideal)
                      0.150000    0.000000    0.000000 ^ _1165_/CLK (sky130_fd_sc_hd__dfrtp_2)
     3    0.006696    0.100114    0.745356    0.745356 ^ _1165_/Q (sky130_fd_sc_hd__dfrtp_2)
                                                         u_i2c_master_controller.cntrl_fsm.cntrl_fsm.state[6] (net)
                      0.100114    0.000000    0.745356 ^ _0669_/A2 (sky130_fd_sc_hd__a21o_2)
     1    0.001853    0.039582    0.235037    0.980392 ^ _0669_/X (sky130_fd_sc_hd__a21o_2)
                                                         _0013_ (net)
                      0.039582    0.000000    0.980392 ^ _1165_/D (sky130_fd_sc_hd__dfrtp_2)
                                              0.980392   data arrival time

                      0.150000    0.000000    0.000000   clock i_clk (rise edge)
                                  0.000000    0.000000   clock network delay (ideal)
                                  0.250000    0.250000   clock uncertainty
                                  0.000000    0.250000   clock reconvergence pessimism
                                              0.250000 ^ _1165_/CLK (sky130_fd_sc_hd__dfrtp_2)
                                 -0.056860    0.193140   library hold time
                                              0.193140   data required time
---------------------------------------------------------------------------------------------
                                              0.193140   data required time
                                             -0.980392   data arrival time
---------------------------------------------------------------------------------------------
                                              0.787252   slack (MET)


Startpoint: _1272_ (rising edge-triggered flip-flop clocked by i_clk)
Endpoint: _1272_ (rising edge-triggered flip-flop clocked by i_clk)
Path Group: i_clk
Path Type: min

Fanout         Cap        Slew       Delay        Time   Description
---------------------------------------------------------------------------------------------
                      0.150000    0.000000    0.000000   clock i_clk (rise edge)
                                  0.000000    0.000000   clock network delay (ideal)
                      0.150000    0.000000    0.000000 ^ _1272_/CLK (sky130_fd_sc_hd__dfrtp_2)
     4    0.007335    0.104398    0.749731    0.749731 ^ _1272_/Q (sky130_fd_sc_hd__dfrtp_2)
                                                         u_i2c_master_controller.cntrl_fsm.byte_tx_fsm.state[8] (net)
                      0.104398    0.000000    0.749731 ^ _0968_/A0 (sky130_fd_sc_hd__mux2_1)
     1    0.001853    0.063020    0.225532    0.975263 ^ _0968_/X (sky130_fd_sc_hd__mux2_1)
                                                         _0274_ (net)
                      0.063020    0.000000    0.975263 ^ _1272_/D (sky130_fd_sc_hd__dfrtp_2)
                                              0.975263   data arrival time

                      0.150000    0.000000    0.000000   clock i_clk (rise edge)
                                  0.000000    0.000000   clock network delay (ideal)
                                  0.250000    0.250000   clock uncertainty
                                  0.000000    0.250000   clock reconvergence pessimism
                                              0.250000 ^ _1272_/CLK (sky130_fd_sc_hd__dfrtp_2)
                                 -0.062186    0.187814   library hold time
                                              0.187814   data required time
---------------------------------------------------------------------------------------------
                                              0.187814   data required time
                                             -0.975263   data arrival time
---------------------------------------------------------------------------------------------
                                              0.787449   slack (MET)


Startpoint: _1275_ (rising edge-triggered flip-flop clocked by i_clk)
Endpoint: _1275_ (rising edge-triggered flip-flop clocked by i_clk)
Path Group: i_clk
Path Type: min

Fanout         Cap        Slew       Delay        Time   Description
---------------------------------------------------------------------------------------------
                      0.150000    0.000000    0.000000   clock i_clk (rise edge)
                                  0.000000    0.000000   clock network delay (ideal)
                      0.150000    0.000000    0.000000 ^ _1275_/CLK (sky130_fd_sc_hd__dfrtp_2)
     4    0.007399    0.104827    0.750170    0.750170 ^ _1275_/Q (sky130_fd_sc_hd__dfrtp_2)
                                                         u_i2c_master_controller.cntrl_fsm.byte_tx_fsm.state[5] (net)
                      0.104827    0.000000    0.750170 ^ _0971_/A0 (sky130_fd_sc_hd__mux2_1)
     1    0.001853    0.063020    0.225713    0.975883 ^ _0971_/X (sky130_fd_sc_hd__mux2_1)
                                                         _0277_ (net)
                      0.063020    0.000000    0.975883 ^ _1275_/D (sky130_fd_sc_hd__dfrtp_2)
                                              0.975883   data arrival time

                      0.150000    0.000000    0.000000   clock i_clk (rise edge)
                                  0.000000    0.000000   clock network delay (ideal)
                                  0.250000    0.250000   clock uncertainty
                                  0.000000    0.250000   clock reconvergence pessimism
                                              0.250000 ^ _1275_/CLK (sky130_fd_sc_hd__dfrtp_2)
                                 -0.062186    0.187814   library hold time
                                              0.187814   data required time
---------------------------------------------------------------------------------------------
                                              0.187814   data required time
                                             -0.975883   data arrival time
---------------------------------------------------------------------------------------------
                                              0.788069   slack (MET)


Startpoint: _1276_ (rising edge-triggered flip-flop clocked by i_clk)
Endpoint: _1276_ (rising edge-triggered flip-flop clocked by i_clk)
Path Group: i_clk
Path Type: min

Fanout         Cap        Slew       Delay        Time   Description
---------------------------------------------------------------------------------------------
                      0.150000    0.000000    0.000000   clock i_clk (rise edge)
                                  0.000000    0.000000   clock network delay (ideal)
                      0.150000    0.000000    0.000000 ^ _1276_/CLK (sky130_fd_sc_hd__dfrtp_2)
     4    0.007405    0.104867    0.750211    0.750211 ^ _1276_/Q (sky130_fd_sc_hd__dfrtp_2)
                                                         u_i2c_master_controller.cntrl_fsm.byte_tx_fsm.state[4] (net)
                      0.104867    0.000000    0.750211 ^ _0972_/A0 (sky130_fd_sc_hd__mux2_1)
     1    0.001853    0.063020    0.225730    0.975941 ^ _0972_/X (sky130_fd_sc_hd__mux2_1)
                                                         _0278_ (net)
                      0.063020    0.000000    0.975941 ^ _1276_/D (sky130_fd_sc_hd__dfrtp_2)
                                              0.975941   data arrival time

                      0.150000    0.000000    0.000000   clock i_clk (rise edge)
                                  0.000000    0.000000   clock network delay (ideal)
                                  0.250000    0.250000   clock uncertainty
                                  0.000000    0.250000   clock reconvergence pessimism
                                              0.250000 ^ _1276_/CLK (sky130_fd_sc_hd__dfrtp_2)
                                 -0.062186    0.187814   library hold time
                                              0.187814   data required time
---------------------------------------------------------------------------------------------
                                              0.187814   data required time
                                             -0.975941   data arrival time
---------------------------------------------------------------------------------------------
                                              0.788127   slack (MET)


Startpoint: _1213_ (rising edge-triggered flip-flop clocked by i_clk)
Endpoint: _1213_ (rising edge-triggered flip-flop clocked by i_clk)
Path Group: i_clk
Path Type: min

Fanout         Cap        Slew       Delay        Time   Description
---------------------------------------------------------------------------------------------
                      0.150000    0.000000    0.000000   clock i_clk (rise edge)
                                  0.000000    0.000000   clock network delay (ideal)
                      0.150000    0.000000    0.000000 ^ _1213_/CLK (sky130_fd_sc_hd__dfrtp_2)
     7    0.018938    0.182242    0.828564    0.828564 ^ _1213_/Q (sky130_fd_sc_hd__dfrtp_2)
                                                         u_i2c_master_controller.i2cbus_cntrl_fsm.start_gen.delay_gen.count[0] (net)
                      0.182242    0.000000    0.828564 ^ _0743_/A1 (sky130_fd_sc_hd__o21ai_2)
     1    0.001838    0.054762    0.145501    0.974064 v _0743_/Y (sky130_fd_sc_hd__o21ai_2)
                                                         _0054_ (net)
                      0.054762    0.000000    0.974064 v _1213_/D (sky130_fd_sc_hd__dfrtp_2)
                                              0.974064   data arrival time

                      0.150000    0.000000    0.000000   clock i_clk (rise edge)
                                  0.000000    0.000000   clock network delay (ideal)
                                  0.250000    0.250000   clock uncertainty
                                  0.000000    0.250000   clock reconvergence pessimism
                                              0.250000 ^ _1213_/CLK (sky130_fd_sc_hd__dfrtp_2)
                                 -0.064678    0.185322   library hold time
                                              0.185322   data required time
---------------------------------------------------------------------------------------------
                                              0.185322   data required time
                                             -0.974064   data arrival time
---------------------------------------------------------------------------------------------
                                              0.788742   slack (MET)


Startpoint: _1235_ (rising edge-triggered flip-flop clocked by i_clk)
Endpoint: _1235_ (rising edge-triggered flip-flop clocked by i_clk)
Path Group: i_clk
Path Type: min

Fanout         Cap        Slew       Delay        Time   Description
---------------------------------------------------------------------------------------------
                      0.150000    0.000000    0.000000   clock i_clk (rise edge)
                                  0.000000    0.000000   clock network delay (ideal)
                      0.150000    0.000000    0.000000 ^ _1235_/CLK (sky130_fd_sc_hd__dfrtp_2)
     7    0.018938    0.182242    0.828564    0.828564 ^ _1235_/Q (sky130_fd_sc_hd__dfrtp_2)
                                                         u_i2c_master_controller.i2cbus_cntrl_fsm.stop_gen.delay_gen.count[0] (net)
                      0.182242    0.000000    0.828564 ^ _0787_/A1 (sky130_fd_sc_hd__o21ai_2)
     1    0.001838    0.054762    0.145501    0.974064 v _0787_/Y (sky130_fd_sc_hd__o21ai_2)
                                                         _0073_ (net)
                      0.054762    0.000000    0.974064 v _1235_/D (sky130_fd_sc_hd__dfrtp_2)
                                              0.974064   data arrival time

                      0.150000    0.000000    0.000000   clock i_clk (rise edge)
                                  0.000000    0.000000   clock network delay (ideal)
                                  0.250000    0.250000   clock uncertainty
                                  0.000000    0.250000   clock reconvergence pessimism
                                              0.250000 ^ _1235_/CLK (sky130_fd_sc_hd__dfrtp_2)
                                 -0.064678    0.185322   library hold time
                                              0.185322   data required time
---------------------------------------------------------------------------------------------
                                              0.185322   data required time
                                             -0.974064   data arrival time
---------------------------------------------------------------------------------------------
                                              0.788742   slack (MET)


Startpoint: _1277_ (rising edge-triggered flip-flop clocked by i_clk)
Endpoint: _1277_ (rising edge-triggered flip-flop clocked by i_clk)
Path Group: i_clk
Path Type: min

Fanout         Cap        Slew       Delay        Time   Description
---------------------------------------------------------------------------------------------
                      0.150000    0.000000    0.000000   clock i_clk (rise edge)
                                  0.000000    0.000000   clock network delay (ideal)
                      0.150000    0.000000    0.000000 ^ _1277_/CLK (sky130_fd_sc_hd__dfrtp_2)
     4    0.007603    0.106194    0.751567    0.751567 ^ _1277_/Q (sky130_fd_sc_hd__dfrtp_2)
                                                         u_i2c_master_controller.cntrl_fsm.byte_tx_fsm.state[3] (net)
                      0.106194    0.000000    0.751567 ^ _0973_/A0 (sky130_fd_sc_hd__mux2_1)
     1    0.001853    0.063020    0.226293    0.977860 ^ _0973_/X (sky130_fd_sc_hd__mux2_1)
                                                         _0279_ (net)
                      0.063020    0.000000    0.977860 ^ _1277_/D (sky130_fd_sc_hd__dfrtp_2)
                                              0.977860   data arrival time

                      0.150000    0.000000    0.000000   clock i_clk (rise edge)
                                  0.000000    0.000000   clock network delay (ideal)
                                  0.250000    0.250000   clock uncertainty
                                  0.000000    0.250000   clock reconvergence pessimism
                                              0.250000 ^ _1277_/CLK (sky130_fd_sc_hd__dfrtp_2)
                                 -0.062186    0.187814   library hold time
                                              0.187814   data required time
---------------------------------------------------------------------------------------------
                                              0.187814   data required time
                                             -0.977860   data arrival time
---------------------------------------------------------------------------------------------
                                              0.790046   slack (MET)


Startpoint: _1273_ (rising edge-triggered flip-flop clocked by i_clk)
Endpoint: _1273_ (rising edge-triggered flip-flop clocked by i_clk)
Path Group: i_clk
Path Type: min

Fanout         Cap        Slew       Delay        Time   Description
---------------------------------------------------------------------------------------------
                      0.150000    0.000000    0.000000   clock i_clk (rise edge)
                                  0.000000    0.000000   clock network delay (ideal)
                      0.150000    0.000000    0.000000 ^ _1273_/CLK (sky130_fd_sc_hd__dfrtp_2)
     4    0.007665    0.106610    0.751991    0.751991 ^ _1273_/Q (sky130_fd_sc_hd__dfrtp_2)
                                                         u_i2c_master_controller.cntrl_fsm.byte_tx_fsm.state[7] (net)
                      0.106610    0.000000    0.751991 ^ _0969_/A0 (sky130_fd_sc_hd__mux2_1)
     1    0.001853    0.063020    0.226469    0.978461 ^ _0969_/X (sky130_fd_sc_hd__mux2_1)
                                                         _0275_ (net)
                      0.063020    0.000000    0.978461 ^ _1273_/D (sky130_fd_sc_hd__dfrtp_2)
                                              0.978461   data arrival time

                      0.150000    0.000000    0.000000   clock i_clk (rise edge)
                                  0.000000    0.000000   clock network delay (ideal)
                                  0.250000    0.250000   clock uncertainty
                                  0.000000    0.250000   clock reconvergence pessimism
                                              0.250000 ^ _1273_/CLK (sky130_fd_sc_hd__dfrtp_2)
                                 -0.062186    0.187814   library hold time
                                              0.187814   data required time
---------------------------------------------------------------------------------------------
                                              0.187814   data required time
                                             -0.978461   data arrival time
---------------------------------------------------------------------------------------------
                                              0.790646   slack (MET)


Startpoint: _1220_ (rising edge-triggered flip-flop clocked by i_clk)
Endpoint: _1220_ (rising edge-triggered flip-flop clocked by i_clk)
Path Group: i_clk
Path Type: min

Fanout         Cap        Slew       Delay        Time   Description
---------------------------------------------------------------------------------------------
                      0.150000    0.000000    0.000000   clock i_clk (rise edge)
                                  0.000000    0.000000   clock network delay (ideal)
                      0.150000    0.000000    0.000000 ^ _1220_/CLK (sky130_fd_sc_hd__dfrtp_2)
     3    0.007641    0.106449    0.751827    0.751827 ^ _1220_/Q (sky130_fd_sc_hd__dfrtp_2)
                                                         u_i2c_master_controller.i2cbus_cntrl_fsm.start_gen.delay_gen.count[7] (net)
                      0.106449    0.000000    0.751827 ^ _0561_/A (sky130_fd_sc_hd__inv_2)
     1    0.004334    0.034911    0.072130    0.823957 v _0561_/Y (sky130_fd_sc_hd__inv_2)
                                                         _0308_ (net)
                      0.034911    0.000000    0.823957 v _0763_/A1 (sky130_fd_sc_hd__a21oi_2)
     1    0.001853    0.096352    0.148953    0.972909 ^ _0763_/Y (sky130_fd_sc_hd__a21oi_2)
                                                         _0067_ (net)
                      0.096352    0.000000    0.972909 ^ _1220_/D (sky130_fd_sc_hd__dfrtp_2)
                                              0.972909   data arrival time

                      0.150000    0.000000    0.000000   clock i_clk (rise edge)
                                  0.000000    0.000000   clock network delay (ideal)
                                  0.250000    0.250000   clock uncertainty
                                  0.000000    0.250000   clock reconvergence pessimism
                                              0.250000 ^ _1220_/CLK (sky130_fd_sc_hd__dfrtp_2)
                                 -0.069759    0.180241   library hold time
                                              0.180241   data required time
---------------------------------------------------------------------------------------------
                                              0.180241   data required time
                                             -0.972909   data arrival time
---------------------------------------------------------------------------------------------
                                              0.792669   slack (MET)


Startpoint: _1242_ (rising edge-triggered flip-flop clocked by i_clk)
Endpoint: _1242_ (rising edge-triggered flip-flop clocked by i_clk)
Path Group: i_clk
Path Type: min

Fanout         Cap        Slew       Delay        Time   Description
---------------------------------------------------------------------------------------------
                      0.150000    0.000000    0.000000   clock i_clk (rise edge)
                                  0.000000    0.000000   clock network delay (ideal)
                      0.150000    0.000000    0.000000 ^ _1242_/CLK (sky130_fd_sc_hd__dfrtp_2)
     3    0.007641    0.106449    0.751827    0.751827 ^ _1242_/Q (sky130_fd_sc_hd__dfrtp_2)
                                                         u_i2c_master_controller.i2cbus_cntrl_fsm.stop_gen.delay_gen.count[7] (net)
                      0.106449    0.000000    0.751827 ^ _0566_/A (sky130_fd_sc_hd__inv_2)
     1    0.004334    0.034911    0.072130    0.823957 v _0566_/Y (sky130_fd_sc_hd__inv_2)
                                                         _0313_ (net)
                      0.034911    0.000000    0.823957 v _0807_/A1 (sky130_fd_sc_hd__a21oi_2)
     1    0.001853    0.096352    0.148953    0.972909 ^ _0807_/Y (sky130_fd_sc_hd__a21oi_2)
                                                         _0086_ (net)
                      0.096352    0.000000    0.972909 ^ _1242_/D (sky130_fd_sc_hd__dfrtp_2)
                                              0.972909   data arrival time

                      0.150000    0.000000    0.000000   clock i_clk (rise edge)
                                  0.000000    0.000000   clock network delay (ideal)
                                  0.250000    0.250000   clock uncertainty
                                  0.000000    0.250000   clock reconvergence pessimism
                                              0.250000 ^ _1242_/CLK (sky130_fd_sc_hd__dfrtp_2)
                                 -0.069759    0.180241   library hold time
                                              0.180241   data required time
---------------------------------------------------------------------------------------------
                                              0.180241   data required time
                                             -0.972909   data arrival time
---------------------------------------------------------------------------------------------
                                              0.792669   slack (MET)


Startpoint: _1224_ (rising edge-triggered flip-flop clocked by i_clk)
Endpoint: _1224_ (rising edge-triggered flip-flop clocked by i_clk)
Path Group: i_clk
Path Type: min

Fanout         Cap        Slew       Delay        Time   Description
---------------------------------------------------------------------------------------------
                      0.150000    0.000000    0.000000   clock i_clk (rise edge)
                                  0.000000    0.000000   clock network delay (ideal)
                      0.150000    0.000000    0.000000 ^ _1224_/CLK (sky130_fd_sc_hd__dfrtp_2)
     3    0.005452    0.091684    0.736512    0.736512 ^ _1224_/Q (sky130_fd_sc_hd__dfrtp_2)
                                                         u_i2c_master_controller.i2cbus_cntrl_fsm.start_gen.delay_gen.count[11] (net)
                      0.091684    0.000000    0.736512 ^ _0775_/A1 (sky130_fd_sc_hd__o21a_2)
     1    0.001853    0.048193    0.248397    0.984909 ^ _0775_/X (sky130_fd_sc_hd__o21a_2)
                                                         _0056_ (net)
                      0.048193    0.000000    0.984909 ^ _1224_/D (sky130_fd_sc_hd__dfrtp_2)
                                              0.984909   data arrival time

                      0.150000    0.000000    0.000000   clock i_clk (rise edge)
                                  0.000000    0.000000   clock network delay (ideal)
                                  0.250000    0.250000   clock uncertainty
                                  0.000000    0.250000   clock reconvergence pessimism
                                              0.250000 ^ _1224_/CLK (sky130_fd_sc_hd__dfrtp_2)
                                 -0.058817    0.191183   library hold time
                                              0.191183   data required time
---------------------------------------------------------------------------------------------
                                              0.191183   data required time
                                             -0.984909   data arrival time
---------------------------------------------------------------------------------------------
                                              0.793725   slack (MET)


Startpoint: _1246_ (rising edge-triggered flip-flop clocked by i_clk)
Endpoint: _1246_ (rising edge-triggered flip-flop clocked by i_clk)
Path Group: i_clk
Path Type: min

Fanout         Cap        Slew       Delay        Time   Description
---------------------------------------------------------------------------------------------
                      0.150000    0.000000    0.000000   clock i_clk (rise edge)
                                  0.000000    0.000000   clock network delay (ideal)
                      0.150000    0.000000    0.000000 ^ _1246_/CLK (sky130_fd_sc_hd__dfrtp_2)
     3    0.005452    0.091684    0.736512    0.736512 ^ _1246_/Q (sky130_fd_sc_hd__dfrtp_2)
                                                         u_i2c_master_controller.i2cbus_cntrl_fsm.stop_gen.delay_gen.count[11] (net)
                      0.091684    0.000000    0.736512 ^ _0819_/A1 (sky130_fd_sc_hd__o21a_2)
     1    0.001853    0.048193    0.248397    0.984909 ^ _0819_/X (sky130_fd_sc_hd__o21a_2)
                                                         _0075_ (net)
                      0.048193    0.000000    0.984909 ^ _1246_/D (sky130_fd_sc_hd__dfrtp_2)
                                              0.984909   data arrival time

                      0.150000    0.000000    0.000000   clock i_clk (rise edge)
                                  0.000000    0.000000   clock network delay (ideal)
                                  0.250000    0.250000   clock uncertainty
                                  0.000000    0.250000   clock reconvergence pessimism
                                              0.250000 ^ _1246_/CLK (sky130_fd_sc_hd__dfrtp_2)
                                 -0.058817    0.191183   library hold time
                                              0.191183   data required time
---------------------------------------------------------------------------------------------
                                              0.191183   data required time
                                             -0.984909   data arrival time
---------------------------------------------------------------------------------------------
                                              0.793725   slack (MET)


Startpoint: _1263_ (rising edge-triggered flip-flop clocked by i_clk)
Endpoint: _1263_ (rising edge-triggered flip-flop clocked by i_clk)
Path Group: i_clk
Path Type: min

Fanout         Cap        Slew       Delay        Time   Description
---------------------------------------------------------------------------------------------
                      0.150000    0.000000    0.000000   clock i_clk (rise edge)
                                  0.000000    0.000000   clock network delay (ideal)
                      0.150000    0.000000    0.000000 ^ _1263_/CLK (sky130_fd_sc_hd__dfrtp_2)
     3    0.008058    0.109245    0.754682    0.754682 ^ _1263_/Q (sky130_fd_sc_hd__dfrtp_2)
                                                         u_i2c_master_controller.cntrl_fsm.byte_rx_fsm.state[9] (net)
                      0.109245    0.000000    0.754682 ^ _0959_/A0 (sky130_fd_sc_hd__mux2_1)
     1    0.001853    0.063020    0.227586    0.982269 ^ _0959_/X (sky130_fd_sc_hd__mux2_1)
                                                         _0265_ (net)
                      0.063020    0.000000    0.982269 ^ _1263_/D (sky130_fd_sc_hd__dfrtp_2)
                                              0.982269   data arrival time

                      0.150000    0.000000    0.000000   clock i_clk (rise edge)
                                  0.000000    0.000000   clock network delay (ideal)
                                  0.250000    0.250000   clock uncertainty
                                  0.000000    0.250000   clock reconvergence pessimism
                                              0.250000 ^ _1263_/CLK (sky130_fd_sc_hd__dfrtp_2)
                                 -0.062186    0.187814   library hold time
                                              0.187814   data required time
---------------------------------------------------------------------------------------------
                                              0.187814   data required time
                                             -0.982269   data arrival time
---------------------------------------------------------------------------------------------
                                              0.794455   slack (MET)


Startpoint: _1264_ (rising edge-triggered flip-flop clocked by i_clk)
Endpoint: _1264_ (rising edge-triggered flip-flop clocked by i_clk)
Path Group: i_clk
Path Type: min

Fanout         Cap        Slew       Delay        Time   Description
---------------------------------------------------------------------------------------------
                      0.150000    0.000000    0.000000   clock i_clk (rise edge)
                                  0.000000    0.000000   clock network delay (ideal)
                      0.150000    0.000000    0.000000 ^ _1264_/CLK (sky130_fd_sc_hd__dfrtp_2)
     3    0.008058    0.109245    0.754682    0.754682 ^ _1264_/Q (sky130_fd_sc_hd__dfrtp_2)
                                                         u_i2c_master_controller.cntrl_fsm.byte_rx_fsm.state[8] (net)
                      0.109245    0.000000    0.754682 ^ _0960_/A0 (sky130_fd_sc_hd__mux2_1)
     1    0.001853    0.063020    0.227586    0.982269 ^ _0960_/X (sky130_fd_sc_hd__mux2_1)
                                                         _0266_ (net)
                      0.063020    0.000000    0.982269 ^ _1264_/D (sky130_fd_sc_hd__dfrtp_2)
                                              0.982269   data arrival time

                      0.150000    0.000000    0.000000   clock i_clk (rise edge)
                                  0.000000    0.000000   clock network delay (ideal)
                                  0.250000    0.250000   clock uncertainty
                                  0.000000    0.250000   clock reconvergence pessimism
                                              0.250000 ^ _1264_/CLK (sky130_fd_sc_hd__dfrtp_2)
                                 -0.062186    0.187814   library hold time
                                              0.187814   data required time
---------------------------------------------------------------------------------------------
                                              0.187814   data required time
                                             -0.982269   data arrival time
---------------------------------------------------------------------------------------------
                                              0.794455   slack (MET)


Startpoint: _1265_ (rising edge-triggered flip-flop clocked by i_clk)
Endpoint: _1265_ (rising edge-triggered flip-flop clocked by i_clk)
Path Group: i_clk
Path Type: min

Fanout         Cap        Slew       Delay        Time   Description
---------------------------------------------------------------------------------------------
                      0.150000    0.000000    0.000000   clock i_clk (rise edge)
                                  0.000000    0.000000   clock network delay (ideal)
                      0.150000    0.000000    0.000000 ^ _1265_/CLK (sky130_fd_sc_hd__dfrtp_2)
     3    0.008058    0.109245    0.754682    0.754682 ^ _1265_/Q (sky130_fd_sc_hd__dfrtp_2)
                                                         u_i2c_master_controller.cntrl_fsm.byte_rx_fsm.state[7] (net)
                      0.109245    0.000000    0.754682 ^ _0961_/A0 (sky130_fd_sc_hd__mux2_1)
     1    0.001853    0.063020    0.227586    0.982269 ^ _0961_/X (sky130_fd_sc_hd__mux2_1)
                                                         _0267_ (net)
                      0.063020    0.000000    0.982269 ^ _1265_/D (sky130_fd_sc_hd__dfrtp_2)
                                              0.982269   data arrival time

                      0.150000    0.000000    0.000000   clock i_clk (rise edge)
                                  0.000000    0.000000   clock network delay (ideal)
                                  0.250000    0.250000   clock uncertainty
                                  0.000000    0.250000   clock reconvergence pessimism
                                              0.250000 ^ _1265_/CLK (sky130_fd_sc_hd__dfrtp_2)
                                 -0.062186    0.187814   library hold time
                                              0.187814   data required time
---------------------------------------------------------------------------------------------
                                              0.187814   data required time
                                             -0.982269   data arrival time
---------------------------------------------------------------------------------------------
                                              0.794455   slack (MET)


Startpoint: _1267_ (rising edge-triggered flip-flop clocked by i_clk)
Endpoint: _1267_ (rising edge-triggered flip-flop clocked by i_clk)
Path Group: i_clk
Path Type: min

Fanout         Cap        Slew       Delay        Time   Description
---------------------------------------------------------------------------------------------
                      0.150000    0.000000    0.000000   clock i_clk (rise edge)
                                  0.000000    0.000000   clock network delay (ideal)
                      0.150000    0.000000    0.000000 ^ _1267_/CLK (sky130_fd_sc_hd__dfrtp_2)
     3    0.008058    0.109245    0.754682    0.754682 ^ _1267_/Q (sky130_fd_sc_hd__dfrtp_2)
                                                         u_i2c_master_controller.cntrl_fsm.byte_rx_fsm.state[5] (net)
                      0.109245    0.000000    0.754682 ^ _0963_/A0 (sky130_fd_sc_hd__mux2_1)
     1    0.001853    0.063020    0.227586    0.982269 ^ _0963_/X (sky130_fd_sc_hd__mux2_1)
                                                         _0269_ (net)
                      0.063020    0.000000    0.982269 ^ _1267_/D (sky130_fd_sc_hd__dfrtp_2)
                                              0.982269   data arrival time

                      0.150000    0.000000    0.000000   clock i_clk (rise edge)
                                  0.000000    0.000000   clock network delay (ideal)
                                  0.250000    0.250000   clock uncertainty
                                  0.000000    0.250000   clock reconvergence pessimism
                                              0.250000 ^ _1267_/CLK (sky130_fd_sc_hd__dfrtp_2)
                                 -0.062186    0.187814   library hold time
                                              0.187814   data required time
---------------------------------------------------------------------------------------------
                                              0.187814   data required time
                                             -0.982269   data arrival time
---------------------------------------------------------------------------------------------
                                              0.794455   slack (MET)


Startpoint: _1268_ (rising edge-triggered flip-flop clocked by i_clk)
Endpoint: _1268_ (rising edge-triggered flip-flop clocked by i_clk)
Path Group: i_clk
Path Type: min

Fanout         Cap        Slew       Delay        Time   Description
---------------------------------------------------------------------------------------------
                      0.150000    0.000000    0.000000   clock i_clk (rise edge)
                                  0.000000    0.000000   clock network delay (ideal)
                      0.150000    0.000000    0.000000 ^ _1268_/CLK (sky130_fd_sc_hd__dfrtp_2)
     3    0.008058    0.109245    0.754682    0.754682 ^ _1268_/Q (sky130_fd_sc_hd__dfrtp_2)
                                                         u_i2c_master_controller.cntrl_fsm.byte_rx_fsm.state[4] (net)
                      0.109245    0.000000    0.754682 ^ _0964_/A0 (sky130_fd_sc_hd__mux2_1)
     1    0.001853    0.063020    0.227586    0.982269 ^ _0964_/X (sky130_fd_sc_hd__mux2_1)
                                                         _0270_ (net)
                      0.063020    0.000000    0.982269 ^ _1268_/D (sky130_fd_sc_hd__dfrtp_2)
                                              0.982269   data arrival time

                      0.150000    0.000000    0.000000   clock i_clk (rise edge)
                                  0.000000    0.000000   clock network delay (ideal)
                                  0.250000    0.250000   clock uncertainty
                                  0.000000    0.250000   clock reconvergence pessimism
                                              0.250000 ^ _1268_/CLK (sky130_fd_sc_hd__dfrtp_2)
                                 -0.062186    0.187814   library hold time
                                              0.187814   data required time
---------------------------------------------------------------------------------------------
                                              0.187814   data required time
                                             -0.982269   data arrival time
---------------------------------------------------------------------------------------------
                                              0.794455   slack (MET)


Startpoint: _1269_ (rising edge-triggered flip-flop clocked by i_clk)
Endpoint: _1269_ (rising edge-triggered flip-flop clocked by i_clk)
Path Group: i_clk
Path Type: min

Fanout         Cap        Slew       Delay        Time   Description
---------------------------------------------------------------------------------------------
                      0.150000    0.000000    0.000000   clock i_clk (rise edge)
                                  0.000000    0.000000   clock network delay (ideal)
                      0.150000    0.000000    0.000000 ^ _1269_/CLK (sky130_fd_sc_hd__dfrtp_2)
     3    0.008058    0.109245    0.754682    0.754682 ^ _1269_/Q (sky130_fd_sc_hd__dfrtp_2)
                                                         u_i2c_master_controller.cntrl_fsm.byte_rx_fsm.state[3] (net)
                      0.109245    0.000000    0.754682 ^ _0965_/A0 (sky130_fd_sc_hd__mux2_1)
     1    0.001853    0.063020    0.227586    0.982269 ^ _0965_/X (sky130_fd_sc_hd__mux2_1)
                                                         _0271_ (net)
                      0.063020    0.000000    0.982269 ^ _1269_/D (sky130_fd_sc_hd__dfrtp_2)
                                              0.982269   data arrival time

                      0.150000    0.000000    0.000000   clock i_clk (rise edge)
                                  0.000000    0.000000   clock network delay (ideal)
                                  0.250000    0.250000   clock uncertainty
                                  0.000000    0.250000   clock reconvergence pessimism
                                              0.250000 ^ _1269_/CLK (sky130_fd_sc_hd__dfrtp_2)
                                 -0.062186    0.187814   library hold time
                                              0.187814   data required time
---------------------------------------------------------------------------------------------
                                              0.187814   data required time
                                             -0.982269   data arrival time
---------------------------------------------------------------------------------------------
                                              0.794455   slack (MET)


Startpoint: _1270_ (rising edge-triggered flip-flop clocked by i_clk)
Endpoint: _1270_ (rising edge-triggered flip-flop clocked by i_clk)
Path Group: i_clk
Path Type: min

Fanout         Cap        Slew       Delay        Time   Description
---------------------------------------------------------------------------------------------
                      0.150000    0.000000    0.000000   clock i_clk (rise edge)
                                  0.000000    0.000000   clock network delay (ideal)
                      0.150000    0.000000    0.000000 ^ _1270_/CLK (sky130_fd_sc_hd__dfrtp_2)
     3    0.008058    0.109245    0.754682    0.754682 ^ _1270_/Q (sky130_fd_sc_hd__dfrtp_2)
                                                         u_i2c_master_controller.cntrl_fsm.byte_rx_fsm.state[2] (net)
                      0.109245    0.000000    0.754682 ^ _0966_/A0 (sky130_fd_sc_hd__mux2_1)
     1    0.001853    0.063020    0.227586    0.982269 ^ _0966_/X (sky130_fd_sc_hd__mux2_1)
                                                         _0272_ (net)
                      0.063020    0.000000    0.982269 ^ _1270_/D (sky130_fd_sc_hd__dfrtp_2)
                                              0.982269   data arrival time

                      0.150000    0.000000    0.000000   clock i_clk (rise edge)
                                  0.000000    0.000000   clock network delay (ideal)
                                  0.250000    0.250000   clock uncertainty
                                  0.000000    0.250000   clock reconvergence pessimism
                                              0.250000 ^ _1270_/CLK (sky130_fd_sc_hd__dfrtp_2)
                                 -0.062186    0.187814   library hold time
                                              0.187814   data required time
---------------------------------------------------------------------------------------------
                                              0.187814   data required time
                                             -0.982269   data arrival time
---------------------------------------------------------------------------------------------
                                              0.794455   slack (MET)


Startpoint: _1090_ (rising edge-triggered flip-flop clocked by i_clk)
Endpoint: _1090_ (rising edge-triggered flip-flop clocked by i_clk)
Path Group: i_clk
Path Type: min

Fanout         Cap        Slew       Delay        Time   Description
---------------------------------------------------------------------------------------------
                      0.150000    0.000000    0.000000   clock i_clk (rise edge)
                                  0.000000    0.000000   clock network delay (ideal)
                      0.150000    0.000000    0.000000 ^ _1090_/CLK (sky130_fd_sc_hd__dfrtp_2)
     3    0.005820    0.094241    0.739357    0.739357 ^ _1090_/Q (sky130_fd_sc_hd__dfrtp_2)
                                                         u_i2c_master_controller.cntrl_fsm.abort_ack_reg (net)
                      0.094241    0.000000    0.739357 ^ _0864_/A1 (sky130_fd_sc_hd__o21a_2)
     1    0.001853    0.048214    0.249394    0.988750 ^ _0864_/X (sky130_fd_sc_hd__o21a_2)
                                                         _0213_ (net)
                      0.048214    0.000000    0.988750 ^ _1090_/D (sky130_fd_sc_hd__dfrtp_2)
                                              0.988750   data arrival time

                      0.150000    0.000000    0.000000   clock i_clk (rise edge)
                                  0.000000    0.000000   clock network delay (ideal)
                                  0.250000    0.250000   clock uncertainty
                                  0.000000    0.250000   clock reconvergence pessimism
                                              0.250000 ^ _1090_/CLK (sky130_fd_sc_hd__dfrtp_2)
                                 -0.058821    0.191179   library hold time
                                              0.191179   data required time
---------------------------------------------------------------------------------------------
                                              0.191179   data required time
                                             -0.988750   data arrival time
---------------------------------------------------------------------------------------------
                                              0.797572   slack (MET)


Startpoint: _1274_ (rising edge-triggered flip-flop clocked by i_clk)
Endpoint: _1106_ (rising edge-triggered flip-flop clocked by i_clk)
Path Group: i_clk
Path Type: min

Fanout         Cap        Slew       Delay        Time   Description
---------------------------------------------------------------------------------------------
                      0.150000    0.000000    0.000000   clock i_clk (rise edge)
                                  0.000000    0.000000   clock network delay (ideal)
                      0.150000    0.000000    0.000000 ^ _1274_/CLK (sky130_fd_sc_hd__dfrtp_2)
     3    0.005455    0.091706    0.736542    0.736542 ^ _1274_/Q (sky130_fd_sc_hd__dfrtp_2)
                                                         u_i2c_master_controller.cntrl_fsm.byte_tx_fsm.state[6] (net)
                      0.091706    0.000000    0.736542 ^ _0893_/B2 (sky130_fd_sc_hd__a22o_2)
     1    0.001853    0.055391    0.252376    0.988918 ^ _0893_/X (sky130_fd_sc_hd__a22o_2)
                                                         _0229_ (net)
                      0.055391    0.000000    0.988918 ^ _1106_/D (sky130_fd_sc_hd__dfrtp_2)
                                              0.988918   data arrival time

                      0.150000    0.000000    0.000000   clock i_clk (rise edge)
                                  0.000000    0.000000   clock network delay (ideal)
                                  0.250000    0.250000   clock uncertainty
                                  0.000000    0.250000   clock reconvergence pessimism
                                              0.250000 ^ _1106_/CLK (sky130_fd_sc_hd__dfrtp_2)
                                 -0.060452    0.189548   library hold time
                                              0.189548   data required time
---------------------------------------------------------------------------------------------
                                              0.189548   data required time
                                             -0.988918   data arrival time
---------------------------------------------------------------------------------------------
                                              0.799370   slack (MET)


Startpoint: _1174_ (rising edge-triggered flip-flop clocked by i_clk)
Endpoint: _1160_ (rising edge-triggered flip-flop clocked by i_clk)
Path Group: i_clk
Path Type: min

Fanout         Cap        Slew       Delay        Time   Description
---------------------------------------------------------------------------------------------
                      0.150000    0.000000    0.000000   clock i_clk (rise edge)
                                  0.000000    0.000000   clock network delay (ideal)
                      0.150000    0.000000    0.000000 ^ _1174_/CLK (sky130_fd_sc_hd__dfrtp_2)
     2    0.006101    0.096125    0.741281    0.741281 ^ _1174_/Q (sky130_fd_sc_hd__dfrtp_2)
                                                         u_i2c_master_controller.cntrl_fsm.abort_reg (net)
                      0.096125    0.000000    0.741281 ^ _0657_/C (sky130_fd_sc_hd__nor3_2)
     4    0.010312    0.062639    0.099783    0.841064 v _0657_/Y (sky130_fd_sc_hd__nor3_2)
                                                         _0354_ (net)
                      0.062639    0.000000    0.841064 v _0680_/A (sky130_fd_sc_hd__nor2_2)
     1    0.001853    0.086498    0.140856    0.981920 ^ _0680_/Y (sky130_fd_sc_hd__nor2_2)
                                                         _0008_ (net)
                      0.086498    0.000000    0.981920 ^ _1160_/D (sky130_fd_sc_hd__dfrtp_2)
                                              0.981920   data arrival time

                      0.150000    0.000000    0.000000   clock i_clk (rise edge)
                                  0.000000    0.000000   clock network delay (ideal)
                                  0.250000    0.250000   clock uncertainty
                                  0.000000    0.250000   clock reconvergence pessimism
                                              0.250000 ^ _1160_/CLK (sky130_fd_sc_hd__dfrtp_2)
                                 -0.067520    0.182480   library hold time
                                              0.182480   data required time
---------------------------------------------------------------------------------------------
                                              0.182480   data required time
                                             -0.981920   data arrival time
---------------------------------------------------------------------------------------------
                                              0.799440   slack (MET)


Startpoint: _1171_ (rising edge-triggered flip-flop clocked by i_clk)
Endpoint: _1171_ (rising edge-triggered flip-flop clocked by i_clk)
Path Group: i_clk
Path Type: min

Fanout         Cap        Slew       Delay        Time   Description
---------------------------------------------------------------------------------------------
                      0.150000    0.000000    0.000000   clock i_clk (rise edge)
                                  0.000000    0.000000   clock network delay (ideal)
                      0.150000    0.000000    0.000000 ^ _1171_/CLK (sky130_fd_sc_hd__dfstp_2)
     2    0.004598    0.046930    0.748227    0.748227 v _1171_/Q (sky130_fd_sc_hd__dfstp_2)
                                                         u_i2c_master_controller.cntrl_fsm.byte_rx_fsm.state[0] (net)
                      0.046930    0.000000    0.748227 v _0685_/A1 (sky130_fd_sc_hd__a21o_2)
     1    0.002189    0.053073    0.325237    1.073463 v _0685_/X (sky130_fd_sc_hd__a21o_2)
                                                         _0003_ (net)
                      0.053073    0.000000    1.073463 v _1171_/D (sky130_fd_sc_hd__dfstp_2)
                                              1.073463   data arrival time

                      0.150000    0.000000    0.000000   clock i_clk (rise edge)
                                  0.000000    0.000000   clock network delay (ideal)
                                  0.250000    0.250000   clock uncertainty
                                  0.000000    0.250000   clock reconvergence pessimism
                                              0.250000 ^ _1171_/CLK (sky130_fd_sc_hd__dfstp_2)
                                  0.021227    0.271227   library hold time
                                              0.271227   data required time
---------------------------------------------------------------------------------------------
                                              0.271227   data required time
                                             -1.073463   data arrival time
---------------------------------------------------------------------------------------------
                                              0.802237   slack (MET)


Startpoint: _1189_ (rising edge-triggered flip-flop clocked by i_clk)
Endpoint: _1143_ (rising edge-triggered flip-flop clocked by i_clk)
Path Group: i_clk
Path Type: min

Fanout         Cap        Slew       Delay        Time   Description
---------------------------------------------------------------------------------------------
                      0.150000    0.000000    0.000000   clock i_clk (rise edge)
                                  0.000000    0.000000   clock network delay (ideal)
                      0.150000    0.000000    0.000000 ^ _1189_/CLK (sky130_fd_sc_hd__dfrtp_2)
     3    0.008833    0.114440    0.759990    0.759990 ^ _1189_/Q (sky130_fd_sc_hd__dfrtp_2)
                                                         u_i2c_master_controller.cntrl_fsm.cntrl_fsm.o_stop_gen_en (net)
                      0.114440    0.000000    0.759990 ^ _0638_/B2 (sky130_fd_sc_hd__a32o_2)
     1    0.001853    0.066902    0.231684    0.991674 ^ _0638_/X (sky130_fd_sc_hd__a32o_2)
                                                         _0031_ (net)
                      0.066902    0.000000    0.991674 ^ _1143_/D (sky130_fd_sc_hd__dfrtp_2)
                                              0.991674   data arrival time

                      0.150000    0.000000    0.000000   clock i_clk (rise edge)
                                  0.000000    0.000000   clock network delay (ideal)
                                  0.250000    0.250000   clock uncertainty
                                  0.000000    0.250000   clock reconvergence pessimism
                                              0.250000 ^ _1143_/CLK (sky130_fd_sc_hd__dfrtp_2)
                                 -0.063068    0.186932   library hold time
                                              0.186932   data required time
---------------------------------------------------------------------------------------------
                                              0.186932   data required time
                                             -0.991674   data arrival time
---------------------------------------------------------------------------------------------
                                              0.804742   slack (MET)


Startpoint: _1070_ (rising edge-triggered flip-flop clocked by i_clk)
Endpoint: _1070_ (rising edge-triggered flip-flop clocked by i_clk)
Path Group: i_clk
Path Type: min

Fanout         Cap        Slew       Delay        Time   Description
---------------------------------------------------------------------------------------------
                      0.150000    0.000000    0.000000   clock i_clk (rise edge)
                                  0.000000    0.000000   clock network delay (ideal)
                      0.150000    0.000000    0.000000 ^ _1070_/CLK (sky130_fd_sc_hd__dfrtp_2)
     4    0.009132    0.116444    0.762037    0.762037 ^ _1070_/Q (sky130_fd_sc_hd__dfrtp_2)
                                                         u_i2c_master_controller.cntrl_fsm.cntrl_fsm.i_slave_addr[1] (net)
                      0.116444    0.000000    0.762037 ^ _0841_/A0 (sky130_fd_sc_hd__mux2_1)
     1    0.001853    0.063016    0.230639    0.992676 ^ _0841_/X (sky130_fd_sc_hd__mux2_1)
                                                         _0193_ (net)
                      0.063016    0.000000    0.992676 ^ _1070_/D (sky130_fd_sc_hd__dfrtp_2)
                                              0.992676   data arrival time

                      0.150000    0.000000    0.000000   clock i_clk (rise edge)
                                  0.000000    0.000000   clock network delay (ideal)
                                  0.250000    0.250000   clock uncertainty
                                  0.000000    0.250000   clock reconvergence pessimism
                                              0.250000 ^ _1070_/CLK (sky130_fd_sc_hd__dfrtp_2)
                                 -0.062185    0.187815   library hold time
                                              0.187815   data required time
---------------------------------------------------------------------------------------------
                                              0.187815   data required time
                                             -0.992676   data arrival time
---------------------------------------------------------------------------------------------
                                              0.804860   slack (MET)


Startpoint: _1071_ (rising edge-triggered flip-flop clocked by i_clk)
Endpoint: _1071_ (rising edge-triggered flip-flop clocked by i_clk)
Path Group: i_clk
Path Type: min

Fanout         Cap        Slew       Delay        Time   Description
---------------------------------------------------------------------------------------------
                      0.150000    0.000000    0.000000   clock i_clk (rise edge)
                                  0.000000    0.000000   clock network delay (ideal)
                      0.150000    0.000000    0.000000 ^ _1071_/CLK (sky130_fd_sc_hd__dfrtp_2)
     4    0.009132    0.116444    0.762037    0.762037 ^ _1071_/Q (sky130_fd_sc_hd__dfrtp_2)
                                                         u_i2c_master_controller.cntrl_fsm.cntrl_fsm.i_slave_addr[2] (net)
                      0.116444    0.000000    0.762037 ^ _0842_/A0 (sky130_fd_sc_hd__mux2_1)
     1    0.001853    0.063016    0.230639    0.992676 ^ _0842_/X (sky130_fd_sc_hd__mux2_1)
                                                         _0194_ (net)
                      0.063016    0.000000    0.992676 ^ _1071_/D (sky130_fd_sc_hd__dfrtp_2)
                                              0.992676   data arrival time

                      0.150000    0.000000    0.000000   clock i_clk (rise edge)
                                  0.000000    0.000000   clock network delay (ideal)
                                  0.250000    0.250000   clock uncertainty
                                  0.000000    0.250000   clock reconvergence pessimism
                                              0.250000 ^ _1071_/CLK (sky130_fd_sc_hd__dfrtp_2)
                                 -0.062185    0.187815   library hold time
                                              0.187815   data required time
---------------------------------------------------------------------------------------------
                                              0.187815   data required time
                                             -0.992676   data arrival time
---------------------------------------------------------------------------------------------
                                              0.804860   slack (MET)


Startpoint: _1075_ (rising edge-triggered flip-flop clocked by i_clk)
Endpoint: _1075_ (rising edge-triggered flip-flop clocked by i_clk)
Path Group: i_clk
Path Type: min

Fanout         Cap        Slew       Delay        Time   Description
---------------------------------------------------------------------------------------------
                      0.150000    0.000000    0.000000   clock i_clk (rise edge)
                                  0.000000    0.000000   clock network delay (ideal)
                      0.150000    0.000000    0.000000 ^ _1075_/CLK (sky130_fd_sc_hd__dfrtp_2)
     4    0.009132    0.116444    0.762037    0.762037 ^ _1075_/Q (sky130_fd_sc_hd__dfrtp_2)
                                                         u_i2c_master_controller.cntrl_fsm.cntrl_fsm.i_slave_addr[6] (net)
                      0.116444    0.000000    0.762037 ^ _0846_/A0 (sky130_fd_sc_hd__mux2_1)
     1    0.001853    0.063016    0.230639    0.992676 ^ _0846_/X (sky130_fd_sc_hd__mux2_1)
                                                         _0198_ (net)
                      0.063016    0.000000    0.992676 ^ _1075_/D (sky130_fd_sc_hd__dfrtp_2)
                                              0.992676   data arrival time

                      0.150000    0.000000    0.000000   clock i_clk (rise edge)
                                  0.000000    0.000000   clock network delay (ideal)
                                  0.250000    0.250000   clock uncertainty
                                  0.000000    0.250000   clock reconvergence pessimism
                                              0.250000 ^ _1075_/CLK (sky130_fd_sc_hd__dfrtp_2)
                                 -0.062185    0.187815   library hold time
                                              0.187815   data required time
---------------------------------------------------------------------------------------------
                                              0.187815   data required time
                                             -0.992676   data arrival time
---------------------------------------------------------------------------------------------
                                              0.804860   slack (MET)


Startpoint: _1076_ (rising edge-triggered flip-flop clocked by i_clk)
Endpoint: _1076_ (rising edge-triggered flip-flop clocked by i_clk)
Path Group: i_clk
Path Type: min

Fanout         Cap        Slew       Delay        Time   Description
---------------------------------------------------------------------------------------------
                      0.150000    0.000000    0.000000   clock i_clk (rise edge)
                                  0.000000    0.000000   clock network delay (ideal)
                      0.150000    0.000000    0.000000 ^ _1076_/CLK (sky130_fd_sc_hd__dfrtp_2)
     4    0.009132    0.116444    0.762037    0.762037 ^ _1076_/Q (sky130_fd_sc_hd__dfrtp_2)
                                                         u_i2c_master_controller.cntrl_fsm.cntrl_fsm.i_slave_addr[7] (net)
                      0.116444    0.000000    0.762037 ^ _0847_/A0 (sky130_fd_sc_hd__mux2_1)
     1    0.001853    0.063016    0.230639    0.992676 ^ _0847_/X (sky130_fd_sc_hd__mux2_1)
                                                         _0199_ (net)
                      0.063016    0.000000    0.992676 ^ _1076_/D (sky130_fd_sc_hd__dfrtp_2)
                                              0.992676   data arrival time

                      0.150000    0.000000    0.000000   clock i_clk (rise edge)
                                  0.000000    0.000000   clock network delay (ideal)
                                  0.250000    0.250000   clock uncertainty
                                  0.000000    0.250000   clock reconvergence pessimism
                                              0.250000 ^ _1076_/CLK (sky130_fd_sc_hd__dfrtp_2)
                                 -0.062185    0.187815   library hold time
                                              0.187815   data required time
---------------------------------------------------------------------------------------------
                                              0.187815   data required time
                                             -0.992676   data arrival time
---------------------------------------------------------------------------------------------
                                              0.804860   slack (MET)


Startpoint: _1091_ (rising edge-triggered flip-flop clocked by i_clk)
Endpoint: _1091_ (rising edge-triggered flip-flop clocked by i_clk)
Path Group: i_clk
Path Type: min

Fanout         Cap        Slew       Delay        Time   Description
---------------------------------------------------------------------------------------------
                      0.150000    0.000000    0.000000   clock i_clk (rise edge)
                                  0.000000    0.000000   clock network delay (ideal)
                      0.150000    0.000000    0.000000 ^ _1091_/CLK (sky130_fd_sc_hd__dfrtp_2)
     3    0.006630    0.099672    0.744904    0.744904 ^ _1091_/Q (sky130_fd_sc_hd__dfrtp_2)
                                                         u_i2c_master_controller.cntrl_fsm.rx_err_reg (net)
                      0.099672    0.000000    0.744904 ^ _0866_/A1 (sky130_fd_sc_hd__o21a_2)
     1    0.001853    0.048214    0.251509    0.996413 ^ _0866_/X (sky130_fd_sc_hd__o21a_2)
                                                         _0214_ (net)
                      0.048214    0.000000    0.996413 ^ _1091_/D (sky130_fd_sc_hd__dfrtp_2)
                                              0.996413   data arrival time

                      0.150000    0.000000    0.000000   clock i_clk (rise edge)
                                  0.000000    0.000000   clock network delay (ideal)
                                  0.250000    0.250000   clock uncertainty
                                  0.000000    0.250000   clock reconvergence pessimism
                                              0.250000 ^ _1091_/CLK (sky130_fd_sc_hd__dfrtp_2)
                                 -0.058821    0.191179   library hold time
                                              0.191179   data required time
---------------------------------------------------------------------------------------------
                                              0.191179   data required time
                                             -0.996413   data arrival time
---------------------------------------------------------------------------------------------
                                              0.805234   slack (MET)


Startpoint: _1092_ (rising edge-triggered flip-flop clocked by i_clk)
Endpoint: _1092_ (rising edge-triggered flip-flop clocked by i_clk)
Path Group: i_clk
Path Type: min

Fanout         Cap        Slew       Delay        Time   Description
---------------------------------------------------------------------------------------------
                      0.150000    0.000000    0.000000   clock i_clk (rise edge)
                                  0.000000    0.000000   clock network delay (ideal)
                      0.150000    0.000000    0.000000 ^ _1092_/CLK (sky130_fd_sc_hd__dfrtp_2)
     3    0.006659    0.099866    0.745102    0.745102 ^ _1092_/Q (sky130_fd_sc_hd__dfrtp_2)
                                                         u_i2c_master_controller.cntrl_fsm.tx_err_reg (net)
                      0.099866    0.000000    0.745102 ^ _0868_/A1 (sky130_fd_sc_hd__o21a_2)
     1    0.001853    0.048214    0.251585    0.996687 ^ _0868_/X (sky130_fd_sc_hd__o21a_2)
                                                         _0215_ (net)
                      0.048214    0.000000    0.996687 ^ _1092_/D (sky130_fd_sc_hd__dfrtp_2)
                                              0.996687   data arrival time

                      0.150000    0.000000    0.000000   clock i_clk (rise edge)
                                  0.000000    0.000000   clock network delay (ideal)
                                  0.250000    0.250000   clock uncertainty
                                  0.000000    0.250000   clock reconvergence pessimism
                                              0.250000 ^ _1092_/CLK (sky130_fd_sc_hd__dfrtp_2)
                                 -0.058821    0.191179   library hold time
                                              0.191179   data required time
---------------------------------------------------------------------------------------------
                                              0.191179   data required time
                                             -0.996687   data arrival time
---------------------------------------------------------------------------------------------
                                              0.805508   slack (MET)


Startpoint: _1094_ (rising edge-triggered flip-flop clocked by i_clk)
Endpoint: _1094_ (rising edge-triggered flip-flop clocked by i_clk)
Path Group: i_clk
Path Type: min

Fanout         Cap        Slew       Delay        Time   Description
---------------------------------------------------------------------------------------------
                      0.150000    0.000000    0.000000   clock i_clk (rise edge)
                                  0.000000    0.000000   clock network delay (ideal)
                      0.150000    0.000000    0.000000 ^ _1094_/CLK (sky130_fd_sc_hd__dfrtp_2)
     3    0.006685    0.100040    0.745280    0.745280 ^ _1094_/Q (sky130_fd_sc_hd__dfrtp_2)
                                                         u_i2c_master_controller.cntrl_fsm.tx_done_reg (net)
                      0.100040    0.000000    0.745280 ^ _0872_/A1 (sky130_fd_sc_hd__o21a_2)
     1    0.001853    0.048214    0.251653    0.996933 ^ _0872_/X (sky130_fd_sc_hd__o21a_2)
                                                         _0217_ (net)
                      0.048214    0.000000    0.996933 ^ _1094_/D (sky130_fd_sc_hd__dfrtp_2)
                                              0.996933   data arrival time

                      0.150000    0.000000    0.000000   clock i_clk (rise edge)
                                  0.000000    0.000000   clock network delay (ideal)
                                  0.250000    0.250000   clock uncertainty
                                  0.000000    0.250000   clock reconvergence pessimism
                                              0.250000 ^ _1094_/CLK (sky130_fd_sc_hd__dfrtp_2)
                                 -0.058821    0.191179   library hold time
                                              0.191179   data required time
---------------------------------------------------------------------------------------------
                                              0.191179   data required time
                                             -0.996933   data arrival time
---------------------------------------------------------------------------------------------
                                              0.805754   slack (MET)


Startpoint: _1093_ (rising edge-triggered flip-flop clocked by i_clk)
Endpoint: _1093_ (rising edge-triggered flip-flop clocked by i_clk)
Path Group: i_clk
Path Type: min

Fanout         Cap        Slew       Delay        Time   Description
---------------------------------------------------------------------------------------------
                      0.150000    0.000000    0.000000   clock i_clk (rise edge)
                                  0.000000    0.000000   clock network delay (ideal)
                      0.150000    0.000000    0.000000 ^ _1093_/CLK (sky130_fd_sc_hd__dfrtp_2)
     3    0.006719    0.100268    0.745513    0.745513 ^ _1093_/Q (sky130_fd_sc_hd__dfrtp_2)
                                                         u_i2c_master_controller.cntrl_fsm.rx_done_reg (net)
                      0.100268    0.000000    0.745513 ^ _0870_/A1 (sky130_fd_sc_hd__o21a_2)
     1    0.001853    0.048214    0.251741    0.997255 ^ _0870_/X (sky130_fd_sc_hd__o21a_2)
                                                         _0216_ (net)
                      0.048214    0.000000    0.997255 ^ _1093_/D (sky130_fd_sc_hd__dfrtp_2)
                                              0.997255   data arrival time

                      0.150000    0.000000    0.000000   clock i_clk (rise edge)
                                  0.000000    0.000000   clock network delay (ideal)
                                  0.250000    0.250000   clock uncertainty
                                  0.000000    0.250000   clock reconvergence pessimism
                                              0.250000 ^ _1093_/CLK (sky130_fd_sc_hd__dfrtp_2)
                                 -0.058821    0.191179   library hold time
                                              0.191179   data required time
---------------------------------------------------------------------------------------------
                                              0.191179   data required time
                                             -0.997255   data arrival time
---------------------------------------------------------------------------------------------
                                              0.806076   slack (MET)


Startpoint: _1200_ (rising edge-triggered flip-flop clocked by i_clk)
Endpoint: _1138_ (rising edge-triggered flip-flop clocked by i_clk)
Path Group: i_clk
Path Type: min

Fanout         Cap        Slew       Delay        Time   Description
---------------------------------------------------------------------------------------------
                      0.150000    0.000000    0.000000   clock i_clk (rise edge)
                                  0.000000    0.000000   clock network delay (ideal)
                      0.150000    0.000000    0.000000 ^ _1200_/CLK (sky130_fd_sc_hd__dfrtp_2)
     2    0.007002    0.102165    0.747451    0.747451 ^ _1200_/Q (sky130_fd_sc_hd__dfrtp_2)
                                                         u_i2c_master_controller.i2cbus_cntrl_fsm.scl_gen.count_reset (net)
                      0.102165    0.000000    0.747451 ^ _0587_/C1 (sky130_fd_sc_hd__a311o_2)
     1    0.004682    0.070184    0.201681    0.949132 ^ _0587_/X (sky130_fd_sc_hd__a311o_2)
                                                         _0327_ (net)
                      0.070184    0.000000    0.949132 ^ _0588_/B (sky130_fd_sc_hd__nor2_2)
     1    0.001838    0.023852    0.054298    1.003430 v _0588_/Y (sky130_fd_sc_hd__nor2_2)
                                                         _0261_ (net)
                      0.023852    0.000000    1.003430 v _1138_/D (sky130_fd_sc_hd__dfrtp_2)
                                              1.003430   data arrival time

                      0.150000    0.000000    0.000000   clock i_clk (rise edge)
                                  0.000000    0.000000   clock network delay (ideal)
                                  0.250000    0.250000   clock uncertainty
                                  0.000000    0.250000   clock reconvergence pessimism
                                              0.250000 ^ _1138_/CLK (sky130_fd_sc_hd__dfrtp_2)
                                 -0.053353    0.196647   library hold time
                                              0.196647   data required time
---------------------------------------------------------------------------------------------
                                              0.196647   data required time
                                             -1.003430   data arrival time
---------------------------------------------------------------------------------------------
                                              0.806783   slack (MET)


Startpoint: _1231_ (rising edge-triggered flip-flop clocked by i_clk)
Endpoint: _1167_ (rising edge-triggered flip-flop clocked by i_clk)
Path Group: i_clk
Path Type: min

Fanout         Cap        Slew       Delay        Time   Description
---------------------------------------------------------------------------------------------
                      0.150000    0.000000    0.000000   clock i_clk (rise edge)
                                  0.000000    0.000000   clock network delay (ideal)
                      0.150000    0.000000    0.000000 ^ _1231_/CLK (sky130_fd_sc_hd__dfrtp_2)
     2    0.007106    0.102863    0.748163    0.748163 ^ _1231_/Q (sky130_fd_sc_hd__dfrtp_2)
                                                         u_i2c_master_controller.cntrl_fsm.cntrl_fsm.i_start_gen_ack (net)
                      0.102863    0.000000    0.748163 ^ _0665_/B1 (sky130_fd_sc_hd__a22o_2)
     1    0.001853    0.055413    0.248603    0.996767 ^ _0665_/X (sky130_fd_sc_hd__a22o_2)
                                                         _0015_ (net)
                      0.055413    0.000000    0.996767 ^ _1167_/D (sky130_fd_sc_hd__dfrtp_2)
                                              0.996767   data arrival time

                      0.150000    0.000000    0.000000   clock i_clk (rise edge)
                                  0.000000    0.000000   clock network delay (ideal)
                                  0.250000    0.250000   clock uncertainty
                                  0.000000    0.250000   clock reconvergence pessimism
                                              0.250000 ^ _1167_/CLK (sky130_fd_sc_hd__dfrtp_2)
                                 -0.060457    0.189543   library hold time
                                              0.189543   data required time
---------------------------------------------------------------------------------------------
                                              0.189543   data required time
                                             -0.996767   data arrival time
---------------------------------------------------------------------------------------------
                                              0.807224   slack (MET)


Startpoint: _1149_ (rising edge-triggered flip-flop clocked by i_clk)
Endpoint: _1149_ (rising edge-triggered flip-flop clocked by i_clk)
Path Group: i_clk
Path Type: min

Fanout         Cap        Slew       Delay        Time   Description
---------------------------------------------------------------------------------------------
                      0.150000    0.000000    0.000000   clock i_clk (rise edge)
                                  0.000000    0.000000   clock network delay (ideal)
                      0.150000    0.000000    0.000000 ^ _1149_/CLK (sky130_fd_sc_hd__dfrtp_2)
     2    0.003968    0.080435    0.721694    0.721694 ^ _1149_/Q (sky130_fd_sc_hd__dfrtp_2)
                                                         u_i2c_master_controller.i2cbus_cntrl_fsm.start_gen.state[4] (net)
                      0.080435    0.000000    0.721694 ^ _0643_/A2 (sky130_fd_sc_hd__a22o_2)
     1    0.001853    0.055554    0.277688    0.999382 ^ _0643_/X (sky130_fd_sc_hd__a22o_2)
                                                         _0027_ (net)
                      0.055554    0.000000    0.999382 ^ _1149_/D (sky130_fd_sc_hd__dfrtp_2)
                                              0.999382   data arrival time

                      0.150000    0.000000    0.000000   clock i_clk (rise edge)
                                  0.000000    0.000000   clock network delay (ideal)
                                  0.250000    0.250000   clock uncertainty
                                  0.000000    0.250000   clock reconvergence pessimism
                                              0.250000 ^ _1149_/CLK (sky130_fd_sc_hd__dfrtp_2)
                                 -0.060489    0.189511   library hold time
                                              0.189511   data required time
---------------------------------------------------------------------------------------------
                                              0.189511   data required time
                                             -0.999382   data arrival time
---------------------------------------------------------------------------------------------
                                              0.809871   slack (MET)


Startpoint: _1112_ (rising edge-triggered flip-flop clocked by i_clk)
Endpoint: _1112_ (rising edge-triggered flip-flop clocked by i_clk)
Path Group: i_clk
Path Type: min

Fanout         Cap        Slew       Delay        Time   Description
---------------------------------------------------------------------------------------------
                      0.150000    0.000000    0.000000   clock i_clk (rise edge)
                                  0.000000    0.000000   clock network delay (ideal)
                      0.150000    0.000000    0.000000 ^ _1112_/CLK (sky130_fd_sc_hd__dfrtp_2)
     2    0.004917    0.087628    0.731170    0.731170 ^ _1112_/Q (sky130_fd_sc_hd__dfrtp_2)
                                                         u_i2c_master_controller.cntrl_fsm.byte_tx_fsm.i_tx_data[1] (net)
                      0.087628    0.000000    0.731170 ^ _0906_/A1 (sky130_fd_sc_hd__a22o_2)
     1    0.001853    0.055471    0.271325    1.002495 ^ _0906_/X (sky130_fd_sc_hd__a22o_2)
                                                         _0235_ (net)
                      0.055471    0.000000    1.002495 ^ _1112_/D (sky130_fd_sc_hd__dfrtp_2)
                                              1.002495   data arrival time

                      0.150000    0.000000    0.000000   clock i_clk (rise edge)
                                  0.000000    0.000000   clock network delay (ideal)
                                  0.250000    0.250000   clock uncertainty
                                  0.000000    0.250000   clock reconvergence pessimism
                                              0.250000 ^ _1112_/CLK (sky130_fd_sc_hd__dfrtp_2)
                                 -0.060470    0.189530   library hold time
                                              0.189530   data required time
---------------------------------------------------------------------------------------------
                                              0.189530   data required time
                                             -1.002495   data arrival time
---------------------------------------------------------------------------------------------
                                              0.812965   slack (MET)


Startpoint: _1113_ (rising edge-triggered flip-flop clocked by i_clk)
Endpoint: _1113_ (rising edge-triggered flip-flop clocked by i_clk)
Path Group: i_clk
Path Type: min

Fanout         Cap        Slew       Delay        Time   Description
---------------------------------------------------------------------------------------------
                      0.150000    0.000000    0.000000   clock i_clk (rise edge)
                                  0.000000    0.000000   clock network delay (ideal)
                      0.150000    0.000000    0.000000 ^ _1113_/CLK (sky130_fd_sc_hd__dfrtp_2)
     2    0.004923    0.087674    0.731230    0.731230 ^ _1113_/Q (sky130_fd_sc_hd__dfrtp_2)
                                                         u_i2c_master_controller.cntrl_fsm.byte_tx_fsm.i_tx_data[2] (net)
                      0.087674    0.000000    0.731230 ^ _0908_/A1 (sky130_fd_sc_hd__a22o_2)
     1    0.001853    0.055471    0.271344    1.002574 ^ _0908_/X (sky130_fd_sc_hd__a22o_2)
                                                         _0236_ (net)
                      0.055471    0.000000    1.002574 ^ _1113_/D (sky130_fd_sc_hd__dfrtp_2)
                                              1.002574   data arrival time

                      0.150000    0.000000    0.000000   clock i_clk (rise edge)
                                  0.000000    0.000000   clock network delay (ideal)
                                  0.250000    0.250000   clock uncertainty
                                  0.000000    0.250000   clock reconvergence pessimism
                                              0.250000 ^ _1113_/CLK (sky130_fd_sc_hd__dfrtp_2)
                                 -0.060470    0.189530   library hold time
                                              0.189530   data required time
---------------------------------------------------------------------------------------------
                                              0.189530   data required time
                                             -1.002574   data arrival time
---------------------------------------------------------------------------------------------
                                              0.813045   slack (MET)


Startpoint: _1114_ (rising edge-triggered flip-flop clocked by i_clk)
Endpoint: _1114_ (rising edge-triggered flip-flop clocked by i_clk)
Path Group: i_clk
Path Type: min

Fanout         Cap        Slew       Delay        Time   Description
---------------------------------------------------------------------------------------------
                      0.150000    0.000000    0.000000   clock i_clk (rise edge)
                                  0.000000    0.000000   clock network delay (ideal)
                      0.150000    0.000000    0.000000 ^ _1114_/CLK (sky130_fd_sc_hd__dfrtp_2)
     2    0.004942    0.087818    0.731420    0.731420 ^ _1114_/Q (sky130_fd_sc_hd__dfrtp_2)
                                                         u_i2c_master_controller.cntrl_fsm.byte_tx_fsm.i_tx_data[3] (net)
                      0.087818    0.000000    0.731420 ^ _0910_/A1 (sky130_fd_sc_hd__a22o_2)
     1    0.001853    0.055471    0.271406    1.002826 ^ _0910_/X (sky130_fd_sc_hd__a22o_2)
                                                         _0237_ (net)
                      0.055471    0.000000    1.002826 ^ _1114_/D (sky130_fd_sc_hd__dfrtp_2)
                                              1.002826   data arrival time

                      0.150000    0.000000    0.000000   clock i_clk (rise edge)
                                  0.000000    0.000000   clock network delay (ideal)
                                  0.250000    0.250000   clock uncertainty
                                  0.000000    0.250000   clock reconvergence pessimism
                                              0.250000 ^ _1114_/CLK (sky130_fd_sc_hd__dfrtp_2)
                                 -0.060470    0.189530   library hold time
                                              0.189530   data required time
---------------------------------------------------------------------------------------------
                                              0.189530   data required time
                                             -1.002826   data arrival time
---------------------------------------------------------------------------------------------
                                              0.813296   slack (MET)


Startpoint: _1174_ (rising edge-triggered flip-flop clocked by i_clk)
Endpoint: _1187_ (rising edge-triggered flip-flop clocked by i_clk)
Path Group: i_clk
Path Type: min

Fanout         Cap        Slew       Delay        Time   Description
---------------------------------------------------------------------------------------------
                      0.150000    0.000000    0.000000   clock i_clk (rise edge)
                                  0.000000    0.000000   clock network delay (ideal)
                      0.150000    0.000000    0.000000 ^ _1174_/CLK (sky130_fd_sc_hd__dfrtp_2)
     2    0.006101    0.096125    0.741281    0.741281 ^ _1174_/Q (sky130_fd_sc_hd__dfrtp_2)
                                                         u_i2c_master_controller.cntrl_fsm.abort_reg (net)
                      0.096125    0.000000    0.741281 ^ _0733_/B (sky130_fd_sc_hd__and2_2)
     1    0.001853    0.061280    0.260224    1.001505 ^ _0733_/X (sky130_fd_sc_hd__and2_2)
                                                         _0035_ (net)
                      0.061280    0.000000    1.001505 ^ _1187_/D (sky130_fd_sc_hd__dfrtp_2)
                                              1.001505   data arrival time

                      0.150000    0.000000    0.000000   clock i_clk (rise edge)
                                  0.000000    0.000000   clock network delay (ideal)
                                  0.250000    0.250000   clock uncertainty
                                  0.000000    0.250000   clock reconvergence pessimism
                                              0.250000 ^ _1187_/CLK (sky130_fd_sc_hd__dfrtp_2)
                                 -0.061790    0.188210   library hold time
                                              0.188210   data required time
---------------------------------------------------------------------------------------------
                                              0.188210   data required time
                                             -1.001505   data arrival time
---------------------------------------------------------------------------------------------
                                              0.813295   slack (MET)


Startpoint: _1195_ (rising edge-triggered flip-flop clocked by i_clk)
Endpoint: _1172_ (rising edge-triggered flip-flop clocked by i_clk)
Path Group: i_clk
Path Type: min

Fanout         Cap        Slew       Delay        Time   Description
---------------------------------------------------------------------------------------------
                      0.150000    0.000000    0.000000   clock i_clk (rise edge)
                                  0.000000    0.000000   clock network delay (ideal)
                      0.150000    0.000000    0.000000 ^ _1195_/CLK (sky130_fd_sc_hd__dfrtp_2)
     2    0.007099    0.102816    0.748115    0.748115 ^ _1195_/Q (sky130_fd_sc_hd__dfrtp_2)
                                                         u_i2c_master_controller.cntrl_fsm.byte_rx_fsm.i_rx_en (net)
                      0.102816    0.000000    0.748115 ^ _0684_/B2 (sky130_fd_sc_hd__a22o_2)
     1    0.001853    0.055413    0.256660    1.004775 ^ _0684_/X (sky130_fd_sc_hd__a22o_2)
                                                         _0004_ (net)
                      0.055413    0.000000    1.004775 ^ _1172_/D (sky130_fd_sc_hd__dfrtp_2)
                                              1.004775   data arrival time

                      0.150000    0.000000    0.000000   clock i_clk (rise edge)
                                  0.000000    0.000000   clock network delay (ideal)
                                  0.250000    0.250000   clock uncertainty
                                  0.000000    0.250000   clock reconvergence pessimism
                                              0.250000 ^ _1172_/CLK (sky130_fd_sc_hd__dfrtp_2)
                                 -0.060457    0.189543   library hold time
                                              0.189543   data required time
---------------------------------------------------------------------------------------------
                                              0.189543   data required time
                                             -1.004775   data arrival time
---------------------------------------------------------------------------------------------
                                              0.815233   slack (MET)


Startpoint: _1164_ (rising edge-triggered flip-flop clocked by i_clk)
Endpoint: _1194_ (rising edge-triggered flip-flop clocked by i_clk)
Path Group: i_clk
Path Type: min

Fanout         Cap        Slew       Delay        Time   Description
---------------------------------------------------------------------------------------------
                      0.150000    0.000000    0.000000   clock i_clk (rise edge)
                                  0.000000    0.000000   clock network delay (ideal)
                      0.150000    0.000000    0.000000 ^ _1164_/CLK (sky130_fd_sc_hd__dfrtp_2)
     3    0.008342    0.111148    0.756627    0.756627 ^ _1164_/Q (sky130_fd_sc_hd__dfrtp_2)
                                                         u_i2c_master_controller.cntrl_fsm.cntrl_fsm.state[5] (net)
                      0.111148    0.000000    0.756627 ^ _0737_/S (sky130_fd_sc_hd__mux2_1)
     1    0.001853    0.062929    0.246777    1.003404 ^ _0737_/X (sky130_fd_sc_hd__mux2_1)
                                                         _0038_ (net)
                      0.062929    0.000000    1.003404 ^ _1194_/D (sky130_fd_sc_hd__dfrtp_2)
                                              1.003404   data arrival time

                      0.150000    0.000000    0.000000   clock i_clk (rise edge)
                                  0.000000    0.000000   clock network delay (ideal)
                                  0.250000    0.250000   clock uncertainty
                                  0.000000    0.250000   clock reconvergence pessimism
                                              0.250000 ^ _1194_/CLK (sky130_fd_sc_hd__dfrtp_2)
                                 -0.062165    0.187835   library hold time
                                              0.187835   data required time
---------------------------------------------------------------------------------------------
                                              0.187835   data required time
                                             -1.003404   data arrival time
---------------------------------------------------------------------------------------------
                                              0.815569   slack (MET)


Startpoint: _1266_ (rising edge-triggered flip-flop clocked by i_clk)
Endpoint: _1198_ (rising edge-triggered flip-flop clocked by i_clk)
Path Group: i_clk
Path Type: min

Fanout         Cap        Slew       Delay        Time   Description
---------------------------------------------------------------------------------------------
                      0.150000    0.000000    0.000000   clock i_clk (rise edge)
                                  0.000000    0.000000   clock network delay (ideal)
                      0.150000    0.000000    0.000000 ^ _1266_/CLK (sky130_fd_sc_hd__dfrtp_2)
     3    0.004311    0.083035    0.725119    0.725119 ^ _1266_/Q (sky130_fd_sc_hd__dfrtp_2)
                                                         u_i2c_master_controller.cntrl_fsm.byte_rx_fsm.state[6] (net)
                      0.083035    0.000000    0.725119 ^ _0616_/B (sky130_fd_sc_hd__and2_2)
     2    0.004400    0.080983    0.277767    1.002886 ^ _0616_/X (sky130_fd_sc_hd__and2_2)
                                                         _0000_ (net)
                      0.080983    0.000000    1.002886 ^ _1198_/D (sky130_fd_sc_hd__dfrtp_2)
                                              1.002886   data arrival time

                      0.150000    0.000000    0.000000   clock i_clk (rise edge)
                                  0.000000    0.000000   clock network delay (ideal)
                                  0.250000    0.250000   clock uncertainty
                                  0.000000    0.250000   clock reconvergence pessimism
                                              0.250000 ^ _1198_/CLK (sky130_fd_sc_hd__dfrtp_2)
                                 -0.066267    0.183733   library hold time
                                              0.183733   data required time
---------------------------------------------------------------------------------------------
                                              0.183733   data required time
                                             -1.002886   data arrival time
---------------------------------------------------------------------------------------------
                                              0.819153   slack (MET)


Startpoint: _1082_ (rising edge-triggered flip-flop clocked by i_clk)
Endpoint: _1082_ (rising edge-triggered flip-flop clocked by i_clk)
Path Group: i_clk
Path Type: min

Fanout         Cap        Slew       Delay        Time   Description
---------------------------------------------------------------------------------------------
                      0.150000    0.000000    0.000000   clock i_clk (rise edge)
                                  0.000000    0.000000   clock network delay (ideal)
                      0.150000    0.000000    0.000000 ^ _1082_/CLK (sky130_fd_sc_hd__dfrtp_2)
     2    0.010610    0.126353    0.772158    0.772158 ^ _1082_/Q (sky130_fd_sc_hd__dfrtp_2)
                                                         u_i2c_master_controller.cntrl_fsm.byte_cnt[0] (net)
                      0.126353    0.000000    0.772158 ^ _0854_/A0 (sky130_fd_sc_hd__mux2_1)
     1    0.001853    0.063016    0.234839    1.006997 ^ _0854_/X (sky130_fd_sc_hd__mux2_1)
                                                         _0205_ (net)
                      0.063016    0.000000    1.006997 ^ _1082_/D (sky130_fd_sc_hd__dfrtp_2)
                                              1.006997   data arrival time

                      0.150000    0.000000    0.000000   clock i_clk (rise edge)
                                  0.000000    0.000000   clock network delay (ideal)
                                  0.250000    0.250000   clock uncertainty
                                  0.000000    0.250000   clock reconvergence pessimism
                                              0.250000 ^ _1082_/CLK (sky130_fd_sc_hd__dfrtp_2)
                                 -0.062185    0.187815   library hold time
                                              0.187815   data required time
---------------------------------------------------------------------------------------------
                                              0.187815   data required time
                                             -1.006997   data arrival time
---------------------------------------------------------------------------------------------
                                              0.819182   slack (MET)


Startpoint: _1083_ (rising edge-triggered flip-flop clocked by i_clk)
Endpoint: _1083_ (rising edge-triggered flip-flop clocked by i_clk)
Path Group: i_clk
Path Type: min

Fanout         Cap        Slew       Delay        Time   Description
---------------------------------------------------------------------------------------------
                      0.150000    0.000000    0.000000   clock i_clk (rise edge)
                                  0.000000    0.000000   clock network delay (ideal)
                      0.150000    0.000000    0.000000 ^ _1083_/CLK (sky130_fd_sc_hd__dfrtp_2)
     2    0.010610    0.126353    0.772158    0.772158 ^ _1083_/Q (sky130_fd_sc_hd__dfrtp_2)
                                                         u_i2c_master_controller.cntrl_fsm.byte_cnt[1] (net)
                      0.126353    0.000000    0.772158 ^ _0855_/A0 (sky130_fd_sc_hd__mux2_1)
     1    0.001853    0.063016    0.234839    1.006997 ^ _0855_/X (sky130_fd_sc_hd__mux2_1)
                                                         _0206_ (net)
                      0.063016    0.000000    1.006997 ^ _1083_/D (sky130_fd_sc_hd__dfrtp_2)
                                              1.006997   data arrival time

                      0.150000    0.000000    0.000000   clock i_clk (rise edge)
                                  0.000000    0.000000   clock network delay (ideal)
                                  0.250000    0.250000   clock uncertainty
                                  0.000000    0.250000   clock reconvergence pessimism
                                              0.250000 ^ _1083_/CLK (sky130_fd_sc_hd__dfrtp_2)
                                 -0.062185    0.187815   library hold time
                                              0.187815   data required time
---------------------------------------------------------------------------------------------
                                              0.187815   data required time
                                             -1.006997   data arrival time
---------------------------------------------------------------------------------------------
                                              0.819182   slack (MET)


Startpoint: _1084_ (rising edge-triggered flip-flop clocked by i_clk)
Endpoint: _1084_ (rising edge-triggered flip-flop clocked by i_clk)
Path Group: i_clk
Path Type: min

Fanout         Cap        Slew       Delay        Time   Description
---------------------------------------------------------------------------------------------
                      0.150000    0.000000    0.000000   clock i_clk (rise edge)
                                  0.000000    0.000000   clock network delay (ideal)
                      0.150000    0.000000    0.000000 ^ _1084_/CLK (sky130_fd_sc_hd__dfrtp_2)
     2    0.010610    0.126353    0.772158    0.772158 ^ _1084_/Q (sky130_fd_sc_hd__dfrtp_2)
                                                         u_i2c_master_controller.cntrl_fsm.byte_cnt[2] (net)
                      0.126353    0.000000    0.772158 ^ _0856_/A0 (sky130_fd_sc_hd__mux2_1)
     1    0.001853    0.063016    0.234839    1.006997 ^ _0856_/X (sky130_fd_sc_hd__mux2_1)
                                                         _0207_ (net)
                      0.063016    0.000000    1.006997 ^ _1084_/D (sky130_fd_sc_hd__dfrtp_2)
                                              1.006997   data arrival time

                      0.150000    0.000000    0.000000   clock i_clk (rise edge)
                                  0.000000    0.000000   clock network delay (ideal)
                                  0.250000    0.250000   clock uncertainty
                                  0.000000    0.250000   clock reconvergence pessimism
                                              0.250000 ^ _1084_/CLK (sky130_fd_sc_hd__dfrtp_2)
                                 -0.062185    0.187815   library hold time
                                              0.187815   data required time
---------------------------------------------------------------------------------------------
                                              0.187815   data required time
                                             -1.006997   data arrival time
---------------------------------------------------------------------------------------------
                                              0.819182   slack (MET)


Startpoint: _1085_ (rising edge-triggered flip-flop clocked by i_clk)
Endpoint: _1085_ (rising edge-triggered flip-flop clocked by i_clk)
Path Group: i_clk
Path Type: min

Fanout         Cap        Slew       Delay        Time   Description
---------------------------------------------------------------------------------------------
                      0.150000    0.000000    0.000000   clock i_clk (rise edge)
                                  0.000000    0.000000   clock network delay (ideal)
                      0.150000    0.000000    0.000000 ^ _1085_/CLK (sky130_fd_sc_hd__dfrtp_2)
     2    0.010610    0.126353    0.772158    0.772158 ^ _1085_/Q (sky130_fd_sc_hd__dfrtp_2)
                                                         u_i2c_master_controller.cntrl_fsm.byte_cnt[3] (net)
                      0.126353    0.000000    0.772158 ^ _0857_/A0 (sky130_fd_sc_hd__mux2_1)
     1    0.001853    0.063016    0.234839    1.006997 ^ _0857_/X (sky130_fd_sc_hd__mux2_1)
                                                         _0208_ (net)
                      0.063016    0.000000    1.006997 ^ _1085_/D (sky130_fd_sc_hd__dfrtp_2)
                                              1.006997   data arrival time

                      0.150000    0.000000    0.000000   clock i_clk (rise edge)
                                  0.000000    0.000000   clock network delay (ideal)
                                  0.250000    0.250000   clock uncertainty
                                  0.000000    0.250000   clock reconvergence pessimism
                                              0.250000 ^ _1085_/CLK (sky130_fd_sc_hd__dfrtp_2)
                                 -0.062185    0.187815   library hold time
                                              0.187815   data required time
---------------------------------------------------------------------------------------------
                                              0.187815   data required time
                                             -1.006997   data arrival time
---------------------------------------------------------------------------------------------
                                              0.819182   slack (MET)


Startpoint: _1086_ (rising edge-triggered flip-flop clocked by i_clk)
Endpoint: _1086_ (rising edge-triggered flip-flop clocked by i_clk)
Path Group: i_clk
Path Type: min

Fanout         Cap        Slew       Delay        Time   Description
---------------------------------------------------------------------------------------------
                      0.150000    0.000000    0.000000   clock i_clk (rise edge)
                                  0.000000    0.000000   clock network delay (ideal)
                      0.150000    0.000000    0.000000 ^ _1086_/CLK (sky130_fd_sc_hd__dfrtp_2)
     2    0.010610    0.126353    0.772158    0.772158 ^ _1086_/Q (sky130_fd_sc_hd__dfrtp_2)
                                                         u_i2c_master_controller.cntrl_fsm.byte_cnt[4] (net)
                      0.126353    0.000000    0.772158 ^ _0858_/A0 (sky130_fd_sc_hd__mux2_1)
     1    0.001853    0.063016    0.234839    1.006997 ^ _0858_/X (sky130_fd_sc_hd__mux2_1)
                                                         _0209_ (net)
                      0.063016    0.000000    1.006997 ^ _1086_/D (sky130_fd_sc_hd__dfrtp_2)
                                              1.006997   data arrival time

                      0.150000    0.000000    0.000000   clock i_clk (rise edge)
                                  0.000000    0.000000   clock network delay (ideal)
                                  0.250000    0.250000   clock uncertainty
                                  0.000000    0.250000   clock reconvergence pessimism
                                              0.250000 ^ _1086_/CLK (sky130_fd_sc_hd__dfrtp_2)
                                 -0.062185    0.187815   library hold time
                                              0.187815   data required time
---------------------------------------------------------------------------------------------
                                              0.187815   data required time
                                             -1.006997   data arrival time
---------------------------------------------------------------------------------------------
                                              0.819182   slack (MET)


Startpoint: _1087_ (rising edge-triggered flip-flop clocked by i_clk)
Endpoint: _1087_ (rising edge-triggered flip-flop clocked by i_clk)
Path Group: i_clk
Path Type: min

Fanout         Cap        Slew       Delay        Time   Description
---------------------------------------------------------------------------------------------
                      0.150000    0.000000    0.000000   clock i_clk (rise edge)
                                  0.000000    0.000000   clock network delay (ideal)
                      0.150000    0.000000    0.000000 ^ _1087_/CLK (sky130_fd_sc_hd__dfrtp_2)
     2    0.010610    0.126353    0.772158    0.772158 ^ _1087_/Q (sky130_fd_sc_hd__dfrtp_2)
                                                         u_i2c_master_controller.cntrl_fsm.byte_cnt[5] (net)
                      0.126353    0.000000    0.772158 ^ _0859_/A0 (sky130_fd_sc_hd__mux2_1)
     1    0.001853    0.063016    0.234839    1.006997 ^ _0859_/X (sky130_fd_sc_hd__mux2_1)
                                                         _0210_ (net)
                      0.063016    0.000000    1.006997 ^ _1087_/D (sky130_fd_sc_hd__dfrtp_2)
                                              1.006997   data arrival time

                      0.150000    0.000000    0.000000   clock i_clk (rise edge)
                                  0.000000    0.000000   clock network delay (ideal)
                                  0.250000    0.250000   clock uncertainty
                                  0.000000    0.250000   clock reconvergence pessimism
                                              0.250000 ^ _1087_/CLK (sky130_fd_sc_hd__dfrtp_2)
                                 -0.062185    0.187815   library hold time
                                              0.187815   data required time
---------------------------------------------------------------------------------------------
                                              0.187815   data required time
                                             -1.006997   data arrival time
---------------------------------------------------------------------------------------------
                                              0.819182   slack (MET)


Startpoint: _1088_ (rising edge-triggered flip-flop clocked by i_clk)
Endpoint: _1088_ (rising edge-triggered flip-flop clocked by i_clk)
Path Group: i_clk
Path Type: min

Fanout         Cap        Slew       Delay        Time   Description
---------------------------------------------------------------------------------------------
                      0.150000    0.000000    0.000000   clock i_clk (rise edge)
                                  0.000000    0.000000   clock network delay (ideal)
                      0.150000    0.000000    0.000000 ^ _1088_/CLK (sky130_fd_sc_hd__dfrtp_2)
     2    0.010610    0.126353    0.772158    0.772158 ^ _1088_/Q (sky130_fd_sc_hd__dfrtp_2)
                                                         u_i2c_master_controller.cntrl_fsm.byte_cnt[6] (net)
                      0.126353    0.000000    0.772158 ^ _0860_/A0 (sky130_fd_sc_hd__mux2_1)
     1    0.001853    0.063016    0.234839    1.006997 ^ _0860_/X (sky130_fd_sc_hd__mux2_1)
                                                         _0211_ (net)
                      0.063016    0.000000    1.006997 ^ _1088_/D (sky130_fd_sc_hd__dfrtp_2)
                                              1.006997   data arrival time

                      0.150000    0.000000    0.000000   clock i_clk (rise edge)
                                  0.000000    0.000000   clock network delay (ideal)
                                  0.250000    0.250000   clock uncertainty
                                  0.000000    0.250000   clock reconvergence pessimism
                                              0.250000 ^ _1088_/CLK (sky130_fd_sc_hd__dfrtp_2)
                                 -0.062185    0.187815   library hold time
                                              0.187815   data required time
---------------------------------------------------------------------------------------------
                                              0.187815   data required time
                                             -1.006997   data arrival time
---------------------------------------------------------------------------------------------
                                              0.819182   slack (MET)


Startpoint: _1089_ (rising edge-triggered flip-flop clocked by i_clk)
Endpoint: _1089_ (rising edge-triggered flip-flop clocked by i_clk)
Path Group: i_clk
Path Type: min

Fanout         Cap        Slew       Delay        Time   Description
---------------------------------------------------------------------------------------------
                      0.150000    0.000000    0.000000   clock i_clk (rise edge)
                                  0.000000    0.000000   clock network delay (ideal)
                      0.150000    0.000000    0.000000 ^ _1089_/CLK (sky130_fd_sc_hd__dfrtp_2)
     2    0.010610    0.126353    0.772158    0.772158 ^ _1089_/Q (sky130_fd_sc_hd__dfrtp_2)
                                                         u_i2c_master_controller.cntrl_fsm.byte_cnt[7] (net)
                      0.126353    0.000000    0.772158 ^ _0861_/A0 (sky130_fd_sc_hd__mux2_1)
     1    0.001853    0.063016    0.234839    1.006997 ^ _0861_/X (sky130_fd_sc_hd__mux2_1)
                                                         _0212_ (net)
                      0.063016    0.000000    1.006997 ^ _1089_/D (sky130_fd_sc_hd__dfrtp_2)
                                              1.006997   data arrival time

                      0.150000    0.000000    0.000000   clock i_clk (rise edge)
                                  0.000000    0.000000   clock network delay (ideal)
                                  0.250000    0.250000   clock uncertainty
                                  0.000000    0.250000   clock reconvergence pessimism
                                              0.250000 ^ _1089_/CLK (sky130_fd_sc_hd__dfrtp_2)
                                 -0.062185    0.187815   library hold time
                                              0.187815   data required time
---------------------------------------------------------------------------------------------
                                              0.187815   data required time
                                             -1.006997   data arrival time
---------------------------------------------------------------------------------------------
                                              0.819182   slack (MET)


Startpoint: _1164_ (rising edge-triggered flip-flop clocked by i_clk)
Endpoint: _1164_ (rising edge-triggered flip-flop clocked by i_clk)
Path Group: i_clk
Path Type: min

Fanout         Cap        Slew       Delay        Time   Description
---------------------------------------------------------------------------------------------
                      0.150000    0.000000    0.000000   clock i_clk (rise edge)
                                  0.000000    0.000000   clock network delay (ideal)
                      0.150000    0.000000    0.000000 ^ _1164_/CLK (sky130_fd_sc_hd__dfrtp_2)
     3    0.008342    0.111148    0.756627    0.756627 ^ _1164_/Q (sky130_fd_sc_hd__dfrtp_2)
                                                         u_i2c_master_controller.cntrl_fsm.cntrl_fsm.state[5] (net)
                      0.111148    0.000000    0.756627 ^ _0670_/B1 (sky130_fd_sc_hd__a22o_2)
     1    0.001853    0.055310    0.252125    1.008752 ^ _0670_/X (sky130_fd_sc_hd__a22o_2)
                                                         _0012_ (net)
                      0.055310    0.000000    1.008752 ^ _1164_/D (sky130_fd_sc_hd__dfrtp_2)
                                              1.008752   data arrival time

                      0.150000    0.000000    0.000000   clock i_clk (rise edge)
                                  0.000000    0.000000   clock network delay (ideal)
                                  0.250000    0.250000   clock uncertainty
                                  0.000000    0.250000   clock reconvergence pessimism
                                              0.250000 ^ _1164_/CLK (sky130_fd_sc_hd__dfrtp_2)
                                 -0.060434    0.189566   library hold time
                                              0.189566   data required time
---------------------------------------------------------------------------------------------
                                              0.189566   data required time
                                             -1.008752   data arrival time
---------------------------------------------------------------------------------------------
                                              0.819186   slack (MET)


Startpoint: _1079_ (rising edge-triggered flip-flop clocked by i_clk)
Endpoint: _1079_ (rising edge-triggered flip-flop clocked by i_clk)
Path Group: i_clk
Path Type: min

Fanout         Cap        Slew       Delay        Time   Description
---------------------------------------------------------------------------------------------
                      0.150000    0.000000    0.000000   clock i_clk (rise edge)
                                  0.000000    0.000000   clock network delay (ideal)
                      0.150000    0.000000    0.000000 ^ _1079_/CLK (sky130_fd_sc_hd__dfrtp_2)
     3    0.010743    0.127244    0.773069    0.773069 ^ _1079_/Q (sky130_fd_sc_hd__dfrtp_2)
                                                         u_i2c_master_controller.bps_mode[1] (net)
                      0.127244    0.000000    0.773069 ^ _0851_/A0 (sky130_fd_sc_hd__mux2_1)
     1    0.001853    0.063016    0.235217    1.008286 ^ _0851_/X (sky130_fd_sc_hd__mux2_1)
                                                         _0202_ (net)
                      0.063016    0.000000    1.008286 ^ _1079_/D (sky130_fd_sc_hd__dfrtp_2)
                                              1.008286   data arrival time

                      0.150000    0.000000    0.000000   clock i_clk (rise edge)
                                  0.000000    0.000000   clock network delay (ideal)
                                  0.250000    0.250000   clock uncertainty
                                  0.000000    0.250000   clock reconvergence pessimism
                                              0.250000 ^ _1079_/CLK (sky130_fd_sc_hd__dfrtp_2)
                                 -0.062185    0.187815   library hold time
                                              0.187815   data required time
---------------------------------------------------------------------------------------------
                                              0.187815   data required time
                                             -1.008286   data arrival time
---------------------------------------------------------------------------------------------
                                              0.820471   slack (MET)


Startpoint: _1118_ (rising edge-triggered flip-flop clocked by i_clk)
Endpoint: _1118_ (rising edge-triggered flip-flop clocked by i_clk)
Path Group: i_clk
Path Type: min

Fanout         Cap        Slew       Delay        Time   Description
---------------------------------------------------------------------------------------------
                      0.150000    0.000000    0.000000   clock i_clk (rise edge)
                                  0.000000    0.000000   clock network delay (ideal)
                      0.150000    0.000000    0.000000 ^ _1118_/CLK (sky130_fd_sc_hd__dfrtp_2)
     2    0.004942    0.087818    0.731420    0.731420 ^ _1118_/Q (sky130_fd_sc_hd__dfrtp_2)
                                                         u_i2c_master_controller.cntrl_fsm.byte_tx_fsm.i_tx_data[7] (net)
                      0.087818    0.000000    0.731420 ^ _0918_/A1 (sky130_fd_sc_hd__o22a_2)
     1    0.001853    0.050570    0.281932    1.013351 ^ _0918_/X (sky130_fd_sc_hd__o22a_2)
                                                         _0241_ (net)
                      0.050570    0.000000    1.013351 ^ _1118_/D (sky130_fd_sc_hd__dfrtp_2)
                                              1.013351   data arrival time

                      0.150000    0.000000    0.000000   clock i_clk (rise edge)
                                  0.000000    0.000000   clock network delay (ideal)
                                  0.250000    0.250000   clock uncertainty
                                  0.000000    0.250000   clock reconvergence pessimism
                                              0.250000 ^ _1118_/CLK (sky130_fd_sc_hd__dfrtp_2)
                                 -0.059357    0.190643   library hold time
                                              0.190643   data required time
---------------------------------------------------------------------------------------------
                                              0.190643   data required time
                                             -1.013351   data arrival time
---------------------------------------------------------------------------------------------
                                              0.822708   slack (MET)


Startpoint: _1115_ (rising edge-triggered flip-flop clocked by i_clk)
Endpoint: _1115_ (rising edge-triggered flip-flop clocked by i_clk)
Path Group: i_clk
Path Type: min

Fanout         Cap        Slew       Delay        Time   Description
---------------------------------------------------------------------------------------------
                      0.150000    0.000000    0.000000   clock i_clk (rise edge)
                                  0.000000    0.000000   clock network delay (ideal)
                      0.150000    0.000000    0.000000 ^ _1115_/CLK (sky130_fd_sc_hd__dfrtp_2)
     2    0.004950    0.087879    0.731499    0.731499 ^ _1115_/Q (sky130_fd_sc_hd__dfrtp_2)
                                                         u_i2c_master_controller.cntrl_fsm.byte_tx_fsm.i_tx_data[4] (net)
                      0.087879    0.000000    0.731499 ^ _0912_/A1 (sky130_fd_sc_hd__o22a_2)
     1    0.001853    0.050570    0.281956    1.013456 ^ _0912_/X (sky130_fd_sc_hd__o22a_2)
                                                         _0238_ (net)
                      0.050570    0.000000    1.013456 ^ _1115_/D (sky130_fd_sc_hd__dfrtp_2)
                                              1.013456   data arrival time

                      0.150000    0.000000    0.000000   clock i_clk (rise edge)
                                  0.000000    0.000000   clock network delay (ideal)
                                  0.250000    0.250000   clock uncertainty
                                  0.000000    0.250000   clock reconvergence pessimism
                                              0.250000 ^ _1115_/CLK (sky130_fd_sc_hd__dfrtp_2)
                                 -0.059357    0.190643   library hold time
                                              0.190643   data required time
---------------------------------------------------------------------------------------------
                                              0.190643   data required time
                                             -1.013456   data arrival time
---------------------------------------------------------------------------------------------
                                              0.822812   slack (MET)


Startpoint: _1117_ (rising edge-triggered flip-flop clocked by i_clk)
Endpoint: _1117_ (rising edge-triggered flip-flop clocked by i_clk)
Path Group: i_clk
Path Type: min

Fanout         Cap        Slew       Delay        Time   Description
---------------------------------------------------------------------------------------------
                      0.150000    0.000000    0.000000   clock i_clk (rise edge)
                                  0.000000    0.000000   clock network delay (ideal)
                      0.150000    0.000000    0.000000 ^ _1117_/CLK (sky130_fd_sc_hd__dfrtp_2)
     2    0.004950    0.087879    0.731499    0.731499 ^ _1117_/Q (sky130_fd_sc_hd__dfrtp_2)
                                                         u_i2c_master_controller.cntrl_fsm.byte_tx_fsm.i_tx_data[6] (net)
                      0.087879    0.000000    0.731499 ^ _0916_/A1 (sky130_fd_sc_hd__o22a_2)
     1    0.001853    0.050570    0.281956    1.013456 ^ _0916_/X (sky130_fd_sc_hd__o22a_2)
                                                         _0240_ (net)
                      0.050570    0.000000    1.013456 ^ _1117_/D (sky130_fd_sc_hd__dfrtp_2)
                                              1.013456   data arrival time

                      0.150000    0.000000    0.000000   clock i_clk (rise edge)
                                  0.000000    0.000000   clock network delay (ideal)
                                  0.250000    0.250000   clock uncertainty
                                  0.000000    0.250000   clock reconvergence pessimism
                                              0.250000 ^ _1117_/CLK (sky130_fd_sc_hd__dfrtp_2)
                                 -0.059357    0.190643   library hold time
                                              0.190643   data required time
---------------------------------------------------------------------------------------------
                                              0.190643   data required time
                                             -1.013456   data arrival time
---------------------------------------------------------------------------------------------
                                              0.822812   slack (MET)


Startpoint: _1116_ (rising edge-triggered flip-flop clocked by i_clk)
Endpoint: _1116_ (rising edge-triggered flip-flop clocked by i_clk)
Path Group: i_clk
Path Type: min

Fanout         Cap        Slew       Delay        Time   Description
---------------------------------------------------------------------------------------------
                      0.150000    0.000000    0.000000   clock i_clk (rise edge)
                                  0.000000    0.000000   clock network delay (ideal)
                      0.150000    0.000000    0.000000 ^ _1116_/CLK (sky130_fd_sc_hd__dfrtp_2)
     2    0.004961    0.087962    0.731609    0.731609 ^ _1116_/Q (sky130_fd_sc_hd__dfrtp_2)
                                                         u_i2c_master_controller.cntrl_fsm.byte_tx_fsm.i_tx_data[5] (net)
                      0.087962    0.000000    0.731609 ^ _0914_/A1 (sky130_fd_sc_hd__o22a_2)
     1    0.001853    0.050570    0.281990    1.013599 ^ _0914_/X (sky130_fd_sc_hd__o22a_2)
                                                         _0239_ (net)
                      0.050570    0.000000    1.013599 ^ _1116_/D (sky130_fd_sc_hd__dfrtp_2)
                                              1.013599   data arrival time

                      0.150000    0.000000    0.000000   clock i_clk (rise edge)
                                  0.000000    0.000000   clock network delay (ideal)
                                  0.250000    0.250000   clock uncertainty
                                  0.000000    0.250000   clock reconvergence pessimism
                                              0.250000 ^ _1116_/CLK (sky130_fd_sc_hd__dfrtp_2)
                                 -0.059357    0.190643   library hold time
                                              0.190643   data required time
---------------------------------------------------------------------------------------------
                                              0.190643   data required time
                                             -1.013599   data arrival time
---------------------------------------------------------------------------------------------
                                              0.822956   slack (MET)


Startpoint: _1274_ (rising edge-triggered flip-flop clocked by i_clk)
Endpoint: _1197_ (rising edge-triggered flip-flop clocked by i_clk)
Path Group: i_clk
Path Type: min

Fanout         Cap        Slew       Delay        Time   Description
---------------------------------------------------------------------------------------------
                      0.150000    0.000000    0.000000   clock i_clk (rise edge)
                                  0.000000    0.000000   clock network delay (ideal)
                      0.150000    0.000000    0.000000 ^ _1274_/CLK (sky130_fd_sc_hd__dfrtp_2)
     3    0.005455    0.091706    0.736542    0.736542 ^ _1274_/Q (sky130_fd_sc_hd__dfrtp_2)
                                                         u_i2c_master_controller.cntrl_fsm.byte_tx_fsm.state[6] (net)
                      0.091706    0.000000    0.736542 ^ _0615_/A (sky130_fd_sc_hd__and2_2)
     2    0.004400    0.080956    0.271495    1.008037 ^ _0615_/X (sky130_fd_sc_hd__and2_2)
                                                         _0001_ (net)
                      0.080956    0.000000    1.008037 ^ _1197_/D (sky130_fd_sc_hd__dfrtp_2)
                                              1.008037   data arrival time

                      0.150000    0.000000    0.000000   clock i_clk (rise edge)
                                  0.000000    0.000000   clock network delay (ideal)
                                  0.250000    0.250000   clock uncertainty
                                  0.000000    0.250000   clock reconvergence pessimism
                                              0.250000 ^ _1197_/CLK (sky130_fd_sc_hd__dfrtp_2)
                                 -0.066261    0.183739   library hold time
                                              0.183739   data required time
---------------------------------------------------------------------------------------------
                                              0.183739   data required time
                                             -1.008037   data arrival time
---------------------------------------------------------------------------------------------
                                              0.824298   slack (MET)


Startpoint: _1108_ (rising edge-triggered flip-flop clocked by i_clk)
Endpoint: _1108_ (rising edge-triggered flip-flop clocked by i_clk)
Path Group: i_clk
Path Type: min

Fanout         Cap        Slew       Delay        Time   Description
---------------------------------------------------------------------------------------------
                      0.150000    0.000000    0.000000   clock i_clk (rise edge)
                                  0.000000    0.000000   clock network delay (ideal)
                      0.150000    0.000000    0.000000 ^ _1108_/CLK (sky130_fd_sc_hd__dfrtp_2)
     3    0.005891    0.094717    0.739843    0.739843 ^ _1108_/Q (sky130_fd_sc_hd__dfrtp_2)
                                                         u_i2c_master_controller.cntrl_fsm.cntrl_fsm.o_tx_done (net)
                      0.094717    0.000000    0.739843 ^ _0898_/A1 (sky130_fd_sc_hd__a22o_2)
     1    0.001853    0.055404    0.274361    1.014204 ^ _0898_/X (sky130_fd_sc_hd__a22o_2)
                                                         _0231_ (net)
                      0.055404    0.000000    1.014204 ^ _1108_/D (sky130_fd_sc_hd__dfrtp_2)
                                              1.014204   data arrival time

                      0.150000    0.000000    0.000000   clock i_clk (rise edge)
                                  0.000000    0.000000   clock network delay (ideal)
                                  0.250000    0.250000   clock uncertainty
                                  0.000000    0.250000   clock reconvergence pessimism
                                              0.250000 ^ _1108_/CLK (sky130_fd_sc_hd__dfrtp_2)
                                 -0.060455    0.189545   library hold time
                                              0.189545   data required time
---------------------------------------------------------------------------------------------
                                              0.189545   data required time
                                             -1.014204   data arrival time
---------------------------------------------------------------------------------------------
                                              0.824659   slack (MET)


Startpoint: _1109_ (rising edge-triggered flip-flop clocked by i_clk)
Endpoint: _1109_ (rising edge-triggered flip-flop clocked by i_clk)
Path Group: i_clk
Path Type: min

Fanout         Cap        Slew       Delay        Time   Description
---------------------------------------------------------------------------------------------
                      0.150000    0.000000    0.000000   clock i_clk (rise edge)
                                  0.000000    0.000000   clock network delay (ideal)
                      0.150000    0.000000    0.000000 ^ _1109_/CLK (sky130_fd_sc_hd__dfrtp_2)
     3    0.005891    0.094717    0.739843    0.739843 ^ _1109_/Q (sky130_fd_sc_hd__dfrtp_2)
                                                         u_i2c_master_controller.cntrl_fsm.cntrl_fsm.o_rx_done (net)
                      0.094717    0.000000    0.739843 ^ _0899_/A1 (sky130_fd_sc_hd__a22o_2)
     1    0.001853    0.055404    0.274361    1.014204 ^ _0899_/X (sky130_fd_sc_hd__a22o_2)
                                                         _0232_ (net)
                      0.055404    0.000000    1.014204 ^ _1109_/D (sky130_fd_sc_hd__dfrtp_2)
                                              1.014204   data arrival time

                      0.150000    0.000000    0.000000   clock i_clk (rise edge)
                                  0.000000    0.000000   clock network delay (ideal)
                                  0.250000    0.250000   clock uncertainty
                                  0.000000    0.250000   clock reconvergence pessimism
                                              0.250000 ^ _1109_/CLK (sky130_fd_sc_hd__dfrtp_2)
                                 -0.060455    0.189545   library hold time
                                              0.189545   data required time
---------------------------------------------------------------------------------------------
                                              0.189545   data required time
                                             -1.014204   data arrival time
---------------------------------------------------------------------------------------------
                                              0.824659   slack (MET)


Startpoint: _1155_ (rising edge-triggered flip-flop clocked by i_clk)
Endpoint: _1152_ (rising edge-triggered flip-flop clocked by i_clk)
Path Group: i_clk
Path Type: min

Fanout         Cap        Slew       Delay        Time   Description
---------------------------------------------------------------------------------------------
                      0.150000    0.000000    0.000000   clock i_clk (rise edge)
                                  0.000000    0.000000   clock network delay (ideal)
                      0.150000    0.000000    0.000000 ^ _1155_/CLK (sky130_fd_sc_hd__dfrtp_2)
     3    0.009582    0.119461    0.765119    0.765119 ^ _1155_/Q (sky130_fd_sc_hd__dfrtp_2)
                                                         u_i2c_master_controller.i2cbus_cntrl_fsm.scl_gen.state[3] (net)
                      0.119461    0.000000    0.765119 ^ _0652_/B1 (sky130_fd_sc_hd__a22o_2)
     1    0.002386    0.059496    0.260839    1.025957 ^ _0652_/X (sky130_fd_sc_hd__a22o_2)
                                                         _0020_ (net)
                      0.059496    0.000000    1.025957 ^ _1152_/D (sky130_fd_sc_hd__dfstp_2)
                                              1.025957   data arrival time

                      0.150000    0.000000    0.000000   clock i_clk (rise edge)
                                  0.000000    0.000000   clock network delay (ideal)
                                  0.250000    0.250000   clock uncertainty
                                  0.000000    0.250000   clock reconvergence pessimism
                                              0.250000 ^ _1152_/CLK (sky130_fd_sc_hd__dfstp_2)
                                 -0.049034    0.200966   library hold time
                                              0.200966   data required time
---------------------------------------------------------------------------------------------
                                              0.200966   data required time
                                             -1.025957   data arrival time
---------------------------------------------------------------------------------------------
                                              0.824992   slack (MET)


Startpoint: _1148_ (rising edge-triggered flip-flop clocked by i_clk)
Endpoint: _1145_ (rising edge-triggered flip-flop clocked by i_clk)
Path Group: i_clk
Path Type: min

Fanout         Cap        Slew       Delay        Time   Description
---------------------------------------------------------------------------------------------
                      0.150000    0.000000    0.000000   clock i_clk (rise edge)
                                  0.000000    0.000000   clock network delay (ideal)
                      0.150000    0.000000    0.000000 ^ _1148_/CLK (sky130_fd_sc_hd__dfrtp_2)
     3    0.009635    0.119816    0.765482    0.765482 ^ _1148_/Q (sky130_fd_sc_hd__dfrtp_2)
                                                         u_i2c_master_controller.i2cbus_cntrl_fsm.start_gen.state[3] (net)
                      0.119816    0.000000    0.765482 ^ _0647_/B1 (sky130_fd_sc_hd__a22o_2)
     1    0.002386    0.059298    0.260990    1.026471 ^ _0647_/X (sky130_fd_sc_hd__a22o_2)
                                                         _0024_ (net)
                      0.059298    0.000000    1.026471 ^ _1145_/D (sky130_fd_sc_hd__dfstp_2)
                                              1.026471   data arrival time

                      0.150000    0.000000    0.000000   clock i_clk (rise edge)
                                  0.000000    0.000000   clock network delay (ideal)
                                  0.250000    0.250000   clock uncertainty
                                  0.000000    0.250000   clock reconvergence pessimism
                                              0.250000 ^ _1145_/CLK (sky130_fd_sc_hd__dfstp_2)
                                 -0.048993    0.201007   library hold time
                                              0.201007   data required time
---------------------------------------------------------------------------------------------
                                              0.201007   data required time
                                             -1.026471   data arrival time
---------------------------------------------------------------------------------------------
                                              0.825465   slack (MET)


Startpoint: _1097_ (rising edge-triggered flip-flop clocked by i_clk)
Endpoint: _1097_ (rising edge-triggered flip-flop clocked by i_clk)
Path Group: i_clk
Path Type: min

Fanout         Cap        Slew       Delay        Time   Description
---------------------------------------------------------------------------------------------
                      0.150000    0.000000    0.000000   clock i_clk (rise edge)
                                  0.000000    0.000000   clock network delay (ideal)
                      0.150000    0.000000    0.000000 ^ _1097_/CLK (sky130_fd_sc_hd__dfstp_2)
     2    0.003669    0.042924    0.743095    0.743095 v _1097_/Q (sky130_fd_sc_hd__dfstp_2)
                                                         u_i2c_master_controller.cntrl_fsm.byte_rx_fsm.o_rx_ack_sda (net)
                      0.042924    0.000000    0.743095 v _0876_/A2 (sky130_fd_sc_hd__a21o_2)
     1    0.002189    0.053430    0.354299    1.097394 v _0876_/X (sky130_fd_sc_hd__a21o_2)
                                                         _0220_ (net)
                      0.053430    0.000000    1.097394 v _1097_/D (sky130_fd_sc_hd__dfstp_2)
                                              1.097394   data arrival time

                      0.150000    0.000000    0.000000   clock i_clk (rise edge)
                                  0.000000    0.000000   clock network delay (ideal)
                                  0.250000    0.250000   clock uncertainty
                                  0.000000    0.250000   clock reconvergence pessimism
                                              0.250000 ^ _1097_/CLK (sky130_fd_sc_hd__dfstp_2)
                                  0.021153    0.271153   library hold time
                                              0.271153   data required time
---------------------------------------------------------------------------------------------
                                              0.271153   data required time
                                             -1.097394   data arrival time
---------------------------------------------------------------------------------------------
                                              0.826241   slack (MET)


Startpoint: _1229_ (rising edge-triggered flip-flop clocked by i_clk)
Endpoint: _1231_ (rising edge-triggered flip-flop clocked by i_clk)
Path Group: i_clk
Path Type: min

Fanout         Cap        Slew       Delay        Time   Description
---------------------------------------------------------------------------------------------
                      0.150000    0.000000    0.000000   clock i_clk (rise edge)
                                  0.000000    0.000000   clock network delay (ideal)
                      0.150000    0.000000    0.000000 ^ _1229_/CLK (sky130_fd_sc_hd__dfrtp_2)
     3    0.008533    0.112429    0.757935    0.757935 ^ _1229_/Q (sky130_fd_sc_hd__dfrtp_2)
                                                         u_i2c_master_controller.i2cbus_cntrl_fsm.start_gen.delay_done (net)
                      0.112429    0.000000    0.757935 ^ _0734_/A (sky130_fd_sc_hd__and2_2)
     1    0.001853    0.061314    0.257822    1.015758 ^ _0734_/X (sky130_fd_sc_hd__and2_2)
                                                         _0051_ (net)
                      0.061314    0.000000    1.015758 ^ _1231_/D (sky130_fd_sc_hd__dfrtp_2)
                                              1.015758   data arrival time

                      0.150000    0.000000    0.000000   clock i_clk (rise edge)
                                  0.000000    0.000000   clock network delay (ideal)
                                  0.250000    0.250000   clock uncertainty
                                  0.000000    0.250000   clock reconvergence pessimism
                                              0.250000 ^ _1231_/CLK (sky130_fd_sc_hd__dfrtp_2)
                                 -0.061798    0.188202   library hold time
                                              0.188202   data required time
---------------------------------------------------------------------------------------------
                                              0.188202   data required time
                                             -1.015758   data arrival time
---------------------------------------------------------------------------------------------
                                              0.827555   slack (MET)


Startpoint: _1185_ (rising edge-triggered flip-flop clocked by i_clk)
Endpoint: _1190_ (rising edge-triggered flip-flop clocked by i_clk)
Path Group: i_clk
Path Type: min

Fanout         Cap        Slew       Delay        Time   Description
---------------------------------------------------------------------------------------------
                      0.150000    0.000000    0.000000   clock i_clk (rise edge)
                                  0.000000    0.000000   clock network delay (ideal)
                      0.150000    0.000000    0.000000 ^ _1185_/CLK (sky130_fd_sc_hd__dfrtp_2)
     4    0.011020    0.129101    0.774966    0.774966 ^ _1185_/Q (sky130_fd_sc_hd__dfrtp_2)
                                                         u_i2c_master_controller.cntrl_fsm.cntrl_fsm.i_start (net)
                      0.129101    0.000000    0.774966 ^ _0732_/A2 (sky130_fd_sc_hd__a21o_2)
     1    0.001853    0.039993    0.246432    1.021398 ^ _0732_/X (sky130_fd_sc_hd__a21o_2)
                                                         _0036_ (net)
                      0.039993    0.000000    1.021398 ^ _1190_/D (sky130_fd_sc_hd__dfrtp_2)
                                              1.021398   data arrival time

                      0.150000    0.000000    0.000000   clock i_clk (rise edge)
                                  0.000000    0.000000   clock network delay (ideal)
                                  0.250000    0.250000   clock uncertainty
                                  0.000000    0.250000   clock reconvergence pessimism
                                              0.250000 ^ _1190_/CLK (sky130_fd_sc_hd__dfrtp_2)
                                 -0.056953    0.193047   library hold time
                                              0.193047   data required time
---------------------------------------------------------------------------------------------
                                              0.193047   data required time
                                             -1.021398   data arrival time
---------------------------------------------------------------------------------------------
                                              0.828351   slack (MET)


Startpoint: _1072_ (rising edge-triggered flip-flop clocked by i_clk)
Endpoint: _1072_ (rising edge-triggered flip-flop clocked by i_clk)
Path Group: i_clk
Path Type: min

Fanout         Cap        Slew       Delay        Time   Description
---------------------------------------------------------------------------------------------
                      0.150000    0.000000    0.000000   clock i_clk (rise edge)
                                  0.000000    0.000000   clock network delay (ideal)
                      0.150000    0.000000    0.000000 ^ _1072_/CLK (sky130_fd_sc_hd__dfrtp_2)
     3    0.011640    0.133258    0.779212    0.779212 ^ _1072_/Q (sky130_fd_sc_hd__dfrtp_2)
                                                         u_i2c_master_controller.cntrl_fsm.cntrl_fsm.i_slave_addr[3] (net)
                      0.133258    0.000000    0.779212 ^ _0843_/A0 (sky130_fd_sc_hd__mux2_1)
     1    0.001853    0.063016    0.237766    1.016978 ^ _0843_/X (sky130_fd_sc_hd__mux2_1)
                                                         _0195_ (net)
                      0.063016    0.000000    1.016978 ^ _1072_/D (sky130_fd_sc_hd__dfrtp_2)
                                              1.016978   data arrival time

                      0.150000    0.000000    0.000000   clock i_clk (rise edge)
                                  0.000000    0.000000   clock network delay (ideal)
                                  0.250000    0.250000   clock uncertainty
                                  0.000000    0.250000   clock reconvergence pessimism
                                              0.250000 ^ _1072_/CLK (sky130_fd_sc_hd__dfrtp_2)
                                 -0.062185    0.187815   library hold time
                                              0.187815   data required time
---------------------------------------------------------------------------------------------
                                              0.187815   data required time
                                             -1.016978   data arrival time
---------------------------------------------------------------------------------------------
                                              0.829163   slack (MET)


Startpoint: _1073_ (rising edge-triggered flip-flop clocked by i_clk)
Endpoint: _1073_ (rising edge-triggered flip-flop clocked by i_clk)
Path Group: i_clk
Path Type: min

Fanout         Cap        Slew       Delay        Time   Description
---------------------------------------------------------------------------------------------
                      0.150000    0.000000    0.000000   clock i_clk (rise edge)
                                  0.000000    0.000000   clock network delay (ideal)
                      0.150000    0.000000    0.000000 ^ _1073_/CLK (sky130_fd_sc_hd__dfrtp_2)
     3    0.011640    0.133258    0.779212    0.779212 ^ _1073_/Q (sky130_fd_sc_hd__dfrtp_2)
                                                         u_i2c_master_controller.cntrl_fsm.cntrl_fsm.i_slave_addr[4] (net)
                      0.133258    0.000000    0.779212 ^ _0844_/A0 (sky130_fd_sc_hd__mux2_1)
     1    0.001853    0.063016    0.237766    1.016978 ^ _0844_/X (sky130_fd_sc_hd__mux2_1)
                                                         _0196_ (net)
                      0.063016    0.000000    1.016978 ^ _1073_/D (sky130_fd_sc_hd__dfrtp_2)
                                              1.016978   data arrival time

                      0.150000    0.000000    0.000000   clock i_clk (rise edge)
                                  0.000000    0.000000   clock network delay (ideal)
                                  0.250000    0.250000   clock uncertainty
                                  0.000000    0.250000   clock reconvergence pessimism
                                              0.250000 ^ _1073_/CLK (sky130_fd_sc_hd__dfrtp_2)
                                 -0.062185    0.187815   library hold time
                                              0.187815   data required time
---------------------------------------------------------------------------------------------
                                              0.187815   data required time
                                             -1.016978   data arrival time
---------------------------------------------------------------------------------------------
                                              0.829163   slack (MET)


Startpoint: _1074_ (rising edge-triggered flip-flop clocked by i_clk)
Endpoint: _1074_ (rising edge-triggered flip-flop clocked by i_clk)
Path Group: i_clk
Path Type: min

Fanout         Cap        Slew       Delay        Time   Description
---------------------------------------------------------------------------------------------
                      0.150000    0.000000    0.000000   clock i_clk (rise edge)
                                  0.000000    0.000000   clock network delay (ideal)
                      0.150000    0.000000    0.000000 ^ _1074_/CLK (sky130_fd_sc_hd__dfrtp_2)
     3    0.011640    0.133258    0.779212    0.779212 ^ _1074_/Q (sky130_fd_sc_hd__dfrtp_2)
                                                         u_i2c_master_controller.cntrl_fsm.cntrl_fsm.i_slave_addr[5] (net)
                      0.133258    0.000000    0.779212 ^ _0845_/A0 (sky130_fd_sc_hd__mux2_1)
     1    0.001853    0.063016    0.237766    1.016978 ^ _0845_/X (sky130_fd_sc_hd__mux2_1)
                                                         _0197_ (net)
                      0.063016    0.000000    1.016978 ^ _1074_/D (sky130_fd_sc_hd__dfrtp_2)
                                              1.016978   data arrival time

                      0.150000    0.000000    0.000000   clock i_clk (rise edge)
                                  0.000000    0.000000   clock network delay (ideal)
                                  0.250000    0.250000   clock uncertainty
                                  0.000000    0.250000   clock reconvergence pessimism
                                              0.250000 ^ _1074_/CLK (sky130_fd_sc_hd__dfrtp_2)
                                 -0.062185    0.187815   library hold time
                                              0.187815   data required time
---------------------------------------------------------------------------------------------
                                              0.187815   data required time
                                             -1.016978   data arrival time
---------------------------------------------------------------------------------------------
                                              0.829163   slack (MET)


Startpoint: _1148_ (rising edge-triggered flip-flop clocked by i_clk)
Endpoint: _1148_ (rising edge-triggered flip-flop clocked by i_clk)
Path Group: i_clk
Path Type: min

Fanout         Cap        Slew       Delay        Time   Description
---------------------------------------------------------------------------------------------
                      0.150000    0.000000    0.000000   clock i_clk (rise edge)
                                  0.000000    0.000000   clock network delay (ideal)
                      0.150000    0.000000    0.000000 ^ _1148_/CLK (sky130_fd_sc_hd__dfrtp_2)
     3    0.009635    0.119816    0.765482    0.765482 ^ _1148_/Q (sky130_fd_sc_hd__dfrtp_2)
                                                         u_i2c_master_controller.i2cbus_cntrl_fsm.start_gen.state[3] (net)
                      0.119816    0.000000    0.765482 ^ _0644_/B1 (sky130_fd_sc_hd__a22o_2)
     1    0.001853    0.055456    0.255809    1.021291 ^ _0644_/X (sky130_fd_sc_hd__a22o_2)
                                                         _0026_ (net)
                      0.055456    0.000000    1.021291 ^ _1148_/D (sky130_fd_sc_hd__dfrtp_2)
                                              1.021291   data arrival time

                      0.150000    0.000000    0.000000   clock i_clk (rise edge)
                                  0.000000    0.000000   clock network delay (ideal)
                                  0.250000    0.250000   clock uncertainty
                                  0.000000    0.250000   clock reconvergence pessimism
                                              0.250000 ^ _1148_/CLK (sky130_fd_sc_hd__dfrtp_2)
                                 -0.060467    0.189533   library hold time
                                              0.189533   data required time
---------------------------------------------------------------------------------------------
                                              0.189533   data required time
                                             -1.021291   data arrival time
---------------------------------------------------------------------------------------------
                                              0.831757   slack (MET)


Startpoint: _1169_ (rising edge-triggered flip-flop clocked by i_clk)
Endpoint: _1169_ (rising edge-triggered flip-flop clocked by i_clk)
Path Group: i_clk
Path Type: min

Fanout         Cap        Slew       Delay        Time   Description
---------------------------------------------------------------------------------------------
                      0.150000    0.000000    0.000000   clock i_clk (rise edge)
                                  0.000000    0.000000   clock network delay (ideal)
                      0.150000    0.000000    0.000000 ^ _1169_/CLK (sky130_fd_sc_hd__dfstp_2)
     2    0.004524    0.046611    0.747818    0.747818 v _1169_/Q (sky130_fd_sc_hd__dfstp_2)
                                                         u_i2c_master_controller.cntrl_fsm.byte_tx_fsm.state[0] (net)
                      0.046611    0.000000    0.747818 v _0683_/A2 (sky130_fd_sc_hd__a21o_2)
     1    0.002189    0.053063    0.355997    1.103815 v _0683_/X (sky130_fd_sc_hd__a21o_2)
                                                         _0005_ (net)
                      0.053063    0.000000    1.103815 v _1169_/D (sky130_fd_sc_hd__dfstp_2)
                                              1.103815   data arrival time

                      0.150000    0.000000    0.000000   clock i_clk (rise edge)
                                  0.000000    0.000000   clock network delay (ideal)
                                  0.250000    0.250000   clock uncertainty
                                  0.000000    0.250000   clock reconvergence pessimism
                                              0.250000 ^ _1169_/CLK (sky130_fd_sc_hd__dfstp_2)
                                  0.021229    0.271229   library hold time
                                              0.271229   data required time
---------------------------------------------------------------------------------------------
                                              0.271229   data required time
                                             -1.103815   data arrival time
---------------------------------------------------------------------------------------------
                                              0.832586   slack (MET)


Startpoint: _1154_ (rising edge-triggered flip-flop clocked by i_clk)
Endpoint: _1154_ (rising edge-triggered flip-flop clocked by i_clk)
Path Group: i_clk
Path Type: min

Fanout         Cap        Slew       Delay        Time   Description
---------------------------------------------------------------------------------------------
                      0.150000    0.000000    0.000000   clock i_clk (rise edge)
                                  0.000000    0.000000   clock network delay (ideal)
                      0.150000    0.000000    0.000000 ^ _1154_/CLK (sky130_fd_sc_hd__dfrtp_2)
     2    0.004994    0.088212    0.731939    0.731939 ^ _1154_/Q (sky130_fd_sc_hd__dfrtp_2)
                                                         u_i2c_master_controller.i2cbus_cntrl_fsm.scl_gen.state[2] (net)
                      0.088212    0.000000    0.731939 ^ _0650_/B1 (sky130_fd_sc_hd__a22o_2)
     2    0.006371    0.089469    0.283674    1.015613 ^ _0650_/X (sky130_fd_sc_hd__a22o_2)
                                                         _0022_ (net)
                      0.089469    0.000000    1.015613 ^ _1154_/D (sky130_fd_sc_hd__dfrtp_2)
                                              1.015613   data arrival time

                      0.150000    0.000000    0.000000   clock i_clk (rise edge)
                                  0.000000    0.000000   clock network delay (ideal)
                                  0.250000    0.250000   clock uncertainty
                                  0.000000    0.250000   clock reconvergence pessimism
                                              0.250000 ^ _1154_/CLK (sky130_fd_sc_hd__dfrtp_2)
                                 -0.068195    0.181805   library hold time
                                              0.181805   data required time
---------------------------------------------------------------------------------------------
                                              0.181805   data required time
                                             -1.015613   data arrival time
---------------------------------------------------------------------------------------------
                                              0.833808   slack (MET)


Startpoint: _1165_ (rising edge-triggered flip-flop clocked by i_clk)
Endpoint: _1159_ (rising edge-triggered flip-flop clocked by i_clk)
Path Group: i_clk
Path Type: min

Fanout         Cap        Slew       Delay        Time   Description
---------------------------------------------------------------------------------------------
                      0.150000    0.000000    0.000000   clock i_clk (rise edge)
                                  0.000000    0.000000   clock network delay (ideal)
                      0.150000    0.000000    0.000000 ^ _1165_/CLK (sky130_fd_sc_hd__dfrtp_2)
     3    0.006696    0.100114    0.745356    0.745356 ^ _1165_/Q (sky130_fd_sc_hd__dfrtp_2)
                                                         u_i2c_master_controller.cntrl_fsm.cntrl_fsm.state[6] (net)
                      0.100114    0.000000    0.745356 ^ _0681_/A2 (sky130_fd_sc_hd__a22o_2)
     1    0.002386    0.059476    0.289817    1.035172 ^ _0681_/X (sky130_fd_sc_hd__a22o_2)
                                                         _0007_ (net)
                      0.059476    0.000000    1.035172 ^ _1159_/D (sky130_fd_sc_hd__dfstp_2)
                                              1.035172   data arrival time

                      0.150000    0.000000    0.000000   clock i_clk (rise edge)
                                  0.000000    0.000000   clock network delay (ideal)
                                  0.250000    0.250000   clock uncertainty
                                  0.000000    0.250000   clock reconvergence pessimism
                                              0.250000 ^ _1159_/CLK (sky130_fd_sc_hd__dfstp_2)
                                 -0.049030    0.200970   library hold time
                                              0.200970   data required time
---------------------------------------------------------------------------------------------
                                              0.200970   data required time
                                             -1.035172   data arrival time
---------------------------------------------------------------------------------------------
                                              0.834203   slack (MET)


Startpoint: _1137_ (rising edge-triggered flip-flop clocked by i_clk)
Endpoint: _1137_ (rising edge-triggered flip-flop clocked by i_clk)
Path Group: i_clk
Path Type: min

Fanout         Cap        Slew       Delay        Time   Description
---------------------------------------------------------------------------------------------
                      0.150000    0.000000    0.000000   clock i_clk (rise edge)
                                  0.000000    0.000000   clock network delay (ideal)
                      0.150000    0.000000    0.000000 ^ _1137_/CLK (sky130_fd_sc_hd__dfrtp_2)
     7    0.028201    0.245673    0.878208    0.878208 ^ _1137_/Q (sky130_fd_sc_hd__dfrtp_2)
                                                         u_i2c_master_controller.i2cbus_cntrl_fsm.scl_gen.count[6] (net)
                      0.245673    0.000000    0.878208 ^ _0590_/A1 (sky130_fd_sc_hd__a21oi_2)
     1    0.001838    0.029698    0.151909    1.030117 v _0590_/Y (sky130_fd_sc_hd__a21oi_2)
                                                         _0260_ (net)
                      0.029698    0.000000    1.030117 v _1137_/D (sky130_fd_sc_hd__dfrtp_2)
                                              1.030117   data arrival time

                      0.150000    0.000000    0.000000   clock i_clk (rise edge)
                                  0.000000    0.000000   clock network delay (ideal)
                                  0.250000    0.250000   clock uncertainty
                                  0.000000    0.250000   clock reconvergence pessimism
                                              0.250000 ^ _1137_/CLK (sky130_fd_sc_hd__dfrtp_2)
                                 -0.055495    0.194505   library hold time
                                              0.194505   data required time
---------------------------------------------------------------------------------------------
                                              0.194505   data required time
                                             -1.030117   data arrival time
---------------------------------------------------------------------------------------------
                                              0.835612   slack (MET)


Startpoint: _1136_ (rising edge-triggered flip-flop clocked by i_clk)
Endpoint: _1136_ (rising edge-triggered flip-flop clocked by i_clk)
Path Group: i_clk
Path Type: min

Fanout         Cap        Slew       Delay        Time   Description
---------------------------------------------------------------------------------------------
                      0.150000    0.000000    0.000000   clock i_clk (rise edge)
                                  0.000000    0.000000   clock network delay (ideal)
                      0.150000    0.000000    0.000000 ^ _1136_/CLK (sky130_fd_sc_hd__dfrtp_2)
     3    0.011112    0.129718    0.775596    0.775596 ^ _1136_/Q (sky130_fd_sc_hd__dfrtp_2)
                                                         u_i2c_master_controller.i2cbus_cntrl_fsm.scl_gen.count[5] (net)
                      0.129718    0.000000    0.775596 ^ _0591_/A1 (sky130_fd_sc_hd__o21ai_2)
     1    0.004181    0.058551    0.141442    0.917038 v _0591_/Y (sky130_fd_sc_hd__o21ai_2)
                                                         _0329_ (net)
                      0.058551    0.000000    0.917038 v _0592_/B (sky130_fd_sc_hd__nor2_2)
     1    0.001853    0.086301    0.102463    1.019501 ^ _0592_/Y (sky130_fd_sc_hd__nor2_2)
                                                         _0259_ (net)
                      0.086301    0.000000    1.019501 ^ _1136_/D (sky130_fd_sc_hd__dfrtp_2)
                                              1.019501   data arrival time

                      0.150000    0.000000    0.000000   clock i_clk (rise edge)
                                  0.000000    0.000000   clock network delay (ideal)
                                  0.250000    0.250000   clock uncertainty
                                  0.000000    0.250000   clock reconvergence pessimism
                                              0.250000 ^ _1136_/CLK (sky130_fd_sc_hd__dfrtp_2)
                                 -0.067475    0.182525   library hold time
                                              0.182525   data required time
---------------------------------------------------------------------------------------------
                                              0.182525   data required time
                                             -1.019501   data arrival time
---------------------------------------------------------------------------------------------
                                              0.836977   slack (MET)


Startpoint: _1119_ (rising edge-triggered flip-flop clocked by i_clk)
Endpoint: _1119_ (rising edge-triggered flip-flop clocked by i_clk)
Path Group: i_clk
Path Type: min

Fanout         Cap        Slew       Delay        Time   Description
---------------------------------------------------------------------------------------------
                      0.150000    0.000000    0.000000   clock i_clk (rise edge)
                                  0.000000    0.000000   clock network delay (ideal)
                      0.150000    0.000000    0.000000 ^ _1119_/CLK (sky130_fd_sc_hd__dfrtp_2)
     5    0.017874    0.175049    0.821901    0.821901 ^ _1119_/Q (sky130_fd_sc_hd__dfrtp_2)
                                                         u_i2c_master_controller.cntrl_fsm.byte_rx_fsm.i_transaction_complete (net)
                      0.175049    0.000000    0.821901 ^ _0929_/B1 (sky130_fd_sc_hd__a21oi_2)
     1    0.004181    0.058217    0.096792    0.918693 v _0929_/Y (sky130_fd_sc_hd__a21oi_2)
                                                         _0509_ (net)
                      0.058217    0.000000    0.918693 v _0930_/B (sky130_fd_sc_hd__nor2_2)
     1    0.001853    0.086305    0.102347    1.021040 ^ _0930_/Y (sky130_fd_sc_hd__nor2_2)
                                                         _0242_ (net)
                      0.086305    0.000000    1.021040 ^ _1119_/D (sky130_fd_sc_hd__dfrtp_2)
                                              1.021040   data arrival time

                      0.150000    0.000000    0.000000   clock i_clk (rise edge)
                                  0.000000    0.000000   clock network delay (ideal)
                                  0.250000    0.250000   clock uncertainty
                                  0.000000    0.250000   clock reconvergence pessimism
                                              0.250000 ^ _1119_/CLK (sky130_fd_sc_hd__dfrtp_2)
                                 -0.067476    0.182524   library hold time
                                              0.182524   data required time
---------------------------------------------------------------------------------------------
                                              0.182524   data required time
                                             -1.021040   data arrival time
---------------------------------------------------------------------------------------------
                                              0.838517   slack (MET)


Startpoint: _1188_ (rising edge-triggered flip-flop clocked by i_clk)
Endpoint: _1170_ (rising edge-triggered flip-flop clocked by i_clk)
Path Group: i_clk
Path Type: min

Fanout         Cap        Slew       Delay        Time   Description
---------------------------------------------------------------------------------------------
                      0.150000    0.000000    0.000000   clock i_clk (rise edge)
                                  0.000000    0.000000   clock network delay (ideal)
                      0.150000    0.000000    0.000000 ^ _1188_/CLK (sky130_fd_sc_hd__dfrtp_2)
     3    0.009589    0.119508    0.765167    0.765167 ^ _1188_/Q (sky130_fd_sc_hd__dfrtp_2)
                                                         u_i2c_master_controller.cntrl_fsm.byte_tx_fsm.i_tx_en (net)
                      0.119508    0.000000    0.765167 ^ _0682_/B2 (sky130_fd_sc_hd__a22o_2)
     1    0.001853    0.055413    0.263097    1.028264 ^ _0682_/X (sky130_fd_sc_hd__a22o_2)
                                                         _0006_ (net)
                      0.055413    0.000000    1.028264 ^ _1170_/D (sky130_fd_sc_hd__dfrtp_2)
                                              1.028264   data arrival time

                      0.150000    0.000000    0.000000   clock i_clk (rise edge)
                                  0.000000    0.000000   clock network delay (ideal)
                                  0.250000    0.250000   clock uncertainty
                                  0.000000    0.250000   clock reconvergence pessimism
                                              0.250000 ^ _1170_/CLK (sky130_fd_sc_hd__dfrtp_2)
                                 -0.060457    0.189543   library hold time
                                              0.189543   data required time
---------------------------------------------------------------------------------------------
                                              0.189543   data required time
                                             -1.028264   data arrival time
---------------------------------------------------------------------------------------------
                                              0.838721   slack (MET)


Startpoint: _1153_ (rising edge-triggered flip-flop clocked by i_clk)
Endpoint: _1155_ (rising edge-triggered flip-flop clocked by i_clk)
Path Group: i_clk
Path Type: min

Fanout         Cap        Slew       Delay        Time   Description
---------------------------------------------------------------------------------------------
                      0.150000    0.000000    0.000000   clock i_clk (rise edge)
                                  0.000000    0.000000   clock network delay (ideal)
                      0.150000    0.000000    0.000000 ^ _1153_/CLK (sky130_fd_sc_hd__dfrtp_2)
     3    0.006848    0.101133    0.746397    0.746397 ^ _1153_/Q (sky130_fd_sc_hd__dfrtp_2)
                                                         u_i2c_master_controller.i2cbus_cntrl_fsm.scl_gen.state[1] (net)
                      0.101133    0.000000    0.746397 ^ _0649_/B2 (sky130_fd_sc_hd__a2bb2o_2)
     1    0.001853    0.049777    0.283791    1.030188 ^ _0649_/X (sky130_fd_sc_hd__a2bb2o_2)
                                                         _0023_ (net)
                      0.049777    0.000000    1.030188 ^ _1155_/D (sky130_fd_sc_hd__dfrtp_2)
                                              1.030188   data arrival time

                      0.150000    0.000000    0.000000   clock i_clk (rise edge)
                                  0.000000    0.000000   clock network delay (ideal)
                                  0.250000    0.250000   clock uncertainty
                                  0.000000    0.250000   clock reconvergence pessimism
                                              0.250000 ^ _1155_/CLK (sky130_fd_sc_hd__dfrtp_2)
                                 -0.059176    0.190824   library hold time
                                              0.190824   data required time
---------------------------------------------------------------------------------------------
                                              0.190824   data required time
                                             -1.030188   data arrival time
---------------------------------------------------------------------------------------------
                                              0.839364   slack (MET)


Startpoint: _1215_ (rising edge-triggered flip-flop clocked by i_clk)
Endpoint: _1215_ (rising edge-triggered flip-flop clocked by i_clk)
Path Group: i_clk
Path Type: min

Fanout         Cap        Slew       Delay        Time   Description
---------------------------------------------------------------------------------------------
                      0.150000    0.000000    0.000000   clock i_clk (rise edge)
                                  0.000000    0.000000   clock network delay (ideal)
                      0.150000    0.000000    0.000000 ^ _1215_/CLK (sky130_fd_sc_hd__dfrtp_2)
     5    0.012561    0.139432    0.785519    0.785519 ^ _1215_/Q (sky130_fd_sc_hd__dfrtp_2)
                                                         u_i2c_master_controller.i2cbus_cntrl_fsm.start_gen.delay_gen.count[2] (net)
                      0.139432    0.000000    0.785519 ^ _0558_/A (sky130_fd_sc_hd__inv_2)
     1    0.004334    0.040902    0.082921    0.868439 v _0558_/Y (sky130_fd_sc_hd__inv_2)
                                                         _0305_ (net)
                      0.040902    0.000000    0.868439 v _0749_/A1 (sky130_fd_sc_hd__a21oi_2)
     1    0.001853    0.096385    0.151490    1.019929 ^ _0749_/Y (sky130_fd_sc_hd__a21oi_2)
                                                         _0062_ (net)
                      0.096385    0.000000    1.019929 ^ _1215_/D (sky130_fd_sc_hd__dfrtp_2)
                                              1.019929   data arrival time

                      0.150000    0.000000    0.000000   clock i_clk (rise edge)
                                  0.000000    0.000000   clock network delay (ideal)
                                  0.250000    0.250000   clock uncertainty
                                  0.000000    0.250000   clock reconvergence pessimism
                                              0.250000 ^ _1215_/CLK (sky130_fd_sc_hd__dfrtp_2)
                                 -0.069767    0.180233   library hold time
                                              0.180233   data required time
---------------------------------------------------------------------------------------------
                                              0.180233   data required time
                                             -1.019929   data arrival time
---------------------------------------------------------------------------------------------
                                              0.839696   slack (MET)


Startpoint: _1237_ (rising edge-triggered flip-flop clocked by i_clk)
Endpoint: _1237_ (rising edge-triggered flip-flop clocked by i_clk)
Path Group: i_clk
Path Type: min

Fanout         Cap        Slew       Delay        Time   Description
---------------------------------------------------------------------------------------------
                      0.150000    0.000000    0.000000   clock i_clk (rise edge)
                                  0.000000    0.000000   clock network delay (ideal)
                      0.150000    0.000000    0.000000 ^ _1237_/CLK (sky130_fd_sc_hd__dfrtp_2)
     5    0.012561    0.139432    0.785519    0.785519 ^ _1237_/Q (sky130_fd_sc_hd__dfrtp_2)
                                                         u_i2c_master_controller.i2cbus_cntrl_fsm.stop_gen.delay_gen.count[2] (net)
                      0.139432    0.000000    0.785519 ^ _0563_/A (sky130_fd_sc_hd__inv_2)
     1    0.004334    0.040902    0.082921    0.868439 v _0563_/Y (sky130_fd_sc_hd__inv_2)
                                                         _0310_ (net)
                      0.040902    0.000000    0.868439 v _0793_/A1 (sky130_fd_sc_hd__a21oi_2)
     1    0.001853    0.096385    0.151490    1.019929 ^ _0793_/Y (sky130_fd_sc_hd__a21oi_2)
                                                         _0081_ (net)
                      0.096385    0.000000    1.019929 ^ _1237_/D (sky130_fd_sc_hd__dfrtp_2)
                                              1.019929   data arrival time

                      0.150000    0.000000    0.000000   clock i_clk (rise edge)
                                  0.000000    0.000000   clock network delay (ideal)
                                  0.250000    0.250000   clock uncertainty
                                  0.000000    0.250000   clock reconvergence pessimism
                                              0.250000 ^ _1237_/CLK (sky130_fd_sc_hd__dfrtp_2)
                                 -0.069767    0.180233   library hold time
                                              0.180233   data required time
---------------------------------------------------------------------------------------------
                                              0.180233   data required time
                                             -1.019929   data arrival time
---------------------------------------------------------------------------------------------
                                              0.839696   slack (MET)


Startpoint: _1164_ (rising edge-triggered flip-flop clocked by i_clk)
Endpoint: _1162_ (rising edge-triggered flip-flop clocked by i_clk)
Path Group: i_clk
Path Type: min

Fanout         Cap        Slew       Delay        Time   Description
---------------------------------------------------------------------------------------------
                      0.150000    0.000000    0.000000   clock i_clk (rise edge)
                                  0.000000    0.000000   clock network delay (ideal)
                      0.150000    0.000000    0.000000 ^ _1164_/CLK (sky130_fd_sc_hd__dfrtp_2)
     3    0.008342    0.111148    0.756627    0.756627 ^ _1164_/Q (sky130_fd_sc_hd__dfrtp_2)
                                                         u_i2c_master_controller.cntrl_fsm.cntrl_fsm.state[5] (net)
                      0.111148    0.000000    0.756627 ^ _0675_/B1 (sky130_fd_sc_hd__a221o_2)
     1    0.001853    0.048592    0.274750    1.031377 ^ _0675_/X (sky130_fd_sc_hd__a221o_2)
                                                         _0010_ (net)
                      0.048592    0.000000    1.031377 ^ _1162_/D (sky130_fd_sc_hd__dfrtp_2)
                                              1.031377   data arrival time

                      0.150000    0.000000    0.000000   clock i_clk (rise edge)
                                  0.000000    0.000000   clock network delay (ideal)
                                  0.250000    0.250000   clock uncertainty
                                  0.000000    0.250000   clock reconvergence pessimism
                                              0.250000 ^ _1162_/CLK (sky130_fd_sc_hd__dfrtp_2)
                                 -0.058907    0.191093   library hold time
                                              0.191093   data required time
---------------------------------------------------------------------------------------------
                                              0.191093   data required time
                                             -1.031377   data arrival time
---------------------------------------------------------------------------------------------
                                              0.840284   slack (MET)


Startpoint: _1163_ (rising edge-triggered flip-flop clocked by i_clk)
Endpoint: _1163_ (rising edge-triggered flip-flop clocked by i_clk)
Path Group: i_clk
Path Type: min

Fanout         Cap        Slew       Delay        Time   Description
---------------------------------------------------------------------------------------------
                      0.150000    0.000000    0.000000   clock i_clk (rise edge)
                                  0.000000    0.000000   clock network delay (ideal)
                      0.150000    0.000000    0.000000 ^ _1163_/CLK (sky130_fd_sc_hd__dfrtp_2)
     5    0.013478    0.145579    0.791798    0.791798 ^ _1163_/Q (sky130_fd_sc_hd__dfrtp_2)
                                                         u_i2c_master_controller.cntrl_fsm.cntrl_fsm.state[4] (net)
                      0.145579    0.000000    0.791798 ^ _0673_/A1 (sky130_fd_sc_hd__a21o_2)
     1    0.001853    0.039795    0.243869    1.035667 ^ _0673_/X (sky130_fd_sc_hd__a21o_2)
                                                         _0011_ (net)
                      0.039795    0.000000    1.035667 ^ _1163_/D (sky130_fd_sc_hd__dfrtp_2)
                                              1.035667   data arrival time

                      0.150000    0.000000    0.000000   clock i_clk (rise edge)
                                  0.000000    0.000000   clock network delay (ideal)
                                  0.250000    0.250000   clock uncertainty
                                  0.000000    0.250000   clock reconvergence pessimism
                                              0.250000 ^ _1163_/CLK (sky130_fd_sc_hd__dfrtp_2)
                                 -0.056908    0.193092   library hold time
                                              0.193092   data required time
---------------------------------------------------------------------------------------------
                                              0.193092   data required time
                                             -1.035667   data arrival time
---------------------------------------------------------------------------------------------
                                              0.842576   slack (MET)


Startpoint: _1168_ (rising edge-triggered flip-flop clocked by i_clk)
Endpoint: _1191_ (rising edge-triggered flip-flop clocked by i_clk)
Path Group: i_clk
Path Type: min

Fanout         Cap        Slew       Delay        Time   Description
---------------------------------------------------------------------------------------------
                      0.150000    0.000000    0.000000   clock i_clk (rise edge)
                                  0.000000    0.000000   clock network delay (ideal)
                      0.150000    0.000000    0.000000 ^ _1168_/CLK (sky130_fd_sc_hd__dfrtp_2)
     2    0.003865    0.079654    0.720666    0.720666 ^ _1168_/Q (sky130_fd_sc_hd__dfrtp_2)
                                                         u_i2c_master_controller.cntrl_fsm.cntrl_fsm.state[9] (net)
                      0.079654    0.000000    0.720666 ^ _0658_/A (sky130_fd_sc_hd__and2_2)
     3    0.008973    0.114326    0.298775    1.019441 ^ _0658_/X (sky130_fd_sc_hd__and2_2)
                                                         _0037_ (net)
                      0.114326    0.000000    1.019441 ^ _1191_/D (sky130_fd_sc_hd__dfrtp_2)
                                              1.019441   data arrival time

                      0.150000    0.000000    0.000000   clock i_clk (rise edge)
                                  0.000000    0.000000   clock network delay (ideal)
                                  0.250000    0.250000   clock uncertainty
                                  0.000000    0.250000   clock reconvergence pessimism
                                              0.250000 ^ _1191_/CLK (sky130_fd_sc_hd__dfrtp_2)
                                 -0.073843    0.176157   library hold time
                                              0.176157   data required time
---------------------------------------------------------------------------------------------
                                              0.176157   data required time
                                             -1.019441   data arrival time
---------------------------------------------------------------------------------------------
                                              0.843284   slack (MET)


Startpoint: _1128_ (rising edge-triggered flip-flop clocked by i_clk)
Endpoint: _1140_ (rising edge-triggered flip-flop clocked by i_clk)
Path Group: i_clk
Path Type: min

Fanout         Cap        Slew       Delay        Time   Description
---------------------------------------------------------------------------------------------
                      0.150000    0.000000    0.000000   clock i_clk (rise edge)
                                  0.000000    0.000000   clock network delay (ideal)
                      0.150000    0.000000    0.000000 ^ _1128_/CLK (sky130_fd_sc_hd__dfrtp_2)
     6    0.019485    0.185988    0.831495    0.831495 ^ _1128_/Q (sky130_fd_sc_hd__dfrtp_2)
                                                         u_i2c_master_controller.cntrl_fsm.cntrl_fsm.o_enable_scl (net)
                      0.185988    0.000000    0.831495 ^ _0577_/B1 (sky130_fd_sc_hd__a31o_2)
     1    0.001853    0.049210    0.207435    1.038930 ^ _0577_/X (sky130_fd_sc_hd__a31o_2)
                                                         _0263_ (net)
                      0.049210    0.000000    1.038930 ^ _1140_/D (sky130_fd_sc_hd__dfrtp_2)
                                              1.038930   data arrival time

                      0.150000    0.000000    0.000000   clock i_clk (rise edge)
                                  0.000000    0.000000   clock network delay (ideal)
                                  0.250000    0.250000   clock uncertainty
                                  0.000000    0.250000   clock reconvergence pessimism
                                              0.250000 ^ _1140_/CLK (sky130_fd_sc_hd__dfrtp_2)
                                 -0.059048    0.190952   library hold time
                                              0.190952   data required time
---------------------------------------------------------------------------------------------
                                              0.190952   data required time
                                             -1.038930   data arrival time
---------------------------------------------------------------------------------------------
                                              0.847978   slack (MET)


Startpoint: _1081_ (rising edge-triggered flip-flop clocked by i_clk)
Endpoint: _1081_ (rising edge-triggered flip-flop clocked by i_clk)
Path Group: i_clk
Path Type: min

Fanout         Cap        Slew       Delay        Time   Description
---------------------------------------------------------------------------------------------
                      0.150000    0.000000    0.000000   clock i_clk (rise edge)
                                  0.000000    0.000000   clock network delay (ideal)
                      0.150000    0.000000    0.000000 ^ _1081_/CLK (sky130_fd_sc_hd__dfrtp_2)
     6    0.014045    0.149380    0.795681    0.795681 ^ _1081_/Q (sky130_fd_sc_hd__dfrtp_2)
                                                         u_i2c_master_controller.cntrl_fsm.cntrl_fsm.i_rw_mode (net)
                      0.149380    0.000000    0.795681 ^ _0853_/A0 (sky130_fd_sc_hd__mux2_1)
     1    0.001853    0.063016    0.244601    1.040282 ^ _0853_/X (sky130_fd_sc_hd__mux2_1)
                                                         _0204_ (net)
                      0.063016    0.000000    1.040282 ^ _1081_/D (sky130_fd_sc_hd__dfrtp_2)
                                              1.040282   data arrival time

                      0.150000    0.000000    0.000000   clock i_clk (rise edge)
                                  0.000000    0.000000   clock network delay (ideal)
                                  0.250000    0.250000   clock uncertainty
                                  0.000000    0.250000   clock reconvergence pessimism
                                              0.250000 ^ _1081_/CLK (sky130_fd_sc_hd__dfrtp_2)
                                 -0.062185    0.187815   library hold time
                                              0.187815   data required time
---------------------------------------------------------------------------------------------
                                              0.187815   data required time
                                             -1.040282   data arrival time
---------------------------------------------------------------------------------------------
                                              0.852467   slack (MET)


Startpoint: _1167_ (rising edge-triggered flip-flop clocked by i_clk)
Endpoint: _1188_ (rising edge-triggered flip-flop clocked by i_clk)
Path Group: i_clk
Path Type: min

Fanout         Cap        Slew       Delay        Time   Description
---------------------------------------------------------------------------------------------
                      0.150000    0.000000    0.000000   clock i_clk (rise edge)
                                  0.000000    0.000000   clock network delay (ideal)
                      0.150000    0.000000    0.000000 ^ _1167_/CLK (sky130_fd_sc_hd__dfrtp_2)
     5    0.012761    0.140772    0.786888    0.786888 ^ _1167_/Q (sky130_fd_sc_hd__dfrtp_2)
                                                         u_i2c_master_controller.cntrl_fsm.cntrl_fsm.state[8] (net)
                      0.140772    0.000000    0.786888 ^ _0739_/S (sky130_fd_sc_hd__mux2_1)
     1    0.001853    0.062914    0.258036    1.044924 ^ _0739_/X (sky130_fd_sc_hd__mux2_1)
                                                         _0040_ (net)
                      0.062914    0.000000    1.044924 ^ _1188_/D (sky130_fd_sc_hd__dfrtp_2)
                                              1.044924   data arrival time

                      0.150000    0.000000    0.000000   clock i_clk (rise edge)
                                  0.000000    0.000000   clock network delay (ideal)
                                  0.250000    0.250000   clock uncertainty
                                  0.000000    0.250000   clock reconvergence pessimism
                                              0.250000 ^ _1188_/CLK (sky130_fd_sc_hd__dfrtp_2)
                                 -0.062161    0.187839   library hold time
                                              0.187839   data required time
---------------------------------------------------------------------------------------------
                                              0.187839   data required time
                                             -1.044924   data arrival time
---------------------------------------------------------------------------------------------
                                              0.857086   slack (MET)


Startpoint: _1106_ (rising edge-triggered flip-flop clocked by i_clk)
Endpoint: _1180_ (rising edge-triggered flip-flop clocked by i_clk)
Path Group: i_clk
Path Type: min

Fanout         Cap        Slew       Delay        Time   Description
---------------------------------------------------------------------------------------------
                      0.150000    0.000000    0.000000   clock i_clk (rise edge)
                                  0.000000    0.000000   clock network delay (ideal)
                      0.150000    0.000000    0.000000 ^ _1106_/CLK (sky130_fd_sc_hd__dfrtp_2)
     4    0.009844    0.121217    0.766913    0.766913 ^ _1106_/Q (sky130_fd_sc_hd__dfrtp_2)
                                                         u_i2c_master_controller.cntrl_fsm.byte_tx_err (net)
                      0.121217    0.000000    0.766913 ^ _0618_/A (sky130_fd_sc_hd__and2_2)
     2    0.003457    0.073627    0.275868    1.042781 ^ _0618_/X (sky130_fd_sc_hd__and2_2)
                                                         u_i2c_master_controller.cntrl_fsm.rx_err (net)
                      0.073627    0.000000    1.042781 ^ _1180_/D (sky130_fd_sc_hd__dfrtp_2)
                                              1.042781   data arrival time

                      0.150000    0.000000    0.000000   clock i_clk (rise edge)
                                  0.000000    0.000000   clock network delay (ideal)
                                  0.250000    0.250000   clock uncertainty
                                  0.000000    0.250000   clock reconvergence pessimism
                                              0.250000 ^ _1180_/CLK (sky130_fd_sc_hd__dfrtp_2)
                                 -0.064596    0.185404   library hold time
                                              0.185404   data required time
---------------------------------------------------------------------------------------------
                                              0.185404   data required time
                                             -1.042781   data arrival time
---------------------------------------------------------------------------------------------
                                              0.857377   slack (MET)


Startpoint: _1106_ (rising edge-triggered flip-flop clocked by i_clk)
Endpoint: _1177_ (rising edge-triggered flip-flop clocked by i_clk)
Path Group: i_clk
Path Type: min

Fanout         Cap        Slew       Delay        Time   Description
---------------------------------------------------------------------------------------------
                      0.150000    0.000000    0.000000   clock i_clk (rise edge)
                                  0.000000    0.000000   clock network delay (ideal)
                      0.150000    0.000000    0.000000 ^ _1106_/CLK (sky130_fd_sc_hd__dfrtp_2)
     4    0.009844    0.121217    0.766913    0.766913 ^ _1106_/Q (sky130_fd_sc_hd__dfrtp_2)
                                                         u_i2c_master_controller.cntrl_fsm.byte_tx_err (net)
                      0.121217    0.000000    0.766913 ^ _0617_/A (sky130_fd_sc_hd__and2_2)
     2    0.003457    0.073657    0.275868    1.042781 ^ _0617_/X (sky130_fd_sc_hd__and2_2)
                                                         u_i2c_master_controller.cntrl_fsm.tx_err (net)
                      0.073657    0.000000    1.042781 ^ _1177_/D (sky130_fd_sc_hd__dfrtp_2)
                                              1.042781   data arrival time

                      0.150000    0.000000    0.000000   clock i_clk (rise edge)
                                  0.000000    0.000000   clock network delay (ideal)
                                  0.250000    0.250000   clock uncertainty
                                  0.000000    0.250000   clock reconvergence pessimism
                                              0.250000 ^ _1177_/CLK (sky130_fd_sc_hd__dfrtp_2)
                                 -0.064602    0.185398   library hold time
                                              0.185398   data required time
---------------------------------------------------------------------------------------------
                                              0.185398   data required time
                                             -1.042781   data arrival time
---------------------------------------------------------------------------------------------
                                              0.857383   slack (MET)


Startpoint: _1167_ (rising edge-triggered flip-flop clocked by i_clk)
Endpoint: _1161_ (rising edge-triggered flip-flop clocked by i_clk)
Path Group: i_clk
Path Type: min

Fanout         Cap        Slew       Delay        Time   Description
---------------------------------------------------------------------------------------------
                      0.150000    0.000000    0.000000   clock i_clk (rise edge)
                                  0.000000    0.000000   clock network delay (ideal)
                      0.150000    0.000000    0.000000 ^ _1167_/CLK (sky130_fd_sc_hd__dfrtp_2)
     5    0.012761    0.140772    0.786888    0.786888 ^ _1167_/Q (sky130_fd_sc_hd__dfrtp_2)
                                                         u_i2c_master_controller.cntrl_fsm.cntrl_fsm.state[8] (net)
                      0.140772    0.000000    0.786888 ^ _0676_/B1 (sky130_fd_sc_hd__a22o_2)
     1    0.001853    0.055163    0.264715    1.051604 ^ _0676_/X (sky130_fd_sc_hd__a22o_2)
                                                         _0009_ (net)
                      0.055163    0.000000    1.051604 ^ _1161_/D (sky130_fd_sc_hd__dfrtp_2)
                                              1.051604   data arrival time

                      0.150000    0.000000    0.000000   clock i_clk (rise edge)
                                  0.000000    0.000000   clock network delay (ideal)
                                  0.250000    0.250000   clock uncertainty
                                  0.000000    0.250000   clock reconvergence pessimism
                                              0.250000 ^ _1161_/CLK (sky130_fd_sc_hd__dfrtp_2)
                                 -0.060400    0.189600   library hold time
                                              0.189600   data required time
---------------------------------------------------------------------------------------------
                                              0.189600   data required time
                                             -1.051604   data arrival time
---------------------------------------------------------------------------------------------
                                              0.862004   slack (MET)


Startpoint: _1166_ (rising edge-triggered flip-flop clocked by i_clk)
Endpoint: _1166_ (rising edge-triggered flip-flop clocked by i_clk)
Path Group: i_clk
Path Type: min

Fanout         Cap        Slew       Delay        Time   Description
---------------------------------------------------------------------------------------------
                      0.150000    0.000000    0.000000   clock i_clk (rise edge)
                                  0.000000    0.000000   clock network delay (ideal)
                      0.150000    0.000000    0.000000 ^ _1166_/CLK (sky130_fd_sc_hd__dfrtp_2)
     4    0.009792    0.120869    0.766557    0.766557 ^ _1166_/Q (sky130_fd_sc_hd__dfrtp_2)
                                                         u_i2c_master_controller.cntrl_fsm.cntrl_fsm.state[7] (net)
                      0.120869    0.000000    0.766557 ^ _0667_/A1 (sky130_fd_sc_hd__a22o_2)
     1    0.001853    0.055392    0.285562    1.052119 ^ _0667_/X (sky130_fd_sc_hd__a22o_2)
                                                         _0014_ (net)
                      0.055392    0.000000    1.052119 ^ _1166_/D (sky130_fd_sc_hd__dfrtp_2)
                                              1.052119   data arrival time

                      0.150000    0.000000    0.000000   clock i_clk (rise edge)
                                  0.000000    0.000000   clock network delay (ideal)
                                  0.250000    0.250000   clock uncertainty
                                  0.000000    0.250000   clock reconvergence pessimism
                                              0.250000 ^ _1166_/CLK (sky130_fd_sc_hd__dfrtp_2)
                                 -0.060452    0.189548   library hold time
                                              0.189548   data required time
---------------------------------------------------------------------------------------------
                                              0.189548   data required time
                                             -1.052119   data arrival time
---------------------------------------------------------------------------------------------
                                              0.862572   slack (MET)


Startpoint: _1080_ (rising edge-triggered flip-flop clocked by i_clk)
Endpoint: _1080_ (rising edge-triggered flip-flop clocked by i_clk)
Path Group: i_clk
Path Type: min

Fanout         Cap        Slew       Delay        Time   Description
---------------------------------------------------------------------------------------------
                      0.150000    0.000000    0.000000   clock i_clk (rise edge)
                                  0.000000    0.000000   clock network delay (ideal)
                      0.150000    0.000000    0.000000 ^ _1080_/CLK (sky130_fd_sc_hd__dfrtp_2)
     5    0.015155    0.156821    0.803282    0.803282 ^ _1080_/Q (sky130_fd_sc_hd__dfrtp_2)
                                                         u_i2c_master_controller.cntrl_fsm.adr_mode (net)
                      0.156821    0.000000    0.803282 ^ _0852_/A0 (sky130_fd_sc_hd__mux2_1)
     1    0.001853    0.063016    0.247756    1.051038 ^ _0852_/X (sky130_fd_sc_hd__mux2_1)
                                                         _0203_ (net)
                      0.063016    0.000000    1.051038 ^ _1080_/D (sky130_fd_sc_hd__dfrtp_2)
                                              1.051038   data arrival time

                      0.150000    0.000000    0.000000   clock i_clk (rise edge)
                                  0.000000    0.000000   clock network delay (ideal)
                                  0.250000    0.250000   clock uncertainty
                                  0.000000    0.250000   clock reconvergence pessimism
                                              0.250000 ^ _1080_/CLK (sky130_fd_sc_hd__dfrtp_2)
                                 -0.062185    0.187815   library hold time
                                              0.187815   data required time
---------------------------------------------------------------------------------------------
                                              0.187815   data required time
                                             -1.051038   data arrival time
---------------------------------------------------------------------------------------------
                                              0.863222   slack (MET)


Startpoint: _1174_ (rising edge-triggered flip-flop clocked by i_clk)
Endpoint: _1193_ (rising edge-triggered flip-flop clocked by i_clk)
Path Group: i_clk
Path Type: min

Fanout         Cap        Slew       Delay        Time   Description
---------------------------------------------------------------------------------------------
                      0.150000    0.000000    0.000000   clock i_clk (rise edge)
                                  0.000000    0.000000   clock network delay (ideal)
                      0.150000    0.000000    0.000000 ^ _1174_/CLK (sky130_fd_sc_hd__dfrtp_2)
     2    0.006101    0.096125    0.741281    0.741281 ^ _1174_/Q (sky130_fd_sc_hd__dfrtp_2)
                                                         u_i2c_master_controller.cntrl_fsm.abort_reg (net)
                      0.096125    0.000000    0.741281 ^ _0657_/C (sky130_fd_sc_hd__nor3_2)
     4    0.010312    0.062639    0.099783    0.841064 v _0657_/Y (sky130_fd_sc_hd__nor3_2)
                                                         _0354_ (net)
                      0.062639    0.000000    0.841064 v _0663_/B1 (sky130_fd_sc_hd__o21a_2)
     2    0.004096    0.053162    0.210190    1.051254 v _0663_/X (sky130_fd_sc_hd__o21a_2)
                                                         _0042_ (net)
                      0.053162    0.000000    1.051254 v _1193_/D (sky130_fd_sc_hd__dfrtp_2)
                                              1.051254   data arrival time

                      0.150000    0.000000    0.000000   clock i_clk (rise edge)
                                  0.000000    0.000000   clock network delay (ideal)
                                  0.250000    0.250000   clock uncertainty
                                  0.000000    0.250000   clock reconvergence pessimism
                                              0.250000 ^ _1193_/CLK (sky130_fd_sc_hd__dfrtp_2)
                                 -0.064091    0.185908   library hold time
                                              0.185908   data required time
---------------------------------------------------------------------------------------------
                                              0.185908   data required time
                                             -1.051254   data arrival time
---------------------------------------------------------------------------------------------
                                              0.865345   slack (MET)


Startpoint: _1226_ (rising edge-triggered flip-flop clocked by i_clk)
Endpoint: _1226_ (rising edge-triggered flip-flop clocked by i_clk)
Path Group: i_clk
Path Type: min

Fanout         Cap        Slew       Delay        Time   Description
---------------------------------------------------------------------------------------------
                      0.150000    0.000000    0.000000   clock i_clk (rise edge)
                                  0.000000    0.000000   clock network delay (ideal)
                      0.150000    0.000000    0.000000 ^ _1226_/CLK (sky130_fd_sc_hd__dfrtp_2)
     3    0.006968    0.098357    0.863808    0.863808 v _1226_/Q (sky130_fd_sc_hd__dfrtp_2)
                                                         u_i2c_master_controller.i2cbus_cntrl_fsm.start_gen.delay_gen.count[13] (net)
                      0.098357    0.000000    0.863808 v _0562_/A (sky130_fd_sc_hd__inv_2)
     1    0.004505    0.051511    0.087079    0.950887 ^ _0562_/Y (sky130_fd_sc_hd__inv_2)
                                                         _0309_ (net)
                      0.051511    0.000000    0.950887 ^ _0781_/A1 (sky130_fd_sc_hd__a211oi_2)
     1    0.001838    0.068678    0.096106    1.046993 v _0781_/Y (sky130_fd_sc_hd__a211oi_2)
                                                         _0058_ (net)
                      0.068678    0.000000    1.046993 v _1226_/D (sky130_fd_sc_hd__dfrtp_2)
                                              1.046993   data arrival time

                      0.150000    0.000000    0.000000   clock i_clk (rise edge)
                                  0.000000    0.000000   clock network delay (ideal)
                                  0.250000    0.250000   clock uncertainty
                                  0.000000    0.250000   clock reconvergence pessimism
                                              0.250000 ^ _1226_/CLK (sky130_fd_sc_hd__dfrtp_2)
                                 -0.069776    0.180224   library hold time
                                              0.180224   data required time
---------------------------------------------------------------------------------------------
                                              0.180224   data required time
                                             -1.046993   data arrival time
---------------------------------------------------------------------------------------------
                                              0.866769   slack (MET)


Startpoint: _1248_ (rising edge-triggered flip-flop clocked by i_clk)
Endpoint: _1248_ (rising edge-triggered flip-flop clocked by i_clk)
Path Group: i_clk
Path Type: min

Fanout         Cap        Slew       Delay        Time   Description
---------------------------------------------------------------------------------------------
                      0.150000    0.000000    0.000000   clock i_clk (rise edge)
                                  0.000000    0.000000   clock network delay (ideal)
                      0.150000    0.000000    0.000000 ^ _1248_/CLK (sky130_fd_sc_hd__dfrtp_2)
     3    0.006968    0.098357    0.863808    0.863808 v _1248_/Q (sky130_fd_sc_hd__dfrtp_2)
                                                         u_i2c_master_controller.i2cbus_cntrl_fsm.stop_gen.delay_gen.count[13] (net)
                      0.098357    0.000000    0.863808 v _0567_/A (sky130_fd_sc_hd__inv_2)
     1    0.004505    0.051511    0.087079    0.950887 ^ _0567_/Y (sky130_fd_sc_hd__inv_2)
                                                         _0314_ (net)
                      0.051511    0.000000    0.950887 ^ _0825_/A1 (sky130_fd_sc_hd__a211oi_2)
     1    0.001838    0.068678    0.096106    1.046993 v _0825_/Y (sky130_fd_sc_hd__a211oi_2)
                                                         _0077_ (net)
                      0.068678    0.000000    1.046993 v _1248_/D (sky130_fd_sc_hd__dfrtp_2)
                                              1.046993   data arrival time

                      0.150000    0.000000    0.000000   clock i_clk (rise edge)
                                  0.000000    0.000000   clock network delay (ideal)
                                  0.250000    0.250000   clock uncertainty
                                  0.000000    0.250000   clock reconvergence pessimism
                                              0.250000 ^ _1248_/CLK (sky130_fd_sc_hd__dfrtp_2)
                                 -0.069776    0.180224   library hold time
                                              0.180224   data required time
---------------------------------------------------------------------------------------------
                                              0.180224   data required time
                                             -1.046993   data arrival time
---------------------------------------------------------------------------------------------
                                              0.866769   slack (MET)


Startpoint: _1218_ (rising edge-triggered flip-flop clocked by i_clk)
Endpoint: _1218_ (rising edge-triggered flip-flop clocked by i_clk)
Path Group: i_clk
Path Type: min

Fanout         Cap        Slew       Delay        Time   Description
---------------------------------------------------------------------------------------------
                      0.150000    0.000000    0.000000   clock i_clk (rise edge)
                                  0.000000    0.000000   clock network delay (ideal)
                      0.150000    0.000000    0.000000 ^ _1218_/CLK (sky130_fd_sc_hd__dfrtp_2)
     4    0.008559    0.105631    0.873542    0.873542 v _1218_/Q (sky130_fd_sc_hd__dfrtp_2)
                                                         u_i2c_master_controller.i2cbus_cntrl_fsm.start_gen.delay_gen.count[5] (net)
                      0.105631    0.000000    0.873542 v _0559_/A (sky130_fd_sc_hd__inv_2)
     1    0.004505    0.053057    0.089916    0.963458 ^ _0559_/Y (sky130_fd_sc_hd__inv_2)
                                                         _0306_ (net)
                      0.053057    0.000000    0.963458 ^ _0757_/A1 (sky130_fd_sc_hd__a211oi_2)
     1    0.001838    0.051947    0.096735    1.060193 v _0757_/Y (sky130_fd_sc_hd__a211oi_2)
                                                         _0065_ (net)
                      0.051947    0.000000    1.060193 v _1218_/D (sky130_fd_sc_hd__dfrtp_2)
                                              1.060193   data arrival time

                      0.150000    0.000000    0.000000   clock i_clk (rise edge)
                                  0.000000    0.000000   clock network delay (ideal)
                                  0.250000    0.250000   clock uncertainty
                                  0.000000    0.250000   clock reconvergence pessimism
                                              0.250000 ^ _1218_/CLK (sky130_fd_sc_hd__dfrtp_2)
                                 -0.063646    0.186354   library hold time
                                              0.186354   data required time
---------------------------------------------------------------------------------------------
                                              0.186354   data required time
                                             -1.060193   data arrival time
---------------------------------------------------------------------------------------------
                                              0.873839   slack (MET)


Startpoint: _1240_ (rising edge-triggered flip-flop clocked by i_clk)
Endpoint: _1240_ (rising edge-triggered flip-flop clocked by i_clk)
Path Group: i_clk
Path Type: min

Fanout         Cap        Slew       Delay        Time   Description
---------------------------------------------------------------------------------------------
                      0.150000    0.000000    0.000000   clock i_clk (rise edge)
                                  0.000000    0.000000   clock network delay (ideal)
                      0.150000    0.000000    0.000000 ^ _1240_/CLK (sky130_fd_sc_hd__dfrtp_2)
     4    0.008559    0.105631    0.873542    0.873542 v _1240_/Q (sky130_fd_sc_hd__dfrtp_2)
                                                         u_i2c_master_controller.i2cbus_cntrl_fsm.stop_gen.delay_gen.count[5] (net)
                      0.105631    0.000000    0.873542 v _0565_/A (sky130_fd_sc_hd__inv_2)
     1    0.004505    0.053057    0.089916    0.963458 ^ _0565_/Y (sky130_fd_sc_hd__inv_2)
                                                         _0312_ (net)
                      0.053057    0.000000    0.963458 ^ _0801_/A1 (sky130_fd_sc_hd__a211oi_2)
     1    0.001838    0.051947    0.096735    1.060193 v _0801_/Y (sky130_fd_sc_hd__a211oi_2)
                                                         _0084_ (net)
                      0.051947    0.000000    1.060193 v _1240_/D (sky130_fd_sc_hd__dfrtp_2)
                                              1.060193   data arrival time

                      0.150000    0.000000    0.000000   clock i_clk (rise edge)
                                  0.000000    0.000000   clock network delay (ideal)
                                  0.250000    0.250000   clock uncertainty
                                  0.000000    0.250000   clock reconvergence pessimism
                                              0.250000 ^ _1240_/CLK (sky130_fd_sc_hd__dfrtp_2)
                                 -0.063646    0.186354   library hold time
                                              0.186354   data required time
---------------------------------------------------------------------------------------------
                                              0.186354   data required time
                                             -1.060193   data arrival time
---------------------------------------------------------------------------------------------
                                              0.873839   slack (MET)


Startpoint: _1200_ (rising edge-triggered flip-flop clocked by i_clk)
Endpoint: _1133_ (rising edge-triggered flip-flop clocked by i_clk)
Path Group: i_clk
Path Type: min

Fanout         Cap        Slew       Delay        Time   Description
---------------------------------------------------------------------------------------------
                      0.150000    0.000000    0.000000   clock i_clk (rise edge)
                                  0.000000    0.000000   clock network delay (ideal)
                      0.150000    0.000000    0.000000 ^ _1200_/CLK (sky130_fd_sc_hd__dfrtp_2)
     2    0.007002    0.102165    0.747451    0.747451 ^ _1200_/Q (sky130_fd_sc_hd__dfrtp_2)
                                                         u_i2c_master_controller.i2cbus_cntrl_fsm.scl_gen.count_reset (net)
                      0.102165    0.000000    0.747451 ^ _0583_/A (sky130_fd_sc_hd__nor2_2)
     8    0.025610    0.122022    0.150618    0.898069 v _0583_/Y (sky130_fd_sc_hd__nor2_2)
                                                         _0324_ (net)
                      0.122022    0.000000    0.898069 v _0597_/B1 (sky130_fd_sc_hd__o21ai_2)
     1    0.004682    0.081655    0.114369    1.012438 ^ _0597_/Y (sky130_fd_sc_hd__o21ai_2)
                                                         _0332_ (net)
                      0.081655    0.000000    1.012438 ^ _0598_/B (sky130_fd_sc_hd__nor2_2)
     1    0.001838    0.025263    0.058889    1.071327 v _0598_/Y (sky130_fd_sc_hd__nor2_2)
                                                         _0256_ (net)
                      0.025263    0.000000    1.071327 v _1133_/D (sky130_fd_sc_hd__dfrtp_2)
                                              1.071327   data arrival time

                      0.150000    0.000000    0.000000   clock i_clk (rise edge)
                                  0.000000    0.000000   clock network delay (ideal)
                                  0.250000    0.250000   clock uncertainty
                                  0.000000    0.250000   clock reconvergence pessimism
                                              0.250000 ^ _1133_/CLK (sky130_fd_sc_hd__dfrtp_2)
                                 -0.053870    0.196130   library hold time
                                              0.196130   data required time
---------------------------------------------------------------------------------------------
                                              0.196130   data required time
                                             -1.071327   data arrival time
---------------------------------------------------------------------------------------------
                                              0.875197   slack (MET)


Startpoint: _1223_ (rising edge-triggered flip-flop clocked by i_clk)
Endpoint: _1223_ (rising edge-triggered flip-flop clocked by i_clk)
Path Group: i_clk
Path Type: min

Fanout         Cap        Slew       Delay        Time   Description
---------------------------------------------------------------------------------------------
                      0.150000    0.000000    0.000000   clock i_clk (rise edge)
                                  0.000000    0.000000   clock network delay (ideal)
                      0.150000    0.000000    0.000000 ^ _1223_/CLK (sky130_fd_sc_hd__dfrtp_2)
     4    0.009039    0.115821    0.761400    0.761400 ^ _1223_/Q (sky130_fd_sc_hd__dfrtp_2)
                                                         u_i2c_master_controller.i2cbus_cntrl_fsm.start_gen.delay_gen.count[10] (net)
                      0.115821    0.000000    0.761400 ^ _0769_/B1 (sky130_fd_sc_hd__a21oi_2)
     1    0.004151    0.044720    0.077631    0.839032 v _0769_/Y (sky130_fd_sc_hd__a21oi_2)
                                                         _0423_ (net)
                      0.044720    0.000000    0.839032 v _0771_/B (sky130_fd_sc_hd__nor3_2)
     1    0.001853    0.161617    0.213669    1.052701 ^ _0771_/Y (sky130_fd_sc_hd__nor3_2)
                                                         _0055_ (net)
                      0.161617    0.000000    1.052701 ^ _1223_/D (sky130_fd_sc_hd__dfrtp_2)
                                              1.052701   data arrival time

                      0.150000    0.000000    0.000000   clock i_clk (rise edge)
                                  0.000000    0.000000   clock network delay (ideal)
                                  0.250000    0.250000   clock uncertainty
                                  0.000000    0.250000   clock reconvergence pessimism
                                              0.250000 ^ _1223_/CLK (sky130_fd_sc_hd__dfrtp_2)
                                 -0.084589    0.165411   library hold time
                                              0.165411   data required time
---------------------------------------------------------------------------------------------
                                              0.165411   data required time
                                             -1.052701   data arrival time
---------------------------------------------------------------------------------------------
                                              0.887290   slack (MET)


Startpoint: _1245_ (rising edge-triggered flip-flop clocked by i_clk)
Endpoint: _1245_ (rising edge-triggered flip-flop clocked by i_clk)
Path Group: i_clk
Path Type: min

Fanout         Cap        Slew       Delay        Time   Description
---------------------------------------------------------------------------------------------
                      0.150000    0.000000    0.000000   clock i_clk (rise edge)
                                  0.000000    0.000000   clock network delay (ideal)
                      0.150000    0.000000    0.000000 ^ _1245_/CLK (sky130_fd_sc_hd__dfrtp_2)
     4    0.009039    0.115821    0.761400    0.761400 ^ _1245_/Q (sky130_fd_sc_hd__dfrtp_2)
                                                         u_i2c_master_controller.i2cbus_cntrl_fsm.stop_gen.delay_gen.count[10] (net)
                      0.115821    0.000000    0.761400 ^ _0813_/B1 (sky130_fd_sc_hd__a21oi_2)
     1    0.004151    0.044720    0.077631    0.839032 v _0813_/Y (sky130_fd_sc_hd__a21oi_2)
                                                         _0451_ (net)
                      0.044720    0.000000    0.839032 v _0815_/B (sky130_fd_sc_hd__nor3_2)
     1    0.001853    0.161617    0.213669    1.052701 ^ _0815_/Y (sky130_fd_sc_hd__nor3_2)
                                                         _0074_ (net)
                      0.161617    0.000000    1.052701 ^ _1245_/D (sky130_fd_sc_hd__dfrtp_2)
                                              1.052701   data arrival time

                      0.150000    0.000000    0.000000   clock i_clk (rise edge)
                                  0.000000    0.000000   clock network delay (ideal)
                                  0.250000    0.250000   clock uncertainty
                                  0.000000    0.250000   clock reconvergence pessimism
                                              0.250000 ^ _1245_/CLK (sky130_fd_sc_hd__dfrtp_2)
                                 -0.084589    0.165411   library hold time
                                              0.165411   data required time
---------------------------------------------------------------------------------------------
                                              0.165411   data required time
                                             -1.052701   data arrival time
---------------------------------------------------------------------------------------------
                                              0.887290   slack (MET)


Startpoint: _1227_ (rising edge-triggered flip-flop clocked by i_clk)
Endpoint: _1227_ (rising edge-triggered flip-flop clocked by i_clk)
Path Group: i_clk
Path Type: min

Fanout         Cap        Slew       Delay        Time   Description
---------------------------------------------------------------------------------------------
                      0.150000    0.000000    0.000000   clock i_clk (rise edge)
                                  0.000000    0.000000   clock network delay (ideal)
                      0.150000    0.000000    0.000000 ^ _1227_/CLK (sky130_fd_sc_hd__dfrtp_2)
     5    0.015443    0.158752    0.805254    0.805254 ^ _1227_/Q (sky130_fd_sc_hd__dfrtp_2)
                                                         u_i2c_master_controller.i2cbus_cntrl_fsm.start_gen.delay_gen.count[14] (net)
                      0.158752    0.000000    0.805254 ^ _0783_/A1 (sky130_fd_sc_hd__o21a_2)
     1    0.001853    0.048380    0.274527    1.079781 ^ _0783_/X (sky130_fd_sc_hd__o21a_2)
                                                         _0059_ (net)
                      0.048380    0.000000    1.079781 ^ _1227_/D (sky130_fd_sc_hd__dfrtp_2)
                                              1.079781   data arrival time

                      0.150000    0.000000    0.000000   clock i_clk (rise edge)
                                  0.000000    0.000000   clock network delay (ideal)
                                  0.250000    0.250000   clock uncertainty
                                  0.000000    0.250000   clock reconvergence pessimism
                                              0.250000 ^ _1227_/CLK (sky130_fd_sc_hd__dfrtp_2)
                                 -0.058859    0.191141   library hold time
                                              0.191141   data required time
---------------------------------------------------------------------------------------------
                                              0.191141   data required time
                                             -1.079781   data arrival time
---------------------------------------------------------------------------------------------
                                              0.888640   slack (MET)


Startpoint: _1249_ (rising edge-triggered flip-flop clocked by i_clk)
Endpoint: _1249_ (rising edge-triggered flip-flop clocked by i_clk)
Path Group: i_clk
Path Type: min

Fanout         Cap        Slew       Delay        Time   Description
---------------------------------------------------------------------------------------------
                      0.150000    0.000000    0.000000   clock i_clk (rise edge)
                                  0.000000    0.000000   clock network delay (ideal)
                      0.150000    0.000000    0.000000 ^ _1249_/CLK (sky130_fd_sc_hd__dfrtp_2)
     5    0.015443    0.158752    0.805254    0.805254 ^ _1249_/Q (sky130_fd_sc_hd__dfrtp_2)
                                                         u_i2c_master_controller.i2cbus_cntrl_fsm.stop_gen.delay_gen.count[14] (net)
                      0.158752    0.000000    0.805254 ^ _0827_/A1 (sky130_fd_sc_hd__o21a_2)
     1    0.001853    0.048380    0.274527    1.079781 ^ _0827_/X (sky130_fd_sc_hd__o21a_2)
                                                         _0078_ (net)
                      0.048380    0.000000    1.079781 ^ _1249_/D (sky130_fd_sc_hd__dfrtp_2)
                                              1.079781   data arrival time

                      0.150000    0.000000    0.000000   clock i_clk (rise edge)
                                  0.000000    0.000000   clock network delay (ideal)
                                  0.250000    0.250000   clock uncertainty
                                  0.000000    0.250000   clock reconvergence pessimism
                                              0.250000 ^ _1249_/CLK (sky130_fd_sc_hd__dfrtp_2)
                                 -0.058859    0.191141   library hold time
                                              0.191141   data required time
---------------------------------------------------------------------------------------------
                                              0.191141   data required time
                                             -1.079781   data arrival time
---------------------------------------------------------------------------------------------
                                              0.888640   slack (MET)


Startpoint: _1221_ (rising edge-triggered flip-flop clocked by i_clk)
Endpoint: _1221_ (rising edge-triggered flip-flop clocked by i_clk)
Path Group: i_clk
Path Type: min

Fanout         Cap        Slew       Delay        Time   Description
---------------------------------------------------------------------------------------------
                      0.150000    0.000000    0.000000   clock i_clk (rise edge)
                                  0.000000    0.000000   clock network delay (ideal)
                      0.150000    0.000000    0.000000 ^ _1221_/CLK (sky130_fd_sc_hd__dfrtp_2)
     4    0.009291    0.117510    0.763126    0.763126 ^ _1221_/Q (sky130_fd_sc_hd__dfrtp_2)
                                                         u_i2c_master_controller.i2cbus_cntrl_fsm.start_gen.delay_gen.count[8] (net)
                      0.117510    0.000000    0.763126 ^ _0764_/B1 (sky130_fd_sc_hd__a21oi_2)
     1    0.004151    0.045102    0.078174    0.841300 v _0764_/Y (sky130_fd_sc_hd__a21oi_2)
                                                         _0420_ (net)
                      0.045102    0.000000    0.841300 v _0766_/B (sky130_fd_sc_hd__nor3_2)
     1    0.001853    0.163015    0.213799    1.055099 ^ _0766_/Y (sky130_fd_sc_hd__nor3_2)
                                                         _0068_ (net)
                      0.163015    0.000000    1.055099 ^ _1221_/D (sky130_fd_sc_hd__dfrtp_2)
                                              1.055099   data arrival time

                      0.150000    0.000000    0.000000   clock i_clk (rise edge)
                                  0.000000    0.000000   clock network delay (ideal)
                                  0.250000    0.250000   clock uncertainty
                                  0.000000    0.250000   clock reconvergence pessimism
                                              0.250000 ^ _1221_/CLK (sky130_fd_sc_hd__dfrtp_2)
                                 -0.084906    0.165094   library hold time
                                              0.165094   data required time
---------------------------------------------------------------------------------------------
                                              0.165094   data required time
                                             -1.055099   data arrival time
---------------------------------------------------------------------------------------------
                                              0.890006   slack (MET)


Startpoint: _1243_ (rising edge-triggered flip-flop clocked by i_clk)
Endpoint: _1243_ (rising edge-triggered flip-flop clocked by i_clk)
Path Group: i_clk
Path Type: min

Fanout         Cap        Slew       Delay        Time   Description
---------------------------------------------------------------------------------------------
                      0.150000    0.000000    0.000000   clock i_clk (rise edge)
                                  0.000000    0.000000   clock network delay (ideal)
                      0.150000    0.000000    0.000000 ^ _1243_/CLK (sky130_fd_sc_hd__dfrtp_2)
     4    0.009291    0.117510    0.763126    0.763126 ^ _1243_/Q (sky130_fd_sc_hd__dfrtp_2)
                                                         u_i2c_master_controller.i2cbus_cntrl_fsm.stop_gen.delay_gen.count[8] (net)
                      0.117510    0.000000    0.763126 ^ _0808_/B1 (sky130_fd_sc_hd__a21oi_2)
     1    0.004151    0.045102    0.078174    0.841300 v _0808_/Y (sky130_fd_sc_hd__a21oi_2)
                                                         _0448_ (net)
                      0.045102    0.000000    0.841300 v _0810_/B (sky130_fd_sc_hd__nor3_2)
     1    0.001853    0.163015    0.213799    1.055099 ^ _0810_/Y (sky130_fd_sc_hd__nor3_2)
                                                         _0087_ (net)
                      0.163015    0.000000    1.055099 ^ _1243_/D (sky130_fd_sc_hd__dfrtp_2)
                                              1.055099   data arrival time

                      0.150000    0.000000    0.000000   clock i_clk (rise edge)
                                  0.000000    0.000000   clock network delay (ideal)
                                  0.250000    0.250000   clock uncertainty
                                  0.000000    0.250000   clock reconvergence pessimism
                                              0.250000 ^ _1243_/CLK (sky130_fd_sc_hd__dfrtp_2)
                                 -0.084906    0.165094   library hold time
                                              0.165094   data required time
---------------------------------------------------------------------------------------------
                                              0.165094   data required time
                                             -1.055099   data arrival time
---------------------------------------------------------------------------------------------
                                              0.890006   slack (MET)


Startpoint: _1129_ (rising edge-triggered flip-flop clocked by i_clk)
Endpoint: _1233_ (rising edge-triggered flip-flop clocked by i_clk)
Path Group: i_clk
Path Type: min

Fanout         Cap        Slew       Delay        Time   Description
---------------------------------------------------------------------------------------------
                      0.150000    0.000000    0.000000   clock i_clk (rise edge)
                                  0.000000    0.000000   clock network delay (ideal)
                      0.150000    0.000000    0.000000 ^ _1129_/CLK (sky130_fd_sc_hd__dfrtp_2)
    14    0.040943    0.332927    0.946498    0.946498 ^ _1129_/Q (sky130_fd_sc_hd__dfrtp_2)
                                                         u_i2c_master_controller.filter_scl.out_n (net)
                      0.332927    0.000000    0.946498 ^ _0575_/B (sky130_fd_sc_hd__nor2_2)
     2    0.003601    0.046059    0.132396    1.078894 v _0575_/Y (sky130_fd_sc_hd__nor2_2)
                                                         _0048_ (net)
                      0.046059    0.000000    1.078894 v _1233_/D (sky130_fd_sc_hd__dfrtp_2)
                                              1.078894   data arrival time

                      0.150000    0.000000    0.000000   clock i_clk (rise edge)
                                  0.000000    0.000000   clock network delay (ideal)
                                  0.250000    0.250000   clock uncertainty
                                  0.000000    0.250000   clock reconvergence pessimism
                                              0.250000 ^ _1233_/CLK (sky130_fd_sc_hd__dfrtp_2)
                                 -0.061489    0.188511   library hold time
                                              0.188511   data required time
---------------------------------------------------------------------------------------------
                                              0.188511   data required time
                                             -1.078894   data arrival time
---------------------------------------------------------------------------------------------
                                              0.890383   slack (MET)


Startpoint: _1222_ (rising edge-triggered flip-flop clocked by i_clk)
Endpoint: _1222_ (rising edge-triggered flip-flop clocked by i_clk)
Path Group: i_clk
Path Type: min

Fanout         Cap        Slew       Delay        Time   Description
---------------------------------------------------------------------------------------------
                      0.150000    0.000000    0.000000   clock i_clk (rise edge)
                                  0.000000    0.000000   clock network delay (ideal)
                      0.150000    0.000000    0.000000 ^ _1222_/CLK (sky130_fd_sc_hd__dfrtp_2)
     6    0.015896    0.161789    0.808356    0.808356 ^ _1222_/Q (sky130_fd_sc_hd__dfrtp_2)
                                                         u_i2c_master_controller.i2cbus_cntrl_fsm.start_gen.delay_gen.count[9] (net)
                      0.161789    0.000000    0.808356 ^ _0768_/A1 (sky130_fd_sc_hd__o21a_2)
     1    0.001853    0.048229    0.275710    1.084067 ^ _0768_/X (sky130_fd_sc_hd__o21a_2)
                                                         _0069_ (net)
                      0.048229    0.000000    1.084067 ^ _1222_/D (sky130_fd_sc_hd__dfrtp_2)
                                              1.084067   data arrival time

                      0.150000    0.000000    0.000000   clock i_clk (rise edge)
                                  0.000000    0.000000   clock network delay (ideal)
                                  0.250000    0.250000   clock uncertainty
                                  0.000000    0.250000   clock reconvergence pessimism
                                              0.250000 ^ _1222_/CLK (sky130_fd_sc_hd__dfrtp_2)
                                 -0.058825    0.191175   library hold time
                                              0.191175   data required time
---------------------------------------------------------------------------------------------
                                              0.191175   data required time
                                             -1.084067   data arrival time
---------------------------------------------------------------------------------------------
                                              0.892891   slack (MET)


Startpoint: _1244_ (rising edge-triggered flip-flop clocked by i_clk)
Endpoint: _1244_ (rising edge-triggered flip-flop clocked by i_clk)
Path Group: i_clk
Path Type: min

Fanout         Cap        Slew       Delay        Time   Description
---------------------------------------------------------------------------------------------
                      0.150000    0.000000    0.000000   clock i_clk (rise edge)
                                  0.000000    0.000000   clock network delay (ideal)
                      0.150000    0.000000    0.000000 ^ _1244_/CLK (sky130_fd_sc_hd__dfrtp_2)
     6    0.015896    0.161789    0.808356    0.808356 ^ _1244_/Q (sky130_fd_sc_hd__dfrtp_2)
                                                         u_i2c_master_controller.i2cbus_cntrl_fsm.stop_gen.delay_gen.count[9] (net)
                      0.161789    0.000000    0.808356 ^ _0812_/A1 (sky130_fd_sc_hd__o21a_2)
     1    0.001853    0.048229    0.275710    1.084067 ^ _0812_/X (sky130_fd_sc_hd__o21a_2)
                                                         _0088_ (net)
                      0.048229    0.000000    1.084067 ^ _1244_/D (sky130_fd_sc_hd__dfrtp_2)
                                              1.084067   data arrival time

                      0.150000    0.000000    0.000000   clock i_clk (rise edge)
                                  0.000000    0.000000   clock network delay (ideal)
                                  0.250000    0.250000   clock uncertainty
                                  0.000000    0.250000   clock reconvergence pessimism
                                              0.250000 ^ _1244_/CLK (sky130_fd_sc_hd__dfrtp_2)
                                 -0.058825    0.191175   library hold time
                                              0.191175   data required time
---------------------------------------------------------------------------------------------
                                              0.191175   data required time
                                             -1.084067   data arrival time
---------------------------------------------------------------------------------------------
                                              0.892891   slack (MET)


Startpoint: _1143_ (rising edge-triggered flip-flop clocked by i_clk)
Endpoint: _1253_ (rising edge-triggered flip-flop clocked by i_clk)
Path Group: i_clk
Path Type: min

Fanout         Cap        Slew       Delay        Time   Description
---------------------------------------------------------------------------------------------
                      0.150000    0.000000    0.000000   clock i_clk (rise edge)
                                  0.000000    0.000000   clock network delay (ideal)
                      0.150000    0.000000    0.000000 ^ _1143_/CLK (sky130_fd_sc_hd__dfrtp_2)
     3    0.008487    0.112120    0.757620    0.757620 ^ _1143_/Q (sky130_fd_sc_hd__dfrtp_2)
                                                         u_i2c_master_controller.i2cbus_cntrl_fsm.stop_gen.state[1] (net)
                      0.112120    0.000000    0.757620 ^ _0611_/B (sky130_fd_sc_hd__and2_2)
     3    0.008214    0.108875    0.316209    1.073830 ^ _0611_/X (sky130_fd_sc_hd__and2_2)
                                                         _0033_ (net)
                      0.108875    0.000000    1.073830 ^ _1253_/D (sky130_fd_sc_hd__dfrtp_2)
                                              1.073830   data arrival time

                      0.150000    0.000000    0.000000   clock i_clk (rise edge)
                                  0.000000    0.000000   clock network delay (ideal)
                                  0.250000    0.250000   clock uncertainty
                                  0.000000    0.250000   clock reconvergence pessimism
                                              0.250000 ^ _1253_/CLK (sky130_fd_sc_hd__dfrtp_2)
                                 -0.072605    0.177395   library hold time
                                              0.177395   data required time
---------------------------------------------------------------------------------------------
                                              0.177395   data required time
                                             -1.073830   data arrival time
---------------------------------------------------------------------------------------------
                                              0.896434   slack (MET)


Startpoint: _1128_ (rising edge-triggered flip-flop clocked by i_clk)
Endpoint: _1200_ (rising edge-triggered flip-flop clocked by i_clk)
Path Group: i_clk
Path Type: min

Fanout         Cap        Slew       Delay        Time   Description
---------------------------------------------------------------------------------------------
                      0.150000    0.000000    0.000000   clock i_clk (rise edge)
                                  0.000000    0.000000   clock network delay (ideal)
                      0.150000    0.000000    0.000000 ^ _1128_/CLK (sky130_fd_sc_hd__dfrtp_2)
     6    0.019485    0.185988    0.831495    0.831495 ^ _1128_/Q (sky130_fd_sc_hd__dfrtp_2)
                                                         u_i2c_master_controller.cntrl_fsm.cntrl_fsm.o_enable_scl (net)
                      0.185988    0.000000    0.831495 ^ _0742_/A1 (sky130_fd_sc_hd__a21o_2)
     1    0.001853    0.039610    0.260758    1.092253 ^ _0742_/X (sky130_fd_sc_hd__a21o_2)
                                                         _0046_ (net)
                      0.039610    0.000000    1.092253 ^ _1200_/D (sky130_fd_sc_hd__dfrtp_2)
                                              1.092253   data arrival time

                      0.150000    0.000000    0.000000   clock i_clk (rise edge)
                                  0.000000    0.000000   clock network delay (ideal)
                                  0.250000    0.250000   clock uncertainty
                                  0.000000    0.250000   clock reconvergence pessimism
                                              0.250000 ^ _1200_/CLK (sky130_fd_sc_hd__dfrtp_2)
                                 -0.056866    0.193134   library hold time
                                              0.193134   data required time
---------------------------------------------------------------------------------------------
                                              0.193134   data required time
                                             -1.092253   data arrival time
---------------------------------------------------------------------------------------------
                                              0.899119   slack (MET)


Startpoint: _1113_ (rising edge-triggered flip-flop clocked by i_clk)
Endpoint: _1196_ (rising edge-triggered flip-flop clocked by i_clk)
Path Group: i_clk
Path Type: min

Fanout         Cap        Slew       Delay        Time   Description
---------------------------------------------------------------------------------------------
                      0.150000    0.000000    0.000000   clock i_clk (rise edge)
                                  0.000000    0.000000   clock network delay (ideal)
                      0.150000    0.000000    0.000000 ^ _1113_/CLK (sky130_fd_sc_hd__dfrtp_2)
     2    0.004923    0.087674    0.731230    0.731230 ^ _1113_/Q (sky130_fd_sc_hd__dfrtp_2)
                                                         u_i2c_master_controller.cntrl_fsm.byte_tx_fsm.i_tx_data[2] (net)
                      0.087674    0.000000    0.731230 ^ _0837_/B1 (sky130_fd_sc_hd__a221o_2)
     1    0.001395    0.044873    0.259270    0.990500 ^ _0837_/X (sky130_fd_sc_hd__a221o_2)
                                                         _0469_ (net)
                      0.044873    0.000000    0.990500 ^ _0838_/C (sky130_fd_sc_hd__or3_2)
     1    0.002386    0.046524    0.162643    1.153142 ^ _0838_/X (sky130_fd_sc_hd__or3_2)
                                                         _0281_ (net)
                      0.046524    0.000000    1.153142 ^ _1196_/D (sky130_fd_sc_hd__dfstp_2)
                                              1.153142   data arrival time

                      0.150000    0.000000    0.000000   clock i_clk (rise edge)
                                  0.000000    0.000000   clock network delay (ideal)
                                  0.250000    0.250000   clock uncertainty
                                  0.000000    0.250000   clock reconvergence pessimism
                                              0.250000 ^ _1196_/CLK (sky130_fd_sc_hd__dfstp_2)
                                 -0.046369    0.203631   library hold time
                                              0.203631   data required time
---------------------------------------------------------------------------------------------
                                              0.203631   data required time
                                             -1.153142   data arrival time
---------------------------------------------------------------------------------------------
                                              0.949512   slack (MET)


Startpoint: _1156_ (rising edge-triggered flip-flop clocked by i_clk)
Endpoint: _1158_ (rising edge-triggered flip-flop clocked by i_clk)
Path Group: i_clk
Path Type: min

Fanout         Cap        Slew       Delay        Time   Description
---------------------------------------------------------------------------------------------
                      0.150000    0.000000    0.000000   clock i_clk (rise edge)
                                  0.000000    0.000000   clock network delay (ideal)
                      0.150000    0.000000    0.000000 ^ _1156_/CLK (sky130_fd_sc_hd__dfstp_2)
     2    0.003607    0.042657    0.742753    0.742753 v _1156_/Q (sky130_fd_sc_hd__dfstp_2)
                                                         u_i2c_master_controller.i2cbus_cntrl_fsm.falling_scl_detect.state[0] (net)
                      0.042657    0.000000    0.742753 v _0653_/B (sky130_fd_sc_hd__and2_2)
     2    0.006084    0.083455    0.401545    1.144297 v _0653_/X (sky130_fd_sc_hd__and2_2)
                                                         _0019_ (net)
                      0.083455    0.000000    1.144297 v _1158_/D (sky130_fd_sc_hd__dfrtp_2)
                                              1.144297   data arrival time

                      0.150000    0.000000    0.000000   clock i_clk (rise edge)
                                  0.000000    0.000000   clock network delay (ideal)
                                  0.250000    0.250000   clock uncertainty
                                  0.000000    0.250000   clock reconvergence pessimism
                                              0.250000 ^ _1158_/CLK (sky130_fd_sc_hd__dfrtp_2)
                                 -0.075190    0.174810   library hold time
                                              0.174810   data required time
---------------------------------------------------------------------------------------------
                                              0.174810   data required time
                                             -1.144297   data arrival time
---------------------------------------------------------------------------------------------
                                              0.969488   slack (MET)


Startpoint: _1098_ (rising edge-triggered flip-flop clocked by i_clk)
Endpoint: _1098_ (rising edge-triggered flip-flop clocked by i_clk)
Path Group: i_clk
Path Type: min

Fanout         Cap        Slew       Delay        Time   Description
---------------------------------------------------------------------------------------------
                      0.150000    0.000000    0.000000   clock i_clk (rise edge)
                                  0.000000    0.000000   clock network delay (ideal)
                      0.150000    0.000000    0.000000 ^ _1098_/CLK (sky130_fd_sc_hd__dfxtp_2)
     2    0.035334    0.294712    0.862551    0.862551 ^ _1098_/Q (sky130_fd_sc_hd__dfxtp_2)
                                                         o_receive_data[0] (net)
                      0.294712    0.000000    0.862551 ^ _0878_/A1 (sky130_fd_sc_hd__mux2_1)
     1    0.001537    0.058867    0.302084    1.164636 ^ _0878_/X (sky130_fd_sc_hd__mux2_1)
                                                         _0221_ (net)
                      0.058867    0.000000    1.164636 ^ _1098_/D (sky130_fd_sc_hd__dfxtp_2)
                                              1.164636   data arrival time

                      0.150000    0.000000    0.000000   clock i_clk (rise edge)
                                  0.000000    0.000000   clock network delay (ideal)
                                  0.250000    0.250000   clock uncertainty
                                  0.000000    0.250000   clock reconvergence pessimism
                                              0.250000 ^ _1098_/CLK (sky130_fd_sc_hd__dfxtp_2)
                                 -0.056649    0.193351   library hold time
                                              0.193351   data required time
---------------------------------------------------------------------------------------------
                                              0.193351   data required time
                                             -1.164636   data arrival time
---------------------------------------------------------------------------------------------
                                              0.971285   slack (MET)


Startpoint: _1099_ (rising edge-triggered flip-flop clocked by i_clk)
Endpoint: _1099_ (rising edge-triggered flip-flop clocked by i_clk)
Path Group: i_clk
Path Type: min

Fanout         Cap        Slew       Delay        Time   Description
---------------------------------------------------------------------------------------------
                      0.150000    0.000000    0.000000   clock i_clk (rise edge)
                                  0.000000    0.000000   clock network delay (ideal)
                      0.150000    0.000000    0.000000 ^ _1099_/CLK (sky130_fd_sc_hd__dfxtp_2)
     2    0.035334    0.294712    0.862551    0.862551 ^ _1099_/Q (sky130_fd_sc_hd__dfxtp_2)
                                                         o_receive_data[1] (net)
                      0.294712    0.000000    0.862551 ^ _0880_/A1 (sky130_fd_sc_hd__mux2_1)
     1    0.001537    0.058867    0.302084    1.164636 ^ _0880_/X (sky130_fd_sc_hd__mux2_1)
                                                         _0222_ (net)
                      0.058867    0.000000    1.164636 ^ _1099_/D (sky130_fd_sc_hd__dfxtp_2)
                                              1.164636   data arrival time

                      0.150000    0.000000    0.000000   clock i_clk (rise edge)
                                  0.000000    0.000000   clock network delay (ideal)
                                  0.250000    0.250000   clock uncertainty
                                  0.000000    0.250000   clock reconvergence pessimism
                                              0.250000 ^ _1099_/CLK (sky130_fd_sc_hd__dfxtp_2)
                                 -0.056649    0.193351   library hold time
                                              0.193351   data required time
---------------------------------------------------------------------------------------------
                                              0.193351   data required time
                                             -1.164636   data arrival time
---------------------------------------------------------------------------------------------
                                              0.971285   slack (MET)


Startpoint: _1100_ (rising edge-triggered flip-flop clocked by i_clk)
Endpoint: _1100_ (rising edge-triggered flip-flop clocked by i_clk)
Path Group: i_clk
Path Type: min

Fanout         Cap        Slew       Delay        Time   Description
---------------------------------------------------------------------------------------------
                      0.150000    0.000000    0.000000   clock i_clk (rise edge)
                                  0.000000    0.000000   clock network delay (ideal)
                      0.150000    0.000000    0.000000 ^ _1100_/CLK (sky130_fd_sc_hd__dfxtp_2)
     2    0.035334    0.294712    0.862551    0.862551 ^ _1100_/Q (sky130_fd_sc_hd__dfxtp_2)
                                                         o_receive_data[2] (net)
                      0.294712    0.000000    0.862551 ^ _0882_/A1 (sky130_fd_sc_hd__mux2_1)
     1    0.001537    0.058867    0.302084    1.164636 ^ _0882_/X (sky130_fd_sc_hd__mux2_1)
                                                         _0223_ (net)
                      0.058867    0.000000    1.164636 ^ _1100_/D (sky130_fd_sc_hd__dfxtp_2)
                                              1.164636   data arrival time

                      0.150000    0.000000    0.000000   clock i_clk (rise edge)
                                  0.000000    0.000000   clock network delay (ideal)
                                  0.250000    0.250000   clock uncertainty
                                  0.000000    0.250000   clock reconvergence pessimism
                                              0.250000 ^ _1100_/CLK (sky130_fd_sc_hd__dfxtp_2)
                                 -0.056649    0.193351   library hold time
                                              0.193351   data required time
---------------------------------------------------------------------------------------------
                                              0.193351   data required time
                                             -1.164636   data arrival time
---------------------------------------------------------------------------------------------
                                              0.971285   slack (MET)


Startpoint: _1101_ (rising edge-triggered flip-flop clocked by i_clk)
Endpoint: _1101_ (rising edge-triggered flip-flop clocked by i_clk)
Path Group: i_clk
Path Type: min

Fanout         Cap        Slew       Delay        Time   Description
---------------------------------------------------------------------------------------------
                      0.150000    0.000000    0.000000   clock i_clk (rise edge)
                                  0.000000    0.000000   clock network delay (ideal)
                      0.150000    0.000000    0.000000 ^ _1101_/CLK (sky130_fd_sc_hd__dfxtp_2)
     2    0.035334    0.294712    0.862551    0.862551 ^ _1101_/Q (sky130_fd_sc_hd__dfxtp_2)
                                                         o_receive_data[3] (net)
                      0.294712    0.000000    0.862551 ^ _0884_/A1 (sky130_fd_sc_hd__mux2_1)
     1    0.001537    0.058867    0.302084    1.164636 ^ _0884_/X (sky130_fd_sc_hd__mux2_1)
                                                         _0224_ (net)
                      0.058867    0.000000    1.164636 ^ _1101_/D (sky130_fd_sc_hd__dfxtp_2)
                                              1.164636   data arrival time

                      0.150000    0.000000    0.000000   clock i_clk (rise edge)
                                  0.000000    0.000000   clock network delay (ideal)
                                  0.250000    0.250000   clock uncertainty
                                  0.000000    0.250000   clock reconvergence pessimism
                                              0.250000 ^ _1101_/CLK (sky130_fd_sc_hd__dfxtp_2)
                                 -0.056649    0.193351   library hold time
                                              0.193351   data required time
---------------------------------------------------------------------------------------------
                                              0.193351   data required time
                                             -1.164636   data arrival time
---------------------------------------------------------------------------------------------
                                              0.971285   slack (MET)


Startpoint: _1102_ (rising edge-triggered flip-flop clocked by i_clk)
Endpoint: _1102_ (rising edge-triggered flip-flop clocked by i_clk)
Path Group: i_clk
Path Type: min

Fanout         Cap        Slew       Delay        Time   Description
---------------------------------------------------------------------------------------------
                      0.150000    0.000000    0.000000   clock i_clk (rise edge)
                                  0.000000    0.000000   clock network delay (ideal)
                      0.150000    0.000000    0.000000 ^ _1102_/CLK (sky130_fd_sc_hd__dfxtp_2)
     2    0.035334    0.294712    0.862551    0.862551 ^ _1102_/Q (sky130_fd_sc_hd__dfxtp_2)
                                                         o_receive_data[4] (net)
                      0.294712    0.000000    0.862551 ^ _0886_/A1 (sky130_fd_sc_hd__mux2_1)
     1    0.001537    0.058867    0.302084    1.164636 ^ _0886_/X (sky130_fd_sc_hd__mux2_1)
                                                         _0225_ (net)
                      0.058867    0.000000    1.164636 ^ _1102_/D (sky130_fd_sc_hd__dfxtp_2)
                                              1.164636   data arrival time

                      0.150000    0.000000    0.000000   clock i_clk (rise edge)
                                  0.000000    0.000000   clock network delay (ideal)
                                  0.250000    0.250000   clock uncertainty
                                  0.000000    0.250000   clock reconvergence pessimism
                                              0.250000 ^ _1102_/CLK (sky130_fd_sc_hd__dfxtp_2)
                                 -0.056649    0.193351   library hold time
                                              0.193351   data required time
---------------------------------------------------------------------------------------------
                                              0.193351   data required time
                                             -1.164636   data arrival time
---------------------------------------------------------------------------------------------
                                              0.971285   slack (MET)


Startpoint: _1103_ (rising edge-triggered flip-flop clocked by i_clk)
Endpoint: _1103_ (rising edge-triggered flip-flop clocked by i_clk)
Path Group: i_clk
Path Type: min

Fanout         Cap        Slew       Delay        Time   Description
---------------------------------------------------------------------------------------------
                      0.150000    0.000000    0.000000   clock i_clk (rise edge)
                                  0.000000    0.000000   clock network delay (ideal)
                      0.150000    0.000000    0.000000 ^ _1103_/CLK (sky130_fd_sc_hd__dfxtp_2)
     2    0.035334    0.294712    0.862551    0.862551 ^ _1103_/Q (sky130_fd_sc_hd__dfxtp_2)
                                                         o_receive_data[5] (net)
                      0.294712    0.000000    0.862551 ^ _0888_/A1 (sky130_fd_sc_hd__mux2_1)
     1    0.001537    0.058867    0.302084    1.164636 ^ _0888_/X (sky130_fd_sc_hd__mux2_1)
                                                         _0226_ (net)
                      0.058867    0.000000    1.164636 ^ _1103_/D (sky130_fd_sc_hd__dfxtp_2)
                                              1.164636   data arrival time

                      0.150000    0.000000    0.000000   clock i_clk (rise edge)
                                  0.000000    0.000000   clock network delay (ideal)
                                  0.250000    0.250000   clock uncertainty
                                  0.000000    0.250000   clock reconvergence pessimism
                                              0.250000 ^ _1103_/CLK (sky130_fd_sc_hd__dfxtp_2)
                                 -0.056649    0.193351   library hold time
                                              0.193351   data required time
---------------------------------------------------------------------------------------------
                                              0.193351   data required time
                                             -1.164636   data arrival time
---------------------------------------------------------------------------------------------
                                              0.971285   slack (MET)


Startpoint: _1104_ (rising edge-triggered flip-flop clocked by i_clk)
Endpoint: _1104_ (rising edge-triggered flip-flop clocked by i_clk)
Path Group: i_clk
Path Type: min

Fanout         Cap        Slew       Delay        Time   Description
---------------------------------------------------------------------------------------------
                      0.150000    0.000000    0.000000   clock i_clk (rise edge)
                                  0.000000    0.000000   clock network delay (ideal)
                      0.150000    0.000000    0.000000 ^ _1104_/CLK (sky130_fd_sc_hd__dfxtp_2)
     2    0.035334    0.294712    0.862551    0.862551 ^ _1104_/Q (sky130_fd_sc_hd__dfxtp_2)
                                                         o_receive_data[6] (net)
                      0.294712    0.000000    0.862551 ^ _0890_/A1 (sky130_fd_sc_hd__mux2_1)
     1    0.001537    0.058867    0.302084    1.164636 ^ _0890_/X (sky130_fd_sc_hd__mux2_1)
                                                         _0227_ (net)
                      0.058867    0.000000    1.164636 ^ _1104_/D (sky130_fd_sc_hd__dfxtp_2)
                                              1.164636   data arrival time

                      0.150000    0.000000    0.000000   clock i_clk (rise edge)
                                  0.000000    0.000000   clock network delay (ideal)
                                  0.250000    0.250000   clock uncertainty
                                  0.000000    0.250000   clock reconvergence pessimism
                                              0.250000 ^ _1104_/CLK (sky130_fd_sc_hd__dfxtp_2)
                                 -0.056649    0.193351   library hold time
                                              0.193351   data required time
---------------------------------------------------------------------------------------------
                                              0.193351   data required time
                                             -1.164636   data arrival time
---------------------------------------------------------------------------------------------
                                              0.971285   slack (MET)


Startpoint: _1105_ (rising edge-triggered flip-flop clocked by i_clk)
Endpoint: _1105_ (rising edge-triggered flip-flop clocked by i_clk)
Path Group: i_clk
Path Type: min

Fanout         Cap        Slew       Delay        Time   Description
---------------------------------------------------------------------------------------------
                      0.150000    0.000000    0.000000   clock i_clk (rise edge)
                                  0.000000    0.000000   clock network delay (ideal)
                      0.150000    0.000000    0.000000 ^ _1105_/CLK (sky130_fd_sc_hd__dfxtp_2)
     2    0.035334    0.294712    0.862551    0.862551 ^ _1105_/Q (sky130_fd_sc_hd__dfxtp_2)
                                                         o_receive_data[7] (net)
                      0.294712    0.000000    0.862551 ^ _0892_/A1 (sky130_fd_sc_hd__mux2_1)
     1    0.001537    0.058869    0.302084    1.164636 ^ _0892_/X (sky130_fd_sc_hd__mux2_1)
                                                         _0228_ (net)
                      0.058869    0.000000    1.164636 ^ _1105_/D (sky130_fd_sc_hd__dfxtp_2)
                                              1.164636   data arrival time

                      0.150000    0.000000    0.000000   clock i_clk (rise edge)
                                  0.000000    0.000000   clock network delay (ideal)
                                  0.250000    0.250000   clock uncertainty
                                  0.000000    0.250000   clock reconvergence pessimism
                                              0.250000 ^ _1105_/CLK (sky130_fd_sc_hd__dfxtp_2)
                                 -0.056650    0.193350   library hold time
                                              0.193350   data required time
---------------------------------------------------------------------------------------------
                                              0.193350   data required time
                                             -1.164636   data arrival time
---------------------------------------------------------------------------------------------
                                              0.971285   slack (MET)


Startpoint: _1197_ (rising edge-triggered flip-flop clocked by i_clk)
Endpoint: _1186_ (rising edge-triggered flip-flop clocked by i_clk)
Path Group: i_clk
Path Type: min

Fanout         Cap        Slew       Delay        Time   Description
---------------------------------------------------------------------------------------------
                      0.150000    0.000000    0.000000   clock i_clk (rise edge)
                                  0.000000    0.000000   clock network delay (ideal)
                      0.150000    0.000000    0.000000 ^ _1197_/CLK (sky130_fd_sc_hd__dfrtp_2)
     5    0.013549    0.146055    0.792284    0.792284 ^ _1197_/Q (sky130_fd_sc_hd__dfrtp_2)
                                                         u_i2c_master_controller.cntrl_fsm.byte_tx_done (net)
                      0.146055    0.000000    0.792284 ^ _0672_/A (sky130_fd_sc_hd__and3_2)
     2    0.004400    0.094887    0.372683    1.164968 ^ _0672_/X (sky130_fd_sc_hd__and3_2)
                                                         _0041_ (net)
                      0.094887    0.000000    1.164968 ^ _1186_/D (sky130_fd_sc_hd__dfrtp_2)
                                              1.164968   data arrival time

                      0.150000    0.000000    0.000000   clock i_clk (rise edge)
                                  0.000000    0.000000   clock network delay (ideal)
                                  0.250000    0.250000   clock uncertainty
                                  0.000000    0.250000   clock reconvergence pessimism
                                              0.250000 ^ _1186_/CLK (sky130_fd_sc_hd__dfrtp_2)
                                 -0.069426    0.180574   library hold time
                                              0.180574   data required time
---------------------------------------------------------------------------------------------
                                              0.180574   data required time
                                             -1.164968   data arrival time
---------------------------------------------------------------------------------------------
                                              0.984394   slack (MET)


Startpoint: _1072_ (rising edge-triggered flip-flop clocked by i_clk)
Endpoint: _1179_ (rising edge-triggered flip-flop clocked by i_clk)
Path Group: i_clk
Path Type: min

Fanout         Cap        Slew       Delay        Time   Description
---------------------------------------------------------------------------------------------
                      0.150000    0.000000    0.000000   clock i_clk (rise edge)
                                  0.000000    0.000000   clock network delay (ideal)
                      0.150000    0.000000    0.000000 ^ _1072_/CLK (sky130_fd_sc_hd__dfrtp_2)
     3    0.011640    0.133258    0.779212    0.779212 ^ _1072_/Q (sky130_fd_sc_hd__dfrtp_2)
                                                         u_i2c_master_controller.cntrl_fsm.cntrl_fsm.i_slave_addr[3] (net)
                      0.133258    0.000000    0.779212 ^ _0690_/B (sky130_fd_sc_hd__xor2_2)
     1    0.001430    0.087096    0.212020    0.991232 ^ _0690_/X (sky130_fd_sc_hd__xor2_2)
                                                         _0369_ (net)
                      0.087096    0.000000    0.991232 ^ _0699_/A (sky130_fd_sc_hd__or4_2)
     1    0.001853    0.043660    0.187259    1.178490 ^ _0699_/X (sky130_fd_sc_hd__or4_2)
                                                         _0034_ (net)
                      0.043660    0.000000    1.178490 ^ _1179_/D (sky130_fd_sc_hd__dfrtp_2)
                                              1.178490   data arrival time

                      0.150000    0.000000    0.000000   clock i_clk (rise edge)
                                  0.000000    0.000000   clock network delay (ideal)
                                  0.250000    0.250000   clock uncertainty
                                  0.000000    0.250000   clock reconvergence pessimism
                                              0.250000 ^ _1179_/CLK (sky130_fd_sc_hd__dfrtp_2)
                                 -0.057787    0.192213   library hold time
                                              0.192213   data required time
---------------------------------------------------------------------------------------------
                                              0.192213   data required time
                                             -1.178490   data arrival time
---------------------------------------------------------------------------------------------
                                              0.986277   slack (MET)


Startpoint: _1224_ (rising edge-triggered flip-flop clocked by i_clk)
Endpoint: _1229_ (rising edge-triggered flip-flop clocked by i_clk)
Path Group: i_clk
Path Type: min

Fanout         Cap        Slew       Delay        Time   Description
---------------------------------------------------------------------------------------------
                      0.150000    0.000000    0.000000   clock i_clk (rise edge)
                                  0.000000    0.000000   clock network delay (ideal)
                      0.150000    0.000000    0.000000 ^ _1224_/CLK (sky130_fd_sc_hd__dfrtp_2)
     3    0.005452    0.091684    0.736512    0.736512 ^ _1224_/Q (sky130_fd_sc_hd__dfrtp_2)
                                                         u_i2c_master_controller.i2cbus_cntrl_fsm.start_gen.delay_gen.count[11] (net)
                      0.091684    0.000000    0.736512 ^ _0706_/C (sky130_fd_sc_hd__or4_2)
     1    0.001417    0.040356    0.182989    0.919501 ^ _0706_/X (sky130_fd_sc_hd__or4_2)
                                                         _0384_ (net)
                      0.040356    0.000000    0.919501 ^ _0707_/B (sky130_fd_sc_hd__or2_2)
     2    0.007136    0.081845    0.186141    1.105642 ^ _0707_/X (sky130_fd_sc_hd__or2_2)
                                                         _0385_ (net)
                      0.081845    0.000000    1.105642 ^ _0708_/C (sky130_fd_sc_hd__nor3_2)
     2    0.006005    0.043648    0.079295    1.184937 v _0708_/Y (sky130_fd_sc_hd__nor3_2)
                                                         _0070_ (net)
                      0.043648    0.000000    1.184937 v _1229_/D (sky130_fd_sc_hd__dfrtp_2)
                                              1.184937   data arrival time

                      0.150000    0.000000    0.000000   clock i_clk (rise edge)
                                  0.000000    0.000000   clock network delay (ideal)
                                  0.250000    0.250000   clock uncertainty
                                  0.000000    0.250000   clock reconvergence pessimism
                                              0.250000 ^ _1229_/CLK (sky130_fd_sc_hd__dfrtp_2)
                                 -0.060606    0.189394   library hold time
                                              0.189394   data required time
---------------------------------------------------------------------------------------------
                                              0.189394   data required time
                                             -1.184937   data arrival time
---------------------------------------------------------------------------------------------
                                              0.995543   slack (MET)


Startpoint: _1246_ (rising edge-triggered flip-flop clocked by i_clk)
Endpoint: _1251_ (rising edge-triggered flip-flop clocked by i_clk)
Path Group: i_clk
Path Type: min

Fanout         Cap        Slew       Delay        Time   Description
---------------------------------------------------------------------------------------------
                      0.150000    0.000000    0.000000   clock i_clk (rise edge)
                                  0.000000    0.000000   clock network delay (ideal)
                      0.150000    0.000000    0.000000 ^ _1246_/CLK (sky130_fd_sc_hd__dfrtp_2)
     3    0.005452    0.091684    0.736512    0.736512 ^ _1246_/Q (sky130_fd_sc_hd__dfrtp_2)
                                                         u_i2c_master_controller.i2cbus_cntrl_fsm.stop_gen.delay_gen.count[11] (net)
                      0.091684    0.000000    0.736512 ^ _0716_/C (sky130_fd_sc_hd__or4_2)
     1    0.001417    0.040356    0.182989    0.919501 ^ _0716_/X (sky130_fd_sc_hd__or4_2)
                                                         _0393_ (net)
                      0.040356    0.000000    0.919501 ^ _0717_/B (sky130_fd_sc_hd__or2_2)
     2    0.007136    0.081845    0.186141    1.105642 ^ _0717_/X (sky130_fd_sc_hd__or2_2)
                                                         _0394_ (net)
                      0.081845    0.000000    1.105642 ^ _0718_/C (sky130_fd_sc_hd__nor3_2)
     2    0.006005    0.043648    0.079295    1.184937 v _0718_/Y (sky130_fd_sc_hd__nor3_2)
                                                         _0089_ (net)
                      0.043648    0.000000    1.184937 v _1251_/D (sky130_fd_sc_hd__dfrtp_2)
                                              1.184937   data arrival time

                      0.150000    0.000000    0.000000   clock i_clk (rise edge)
                                  0.000000    0.000000   clock network delay (ideal)
                                  0.250000    0.250000   clock uncertainty
                                  0.000000    0.250000   clock reconvergence pessimism
                                              0.250000 ^ _1251_/CLK (sky130_fd_sc_hd__dfrtp_2)
                                 -0.060606    0.189394   library hold time
                                              0.189394   data required time
---------------------------------------------------------------------------------------------
                                              0.189394   data required time
                                             -1.184937   data arrival time
---------------------------------------------------------------------------------------------
                                              0.995543   slack (MET)


Startpoint: _1189_ (rising edge-triggered flip-flop clocked by i_clk)
Endpoint: _1144_ (rising edge-triggered flip-flop clocked by i_clk)
Path Group: i_clk
Path Type: min

Fanout         Cap        Slew       Delay        Time   Description
---------------------------------------------------------------------------------------------
                      0.150000    0.000000    0.000000   clock i_clk (rise edge)
                                  0.000000    0.000000   clock network delay (ideal)
                      0.150000    0.000000    0.000000 ^ _1189_/CLK (sky130_fd_sc_hd__dfrtp_2)
     3    0.008833    0.114440    0.759990    0.759990 ^ _1189_/Q (sky130_fd_sc_hd__dfrtp_2)
                                                         u_i2c_master_controller.cntrl_fsm.cntrl_fsm.o_stop_gen_en (net)
                      0.114440    0.000000    0.759990 ^ _0636_/A1_N (sky130_fd_sc_hd__o2bb2a_2)
     1    0.001838    0.053919    0.424759    1.184748 v _0636_/X (sky130_fd_sc_hd__o2bb2a_2)
                                                         _0032_ (net)
                      0.053919    0.000000    1.184748 v _1144_/D (sky130_fd_sc_hd__dfrtp_2)
                                              1.184748   data arrival time

                      0.150000    0.000000    0.000000   clock i_clk (rise edge)
                                  0.000000    0.000000   clock network delay (ideal)
                                  0.250000    0.250000   clock uncertainty
                                  0.000000    0.250000   clock reconvergence pessimism
                                              0.250000 ^ _1144_/CLK (sky130_fd_sc_hd__dfrtp_2)
                                 -0.064369    0.185631   library hold time
                                              0.185631   data required time
---------------------------------------------------------------------------------------------
                                              0.185631   data required time
                                             -1.184748   data arrival time
---------------------------------------------------------------------------------------------
                                              0.999117   slack (MET)


Startpoint: _1216_ (rising edge-triggered flip-flop clocked by i_clk)
Endpoint: _1216_ (rising edge-triggered flip-flop clocked by i_clk)
Path Group: i_clk
Path Type: min

Fanout         Cap        Slew       Delay        Time   Description
---------------------------------------------------------------------------------------------
                      0.150000    0.000000    0.000000   clock i_clk (rise edge)
                                  0.000000    0.000000   clock network delay (ideal)
                      0.150000    0.000000    0.000000 ^ _1216_/CLK (sky130_fd_sc_hd__dfrtp_2)
     3    0.005427    0.091494    0.736262    0.736262 ^ _1216_/Q (sky130_fd_sc_hd__dfrtp_2)
                                                         u_i2c_master_controller.i2cbus_cntrl_fsm.start_gen.delay_gen.count[3] (net)
                      0.091494    0.000000    0.736262 ^ _0751_/B1 (sky130_fd_sc_hd__a31o_2)
     1    0.001471    0.045192    0.161017    0.897280 ^ _0751_/X (sky130_fd_sc_hd__a31o_2)
                                                         _0412_ (net)
                      0.045192    0.000000    0.897280 ^ _0752_/B (sky130_fd_sc_hd__and3b_2)
     1    0.001853    0.073967    0.326350    1.223629 ^ _0752_/X (sky130_fd_sc_hd__and3b_2)
                                                         _0063_ (net)
                      0.073967    0.000000    1.223629 ^ _1216_/D (sky130_fd_sc_hd__dfrtp_2)
                                              1.223629   data arrival time

                      0.150000    0.000000    0.000000   clock i_clk (rise edge)
                                  0.000000    0.000000   clock network delay (ideal)
                                  0.250000    0.250000   clock uncertainty
                                  0.000000    0.250000   clock reconvergence pessimism
                                              0.250000 ^ _1216_/CLK (sky130_fd_sc_hd__dfrtp_2)
                                 -0.064673    0.185327   library hold time
                                              0.185327   data required time
---------------------------------------------------------------------------------------------
                                              0.185327   data required time
                                             -1.223629   data arrival time
---------------------------------------------------------------------------------------------
                                              1.038302   slack (MET)


Startpoint: _1238_ (rising edge-triggered flip-flop clocked by i_clk)
Endpoint: _1238_ (rising edge-triggered flip-flop clocked by i_clk)
Path Group: i_clk
Path Type: min

Fanout         Cap        Slew       Delay        Time   Description
---------------------------------------------------------------------------------------------
                      0.150000    0.000000    0.000000   clock i_clk (rise edge)
                                  0.000000    0.000000   clock network delay (ideal)
                      0.150000    0.000000    0.000000 ^ _1238_/CLK (sky130_fd_sc_hd__dfrtp_2)
     3    0.005427    0.091494    0.736262    0.736262 ^ _1238_/Q (sky130_fd_sc_hd__dfrtp_2)
                                                         u_i2c_master_controller.i2cbus_cntrl_fsm.stop_gen.delay_gen.count[3] (net)
                      0.091494    0.000000    0.736262 ^ _0795_/B1 (sky130_fd_sc_hd__a31o_2)
     1    0.001471    0.045192    0.161017    0.897280 ^ _0795_/X (sky130_fd_sc_hd__a31o_2)
                                                         _0440_ (net)
                      0.045192    0.000000    0.897280 ^ _0796_/B (sky130_fd_sc_hd__and3b_2)
     1    0.001853    0.073967    0.326350    1.223629 ^ _0796_/X (sky130_fd_sc_hd__and3b_2)
                                                         _0082_ (net)
                      0.073967    0.000000    1.223629 ^ _1238_/D (sky130_fd_sc_hd__dfrtp_2)
                                              1.223629   data arrival time

                      0.150000    0.000000    0.000000   clock i_clk (rise edge)
                                  0.000000    0.000000   clock network delay (ideal)
                                  0.250000    0.250000   clock uncertainty
                                  0.000000    0.250000   clock reconvergence pessimism
                                              0.250000 ^ _1238_/CLK (sky130_fd_sc_hd__dfrtp_2)
                                 -0.064673    0.185327   library hold time
                                              0.185327   data required time
---------------------------------------------------------------------------------------------
                                              0.185327   data required time
                                             -1.223629   data arrival time
---------------------------------------------------------------------------------------------
                                              1.038302   slack (MET)


Startpoint: _1225_ (rising edge-triggered flip-flop clocked by i_clk)
Endpoint: _1225_ (rising edge-triggered flip-flop clocked by i_clk)
Path Group: i_clk
Path Type: min

Fanout         Cap        Slew       Delay        Time   Description
---------------------------------------------------------------------------------------------
                      0.150000    0.000000    0.000000   clock i_clk (rise edge)
                                  0.000000    0.000000   clock network delay (ideal)
                      0.150000    0.000000    0.000000 ^ _1225_/CLK (sky130_fd_sc_hd__dfrtp_2)
     4    0.009228    0.117088    0.762695    0.762695 ^ _1225_/Q (sky130_fd_sc_hd__dfrtp_2)
                                                         u_i2c_master_controller.i2cbus_cntrl_fsm.start_gen.delay_gen.count[12] (net)
                      0.117088    0.000000    0.762695 ^ _0776_/A (sky130_fd_sc_hd__or2_2)
     1    0.001472    0.040470    0.185702    0.948397 ^ _0776_/X (sky130_fd_sc_hd__or2_2)
                                                         _0428_ (net)
                      0.040470    0.000000    0.948397 ^ _0778_/B (sky130_fd_sc_hd__and3_2)
     1    0.001853    0.072981    0.317590    1.265986 ^ _0778_/X (sky130_fd_sc_hd__and3_2)
                                                         _0057_ (net)
                      0.072981    0.000000    1.265986 ^ _1225_/D (sky130_fd_sc_hd__dfrtp_2)
                                              1.265986   data arrival time

                      0.150000    0.000000    0.000000   clock i_clk (rise edge)
                                  0.000000    0.000000   clock network delay (ideal)
                                  0.250000    0.250000   clock uncertainty
                                  0.000000    0.250000   clock reconvergence pessimism
                                              0.250000 ^ _1225_/CLK (sky130_fd_sc_hd__dfrtp_2)
                                 -0.064449    0.185551   library hold time
                                              0.185551   data required time
---------------------------------------------------------------------------------------------
                                              0.185551   data required time
                                             -1.265986   data arrival time
---------------------------------------------------------------------------------------------
                                              1.080435   slack (MET)


Startpoint: _1247_ (rising edge-triggered flip-flop clocked by i_clk)
Endpoint: _1247_ (rising edge-triggered flip-flop clocked by i_clk)
Path Group: i_clk
Path Type: min

Fanout         Cap        Slew       Delay        Time   Description
---------------------------------------------------------------------------------------------
                      0.150000    0.000000    0.000000   clock i_clk (rise edge)
                                  0.000000    0.000000   clock network delay (ideal)
                      0.150000    0.000000    0.000000 ^ _1247_/CLK (sky130_fd_sc_hd__dfrtp_2)
     4    0.009228    0.117088    0.762695    0.762695 ^ _1247_/Q (sky130_fd_sc_hd__dfrtp_2)
                                                         u_i2c_master_controller.i2cbus_cntrl_fsm.stop_gen.delay_gen.count[12] (net)
                      0.117088    0.000000    0.762695 ^ _0820_/A (sky130_fd_sc_hd__or2_2)
     1    0.001472    0.040470    0.185702    0.948397 ^ _0820_/X (sky130_fd_sc_hd__or2_2)
                                                         _0456_ (net)
                      0.040470    0.000000    0.948397 ^ _0822_/B (sky130_fd_sc_hd__and3_2)
     1    0.001853    0.072981    0.317590    1.265986 ^ _0822_/X (sky130_fd_sc_hd__and3_2)
                                                         _0076_ (net)
                      0.072981    0.000000    1.265986 ^ _1247_/D (sky130_fd_sc_hd__dfrtp_2)
                                              1.265986   data arrival time

                      0.150000    0.000000    0.000000   clock i_clk (rise edge)
                                  0.000000    0.000000   clock network delay (ideal)
                                  0.250000    0.250000   clock uncertainty
                                  0.000000    0.250000   clock reconvergence pessimism
                                              0.250000 ^ _1247_/CLK (sky130_fd_sc_hd__dfrtp_2)
                                 -0.064449    0.185551   library hold time
                                              0.185551   data required time
---------------------------------------------------------------------------------------------
                                              0.185551   data required time
                                             -1.265986   data arrival time
---------------------------------------------------------------------------------------------
                                              1.080435   slack (MET)


Startpoint: _1135_ (rising edge-triggered flip-flop clocked by i_clk)
Endpoint: _1135_ (rising edge-triggered flip-flop clocked by i_clk)
Path Group: i_clk
Path Type: min

Fanout         Cap        Slew       Delay        Time   Description
---------------------------------------------------------------------------------------------
                      0.150000    0.000000    0.000000   clock i_clk (rise edge)
                                  0.000000    0.000000   clock network delay (ideal)
                      0.150000    0.000000    0.000000 ^ _1135_/CLK (sky130_fd_sc_hd__dfrtp_2)
     4    0.010029    0.122458    0.768180    0.768180 ^ _1135_/Q (sky130_fd_sc_hd__dfrtp_2)
                                                         u_i2c_master_controller.i2cbus_cntrl_fsm.scl_gen.count[4] (net)
                      0.122458    0.000000    0.768180 ^ _0593_/B1 (sky130_fd_sc_hd__a21o_2)
     1    0.001508    0.037683    0.159672    0.927851 ^ _0593_/X (sky130_fd_sc_hd__a21o_2)
                                                         _0330_ (net)
                      0.037683    0.000000    0.927851 ^ _0594_/C (sky130_fd_sc_hd__and3b_2)
     1    0.001853    0.074046    0.339469    1.267321 ^ _0594_/X (sky130_fd_sc_hd__and3b_2)
                                                         _0258_ (net)
                      0.074046    0.000000    1.267321 ^ _1135_/D (sky130_fd_sc_hd__dfrtp_2)
                                              1.267321   data arrival time

                      0.150000    0.000000    0.000000   clock i_clk (rise edge)
                                  0.000000    0.000000   clock network delay (ideal)
                                  0.250000    0.250000   clock uncertainty
                                  0.000000    0.250000   clock reconvergence pessimism
                                              0.250000 ^ _1135_/CLK (sky130_fd_sc_hd__dfrtp_2)
                                 -0.064691    0.185309   library hold time
                                              0.185309   data required time
---------------------------------------------------------------------------------------------
                                              0.185309   data required time
                                             -1.267321   data arrival time
---------------------------------------------------------------------------------------------
                                              1.082011   slack (MET)


Startpoint: _1241_ (rising edge-triggered flip-flop clocked by i_clk)
Endpoint: _1241_ (rising edge-triggered flip-flop clocked by i_clk)
Path Group: i_clk
Path Type: min

Fanout         Cap        Slew       Delay        Time   Description
---------------------------------------------------------------------------------------------
                      0.150000    0.000000    0.000000   clock i_clk (rise edge)
                                  0.000000    0.000000   clock network delay (ideal)
                      0.150000    0.000000    0.000000 ^ _1241_/CLK (sky130_fd_sc_hd__dfrtp_2)
     5    0.010642    0.126567    0.772377    0.772377 ^ _1241_/Q (sky130_fd_sc_hd__dfrtp_2)
                                                         u_i2c_master_controller.i2cbus_cntrl_fsm.stop_gen.delay_gen.count[6] (net)
                      0.126567    0.000000    0.772377 ^ _0802_/A (sky130_fd_sc_hd__nand2_2)
     2    0.006094    0.077520    0.119171    0.891548 v _0802_/Y (sky130_fd_sc_hd__nand2_2)
                                                         _0444_ (net)
                      0.077520    0.000000    0.891548 v _0804_/B (sky130_fd_sc_hd__and3_2)
     1    0.001838    0.062147    0.392124    1.283672 v _0804_/X (sky130_fd_sc_hd__and3_2)
                                                         _0085_ (net)
                      0.062147    0.000000    1.283672 v _1241_/D (sky130_fd_sc_hd__dfrtp_2)
                                              1.283672   data arrival time

                      0.150000    0.000000    0.000000   clock i_clk (rise edge)
                                  0.000000    0.000000   clock network delay (ideal)
                                  0.250000    0.250000   clock uncertainty
                                  0.000000    0.250000   clock reconvergence pessimism
                                              0.250000 ^ _1241_/CLK (sky130_fd_sc_hd__dfrtp_2)
                                 -0.067383    0.182617   library hold time
                                              0.182617   data required time
---------------------------------------------------------------------------------------------
                                              0.182617   data required time
                                             -1.283672   data arrival time
---------------------------------------------------------------------------------------------
                                              1.101056   slack (MET)


Startpoint: _1127_ (rising edge-triggered flip-flop clocked by i_clk)
Endpoint: _1127_ (rising edge-triggered flip-flop clocked by i_clk)
Path Group: i_clk
Path Type: min

Fanout         Cap        Slew       Delay        Time   Description
---------------------------------------------------------------------------------------------
                      0.150000    0.000000    0.000000   clock i_clk (rise edge)
                                  0.000000    0.000000   clock network delay (ideal)
                      0.150000    0.000000    0.000000 ^ _1127_/CLK (sky130_fd_sc_hd__dfrtp_2)
     3    0.015665    0.160240    0.806774    0.806774 ^ _1127_/Q (sky130_fd_sc_hd__dfrtp_2)
                                                         u_i2c_master_controller.cntrl_fsm.cntrl_fsm.byte_count_i[7] (net)
                      0.160240    0.000000    0.806774 ^ _0954_/B1 (sky130_fd_sc_hd__a21o_2)
     1    0.001472    0.037881    0.175962    0.982737 ^ _0954_/X (sky130_fd_sc_hd__a21o_2)
                                                         _0526_ (net)
                      0.037881    0.000000    0.982737 ^ _0956_/B (sky130_fd_sc_hd__and3_2)
     1    0.001853    0.073044    0.316585    1.299322 ^ _0956_/X (sky130_fd_sc_hd__and3_2)
                                                         _0250_ (net)
                      0.073044    0.000000    1.299322 ^ _1127_/D (sky130_fd_sc_hd__dfrtp_2)
                                              1.299322   data arrival time

                      0.150000    0.000000    0.000000   clock i_clk (rise edge)
                                  0.000000    0.000000   clock network delay (ideal)
                                  0.250000    0.250000   clock uncertainty
                                  0.000000    0.250000   clock reconvergence pessimism
                                              0.250000 ^ _1127_/CLK (sky130_fd_sc_hd__dfrtp_2)
                                 -0.064463    0.185537   library hold time
                                              0.185537   data required time
---------------------------------------------------------------------------------------------
                                              0.185537   data required time
                                             -1.299322   data arrival time
---------------------------------------------------------------------------------------------
                                              1.113785   slack (MET)


Startpoint: _1122_ (rising edge-triggered flip-flop clocked by i_clk)
Endpoint: _1122_ (rising edge-triggered flip-flop clocked by i_clk)
Path Group: i_clk
Path Type: min

Fanout         Cap        Slew       Delay        Time   Description
---------------------------------------------------------------------------------------------
                      0.150000    0.000000    0.000000   clock i_clk (rise edge)
                                  0.000000    0.000000   clock network delay (ideal)
                      0.150000    0.000000    0.000000 ^ _1122_/CLK (sky130_fd_sc_hd__dfrtp_2)
     3    0.012411    0.138426    0.784491    0.784491 ^ _1122_/Q (sky130_fd_sc_hd__dfrtp_2)
                                                         u_i2c_master_controller.cntrl_fsm.cntrl_fsm.byte_count_i[2] (net)
                      0.138426    0.000000    0.784491 ^ _0940_/A (sky130_fd_sc_hd__or2_2)
     1    0.001471    0.040372    0.195703    0.980195 ^ _0940_/X (sky130_fd_sc_hd__or2_2)
                                                         _0517_ (net)
                      0.040372    0.000000    0.980195 ^ _0941_/B (sky130_fd_sc_hd__and3b_2)
     1    0.001853    0.074114    0.324485    1.304680 ^ _0941_/X (sky130_fd_sc_hd__and3b_2)
                                                         _0245_ (net)
                      0.074114    0.000000    1.304680 ^ _1122_/D (sky130_fd_sc_hd__dfrtp_2)
                                              1.304680   data arrival time

                      0.150000    0.000000    0.000000   clock i_clk (rise edge)
                                  0.000000    0.000000   clock network delay (ideal)
                                  0.250000    0.250000   clock uncertainty
                                  0.000000    0.250000   clock reconvergence pessimism
                                              0.250000 ^ _1122_/CLK (sky130_fd_sc_hd__dfrtp_2)
                                 -0.064706    0.185294   library hold time
                                              0.185294   data required time
---------------------------------------------------------------------------------------------
                                              0.185294   data required time
                                             -1.304680   data arrival time
---------------------------------------------------------------------------------------------
                                              1.119386   slack (MET)


Startpoint: _1139_ (rising edge-triggered flip-flop clocked by i_clk)
Endpoint: _1139_ (rising edge-triggered flip-flop clocked by i_clk)
Path Group: i_clk
Path Type: min

Fanout         Cap        Slew       Delay        Time   Description
---------------------------------------------------------------------------------------------
                      0.150000    0.000000    0.000000   clock i_clk (rise edge)
                                  0.000000    0.000000   clock network delay (ideal)
                      0.150000    0.000000    0.000000 ^ _1139_/CLK (sky130_fd_sc_hd__dfrtp_2)
     3    0.015973    0.162305    0.808884    0.808884 ^ _1139_/Q (sky130_fd_sc_hd__dfrtp_2)
                                                         u_i2c_master_controller.i2cbus_cntrl_fsm.scl_gen.count[8] (net)
                      0.162305    0.000000    0.808884 ^ _0582_/B1 (sky130_fd_sc_hd__a31o_2)
     1    0.001386    0.044868    0.192182    1.001066 ^ _0582_/X (sky130_fd_sc_hd__a31o_2)
                                                         _0323_ (net)
                      0.044868    0.000000    1.001066 ^ _0585_/A (sky130_fd_sc_hd__and3_2)
     1    0.001853    0.073029    0.304837    1.305902 ^ _0585_/X (sky130_fd_sc_hd__and3_2)
                                                         _0262_ (net)
                      0.073029    0.000000    1.305902 ^ _1139_/D (sky130_fd_sc_hd__dfrtp_2)
                                              1.305902   data arrival time

                      0.150000    0.000000    0.000000   clock i_clk (rise edge)
                                  0.000000    0.000000   clock network delay (ideal)
                                  0.250000    0.250000   clock uncertainty
                                  0.000000    0.250000   clock reconvergence pessimism
                                              0.250000 ^ _1139_/CLK (sky130_fd_sc_hd__dfrtp_2)
                                 -0.064460    0.185540   library hold time
                                              0.185540   data required time
---------------------------------------------------------------------------------------------
                                              0.185540   data required time
                                             -1.305902   data arrival time
---------------------------------------------------------------------------------------------
                                              1.120362   slack (MET)


Startpoint: _1124_ (rising edge-triggered flip-flop clocked by i_clk)
Endpoint: _1124_ (rising edge-triggered flip-flop clocked by i_clk)
Path Group: i_clk
Path Type: min

Fanout         Cap        Slew       Delay        Time   Description
---------------------------------------------------------------------------------------------
                      0.150000    0.000000    0.000000   clock i_clk (rise edge)
                                  0.000000    0.000000   clock network delay (ideal)
                      0.150000    0.000000    0.000000 ^ _1124_/CLK (sky130_fd_sc_hd__dfrtp_2)
     4    0.013998    0.149065    0.795359    0.795359 ^ _1124_/Q (sky130_fd_sc_hd__dfrtp_2)
                                                         u_i2c_master_controller.cntrl_fsm.cntrl_fsm.byte_count_i[4] (net)
                      0.149065    0.000000    0.795359 ^ _0945_/B1 (sky130_fd_sc_hd__a21o_2)
     1    0.001508    0.038005    0.171370    0.966729 ^ _0945_/X (sky130_fd_sc_hd__a21o_2)
                                                         _0520_ (net)
                      0.038005    0.000000    0.966729 ^ _0947_/C (sky130_fd_sc_hd__and3b_2)
     1    0.001853    0.074024    0.339596    1.306325 ^ _0947_/X (sky130_fd_sc_hd__and3b_2)
                                                         _0247_ (net)
                      0.074024    0.000000    1.306325 ^ _1124_/D (sky130_fd_sc_hd__dfrtp_2)
                                              1.306325   data arrival time

                      0.150000    0.000000    0.000000   clock i_clk (rise edge)
                                  0.000000    0.000000   clock network delay (ideal)
                                  0.250000    0.250000   clock uncertainty
                                  0.000000    0.250000   clock reconvergence pessimism
                                              0.250000 ^ _1124_/CLK (sky130_fd_sc_hd__dfrtp_2)
                                 -0.064686    0.185314   library hold time
                                              0.185314   data required time
---------------------------------------------------------------------------------------------
                                              0.185314   data required time
                                             -1.306325   data arrival time
---------------------------------------------------------------------------------------------
                                              1.121011   slack (MET)


Startpoint: _1214_ (rising edge-triggered flip-flop clocked by i_clk)
Endpoint: _1214_ (rising edge-triggered flip-flop clocked by i_clk)
Path Group: i_clk
Path Type: min

Fanout         Cap        Slew       Delay        Time   Description
---------------------------------------------------------------------------------------------
                      0.150000    0.000000    0.000000   clock i_clk (rise edge)
                                  0.000000    0.000000   clock network delay (ideal)
                      0.150000    0.000000    0.000000 ^ _1214_/CLK (sky130_fd_sc_hd__dfrtp_2)
     6    0.013824    0.147899    0.794167    0.794167 ^ _1214_/Q (sky130_fd_sc_hd__dfrtp_2)
                                                         u_i2c_master_controller.i2cbus_cntrl_fsm.start_gen.delay_gen.count[1] (net)
                      0.147899    0.000000    0.794167 ^ _0745_/A (sky130_fd_sc_hd__or2_2)
     1    0.001472    0.040536    0.200156    0.994323 ^ _0745_/X (sky130_fd_sc_hd__or2_2)
                                                         _0408_ (net)
                      0.040536    0.000000    0.994323 ^ _0747_/B (sky130_fd_sc_hd__and3_2)
     1    0.001853    0.072968    0.317615    1.311939 ^ _0747_/X (sky130_fd_sc_hd__and3_2)
                                                         _0061_ (net)
                      0.072968    0.000000    1.311939 ^ _1214_/D (sky130_fd_sc_hd__dfrtp_2)
                                              1.311939   data arrival time

                      0.150000    0.000000    0.000000   clock i_clk (rise edge)
                                  0.000000    0.000000   clock network delay (ideal)
                                  0.250000    0.250000   clock uncertainty
                                  0.000000    0.250000   clock reconvergence pessimism
                                              0.250000 ^ _1214_/CLK (sky130_fd_sc_hd__dfrtp_2)
                                 -0.064446    0.185554   library hold time
                                              0.185554   data required time
---------------------------------------------------------------------------------------------
                                              0.185554   data required time
                                             -1.311939   data arrival time
---------------------------------------------------------------------------------------------
                                              1.126384   slack (MET)


Startpoint: _1236_ (rising edge-triggered flip-flop clocked by i_clk)
Endpoint: _1236_ (rising edge-triggered flip-flop clocked by i_clk)
Path Group: i_clk
Path Type: min

Fanout         Cap        Slew       Delay        Time   Description
---------------------------------------------------------------------------------------------
                      0.150000    0.000000    0.000000   clock i_clk (rise edge)
                                  0.000000    0.000000   clock network delay (ideal)
                      0.150000    0.000000    0.000000 ^ _1236_/CLK (sky130_fd_sc_hd__dfrtp_2)
     6    0.013824    0.147899    0.794167    0.794167 ^ _1236_/Q (sky130_fd_sc_hd__dfrtp_2)
                                                         u_i2c_master_controller.i2cbus_cntrl_fsm.stop_gen.delay_gen.count[1] (net)
                      0.147899    0.000000    0.794167 ^ _0789_/A (sky130_fd_sc_hd__or2_2)
     1    0.001472    0.040536    0.200156    0.994323 ^ _0789_/X (sky130_fd_sc_hd__or2_2)
                                                         _0436_ (net)
                      0.040536    0.000000    0.994323 ^ _0791_/B (sky130_fd_sc_hd__and3_2)
     1    0.001853    0.072968    0.317615    1.311939 ^ _0791_/X (sky130_fd_sc_hd__and3_2)
                                                         _0080_ (net)
                      0.072968    0.000000    1.311939 ^ _1236_/D (sky130_fd_sc_hd__dfrtp_2)
                                              1.311939   data arrival time

                      0.150000    0.000000    0.000000   clock i_clk (rise edge)
                                  0.000000    0.000000   clock network delay (ideal)
                                  0.250000    0.250000   clock uncertainty
                                  0.000000    0.250000   clock reconvergence pessimism
                                              0.250000 ^ _1236_/CLK (sky130_fd_sc_hd__dfrtp_2)
                                 -0.064446    0.185554   library hold time
                                              0.185554   data required time
---------------------------------------------------------------------------------------------
                                              0.185554   data required time
                                             -1.311939   data arrival time
---------------------------------------------------------------------------------------------
                                              1.126384   slack (MET)


Startpoint: _1125_ (rising edge-triggered flip-flop clocked by i_clk)
Endpoint: _1125_ (rising edge-triggered flip-flop clocked by i_clk)
Path Group: i_clk
Path Type: min

Fanout         Cap        Slew       Delay        Time   Description
---------------------------------------------------------------------------------------------
                      0.150000    0.000000    0.000000   clock i_clk (rise edge)
                                  0.000000    0.000000   clock network delay (ideal)
                      0.150000    0.000000    0.000000 ^ _1125_/CLK (sky130_fd_sc_hd__dfrtp_2)
     3    0.011466    0.132091    0.778020    0.778020 ^ _1125_/Q (sky130_fd_sc_hd__dfrtp_2)
                                                         u_i2c_master_controller.cntrl_fsm.cntrl_fsm.byte_count_i[5] (net)
                      0.132091    0.000000    0.778020 ^ _0948_/A (sky130_fd_sc_hd__or2_2)
     1    0.001508    0.040660    0.193060    0.971080 ^ _0948_/X (sky130_fd_sc_hd__or2_2)
                                                         _0522_ (net)
                      0.040660    0.000000    0.971080 ^ _0950_/C (sky130_fd_sc_hd__and3b_2)
     1    0.001853    0.074041    0.340645    1.311725 ^ _0950_/X (sky130_fd_sc_hd__and3b_2)
                                                         _0248_ (net)
                      0.074041    0.000000    1.311725 ^ _1125_/D (sky130_fd_sc_hd__dfrtp_2)
                                              1.311725   data arrival time

                      0.150000    0.000000    0.000000   clock i_clk (rise edge)
                                  0.000000    0.000000   clock network delay (ideal)
                                  0.250000    0.250000   clock uncertainty
                                  0.000000    0.250000   clock reconvergence pessimism
                                              0.250000 ^ _1125_/CLK (sky130_fd_sc_hd__dfrtp_2)
                                 -0.064690    0.185310   library hold time
                                              0.185310   data required time
---------------------------------------------------------------------------------------------
                                              0.185310   data required time
                                             -1.311725   data arrival time
---------------------------------------------------------------------------------------------
                                              1.126414   slack (MET)


Startpoint: _1132_ (rising edge-triggered flip-flop clocked by i_clk)
Endpoint: _1132_ (rising edge-triggered flip-flop clocked by i_clk)
Path Group: i_clk
Path Type: min

Fanout         Cap        Slew       Delay        Time   Description
---------------------------------------------------------------------------------------------
                      0.150000    0.000000    0.000000   clock i_clk (rise edge)
                                  0.000000    0.000000   clock network delay (ideal)
                      0.150000    0.000000    0.000000 ^ _1132_/CLK (sky130_fd_sc_hd__dfrtp_2)
     4    0.014566    0.152873    0.799249    0.799249 ^ _1132_/Q (sky130_fd_sc_hd__dfrtp_2)
                                                         u_i2c_master_controller.i2cbus_cntrl_fsm.scl_gen.count[1] (net)
                      0.152873    0.000000    0.799249 ^ _0599_/B1 (sky130_fd_sc_hd__a21o_2)
     1    0.001508    0.038051    0.173044    0.972293 ^ _0599_/X (sky130_fd_sc_hd__a21o_2)
                                                         _0333_ (net)
                      0.038051    0.000000    0.972293 ^ _0600_/C (sky130_fd_sc_hd__and3b_2)
     1    0.001853    0.074045    0.339614    1.311907 ^ _0600_/X (sky130_fd_sc_hd__and3b_2)
                                                         _0255_ (net)
                      0.074045    0.000000    1.311907 ^ _1132_/D (sky130_fd_sc_hd__dfrtp_2)
                                              1.311907   data arrival time

                      0.150000    0.000000    0.000000   clock i_clk (rise edge)
                                  0.000000    0.000000   clock network delay (ideal)
                                  0.250000    0.250000   clock uncertainty
                                  0.000000    0.250000   clock reconvergence pessimism
                                              0.250000 ^ _1132_/CLK (sky130_fd_sc_hd__dfrtp_2)
                                 -0.064691    0.185309   library hold time
                                              0.185309   data required time
---------------------------------------------------------------------------------------------
                                              0.185309   data required time
                                             -1.311907   data arrival time
---------------------------------------------------------------------------------------------
                                              1.126598   slack (MET)


Startpoint: _1219_ (rising edge-triggered flip-flop clocked by i_clk)
Endpoint: _1219_ (rising edge-triggered flip-flop clocked by i_clk)
Path Group: i_clk
Path Type: min

Fanout         Cap        Slew       Delay        Time   Description
---------------------------------------------------------------------------------------------
                      0.150000    0.000000    0.000000   clock i_clk (rise edge)
                                  0.000000    0.000000   clock network delay (ideal)
                      0.150000    0.000000    0.000000 ^ _1219_/CLK (sky130_fd_sc_hd__dfrtp_2)
     5    0.013733    0.147289    0.793544    0.793544 ^ _1219_/Q (sky130_fd_sc_hd__dfrtp_2)
                                                         u_i2c_master_controller.i2cbus_cntrl_fsm.start_gen.delay_gen.count[6] (net)
                      0.147289    0.000000    0.793544 ^ _0758_/A (sky130_fd_sc_hd__nand2_2)
     2    0.006094    0.077520    0.127270    0.920814 v _0758_/Y (sky130_fd_sc_hd__nand2_2)
                                                         _0416_ (net)
                      0.077520    0.000000    0.920814 v _0760_/B (sky130_fd_sc_hd__and3_2)
     1    0.001838    0.062147    0.392124    1.312938 v _0760_/X (sky130_fd_sc_hd__and3_2)
                                                         _0066_ (net)
                      0.062147    0.000000    1.312938 v _1219_/D (sky130_fd_sc_hd__dfrtp_2)
                                              1.312938   data arrival time

                      0.150000    0.000000    0.000000   clock i_clk (rise edge)
                                  0.000000    0.000000   clock network delay (ideal)
                                  0.250000    0.250000   clock uncertainty
                                  0.000000    0.250000   clock reconvergence pessimism
                                              0.250000 ^ _1219_/CLK (sky130_fd_sc_hd__dfrtp_2)
                                 -0.067383    0.182617   library hold time
                                              0.182617   data required time
---------------------------------------------------------------------------------------------
                                              0.182617   data required time
                                             -1.312938   data arrival time
---------------------------------------------------------------------------------------------
                                              1.130321   slack (MET)


Startpoint: _1121_ (rising edge-triggered flip-flop clocked by i_clk)
Endpoint: _1121_ (rising edge-triggered flip-flop clocked by i_clk)
Path Group: i_clk
Path Type: min

Fanout         Cap        Slew       Delay        Time   Description
---------------------------------------------------------------------------------------------
                      0.150000    0.000000    0.000000   clock i_clk (rise edge)
                                  0.000000    0.000000   clock network delay (ideal)
                      0.150000    0.000000    0.000000 ^ _1121_/CLK (sky130_fd_sc_hd__dfrtp_2)
     4    0.015047    0.156097    0.802543    0.802543 ^ _1121_/Q (sky130_fd_sc_hd__dfrtp_2)
                                                         u_i2c_master_controller.cntrl_fsm.cntrl_fsm.byte_count_i[1] (net)
                      0.156097    0.000000    0.802543 ^ _0936_/B1 (sky130_fd_sc_hd__a21o_2)
     1    0.001508    0.038090    0.174462    0.977004 ^ _0936_/X (sky130_fd_sc_hd__a21o_2)
                                                         _0514_ (net)
                      0.038090    0.000000    0.977004 ^ _0938_/C (sky130_fd_sc_hd__and3b_2)
     1    0.001853    0.074024    0.339629    1.316634 ^ _0938_/X (sky130_fd_sc_hd__and3b_2)
                                                         _0244_ (net)
                      0.074024    0.000000    1.316634 ^ _1121_/D (sky130_fd_sc_hd__dfrtp_2)
                                              1.316634   data arrival time

                      0.150000    0.000000    0.000000   clock i_clk (rise edge)
                                  0.000000    0.000000   clock network delay (ideal)
                                  0.250000    0.250000   clock uncertainty
                                  0.000000    0.250000   clock reconvergence pessimism
                                              0.250000 ^ _1121_/CLK (sky130_fd_sc_hd__dfrtp_2)
                                 -0.064686    0.185314   library hold time
                                              0.185314   data required time
---------------------------------------------------------------------------------------------
                                              0.185314   data required time
                                             -1.316634   data arrival time
---------------------------------------------------------------------------------------------
                                              1.131320   slack (MET)


Startpoint: _1123_ (rising edge-triggered flip-flop clocked by i_clk)
Endpoint: _1123_ (rising edge-triggered flip-flop clocked by i_clk)
Path Group: i_clk
Path Type: min

Fanout         Cap        Slew       Delay        Time   Description
---------------------------------------------------------------------------------------------
                      0.150000    0.000000    0.000000   clock i_clk (rise edge)
                                  0.000000    0.000000   clock network delay (ideal)
                      0.150000    0.000000    0.000000 ^ _1123_/CLK (sky130_fd_sc_hd__dfrtp_2)
     6    0.019815    0.188248    0.833264    0.833264 ^ _1123_/Q (sky130_fd_sc_hd__dfrtp_2)
                                                         u_i2c_master_controller.cntrl_fsm.cntrl_fsm.byte_count_i[3] (net)
                      0.188248    0.000000    0.833264 ^ _0942_/A (sky130_fd_sc_hd__nand2_2)
     1    0.001424    0.044206    0.105483    0.938747 v _0942_/Y (sky130_fd_sc_hd__nand2_2)
                                                         _0518_ (net)
                      0.044206    0.000000    0.938747 v _0944_/B (sky130_fd_sc_hd__and3_2)
     1    0.001838    0.062313    0.376214    1.314961 v _0944_/X (sky130_fd_sc_hd__and3_2)
                                                         _0246_ (net)
                      0.062313    0.000000    1.314961 v _1123_/D (sky130_fd_sc_hd__dfrtp_2)
                                              1.314961   data arrival time

                      0.150000    0.000000    0.000000   clock i_clk (rise edge)
                                  0.000000    0.000000   clock network delay (ideal)
                                  0.250000    0.250000   clock uncertainty
                                  0.000000    0.250000   clock reconvergence pessimism
                                              0.250000 ^ _1123_/CLK (sky130_fd_sc_hd__dfrtp_2)
                                 -0.067444    0.182556   library hold time
                                              0.182556   data required time
---------------------------------------------------------------------------------------------
                                              0.182556   data required time
                                             -1.314961   data arrival time
---------------------------------------------------------------------------------------------
                                              1.132406   slack (MET)


Startpoint: _1239_ (rising edge-triggered flip-flop clocked by i_clk)
Endpoint: _1239_ (rising edge-triggered flip-flop clocked by i_clk)
Path Group: i_clk
Path Type: min

Fanout         Cap        Slew       Delay        Time   Description
---------------------------------------------------------------------------------------------
                      0.150000    0.000000    0.000000   clock i_clk (rise edge)
                                  0.000000    0.000000   clock network delay (ideal)
                      0.150000    0.000000    0.000000 ^ _1239_/CLK (sky130_fd_sc_hd__dfrtp_2)
     6    0.015087    0.156365    0.802816    0.802816 ^ _1239_/Q (sky130_fd_sc_hd__dfrtp_2)
                                                         u_i2c_master_controller.i2cbus_cntrl_fsm.stop_gen.delay_gen.count[4] (net)
                      0.156365    0.000000    0.802816 ^ _0797_/A (sky130_fd_sc_hd__nand2_2)
     2    0.005657    0.081236    0.128063    0.930880 v _0797_/Y (sky130_fd_sc_hd__nand2_2)
                                                         _0441_ (net)
                      0.081236    0.000000    0.930880 v _0799_/B (sky130_fd_sc_hd__and3_2)
     1    0.001838    0.062147    0.393934    1.324814 v _0799_/X (sky130_fd_sc_hd__and3_2)
                                                         _0083_ (net)
                      0.062147    0.000000    1.324814 v _1239_/D (sky130_fd_sc_hd__dfrtp_2)
                                              1.324814   data arrival time

                      0.150000    0.000000    0.000000   clock i_clk (rise edge)
                                  0.000000    0.000000   clock network delay (ideal)
                                  0.250000    0.250000   clock uncertainty
                                  0.000000    0.250000   clock reconvergence pessimism
                                              0.250000 ^ _1239_/CLK (sky130_fd_sc_hd__dfrtp_2)
                                 -0.067383    0.182617   library hold time
                                              0.182617   data required time
---------------------------------------------------------------------------------------------
                                              0.182617   data required time
                                             -1.324814   data arrival time
---------------------------------------------------------------------------------------------
                                              1.142198   slack (MET)


Startpoint: _1210_ (rising edge-triggered flip-flop clocked by i_clk)
Endpoint: _1259_ (rising edge-triggered flip-flop clocked by i_clk)
Path Group: i_clk
Path Type: min

Fanout         Cap        Slew       Delay        Time   Description
---------------------------------------------------------------------------------------------
                      0.150000    0.000000    0.000000   clock i_clk (rise edge)
                                  0.000000    0.000000   clock network delay (ideal)
                      0.150000    0.000000    0.000000 ^ _1210_/CLK (sky130_fd_sc_hd__dfstp_2)
     1    0.001996    0.035711    0.733854    0.733854 v _1210_/Q (sky130_fd_sc_hd__dfstp_2)
                                                         u_i2c_master_controller.i2cbus_cntrl_fsm.o_i2c_master_scl (net)
                      0.035711    0.000000    0.733854 v _0975_/A (sky130_fd_sc_hd__buf_1)
     1    0.003866    0.063182    0.155009    0.888863 v _0975_/X (sky130_fd_sc_hd__buf_1)
                                                         _0529_ (net)
                      0.063182    0.000000    0.888863 v _1289_/TE_B (sky130_fd_sc_hd__ebufn_2)
     2    0.040347    0.000000    0.420426    1.309289 v _1289_/Z (sky130_fd_sc_hd__ebufn_2)
                                                         io_scl (net)
                      0.000000    0.000000    1.309289 v _0574_/A (sky130_fd_sc_hd__inv_2)
     1    0.001853    0.026608    0.031060    1.340349 ^ _0574_/Y (sky130_fd_sc_hd__inv_2)
                                                         _0043_ (net)
                      0.026608    0.000000    1.340349 ^ _1259_/D (sky130_fd_sc_hd__dfrtp_2)
                                              1.340349   data arrival time

                      0.150000    0.000000    0.000000   clock i_clk (rise edge)
                                  0.000000    0.000000   clock network delay (ideal)
                                  0.250000    0.250000   clock uncertainty
                                  0.000000    0.250000   clock reconvergence pessimism
                                              0.250000 ^ _1259_/CLK (sky130_fd_sc_hd__dfrtp_2)
                                 -0.053912    0.196088   library hold time
                                              0.196088   data required time
---------------------------------------------------------------------------------------------
                                              0.196088   data required time
                                             -1.340349   data arrival time
---------------------------------------------------------------------------------------------
                                              1.144261   slack (MET)


Startpoint: _1217_ (rising edge-triggered flip-flop clocked by i_clk)
Endpoint: _1217_ (rising edge-triggered flip-flop clocked by i_clk)
Path Group: i_clk
Path Type: min

Fanout         Cap        Slew       Delay        Time   Description
---------------------------------------------------------------------------------------------
                      0.150000    0.000000    0.000000   clock i_clk (rise edge)
                                  0.000000    0.000000   clock network delay (ideal)
                      0.150000    0.000000    0.000000 ^ _1217_/CLK (sky130_fd_sc_hd__dfrtp_2)
     5    0.017416    0.171979    0.818765    0.818765 ^ _1217_/Q (sky130_fd_sc_hd__dfrtp_2)
                                                         u_i2c_master_controller.i2cbus_cntrl_fsm.start_gen.delay_gen.count[4] (net)
                      0.171979    0.000000    0.818765 ^ _0753_/A (sky130_fd_sc_hd__nand2_2)
     2    0.005657    0.081236    0.134157    0.952922 v _0753_/Y (sky130_fd_sc_hd__nand2_2)
                                                         _0413_ (net)
                      0.081236    0.000000    0.952922 v _0755_/B (sky130_fd_sc_hd__and3_2)
     1    0.001838    0.062147    0.393934    1.346856 v _0755_/X (sky130_fd_sc_hd__and3_2)
                                                         _0064_ (net)
                      0.062147    0.000000    1.346856 v _1217_/D (sky130_fd_sc_hd__dfrtp_2)
                                              1.346856   data arrival time

                      0.150000    0.000000    0.000000   clock i_clk (rise edge)
                                  0.000000    0.000000   clock network delay (ideal)
                                  0.250000    0.250000   clock uncertainty
                                  0.000000    0.250000   clock reconvergence pessimism
                                              0.250000 ^ _1217_/CLK (sky130_fd_sc_hd__dfrtp_2)
                                 -0.067383    0.182617   library hold time
                                              0.182617   data required time
---------------------------------------------------------------------------------------------
                                              0.182617   data required time
                                             -1.346856   data arrival time
---------------------------------------------------------------------------------------------
                                              1.164240   slack (MET)


Startpoint: _1120_ (rising edge-triggered flip-flop clocked by i_clk)
Endpoint: _1120_ (rising edge-triggered flip-flop clocked by i_clk)
Path Group: i_clk
Path Type: min

Fanout         Cap        Slew       Delay        Time   Description
---------------------------------------------------------------------------------------------
                      0.150000    0.000000    0.000000   clock i_clk (rise edge)
                                  0.000000    0.000000   clock network delay (ideal)
                      0.150000    0.000000    0.000000 ^ _1120_/CLK (sky130_fd_sc_hd__dfrtp_2)
     6    0.020782    0.194869    0.838446    0.838446 ^ _1120_/Q (sky130_fd_sc_hd__dfrtp_2)
                                                         u_i2c_master_controller.cntrl_fsm.cntrl_fsm.byte_count_i[0] (net)
                      0.194869    0.000000    0.838446 ^ _0934_/A (sky130_fd_sc_hd__nand2_2)
     1    0.001404    0.038687    0.107343    0.945790 v _0934_/Y (sky130_fd_sc_hd__nand2_2)
                                                         _0513_ (net)
                      0.038687    0.000000    0.945790 v _0935_/C (sky130_fd_sc_hd__and3_2)
     1    0.001838    0.062313    0.404092    1.349882 v _0935_/X (sky130_fd_sc_hd__and3_2)
                                                         _0243_ (net)
                      0.062313    0.000000    1.349882 v _1120_/D (sky130_fd_sc_hd__dfrtp_2)
                                              1.349882   data arrival time

                      0.150000    0.000000    0.000000   clock i_clk (rise edge)
                                  0.000000    0.000000   clock network delay (ideal)
                                  0.250000    0.250000   clock uncertainty
                                  0.000000    0.250000   clock reconvergence pessimism
                                              0.250000 ^ _1120_/CLK (sky130_fd_sc_hd__dfrtp_2)
                                 -0.067444    0.182556   library hold time
                                              0.182556   data required time
---------------------------------------------------------------------------------------------
                                              0.182556   data required time
                                             -1.349882   data arrival time
---------------------------------------------------------------------------------------------
                                              1.167326   slack (MET)


Startpoint: _1126_ (rising edge-triggered flip-flop clocked by i_clk)
Endpoint: _1126_ (rising edge-triggered flip-flop clocked by i_clk)
Path Group: i_clk
Path Type: min

Fanout         Cap        Slew       Delay        Time   Description
---------------------------------------------------------------------------------------------
                      0.150000    0.000000    0.000000   clock i_clk (rise edge)
                                  0.000000    0.000000   clock network delay (ideal)
                      0.150000    0.000000    0.000000 ^ _1126_/CLK (sky130_fd_sc_hd__dfrtp_2)
     5    0.021431    0.199314    0.841925    0.841925 ^ _1126_/Q (sky130_fd_sc_hd__dfrtp_2)
                                                         u_i2c_master_controller.cntrl_fsm.cntrl_fsm.byte_count_i[6] (net)
                      0.199314    0.000000    0.841925 ^ _0952_/A (sky130_fd_sc_hd__nand2_2)
     1    0.001404    0.046754    0.108731    0.950656 v _0952_/Y (sky130_fd_sc_hd__nand2_2)
                                                         _0525_ (net)
                      0.046754    0.000000    0.950656 v _0953_/C (sky130_fd_sc_hd__and3_2)
     1    0.001838    0.062313    0.407827    1.358483 v _0953_/X (sky130_fd_sc_hd__and3_2)
                                                         _0249_ (net)
                      0.062313    0.000000    1.358483 v _1126_/D (sky130_fd_sc_hd__dfrtp_2)
                                              1.358483   data arrival time

                      0.150000    0.000000    0.000000   clock i_clk (rise edge)
                                  0.000000    0.000000   clock network delay (ideal)
                                  0.250000    0.250000   clock uncertainty
                                  0.000000    0.250000   clock reconvergence pessimism
                                              0.250000 ^ _1126_/CLK (sky130_fd_sc_hd__dfrtp_2)
                                 -0.067444    0.182556   library hold time
                                              0.182556   data required time
---------------------------------------------------------------------------------------------
                                              0.182556   data required time
                                             -1.358483   data arrival time
---------------------------------------------------------------------------------------------
                                              1.175927   slack (MET)


Startpoint: _1204_ (rising edge-triggered flip-flop clocked by i_clk)
Endpoint: _1211_ (rising edge-triggered flip-flop clocked by i_clk)
Path Group: i_clk
Path Type: min

Fanout         Cap        Slew       Delay        Time   Description
---------------------------------------------------------------------------------------------
                      0.150000    0.000000    0.000000   clock i_clk (rise edge)
                                  0.000000    0.000000   clock network delay (ideal)
                      0.150000    0.000000    0.000000 ^ _1204_/CLK (sky130_fd_sc_hd__dfrtp_2)
     2    0.005020    0.088409    0.732198    0.732198 ^ _1204_/Q (sky130_fd_sc_hd__dfrtp_2)
                                                         u_i2c_master_controller.i2cbus_cntrl_fsm.scl_gen.modulus[3] (net)
                      0.088409    0.000000    0.732198 ^ _0724_/A2 (sky130_fd_sc_hd__a221o_2)
     1    0.001370    0.044890    0.281696    1.013895 ^ _0724_/X (sky130_fd_sc_hd__a221o_2)
                                                         _0400_ (net)
                      0.044890    0.000000    1.013895 ^ _0729_/A_N (sky130_fd_sc_hd__and3b_2)
     1    0.001838    0.061790    0.392976    1.406871 v _0729_/X (sky130_fd_sc_hd__and3b_2)
                                                         _0045_ (net)
                      0.061790    0.000000    1.406871 v _1211_/D (sky130_fd_sc_hd__dfrtp_2)
                                              1.406871   data arrival time

                      0.150000    0.000000    0.000000   clock i_clk (rise edge)
                                  0.000000    0.000000   clock network delay (ideal)
                                  0.250000    0.250000   clock uncertainty
                                  0.000000    0.250000   clock reconvergence pessimism
                                              0.250000 ^ _1211_/CLK (sky130_fd_sc_hd__dfrtp_2)
                                 -0.067253    0.182747   library hold time
                                              0.182747   data required time
---------------------------------------------------------------------------------------------
                                              0.182747   data required time
                                             -1.406871   data arrival time
---------------------------------------------------------------------------------------------
                                              1.224123   slack (MET)


Startpoint: _1230_ (rising edge-triggered flip-flop clocked by i_clk)
Endpoint: _1256_ (rising edge-triggered flip-flop clocked by i_clk)
Path Group: i_clk
Path Type: min

Fanout         Cap        Slew       Delay        Time   Description
---------------------------------------------------------------------------------------------
                      0.150000    0.000000    0.000000   clock i_clk (rise edge)
                                  0.000000    0.000000   clock network delay (ideal)
                      0.150000    0.000000    0.000000 ^ _1230_/CLK (sky130_fd_sc_hd__dfstp_2)
     1    0.001435    0.033161    0.730339    0.730339 v _1230_/Q (sky130_fd_sc_hd__dfstp_2)
                                                         u_i2c_master_controller.i2cbus_cntrl_fsm.i2c_master_start_sda_i (net)
                      0.033161    0.000000    0.730339 v _0610_/A (sky130_fd_sc_hd__and4_2)
     1    0.003866    0.072861    0.357179    1.087518 v _0610_/X (sky130_fd_sc_hd__and4_2)
                                                         _0530_ (net)
                      0.072861    0.000000    1.087518 v _1290_/TE_B (sky130_fd_sc_hd__ebufn_2)
     2    0.040347    0.000000    0.424737    1.512256 v _1290_/Z (sky130_fd_sc_hd__ebufn_2)
                                                         io_sda (net)
                      0.000000    0.000000    1.512256 v _0573_/A (sky130_fd_sc_hd__inv_2)
     1    0.001853    0.026608    0.031060    1.543316 ^ _0573_/Y (sky130_fd_sc_hd__inv_2)
                                                         _0044_ (net)
                      0.026608    0.000000    1.543316 ^ _1256_/D (sky130_fd_sc_hd__dfrtp_2)
                                              1.543316   data arrival time

                      0.150000    0.000000    0.000000   clock i_clk (rise edge)
                                  0.000000    0.000000   clock network delay (ideal)
                                  0.250000    0.250000   clock uncertainty
                                  0.000000    0.250000   clock reconvergence pessimism
                                              0.250000 ^ _1256_/CLK (sky130_fd_sc_hd__dfrtp_2)
                                 -0.053912    0.196088   library hold time
                                              0.196088   data required time
---------------------------------------------------------------------------------------------
                                              0.196088   data required time
                                             -1.543316   data arrival time
---------------------------------------------------------------------------------------------
                                              1.347228   slack (MET)


Startpoint: _1260_ (rising edge-triggered flip-flop clocked by i_clk)
Endpoint: _1129_ (removal check against rising-edge clock i_clk)
Path Group: asynchronous
Path Type: min

Fanout         Cap        Slew       Delay        Time   Description
---------------------------------------------------------------------------------------------
                      0.150000    0.000000    0.000000   clock i_clk (rise edge)
                                  0.000000    0.000000   clock network delay (ideal)
                      0.150000    0.000000    0.000000 ^ _1260_/CLK (sky130_fd_sc_hd__dfrtp_2)
    93    0.237522    1.745387    1.955585    1.955585 ^ _1260_/Q (sky130_fd_sc_hd__dfrtp_2)
                                                         u_i2c_master_controller.soft_reset_d3 (net)
                      1.745387    0.000000    1.955585 ^ _0977_/A2 (sky130_fd_sc_hd__o21a_2)
     1    0.003263    0.080728    0.652868    2.608454 ^ _0977_/X (sky130_fd_sc_hd__o21a_2)
                                                         _0102_ (net)
                      0.080728    0.000000    2.608454 ^ _1129_/RESET_B (sky130_fd_sc_hd__dfrtp_2)
                                              2.608454   data arrival time

                      0.150000    0.000000    0.000000   clock i_clk (rise edge)
                                  0.000000    0.000000   clock network delay (ideal)
                                  0.250000    0.250000   clock uncertainty
                                  0.000000    0.250000   clock reconvergence pessimism
                                              0.250000 ^ _1129_/CLK (sky130_fd_sc_hd__dfrtp_2)
                                  0.684842    0.934842   library removal time
                                              0.934842   data required time
---------------------------------------------------------------------------------------------
                                              0.934842   data required time
                                             -2.608454   data arrival time
---------------------------------------------------------------------------------------------
                                              1.673611   slack (MET)


Startpoint: _1260_ (rising edge-triggered flip-flop clocked by i_clk)
Endpoint: _1130_ (removal check against rising-edge clock i_clk)
Path Group: asynchronous
Path Type: min

Fanout         Cap        Slew       Delay        Time   Description
---------------------------------------------------------------------------------------------
                      0.150000    0.000000    0.000000   clock i_clk (rise edge)
                                  0.000000    0.000000   clock network delay (ideal)
                      0.150000    0.000000    0.000000 ^ _1260_/CLK (sky130_fd_sc_hd__dfrtp_2)
    93    0.237522    1.745387    1.955585    1.955585 ^ _1260_/Q (sky130_fd_sc_hd__dfrtp_2)
                                                         u_i2c_master_controller.soft_reset_d3 (net)
                      1.745387    0.000000    1.955585 ^ _0978_/A2 (sky130_fd_sc_hd__o21a_2)
     1    0.003263    0.080728    0.652868    2.608454 ^ _0978_/X (sky130_fd_sc_hd__o21a_2)
                                                         _0103_ (net)
                      0.080728    0.000000    2.608454 ^ _1130_/RESET_B (sky130_fd_sc_hd__dfrtp_2)
                                              2.608454   data arrival time

                      0.150000    0.000000    0.000000   clock i_clk (rise edge)
                                  0.000000    0.000000   clock network delay (ideal)
                                  0.250000    0.250000   clock uncertainty
                                  0.000000    0.250000   clock reconvergence pessimism
                                              0.250000 ^ _1130_/CLK (sky130_fd_sc_hd__dfrtp_2)
                                  0.684842    0.934842   library removal time
                                              0.934842   data required time
---------------------------------------------------------------------------------------------
                                              0.934842   data required time
                                             -2.608454   data arrival time
---------------------------------------------------------------------------------------------
                                              1.673611   slack (MET)


Startpoint: _1260_ (rising edge-triggered flip-flop clocked by i_clk)
Endpoint: _1131_ (removal check against rising-edge clock i_clk)
Path Group: asynchronous
Path Type: min

Fanout         Cap        Slew       Delay        Time   Description
---------------------------------------------------------------------------------------------
                      0.150000    0.000000    0.000000   clock i_clk (rise edge)
                                  0.000000    0.000000   clock network delay (ideal)
                      0.150000    0.000000    0.000000 ^ _1260_/CLK (sky130_fd_sc_hd__dfrtp_2)
    93    0.237522    1.745387    1.955585    1.955585 ^ _1260_/Q (sky130_fd_sc_hd__dfrtp_2)
                                                         u_i2c_master_controller.soft_reset_d3 (net)
                      1.745387    0.000000    1.955585 ^ _0979_/A2 (sky130_fd_sc_hd__o21a_2)
     1    0.003263    0.080728    0.652868    2.608454 ^ _0979_/X (sky130_fd_sc_hd__o21a_2)
                                                         _0104_ (net)
                      0.080728    0.000000    2.608454 ^ _1131_/RESET_B (sky130_fd_sc_hd__dfrtp_2)
                                              2.608454   data arrival time

                      0.150000    0.000000    0.000000   clock i_clk (rise edge)
                                  0.000000    0.000000   clock network delay (ideal)
                                  0.250000    0.250000   clock uncertainty
                                  0.000000    0.250000   clock reconvergence pessimism
                                              0.250000 ^ _1131_/CLK (sky130_fd_sc_hd__dfrtp_2)
                                  0.684842    0.934842   library removal time
                                              0.934842   data required time
---------------------------------------------------------------------------------------------
                                              0.934842   data required time
                                             -2.608454   data arrival time
---------------------------------------------------------------------------------------------
                                              1.673611   slack (MET)


Startpoint: _1260_ (rising edge-triggered flip-flop clocked by i_clk)
Endpoint: _1132_ (removal check against rising-edge clock i_clk)
Path Group: asynchronous
Path Type: min

Fanout         Cap        Slew       Delay        Time   Description
---------------------------------------------------------------------------------------------
                      0.150000    0.000000    0.000000   clock i_clk (rise edge)
                                  0.000000    0.000000   clock network delay (ideal)
                      0.150000    0.000000    0.000000 ^ _1260_/CLK (sky130_fd_sc_hd__dfrtp_2)
    93    0.237522    1.745387    1.955585    1.955585 ^ _1260_/Q (sky130_fd_sc_hd__dfrtp_2)
                                                         u_i2c_master_controller.soft_reset_d3 (net)
                      1.745387    0.000000    1.955585 ^ _0980_/A2 (sky130_fd_sc_hd__o21a_2)
     1    0.003263    0.080728    0.652868    2.608454 ^ _0980_/X (sky130_fd_sc_hd__o21a_2)
                                                         _0105_ (net)
                      0.080728    0.000000    2.608454 ^ _1132_/RESET_B (sky130_fd_sc_hd__dfrtp_2)
                                              2.608454   data arrival time

                      0.150000    0.000000    0.000000   clock i_clk (rise edge)
                                  0.000000    0.000000   clock network delay (ideal)
                                  0.250000    0.250000   clock uncertainty
                                  0.000000    0.250000   clock reconvergence pessimism
                                              0.250000 ^ _1132_/CLK (sky130_fd_sc_hd__dfrtp_2)
                                  0.684842    0.934842   library removal time
                                              0.934842   data required time
---------------------------------------------------------------------------------------------
                                              0.934842   data required time
                                             -2.608454   data arrival time
---------------------------------------------------------------------------------------------
                                              1.673611   slack (MET)


Startpoint: _1260_ (rising edge-triggered flip-flop clocked by i_clk)
Endpoint: _1133_ (removal check against rising-edge clock i_clk)
Path Group: asynchronous
Path Type: min

Fanout         Cap        Slew       Delay        Time   Description
---------------------------------------------------------------------------------------------
                      0.150000    0.000000    0.000000   clock i_clk (rise edge)
                                  0.000000    0.000000   clock network delay (ideal)
                      0.150000    0.000000    0.000000 ^ _1260_/CLK (sky130_fd_sc_hd__dfrtp_2)
    93    0.237522    1.745387    1.955585    1.955585 ^ _1260_/Q (sky130_fd_sc_hd__dfrtp_2)
                                                         u_i2c_master_controller.soft_reset_d3 (net)
                      1.745387    0.000000    1.955585 ^ _0981_/A2 (sky130_fd_sc_hd__o21a_2)
     1    0.003263    0.080728    0.652868    2.608454 ^ _0981_/X (sky130_fd_sc_hd__o21a_2)
                                                         _0106_ (net)
                      0.080728    0.000000    2.608454 ^ _1133_/RESET_B (sky130_fd_sc_hd__dfrtp_2)
                                              2.608454   data arrival time

                      0.150000    0.000000    0.000000   clock i_clk (rise edge)
                                  0.000000    0.000000   clock network delay (ideal)
                                  0.250000    0.250000   clock uncertainty
                                  0.000000    0.250000   clock reconvergence pessimism
                                              0.250000 ^ _1133_/CLK (sky130_fd_sc_hd__dfrtp_2)
                                  0.684842    0.934842   library removal time
                                              0.934842   data required time
---------------------------------------------------------------------------------------------
                                              0.934842   data required time
                                             -2.608454   data arrival time
---------------------------------------------------------------------------------------------
                                              1.673611   slack (MET)


Startpoint: _1260_ (rising edge-triggered flip-flop clocked by i_clk)
Endpoint: _1134_ (removal check against rising-edge clock i_clk)
Path Group: asynchronous
Path Type: min

Fanout         Cap        Slew       Delay        Time   Description
---------------------------------------------------------------------------------------------
                      0.150000    0.000000    0.000000   clock i_clk (rise edge)
                                  0.000000    0.000000   clock network delay (ideal)
                      0.150000    0.000000    0.000000 ^ _1260_/CLK (sky130_fd_sc_hd__dfrtp_2)
    93    0.237522    1.745387    1.955585    1.955585 ^ _1260_/Q (sky130_fd_sc_hd__dfrtp_2)
                                                         u_i2c_master_controller.soft_reset_d3 (net)
                      1.745387    0.000000    1.955585 ^ _0982_/A2 (sky130_fd_sc_hd__o21a_2)
     1    0.003263    0.080728    0.652868    2.608454 ^ _0982_/X (sky130_fd_sc_hd__o21a_2)
                                                         _0107_ (net)
                      0.080728    0.000000    2.608454 ^ _1134_/RESET_B (sky130_fd_sc_hd__dfrtp_2)
                                              2.608454   data arrival time

                      0.150000    0.000000    0.000000   clock i_clk (rise edge)
                                  0.000000    0.000000   clock network delay (ideal)
                                  0.250000    0.250000   clock uncertainty
                                  0.000000    0.250000   clock reconvergence pessimism
                                              0.250000 ^ _1134_/CLK (sky130_fd_sc_hd__dfrtp_2)
                                  0.684842    0.934842   library removal time
                                              0.934842   data required time
---------------------------------------------------------------------------------------------
                                              0.934842   data required time
                                             -2.608454   data arrival time
---------------------------------------------------------------------------------------------
                                              1.673611   slack (MET)


Startpoint: _1260_ (rising edge-triggered flip-flop clocked by i_clk)
Endpoint: _1135_ (removal check against rising-edge clock i_clk)
Path Group: asynchronous
Path Type: min

Fanout         Cap        Slew       Delay        Time   Description
---------------------------------------------------------------------------------------------
                      0.150000    0.000000    0.000000   clock i_clk (rise edge)
                                  0.000000    0.000000   clock network delay (ideal)
                      0.150000    0.000000    0.000000 ^ _1260_/CLK (sky130_fd_sc_hd__dfrtp_2)
    93    0.237522    1.745387    1.955585    1.955585 ^ _1260_/Q (sky130_fd_sc_hd__dfrtp_2)
                                                         u_i2c_master_controller.soft_reset_d3 (net)
                      1.745387    0.000000    1.955585 ^ _0983_/A2 (sky130_fd_sc_hd__o21a_2)
     1    0.003263    0.080728    0.652868    2.608454 ^ _0983_/X (sky130_fd_sc_hd__o21a_2)
                                                         _0108_ (net)
                      0.080728    0.000000    2.608454 ^ _1135_/RESET_B (sky130_fd_sc_hd__dfrtp_2)
                                              2.608454   data arrival time

                      0.150000    0.000000    0.000000   clock i_clk (rise edge)
                                  0.000000    0.000000   clock network delay (ideal)
                                  0.250000    0.250000   clock uncertainty
                                  0.000000    0.250000   clock reconvergence pessimism
                                              0.250000 ^ _1135_/CLK (sky130_fd_sc_hd__dfrtp_2)
                                  0.684842    0.934842   library removal time
                                              0.934842   data required time
---------------------------------------------------------------------------------------------
                                              0.934842   data required time
                                             -2.608454   data arrival time
---------------------------------------------------------------------------------------------
                                              1.673611   slack (MET)


Startpoint: _1260_ (rising edge-triggered flip-flop clocked by i_clk)
Endpoint: _1136_ (removal check against rising-edge clock i_clk)
Path Group: asynchronous
Path Type: min

Fanout         Cap        Slew       Delay        Time   Description
---------------------------------------------------------------------------------------------
                      0.150000    0.000000    0.000000   clock i_clk (rise edge)
                                  0.000000    0.000000   clock network delay (ideal)
                      0.150000    0.000000    0.000000 ^ _1260_/CLK (sky130_fd_sc_hd__dfrtp_2)
    93    0.237522    1.745387    1.955585    1.955585 ^ _1260_/Q (sky130_fd_sc_hd__dfrtp_2)
                                                         u_i2c_master_controller.soft_reset_d3 (net)
                      1.745387    0.000000    1.955585 ^ _0984_/A2 (sky130_fd_sc_hd__o21a_2)
     1    0.003263    0.080728    0.652868    2.608454 ^ _0984_/X (sky130_fd_sc_hd__o21a_2)
                                                         _0109_ (net)
                      0.080728    0.000000    2.608454 ^ _1136_/RESET_B (sky130_fd_sc_hd__dfrtp_2)
                                              2.608454   data arrival time

                      0.150000    0.000000    0.000000   clock i_clk (rise edge)
                                  0.000000    0.000000   clock network delay (ideal)
                                  0.250000    0.250000   clock uncertainty
                                  0.000000    0.250000   clock reconvergence pessimism
                                              0.250000 ^ _1136_/CLK (sky130_fd_sc_hd__dfrtp_2)
                                  0.684842    0.934842   library removal time
                                              0.934842   data required time
---------------------------------------------------------------------------------------------
                                              0.934842   data required time
                                             -2.608454   data arrival time
---------------------------------------------------------------------------------------------
                                              1.673611   slack (MET)


Startpoint: _1260_ (rising edge-triggered flip-flop clocked by i_clk)
Endpoint: _1137_ (removal check against rising-edge clock i_clk)
Path Group: asynchronous
Path Type: min

Fanout         Cap        Slew       Delay        Time   Description
---------------------------------------------------------------------------------------------
                      0.150000    0.000000    0.000000   clock i_clk (rise edge)
                                  0.000000    0.000000   clock network delay (ideal)
                      0.150000    0.000000    0.000000 ^ _1260_/CLK (sky130_fd_sc_hd__dfrtp_2)
    93    0.237522    1.745387    1.955585    1.955585 ^ _1260_/Q (sky130_fd_sc_hd__dfrtp_2)
                                                         u_i2c_master_controller.soft_reset_d3 (net)
                      1.745387    0.000000    1.955585 ^ _0985_/A2 (sky130_fd_sc_hd__o21a_2)
     1    0.003263    0.080728    0.652868    2.608454 ^ _0985_/X (sky130_fd_sc_hd__o21a_2)
                                                         _0110_ (net)
                      0.080728    0.000000    2.608454 ^ _1137_/RESET_B (sky130_fd_sc_hd__dfrtp_2)
                                              2.608454   data arrival time

                      0.150000    0.000000    0.000000   clock i_clk (rise edge)
                                  0.000000    0.000000   clock network delay (ideal)
                                  0.250000    0.250000   clock uncertainty
                                  0.000000    0.250000   clock reconvergence pessimism
                                              0.250000 ^ _1137_/CLK (sky130_fd_sc_hd__dfrtp_2)
                                  0.684842    0.934842   library removal time
                                              0.934842   data required time
---------------------------------------------------------------------------------------------
                                              0.934842   data required time
                                             -2.608454   data arrival time
---------------------------------------------------------------------------------------------
                                              1.673611   slack (MET)


Startpoint: _1260_ (rising edge-triggered flip-flop clocked by i_clk)
Endpoint: _1138_ (removal check against rising-edge clock i_clk)
Path Group: asynchronous
Path Type: min

Fanout         Cap        Slew       Delay        Time   Description
---------------------------------------------------------------------------------------------
                      0.150000    0.000000    0.000000   clock i_clk (rise edge)
                                  0.000000    0.000000   clock network delay (ideal)
                      0.150000    0.000000    0.000000 ^ _1260_/CLK (sky130_fd_sc_hd__dfrtp_2)
    93    0.237522    1.745387    1.955585    1.955585 ^ _1260_/Q (sky130_fd_sc_hd__dfrtp_2)
                                                         u_i2c_master_controller.soft_reset_d3 (net)
                      1.745387    0.000000    1.955585 ^ _0986_/A2 (sky130_fd_sc_hd__o21a_2)
     1    0.003263    0.080728    0.652868    2.608454 ^ _0986_/X (sky130_fd_sc_hd__o21a_2)
                                                         _0111_ (net)
                      0.080728    0.000000    2.608454 ^ _1138_/RESET_B (sky130_fd_sc_hd__dfrtp_2)
                                              2.608454   data arrival time

                      0.150000    0.000000    0.000000   clock i_clk (rise edge)
                                  0.000000    0.000000   clock network delay (ideal)
                                  0.250000    0.250000   clock uncertainty
                                  0.000000    0.250000   clock reconvergence pessimism
                                              0.250000 ^ _1138_/CLK (sky130_fd_sc_hd__dfrtp_2)
                                  0.684842    0.934842   library removal time
                                              0.934842   data required time
---------------------------------------------------------------------------------------------
                                              0.934842   data required time
                                             -2.608454   data arrival time
---------------------------------------------------------------------------------------------
                                              1.673611   slack (MET)


Startpoint: _1260_ (rising edge-triggered flip-flop clocked by i_clk)
Endpoint: _1139_ (removal check against rising-edge clock i_clk)
Path Group: asynchronous
Path Type: min

Fanout         Cap        Slew       Delay        Time   Description
---------------------------------------------------------------------------------------------
                      0.150000    0.000000    0.000000   clock i_clk (rise edge)
                                  0.000000    0.000000   clock network delay (ideal)
                      0.150000    0.000000    0.000000 ^ _1260_/CLK (sky130_fd_sc_hd__dfrtp_2)
    93    0.237522    1.745387    1.955585    1.955585 ^ _1260_/Q (sky130_fd_sc_hd__dfrtp_2)
                                                         u_i2c_master_controller.soft_reset_d3 (net)
                      1.745387    0.000000    1.955585 ^ _0987_/A2 (sky130_fd_sc_hd__o21a_2)
     1    0.003263    0.080728    0.652868    2.608454 ^ _0987_/X (sky130_fd_sc_hd__o21a_2)
                                                         _0112_ (net)
                      0.080728    0.000000    2.608454 ^ _1139_/RESET_B (sky130_fd_sc_hd__dfrtp_2)
                                              2.608454   data arrival time

                      0.150000    0.000000    0.000000   clock i_clk (rise edge)
                                  0.000000    0.000000   clock network delay (ideal)
                                  0.250000    0.250000   clock uncertainty
                                  0.000000    0.250000   clock reconvergence pessimism
                                              0.250000 ^ _1139_/CLK (sky130_fd_sc_hd__dfrtp_2)
                                  0.684842    0.934842   library removal time
                                              0.934842   data required time
---------------------------------------------------------------------------------------------
                                              0.934842   data required time
                                             -2.608454   data arrival time
---------------------------------------------------------------------------------------------
                                              1.673611   slack (MET)


Startpoint: _1260_ (rising edge-triggered flip-flop clocked by i_clk)
Endpoint: _1140_ (removal check against rising-edge clock i_clk)
Path Group: asynchronous
Path Type: min

Fanout         Cap        Slew       Delay        Time   Description
---------------------------------------------------------------------------------------------
                      0.150000    0.000000    0.000000   clock i_clk (rise edge)
                                  0.000000    0.000000   clock network delay (ideal)
                      0.150000    0.000000    0.000000 ^ _1260_/CLK (sky130_fd_sc_hd__dfrtp_2)
    93    0.237522    1.745387    1.955585    1.955585 ^ _1260_/Q (sky130_fd_sc_hd__dfrtp_2)
                                                         u_i2c_master_controller.soft_reset_d3 (net)
                      1.745387    0.000000    1.955585 ^ _0988_/A2 (sky130_fd_sc_hd__o21a_2)
     1    0.003263    0.080728    0.652868    2.608454 ^ _0988_/X (sky130_fd_sc_hd__o21a_2)
                                                         _0113_ (net)
                      0.080728    0.000000    2.608454 ^ _1140_/RESET_B (sky130_fd_sc_hd__dfrtp_2)
                                              2.608454   data arrival time

                      0.150000    0.000000    0.000000   clock i_clk (rise edge)
                                  0.000000    0.000000   clock network delay (ideal)
                                  0.250000    0.250000   clock uncertainty
                                  0.000000    0.250000   clock reconvergence pessimism
                                              0.250000 ^ _1140_/CLK (sky130_fd_sc_hd__dfrtp_2)
                                  0.684842    0.934842   library removal time
                                              0.934842   data required time
---------------------------------------------------------------------------------------------
                                              0.934842   data required time
                                             -2.608454   data arrival time
---------------------------------------------------------------------------------------------
                                              1.673611   slack (MET)


Startpoint: _1260_ (rising edge-triggered flip-flop clocked by i_clk)
Endpoint: _1141_ (removal check against rising-edge clock i_clk)
Path Group: asynchronous
Path Type: min

Fanout         Cap        Slew       Delay        Time   Description
---------------------------------------------------------------------------------------------
                      0.150000    0.000000    0.000000   clock i_clk (rise edge)
                                  0.000000    0.000000   clock network delay (ideal)
                      0.150000    0.000000    0.000000 ^ _1260_/CLK (sky130_fd_sc_hd__dfrtp_2)
    93    0.237522    1.745387    1.955585    1.955585 ^ _1260_/Q (sky130_fd_sc_hd__dfrtp_2)
                                                         u_i2c_master_controller.soft_reset_d3 (net)
                      1.745387    0.000000    1.955585 ^ _0989_/A2 (sky130_fd_sc_hd__o21a_2)
     1    0.003263    0.080728    0.652868    2.608454 ^ _0989_/X (sky130_fd_sc_hd__o21a_2)
                                                         _0114_ (net)
                      0.080728    0.000000    2.608454 ^ _1141_/RESET_B (sky130_fd_sc_hd__dfrtp_2)
                                              2.608454   data arrival time

                      0.150000    0.000000    0.000000   clock i_clk (rise edge)
                                  0.000000    0.000000   clock network delay (ideal)
                                  0.250000    0.250000   clock uncertainty
                                  0.000000    0.250000   clock reconvergence pessimism
                                              0.250000 ^ _1141_/CLK (sky130_fd_sc_hd__dfrtp_2)
                                  0.684842    0.934842   library removal time
                                              0.934842   data required time
---------------------------------------------------------------------------------------------
                                              0.934842   data required time
                                             -2.608454   data arrival time
---------------------------------------------------------------------------------------------
                                              1.673611   slack (MET)


Startpoint: _1260_ (rising edge-triggered flip-flop clocked by i_clk)
Endpoint: _1143_ (removal check against rising-edge clock i_clk)
Path Group: asynchronous
Path Type: min

Fanout         Cap        Slew       Delay        Time   Description
---------------------------------------------------------------------------------------------
                      0.150000    0.000000    0.000000   clock i_clk (rise edge)
                                  0.000000    0.000000   clock network delay (ideal)
                      0.150000    0.000000    0.000000 ^ _1260_/CLK (sky130_fd_sc_hd__dfrtp_2)
    93    0.237522    1.745387    1.955585    1.955585 ^ _1260_/Q (sky130_fd_sc_hd__dfrtp_2)
                                                         u_i2c_master_controller.soft_reset_d3 (net)
                      1.745387    0.000000    1.955585 ^ _0991_/A2 (sky130_fd_sc_hd__o21a_2)
     1    0.003263    0.080728    0.652868    2.608454 ^ _0991_/X (sky130_fd_sc_hd__o21a_2)
                                                         _0116_ (net)
                      0.080728    0.000000    2.608454 ^ _1143_/RESET_B (sky130_fd_sc_hd__dfrtp_2)
                                              2.608454   data arrival time

                      0.150000    0.000000    0.000000   clock i_clk (rise edge)
                                  0.000000    0.000000   clock network delay (ideal)
                                  0.250000    0.250000   clock uncertainty
                                  0.000000    0.250000   clock reconvergence pessimism
                                              0.250000 ^ _1143_/CLK (sky130_fd_sc_hd__dfrtp_2)
                                  0.684842    0.934842   library removal time
                                              0.934842   data required time
---------------------------------------------------------------------------------------------
                                              0.934842   data required time
                                             -2.608454   data arrival time
---------------------------------------------------------------------------------------------
                                              1.673611   slack (MET)


Startpoint: _1260_ (rising edge-triggered flip-flop clocked by i_clk)
Endpoint: _1144_ (removal check against rising-edge clock i_clk)
Path Group: asynchronous
Path Type: min

Fanout         Cap        Slew       Delay        Time   Description
---------------------------------------------------------------------------------------------
                      0.150000    0.000000    0.000000   clock i_clk (rise edge)
                                  0.000000    0.000000   clock network delay (ideal)
                      0.150000    0.000000    0.000000 ^ _1260_/CLK (sky130_fd_sc_hd__dfrtp_2)
    93    0.237522    1.745387    1.955585    1.955585 ^ _1260_/Q (sky130_fd_sc_hd__dfrtp_2)
                                                         u_i2c_master_controller.soft_reset_d3 (net)
                      1.745387    0.000000    1.955585 ^ _0992_/A2 (sky130_fd_sc_hd__o21a_2)
     1    0.003263    0.080728    0.652868    2.608454 ^ _0992_/X (sky130_fd_sc_hd__o21a_2)
                                                         _0117_ (net)
                      0.080728    0.000000    2.608454 ^ _1144_/RESET_B (sky130_fd_sc_hd__dfrtp_2)
                                              2.608454   data arrival time

                      0.150000    0.000000    0.000000   clock i_clk (rise edge)
                                  0.000000    0.000000   clock network delay (ideal)
                                  0.250000    0.250000   clock uncertainty
                                  0.000000    0.250000   clock reconvergence pessimism
                                              0.250000 ^ _1144_/CLK (sky130_fd_sc_hd__dfrtp_2)
                                  0.684842    0.934842   library removal time
                                              0.934842   data required time
---------------------------------------------------------------------------------------------
                                              0.934842   data required time
                                             -2.608454   data arrival time
---------------------------------------------------------------------------------------------
                                              1.673611   slack (MET)


Startpoint: _1260_ (rising edge-triggered flip-flop clocked by i_clk)
Endpoint: _1146_ (removal check against rising-edge clock i_clk)
Path Group: asynchronous
Path Type: min

Fanout         Cap        Slew       Delay        Time   Description
---------------------------------------------------------------------------------------------
                      0.150000    0.000000    0.000000   clock i_clk (rise edge)
                                  0.000000    0.000000   clock network delay (ideal)
                      0.150000    0.000000    0.000000 ^ _1260_/CLK (sky130_fd_sc_hd__dfrtp_2)
    93    0.237522    1.745387    1.955585    1.955585 ^ _1260_/Q (sky130_fd_sc_hd__dfrtp_2)
                                                         u_i2c_master_controller.soft_reset_d3 (net)
                      1.745387    0.000000    1.955585 ^ _0994_/A2 (sky130_fd_sc_hd__o21a_2)
     1    0.003263    0.080728    0.652868    2.608454 ^ _0994_/X (sky130_fd_sc_hd__o21a_2)
                                                         _0119_ (net)
                      0.080728    0.000000    2.608454 ^ _1146_/RESET_B (sky130_fd_sc_hd__dfrtp_2)
                                              2.608454   data arrival time

                      0.150000    0.000000    0.000000   clock i_clk (rise edge)
                                  0.000000    0.000000   clock network delay (ideal)
                                  0.250000    0.250000   clock uncertainty
                                  0.000000    0.250000   clock reconvergence pessimism
                                              0.250000 ^ _1146_/CLK (sky130_fd_sc_hd__dfrtp_2)
                                  0.684842    0.934842   library removal time
                                              0.934842   data required time
---------------------------------------------------------------------------------------------
                                              0.934842   data required time
                                             -2.608454   data arrival time
---------------------------------------------------------------------------------------------
                                              1.673611   slack (MET)


Startpoint: _1260_ (rising edge-triggered flip-flop clocked by i_clk)
Endpoint: _1147_ (removal check against rising-edge clock i_clk)
Path Group: asynchronous
Path Type: min

Fanout         Cap        Slew       Delay        Time   Description
---------------------------------------------------------------------------------------------
                      0.150000    0.000000    0.000000   clock i_clk (rise edge)
                                  0.000000    0.000000   clock network delay (ideal)
                      0.150000    0.000000    0.000000 ^ _1260_/CLK (sky130_fd_sc_hd__dfrtp_2)
    93    0.237522    1.745387    1.955585    1.955585 ^ _1260_/Q (sky130_fd_sc_hd__dfrtp_2)
                                                         u_i2c_master_controller.soft_reset_d3 (net)
                      1.745387    0.000000    1.955585 ^ _0995_/A2 (sky130_fd_sc_hd__o21a_2)
     1    0.003263    0.080728    0.652868    2.608454 ^ _0995_/X (sky130_fd_sc_hd__o21a_2)
                                                         _0120_ (net)
                      0.080728    0.000000    2.608454 ^ _1147_/RESET_B (sky130_fd_sc_hd__dfrtp_2)
                                              2.608454   data arrival time

                      0.150000    0.000000    0.000000   clock i_clk (rise edge)
                                  0.000000    0.000000   clock network delay (ideal)
                                  0.250000    0.250000   clock uncertainty
                                  0.000000    0.250000   clock reconvergence pessimism
                                              0.250000 ^ _1147_/CLK (sky130_fd_sc_hd__dfrtp_2)
                                  0.684842    0.934842   library removal time
                                              0.934842   data required time
---------------------------------------------------------------------------------------------
                                              0.934842   data required time
                                             -2.608454   data arrival time
---------------------------------------------------------------------------------------------
                                              1.673611   slack (MET)


Startpoint: _1260_ (rising edge-triggered flip-flop clocked by i_clk)
Endpoint: _1148_ (removal check against rising-edge clock i_clk)
Path Group: asynchronous
Path Type: min

Fanout         Cap        Slew       Delay        Time   Description
---------------------------------------------------------------------------------------------
                      0.150000    0.000000    0.000000   clock i_clk (rise edge)
                                  0.000000    0.000000   clock network delay (ideal)
                      0.150000    0.000000    0.000000 ^ _1260_/CLK (sky130_fd_sc_hd__dfrtp_2)
    93    0.237522    1.745387    1.955585    1.955585 ^ _1260_/Q (sky130_fd_sc_hd__dfrtp_2)
                                                         u_i2c_master_controller.soft_reset_d3 (net)
                      1.745387    0.000000    1.955585 ^ _0996_/A2 (sky130_fd_sc_hd__o21a_2)
     1    0.003263    0.080728    0.652868    2.608454 ^ _0996_/X (sky130_fd_sc_hd__o21a_2)
                                                         _0121_ (net)
                      0.080728    0.000000    2.608454 ^ _1148_/RESET_B (sky130_fd_sc_hd__dfrtp_2)
                                              2.608454   data arrival time

                      0.150000    0.000000    0.000000   clock i_clk (rise edge)
                                  0.000000    0.000000   clock network delay (ideal)
                                  0.250000    0.250000   clock uncertainty
                                  0.000000    0.250000   clock reconvergence pessimism
                                              0.250000 ^ _1148_/CLK (sky130_fd_sc_hd__dfrtp_2)
                                  0.684842    0.934842   library removal time
                                              0.934842   data required time
---------------------------------------------------------------------------------------------
                                              0.934842   data required time
                                             -2.608454   data arrival time
---------------------------------------------------------------------------------------------
                                              1.673611   slack (MET)


Startpoint: _1260_ (rising edge-triggered flip-flop clocked by i_clk)
Endpoint: _1149_ (removal check against rising-edge clock i_clk)
Path Group: asynchronous
Path Type: min

Fanout         Cap        Slew       Delay        Time   Description
---------------------------------------------------------------------------------------------
                      0.150000    0.000000    0.000000   clock i_clk (rise edge)
                                  0.000000    0.000000   clock network delay (ideal)
                      0.150000    0.000000    0.000000 ^ _1260_/CLK (sky130_fd_sc_hd__dfrtp_2)
    93    0.237522    1.745387    1.955585    1.955585 ^ _1260_/Q (sky130_fd_sc_hd__dfrtp_2)
                                                         u_i2c_master_controller.soft_reset_d3 (net)
                      1.745387    0.000000    1.955585 ^ _0997_/A2 (sky130_fd_sc_hd__o21a_2)
     1    0.003263    0.080728    0.652868    2.608454 ^ _0997_/X (sky130_fd_sc_hd__o21a_2)
                                                         _0122_ (net)
                      0.080728    0.000000    2.608454 ^ _1149_/RESET_B (sky130_fd_sc_hd__dfrtp_2)
                                              2.608454   data arrival time

                      0.150000    0.000000    0.000000   clock i_clk (rise edge)
                                  0.000000    0.000000   clock network delay (ideal)
                                  0.250000    0.250000   clock uncertainty
                                  0.000000    0.250000   clock reconvergence pessimism
                                              0.250000 ^ _1149_/CLK (sky130_fd_sc_hd__dfrtp_2)
                                  0.684842    0.934842   library removal time
                                              0.934842   data required time
---------------------------------------------------------------------------------------------
                                              0.934842   data required time
                                             -2.608454   data arrival time
---------------------------------------------------------------------------------------------
                                              1.673611   slack (MET)


Startpoint: _1260_ (rising edge-triggered flip-flop clocked by i_clk)
Endpoint: _1150_ (removal check against rising-edge clock i_clk)
Path Group: asynchronous
Path Type: min

Fanout         Cap        Slew       Delay        Time   Description
---------------------------------------------------------------------------------------------
                      0.150000    0.000000    0.000000   clock i_clk (rise edge)
                                  0.000000    0.000000   clock network delay (ideal)
                      0.150000    0.000000    0.000000 ^ _1260_/CLK (sky130_fd_sc_hd__dfrtp_2)
    93    0.237522    1.745387    1.955585    1.955585 ^ _1260_/Q (sky130_fd_sc_hd__dfrtp_2)
                                                         u_i2c_master_controller.soft_reset_d3 (net)
                      1.745387    0.000000    1.955585 ^ _0998_/A2 (sky130_fd_sc_hd__o21a_2)
     1    0.003263    0.080728    0.652868    2.608454 ^ _0998_/X (sky130_fd_sc_hd__o21a_2)
                                                         _0123_ (net)
                      0.080728    0.000000    2.608454 ^ _1150_/RESET_B (sky130_fd_sc_hd__dfrtp_2)
                                              2.608454   data arrival time

                      0.150000    0.000000    0.000000   clock i_clk (rise edge)
                                  0.000000    0.000000   clock network delay (ideal)
                                  0.250000    0.250000   clock uncertainty
                                  0.000000    0.250000   clock reconvergence pessimism
                                              0.250000 ^ _1150_/CLK (sky130_fd_sc_hd__dfrtp_2)
                                  0.684842    0.934842   library removal time
                                              0.934842   data required time
---------------------------------------------------------------------------------------------
                                              0.934842   data required time
                                             -2.608454   data arrival time
---------------------------------------------------------------------------------------------
                                              1.673611   slack (MET)


Startpoint: _1260_ (rising edge-triggered flip-flop clocked by i_clk)
Endpoint: _1151_ (removal check against rising-edge clock i_clk)
Path Group: asynchronous
Path Type: min

Fanout         Cap        Slew       Delay        Time   Description
---------------------------------------------------------------------------------------------
                      0.150000    0.000000    0.000000   clock i_clk (rise edge)
                                  0.000000    0.000000   clock network delay (ideal)
                      0.150000    0.000000    0.000000 ^ _1260_/CLK (sky130_fd_sc_hd__dfrtp_2)
    93    0.237522    1.745387    1.955585    1.955585 ^ _1260_/Q (sky130_fd_sc_hd__dfrtp_2)
                                                         u_i2c_master_controller.soft_reset_d3 (net)
                      1.745387    0.000000    1.955585 ^ _0999_/A2 (sky130_fd_sc_hd__o21a_2)
     1    0.003263    0.080728    0.652868    2.608454 ^ _0999_/X (sky130_fd_sc_hd__o21a_2)
                                                         _0124_ (net)
                      0.080728    0.000000    2.608454 ^ _1151_/RESET_B (sky130_fd_sc_hd__dfrtp_2)
                                              2.608454   data arrival time

                      0.150000    0.000000    0.000000   clock i_clk (rise edge)
                                  0.000000    0.000000   clock network delay (ideal)
                                  0.250000    0.250000   clock uncertainty
                                  0.000000    0.250000   clock reconvergence pessimism
                                              0.250000 ^ _1151_/CLK (sky130_fd_sc_hd__dfrtp_2)
                                  0.684842    0.934842   library removal time
                                              0.934842   data required time
---------------------------------------------------------------------------------------------
                                              0.934842   data required time
                                             -2.608454   data arrival time
---------------------------------------------------------------------------------------------
                                              1.673611   slack (MET)


Startpoint: _1260_ (rising edge-triggered flip-flop clocked by i_clk)
Endpoint: _1153_ (removal check against rising-edge clock i_clk)
Path Group: asynchronous
Path Type: min

Fanout         Cap        Slew       Delay        Time   Description
---------------------------------------------------------------------------------------------
                      0.150000    0.000000    0.000000   clock i_clk (rise edge)
                                  0.000000    0.000000   clock network delay (ideal)
                      0.150000    0.000000    0.000000 ^ _1260_/CLK (sky130_fd_sc_hd__dfrtp_2)
    93    0.237522    1.745387    1.955585    1.955585 ^ _1260_/Q (sky130_fd_sc_hd__dfrtp_2)
                                                         u_i2c_master_controller.soft_reset_d3 (net)
                      1.745387    0.000000    1.955585 ^ _1001_/A2 (sky130_fd_sc_hd__o21a_2)
     1    0.003263    0.080728    0.652868    2.608454 ^ _1001_/X (sky130_fd_sc_hd__o21a_2)
                                                         _0126_ (net)
                      0.080728    0.000000    2.608454 ^ _1153_/RESET_B (sky130_fd_sc_hd__dfrtp_2)
                                              2.608454   data arrival time

                      0.150000    0.000000    0.000000   clock i_clk (rise edge)
                                  0.000000    0.000000   clock network delay (ideal)
                                  0.250000    0.250000   clock uncertainty
                                  0.000000    0.250000   clock reconvergence pessimism
                                              0.250000 ^ _1153_/CLK (sky130_fd_sc_hd__dfrtp_2)
                                  0.684842    0.934842   library removal time
                                              0.934842   data required time
---------------------------------------------------------------------------------------------
                                              0.934842   data required time
                                             -2.608454   data arrival time
---------------------------------------------------------------------------------------------
                                              1.673611   slack (MET)


Startpoint: _1260_ (rising edge-triggered flip-flop clocked by i_clk)
Endpoint: _1154_ (removal check against rising-edge clock i_clk)
Path Group: asynchronous
Path Type: min

Fanout         Cap        Slew       Delay        Time   Description
---------------------------------------------------------------------------------------------
                      0.150000    0.000000    0.000000   clock i_clk (rise edge)
                                  0.000000    0.000000   clock network delay (ideal)
                      0.150000    0.000000    0.000000 ^ _1260_/CLK (sky130_fd_sc_hd__dfrtp_2)
    93    0.237522    1.745387    1.955585    1.955585 ^ _1260_/Q (sky130_fd_sc_hd__dfrtp_2)
                                                         u_i2c_master_controller.soft_reset_d3 (net)
                      1.745387    0.000000    1.955585 ^ _1002_/A2 (sky130_fd_sc_hd__o21a_2)
     1    0.003263    0.080728    0.652868    2.608454 ^ _1002_/X (sky130_fd_sc_hd__o21a_2)
                                                         _0127_ (net)
                      0.080728    0.000000    2.608454 ^ _1154_/RESET_B (sky130_fd_sc_hd__dfrtp_2)
                                              2.608454   data arrival time

                      0.150000    0.000000    0.000000   clock i_clk (rise edge)
                                  0.000000    0.000000   clock network delay (ideal)
                                  0.250000    0.250000   clock uncertainty
                                  0.000000    0.250000   clock reconvergence pessimism
                                              0.250000 ^ _1154_/CLK (sky130_fd_sc_hd__dfrtp_2)
                                  0.684842    0.934842   library removal time
                                              0.934842   data required time
---------------------------------------------------------------------------------------------
                                              0.934842   data required time
                                             -2.608454   data arrival time
---------------------------------------------------------------------------------------------
                                              1.673611   slack (MET)


Startpoint: _1260_ (rising edge-triggered flip-flop clocked by i_clk)
Endpoint: _1155_ (removal check against rising-edge clock i_clk)
Path Group: asynchronous
Path Type: min

Fanout         Cap        Slew       Delay        Time   Description
---------------------------------------------------------------------------------------------
                      0.150000    0.000000    0.000000   clock i_clk (rise edge)
                                  0.000000    0.000000   clock network delay (ideal)
                      0.150000    0.000000    0.000000 ^ _1260_/CLK (sky130_fd_sc_hd__dfrtp_2)
    93    0.237522    1.745387    1.955585    1.955585 ^ _1260_/Q (sky130_fd_sc_hd__dfrtp_2)
                                                         u_i2c_master_controller.soft_reset_d3 (net)
                      1.745387    0.000000    1.955585 ^ _1003_/A2 (sky130_fd_sc_hd__o21a_2)
     1    0.003263    0.080728    0.652868    2.608454 ^ _1003_/X (sky130_fd_sc_hd__o21a_2)
                                                         _0128_ (net)
                      0.080728    0.000000    2.608454 ^ _1155_/RESET_B (sky130_fd_sc_hd__dfrtp_2)
                                              2.608454   data arrival time

                      0.150000    0.000000    0.000000   clock i_clk (rise edge)
                                  0.000000    0.000000   clock network delay (ideal)
                                  0.250000    0.250000   clock uncertainty
                                  0.000000    0.250000   clock reconvergence pessimism
                                              0.250000 ^ _1155_/CLK (sky130_fd_sc_hd__dfrtp_2)
                                  0.684842    0.934842   library removal time
                                              0.934842   data required time
---------------------------------------------------------------------------------------------
                                              0.934842   data required time
                                             -2.608454   data arrival time
---------------------------------------------------------------------------------------------
                                              1.673611   slack (MET)


Startpoint: _1260_ (rising edge-triggered flip-flop clocked by i_clk)
Endpoint: _1157_ (removal check against rising-edge clock i_clk)
Path Group: asynchronous
Path Type: min

Fanout         Cap        Slew       Delay        Time   Description
---------------------------------------------------------------------------------------------
                      0.150000    0.000000    0.000000   clock i_clk (rise edge)
                                  0.000000    0.000000   clock network delay (ideal)
                      0.150000    0.000000    0.000000 ^ _1260_/CLK (sky130_fd_sc_hd__dfrtp_2)
    93    0.237522    1.745387    1.955585    1.955585 ^ _1260_/Q (sky130_fd_sc_hd__dfrtp_2)
                                                         u_i2c_master_controller.soft_reset_d3 (net)
                      1.745387    0.000000    1.955585 ^ _1005_/A2 (sky130_fd_sc_hd__o21a_2)
     1    0.003263    0.080728    0.652868    2.608454 ^ _1005_/X (sky130_fd_sc_hd__o21a_2)
                                                         _0130_ (net)
                      0.080728    0.000000    2.608454 ^ _1157_/RESET_B (sky130_fd_sc_hd__dfrtp_2)
                                              2.608454   data arrival time

                      0.150000    0.000000    0.000000   clock i_clk (rise edge)
                                  0.000000    0.000000   clock network delay (ideal)
                                  0.250000    0.250000   clock uncertainty
                                  0.000000    0.250000   clock reconvergence pessimism
                                              0.250000 ^ _1157_/CLK (sky130_fd_sc_hd__dfrtp_2)
                                  0.684842    0.934842   library removal time
                                              0.934842   data required time
---------------------------------------------------------------------------------------------
                                              0.934842   data required time
                                             -2.608454   data arrival time
---------------------------------------------------------------------------------------------
                                              1.673611   slack (MET)


Startpoint: _1260_ (rising edge-triggered flip-flop clocked by i_clk)
Endpoint: _1158_ (removal check against rising-edge clock i_clk)
Path Group: asynchronous
Path Type: min

Fanout         Cap        Slew       Delay        Time   Description
---------------------------------------------------------------------------------------------
                      0.150000    0.000000    0.000000   clock i_clk (rise edge)
                                  0.000000    0.000000   clock network delay (ideal)
                      0.150000    0.000000    0.000000 ^ _1260_/CLK (sky130_fd_sc_hd__dfrtp_2)
    93    0.237522    1.745387    1.955585    1.955585 ^ _1260_/Q (sky130_fd_sc_hd__dfrtp_2)
                                                         u_i2c_master_controller.soft_reset_d3 (net)
                      1.745387    0.000000    1.955585 ^ _1006_/A2 (sky130_fd_sc_hd__o21a_2)
     1    0.003263    0.080728    0.652868    2.608454 ^ _1006_/X (sky130_fd_sc_hd__o21a_2)
                                                         _0131_ (net)
                      0.080728    0.000000    2.608454 ^ _1158_/RESET_B (sky130_fd_sc_hd__dfrtp_2)
                                              2.608454   data arrival time

                      0.150000    0.000000    0.000000   clock i_clk (rise edge)
                                  0.000000    0.000000   clock network delay (ideal)
                                  0.250000    0.250000   clock uncertainty
                                  0.000000    0.250000   clock reconvergence pessimism
                                              0.250000 ^ _1158_/CLK (sky130_fd_sc_hd__dfrtp_2)
                                  0.684842    0.934842   library removal time
                                              0.934842   data required time
---------------------------------------------------------------------------------------------
                                              0.934842   data required time
                                             -2.608454   data arrival time
---------------------------------------------------------------------------------------------
                                              1.673611   slack (MET)


Startpoint: _1260_ (rising edge-triggered flip-flop clocked by i_clk)
Endpoint: _1199_ (removal check against rising-edge clock i_clk)
Path Group: asynchronous
Path Type: min

Fanout         Cap        Slew       Delay        Time   Description
---------------------------------------------------------------------------------------------
                      0.150000    0.000000    0.000000   clock i_clk (rise edge)
                                  0.000000    0.000000   clock network delay (ideal)
                      0.150000    0.000000    0.000000 ^ _1260_/CLK (sky130_fd_sc_hd__dfrtp_2)
    93    0.237522    1.745387    1.955585    1.955585 ^ _1260_/Q (sky130_fd_sc_hd__dfrtp_2)
                                                         u_i2c_master_controller.soft_reset_d3 (net)
                      1.745387    0.000000    1.955585 ^ _1007_/A2 (sky130_fd_sc_hd__o21a_2)
     1    0.003263    0.080728    0.652868    2.608454 ^ _1007_/X (sky130_fd_sc_hd__o21a_2)
                                                         _0132_ (net)
                      0.080728    0.000000    2.608454 ^ _1199_/RESET_B (sky130_fd_sc_hd__dfrtp_2)
                                              2.608454   data arrival time

                      0.150000    0.000000    0.000000   clock i_clk (rise edge)
                                  0.000000    0.000000   clock network delay (ideal)
                                  0.250000    0.250000   clock uncertainty
                                  0.000000    0.250000   clock reconvergence pessimism
                                              0.250000 ^ _1199_/CLK (sky130_fd_sc_hd__dfrtp_2)
                                  0.684842    0.934842   library removal time
                                              0.934842   data required time
---------------------------------------------------------------------------------------------
                                              0.934842   data required time
                                             -2.608454   data arrival time
---------------------------------------------------------------------------------------------
                                              1.673611   slack (MET)


Startpoint: _1260_ (rising edge-triggered flip-flop clocked by i_clk)
Endpoint: _1200_ (removal check against rising-edge clock i_clk)
Path Group: asynchronous
Path Type: min

Fanout         Cap        Slew       Delay        Time   Description
---------------------------------------------------------------------------------------------
                      0.150000    0.000000    0.000000   clock i_clk (rise edge)
                                  0.000000    0.000000   clock network delay (ideal)
                      0.150000    0.000000    0.000000 ^ _1260_/CLK (sky130_fd_sc_hd__dfrtp_2)
    93    0.237522    1.745387    1.955585    1.955585 ^ _1260_/Q (sky130_fd_sc_hd__dfrtp_2)
                                                         u_i2c_master_controller.soft_reset_d3 (net)
                      1.745387    0.000000    1.955585 ^ _1008_/A2 (sky130_fd_sc_hd__o21a_2)
     1    0.003263    0.080728    0.652868    2.608454 ^ _1008_/X (sky130_fd_sc_hd__o21a_2)
                                                         _0133_ (net)
                      0.080728    0.000000    2.608454 ^ _1200_/RESET_B (sky130_fd_sc_hd__dfrtp_2)
                                              2.608454   data arrival time

                      0.150000    0.000000    0.000000   clock i_clk (rise edge)
                                  0.000000    0.000000   clock network delay (ideal)
                                  0.250000    0.250000   clock uncertainty
                                  0.000000    0.250000   clock reconvergence pessimism
                                              0.250000 ^ _1200_/CLK (sky130_fd_sc_hd__dfrtp_2)
                                  0.684842    0.934842   library removal time
                                              0.934842   data required time
---------------------------------------------------------------------------------------------
                                              0.934842   data required time
                                             -2.608454   data arrival time
---------------------------------------------------------------------------------------------
                                              1.673611   slack (MET)


Startpoint: _1260_ (rising edge-triggered flip-flop clocked by i_clk)
Endpoint: _1201_ (removal check against rising-edge clock i_clk)
Path Group: asynchronous
Path Type: min

Fanout         Cap        Slew       Delay        Time   Description
---------------------------------------------------------------------------------------------
                      0.150000    0.000000    0.000000   clock i_clk (rise edge)
                                  0.000000    0.000000   clock network delay (ideal)
                      0.150000    0.000000    0.000000 ^ _1260_/CLK (sky130_fd_sc_hd__dfrtp_2)
    93    0.237522    1.745387    1.955585    1.955585 ^ _1260_/Q (sky130_fd_sc_hd__dfrtp_2)
                                                         u_i2c_master_controller.soft_reset_d3 (net)
                      1.745387    0.000000    1.955585 ^ _1009_/A2 (sky130_fd_sc_hd__o21a_2)
     1    0.003263    0.080728    0.652868    2.608454 ^ _1009_/X (sky130_fd_sc_hd__o21a_2)
                                                         _0134_ (net)
                      0.080728    0.000000    2.608454 ^ _1201_/RESET_B (sky130_fd_sc_hd__dfrtp_2)
                                              2.608454   data arrival time

                      0.150000    0.000000    0.000000   clock i_clk (rise edge)
                                  0.000000    0.000000   clock network delay (ideal)
                                  0.250000    0.250000   clock uncertainty
                                  0.000000    0.250000   clock reconvergence pessimism
                                              0.250000 ^ _1201_/CLK (sky130_fd_sc_hd__dfrtp_2)
                                  0.684842    0.934842   library removal time
                                              0.934842   data required time
---------------------------------------------------------------------------------------------
                                              0.934842   data required time
                                             -2.608454   data arrival time
---------------------------------------------------------------------------------------------
                                              1.673611   slack (MET)


Startpoint: _1260_ (rising edge-triggered flip-flop clocked by i_clk)
Endpoint: _1202_ (removal check against rising-edge clock i_clk)
Path Group: asynchronous
Path Type: min

Fanout         Cap        Slew       Delay        Time   Description
---------------------------------------------------------------------------------------------
                      0.150000    0.000000    0.000000   clock i_clk (rise edge)
                                  0.000000    0.000000   clock network delay (ideal)
                      0.150000    0.000000    0.000000 ^ _1260_/CLK (sky130_fd_sc_hd__dfrtp_2)
    93    0.237522    1.745387    1.955585    1.955585 ^ _1260_/Q (sky130_fd_sc_hd__dfrtp_2)
                                                         u_i2c_master_controller.soft_reset_d3 (net)
                      1.745387    0.000000    1.955585 ^ _1010_/A2 (sky130_fd_sc_hd__o21a_2)
     1    0.003263    0.080728    0.652868    2.608454 ^ _1010_/X (sky130_fd_sc_hd__o21a_2)
                                                         _0135_ (net)
                      0.080728    0.000000    2.608454 ^ _1202_/RESET_B (sky130_fd_sc_hd__dfrtp_2)
                                              2.608454   data arrival time

                      0.150000    0.000000    0.000000   clock i_clk (rise edge)
                                  0.000000    0.000000   clock network delay (ideal)
                                  0.250000    0.250000   clock uncertainty
                                  0.000000    0.250000   clock reconvergence pessimism
                                              0.250000 ^ _1202_/CLK (sky130_fd_sc_hd__dfrtp_2)
                                  0.684842    0.934842   library removal time
                                              0.934842   data required time
---------------------------------------------------------------------------------------------
                                              0.934842   data required time
                                             -2.608454   data arrival time
---------------------------------------------------------------------------------------------
                                              1.673611   slack (MET)


Startpoint: _1260_ (rising edge-triggered flip-flop clocked by i_clk)
Endpoint: _1203_ (removal check against rising-edge clock i_clk)
Path Group: asynchronous
Path Type: min

Fanout         Cap        Slew       Delay        Time   Description
---------------------------------------------------------------------------------------------
                      0.150000    0.000000    0.000000   clock i_clk (rise edge)
                                  0.000000    0.000000   clock network delay (ideal)
                      0.150000    0.000000    0.000000 ^ _1260_/CLK (sky130_fd_sc_hd__dfrtp_2)
    93    0.237522    1.745387    1.955585    1.955585 ^ _1260_/Q (sky130_fd_sc_hd__dfrtp_2)
                                                         u_i2c_master_controller.soft_reset_d3 (net)
                      1.745387    0.000000    1.955585 ^ _1011_/A2 (sky130_fd_sc_hd__o21a_2)
     1    0.003263    0.080728    0.652868    2.608454 ^ _1011_/X (sky130_fd_sc_hd__o21a_2)
                                                         _0136_ (net)
                      0.080728    0.000000    2.608454 ^ _1203_/RESET_B (sky130_fd_sc_hd__dfrtp_2)
                                              2.608454   data arrival time

                      0.150000    0.000000    0.000000   clock i_clk (rise edge)
                                  0.000000    0.000000   clock network delay (ideal)
                                  0.250000    0.250000   clock uncertainty
                                  0.000000    0.250000   clock reconvergence pessimism
                                              0.250000 ^ _1203_/CLK (sky130_fd_sc_hd__dfrtp_2)
                                  0.684842    0.934842   library removal time
                                              0.934842   data required time
---------------------------------------------------------------------------------------------
                                              0.934842   data required time
                                             -2.608454   data arrival time
---------------------------------------------------------------------------------------------
                                              1.673611   slack (MET)


Startpoint: _1260_ (rising edge-triggered flip-flop clocked by i_clk)
Endpoint: _1204_ (removal check against rising-edge clock i_clk)
Path Group: asynchronous
Path Type: min

Fanout         Cap        Slew       Delay        Time   Description
---------------------------------------------------------------------------------------------
                      0.150000    0.000000    0.000000   clock i_clk (rise edge)
                                  0.000000    0.000000   clock network delay (ideal)
                      0.150000    0.000000    0.000000 ^ _1260_/CLK (sky130_fd_sc_hd__dfrtp_2)
    93    0.237522    1.745387    1.955585    1.955585 ^ _1260_/Q (sky130_fd_sc_hd__dfrtp_2)
                                                         u_i2c_master_controller.soft_reset_d3 (net)
                      1.745387    0.000000    1.955585 ^ _1012_/A2 (sky130_fd_sc_hd__o21a_2)
     1    0.003263    0.080728    0.652868    2.608454 ^ _1012_/X (sky130_fd_sc_hd__o21a_2)
                                                         _0137_ (net)
                      0.080728    0.000000    2.608454 ^ _1204_/RESET_B (sky130_fd_sc_hd__dfrtp_2)
                                              2.608454   data arrival time

                      0.150000    0.000000    0.000000   clock i_clk (rise edge)
                                  0.000000    0.000000   clock network delay (ideal)
                                  0.250000    0.250000   clock uncertainty
                                  0.000000    0.250000   clock reconvergence pessimism
                                              0.250000 ^ _1204_/CLK (sky130_fd_sc_hd__dfrtp_2)
                                  0.684842    0.934842   library removal time
                                              0.934842   data required time
---------------------------------------------------------------------------------------------
                                              0.934842   data required time
                                             -2.608454   data arrival time
---------------------------------------------------------------------------------------------
                                              1.673611   slack (MET)


Startpoint: _1260_ (rising edge-triggered flip-flop clocked by i_clk)
Endpoint: _1205_ (removal check against rising-edge clock i_clk)
Path Group: asynchronous
Path Type: min

Fanout         Cap        Slew       Delay        Time   Description
---------------------------------------------------------------------------------------------
                      0.150000    0.000000    0.000000   clock i_clk (rise edge)
                                  0.000000    0.000000   clock network delay (ideal)
                      0.150000    0.000000    0.000000 ^ _1260_/CLK (sky130_fd_sc_hd__dfrtp_2)
    93    0.237522    1.745387    1.955585    1.955585 ^ _1260_/Q (sky130_fd_sc_hd__dfrtp_2)
                                                         u_i2c_master_controller.soft_reset_d3 (net)
                      1.745387    0.000000    1.955585 ^ _1013_/A2 (sky130_fd_sc_hd__o21a_2)
     1    0.003263    0.080728    0.652868    2.608454 ^ _1013_/X (sky130_fd_sc_hd__o21a_2)
                                                         _0138_ (net)
                      0.080728    0.000000    2.608454 ^ _1205_/RESET_B (sky130_fd_sc_hd__dfrtp_2)
                                              2.608454   data arrival time

                      0.150000    0.000000    0.000000   clock i_clk (rise edge)
                                  0.000000    0.000000   clock network delay (ideal)
                                  0.250000    0.250000   clock uncertainty
                                  0.000000    0.250000   clock reconvergence pessimism
                                              0.250000 ^ _1205_/CLK (sky130_fd_sc_hd__dfrtp_2)
                                  0.684842    0.934842   library removal time
                                              0.934842   data required time
---------------------------------------------------------------------------------------------
                                              0.934842   data required time
                                             -2.608454   data arrival time
---------------------------------------------------------------------------------------------
                                              1.673611   slack (MET)


Startpoint: _1260_ (rising edge-triggered flip-flop clocked by i_clk)
Endpoint: _1206_ (removal check against rising-edge clock i_clk)
Path Group: asynchronous
Path Type: min

Fanout         Cap        Slew       Delay        Time   Description
---------------------------------------------------------------------------------------------
                      0.150000    0.000000    0.000000   clock i_clk (rise edge)
                                  0.000000    0.000000   clock network delay (ideal)
                      0.150000    0.000000    0.000000 ^ _1260_/CLK (sky130_fd_sc_hd__dfrtp_2)
    93    0.237522    1.745387    1.955585    1.955585 ^ _1260_/Q (sky130_fd_sc_hd__dfrtp_2)
                                                         u_i2c_master_controller.soft_reset_d3 (net)
                      1.745387    0.000000    1.955585 ^ _1014_/A2 (sky130_fd_sc_hd__o21a_2)
     1    0.003263    0.080728    0.652868    2.608454 ^ _1014_/X (sky130_fd_sc_hd__o21a_2)
                                                         _0139_ (net)
                      0.080728    0.000000    2.608454 ^ _1206_/RESET_B (sky130_fd_sc_hd__dfrtp_2)
                                              2.608454   data arrival time

                      0.150000    0.000000    0.000000   clock i_clk (rise edge)
                                  0.000000    0.000000   clock network delay (ideal)
                                  0.250000    0.250000   clock uncertainty
                                  0.000000    0.250000   clock reconvergence pessimism
                                              0.250000 ^ _1206_/CLK (sky130_fd_sc_hd__dfrtp_2)
                                  0.684842    0.934842   library removal time
                                              0.934842   data required time
---------------------------------------------------------------------------------------------
                                              0.934842   data required time
                                             -2.608454   data arrival time
---------------------------------------------------------------------------------------------
                                              1.673611   slack (MET)


Startpoint: _1260_ (rising edge-triggered flip-flop clocked by i_clk)
Endpoint: _1207_ (removal check against rising-edge clock i_clk)
Path Group: asynchronous
Path Type: min

Fanout         Cap        Slew       Delay        Time   Description
---------------------------------------------------------------------------------------------
                      0.150000    0.000000    0.000000   clock i_clk (rise edge)
                                  0.000000    0.000000   clock network delay (ideal)
                      0.150000    0.000000    0.000000 ^ _1260_/CLK (sky130_fd_sc_hd__dfrtp_2)
    93    0.237522    1.745387    1.955585    1.955585 ^ _1260_/Q (sky130_fd_sc_hd__dfrtp_2)
                                                         u_i2c_master_controller.soft_reset_d3 (net)
                      1.745387    0.000000    1.955585 ^ _1015_/A2 (sky130_fd_sc_hd__o21a_2)
     1    0.003263    0.080728    0.652868    2.608454 ^ _1015_/X (sky130_fd_sc_hd__o21a_2)
                                                         _0140_ (net)
                      0.080728    0.000000    2.608454 ^ _1207_/RESET_B (sky130_fd_sc_hd__dfrtp_2)
                                              2.608454   data arrival time

                      0.150000    0.000000    0.000000   clock i_clk (rise edge)
                                  0.000000    0.000000   clock network delay (ideal)
                                  0.250000    0.250000   clock uncertainty
                                  0.000000    0.250000   clock reconvergence pessimism
                                              0.250000 ^ _1207_/CLK (sky130_fd_sc_hd__dfrtp_2)
                                  0.684842    0.934842   library removal time
                                              0.934842   data required time
---------------------------------------------------------------------------------------------
                                              0.934842   data required time
                                             -2.608454   data arrival time
---------------------------------------------------------------------------------------------
                                              1.673611   slack (MET)


Startpoint: _1260_ (rising edge-triggered flip-flop clocked by i_clk)
Endpoint: _1208_ (removal check against rising-edge clock i_clk)
Path Group: asynchronous
Path Type: min

Fanout         Cap        Slew       Delay        Time   Description
---------------------------------------------------------------------------------------------
                      0.150000    0.000000    0.000000   clock i_clk (rise edge)
                                  0.000000    0.000000   clock network delay (ideal)
                      0.150000    0.000000    0.000000 ^ _1260_/CLK (sky130_fd_sc_hd__dfrtp_2)
    93    0.237522    1.745387    1.955585    1.955585 ^ _1260_/Q (sky130_fd_sc_hd__dfrtp_2)
                                                         u_i2c_master_controller.soft_reset_d3 (net)
                      1.745387    0.000000    1.955585 ^ _1016_/A2 (sky130_fd_sc_hd__o21a_2)
     1    0.003263    0.080728    0.652868    2.608454 ^ _1016_/X (sky130_fd_sc_hd__o21a_2)
                                                         _0141_ (net)
                      0.080728    0.000000    2.608454 ^ _1208_/RESET_B (sky130_fd_sc_hd__dfrtp_2)
                                              2.608454   data arrival time

                      0.150000    0.000000    0.000000   clock i_clk (rise edge)
                                  0.000000    0.000000   clock network delay (ideal)
                                  0.250000    0.250000   clock uncertainty
                                  0.000000    0.250000   clock reconvergence pessimism
                                              0.250000 ^ _1208_/CLK (sky130_fd_sc_hd__dfrtp_2)
                                  0.684842    0.934842   library removal time
                                              0.934842   data required time
---------------------------------------------------------------------------------------------
                                              0.934842   data required time
                                             -2.608454   data arrival time
---------------------------------------------------------------------------------------------
                                              1.673611   slack (MET)


Startpoint: _1260_ (rising edge-triggered flip-flop clocked by i_clk)
Endpoint: _1209_ (removal check against rising-edge clock i_clk)
Path Group: asynchronous
Path Type: min

Fanout         Cap        Slew       Delay        Time   Description
---------------------------------------------------------------------------------------------
                      0.150000    0.000000    0.000000   clock i_clk (rise edge)
                                  0.000000    0.000000   clock network delay (ideal)
                      0.150000    0.000000    0.000000 ^ _1260_/CLK (sky130_fd_sc_hd__dfrtp_2)
    93    0.237522    1.745387    1.955585    1.955585 ^ _1260_/Q (sky130_fd_sc_hd__dfrtp_2)
                                                         u_i2c_master_controller.soft_reset_d3 (net)
                      1.745387    0.000000    1.955585 ^ _1017_/A2 (sky130_fd_sc_hd__o21a_2)
     1    0.003263    0.080728    0.652868    2.608454 ^ _1017_/X (sky130_fd_sc_hd__o21a_2)
                                                         _0142_ (net)
                      0.080728    0.000000    2.608454 ^ _1209_/RESET_B (sky130_fd_sc_hd__dfrtp_2)
                                              2.608454   data arrival time

                      0.150000    0.000000    0.000000   clock i_clk (rise edge)
                                  0.000000    0.000000   clock network delay (ideal)
                                  0.250000    0.250000   clock uncertainty
                                  0.000000    0.250000   clock reconvergence pessimism
                                              0.250000 ^ _1209_/CLK (sky130_fd_sc_hd__dfrtp_2)
                                  0.684842    0.934842   library removal time
                                              0.934842   data required time
---------------------------------------------------------------------------------------------
                                              0.934842   data required time
                                             -2.608454   data arrival time
---------------------------------------------------------------------------------------------
                                              1.673611   slack (MET)


Startpoint: _1260_ (rising edge-triggered flip-flop clocked by i_clk)
Endpoint: _1211_ (removal check against rising-edge clock i_clk)
Path Group: asynchronous
Path Type: min

Fanout         Cap        Slew       Delay        Time   Description
---------------------------------------------------------------------------------------------
                      0.150000    0.000000    0.000000   clock i_clk (rise edge)
                                  0.000000    0.000000   clock network delay (ideal)
                      0.150000    0.000000    0.000000 ^ _1260_/CLK (sky130_fd_sc_hd__dfrtp_2)
    93    0.237522    1.745387    1.955585    1.955585 ^ _1260_/Q (sky130_fd_sc_hd__dfrtp_2)
                                                         u_i2c_master_controller.soft_reset_d3 (net)
                      1.745387    0.000000    1.955585 ^ _1019_/A2 (sky130_fd_sc_hd__o21a_2)
     1    0.003263    0.080728    0.652868    2.608454 ^ _1019_/X (sky130_fd_sc_hd__o21a_2)
                                                         _0144_ (net)
                      0.080728    0.000000    2.608454 ^ _1211_/RESET_B (sky130_fd_sc_hd__dfrtp_2)
                                              2.608454   data arrival time

                      0.150000    0.000000    0.000000   clock i_clk (rise edge)
                                  0.000000    0.000000   clock network delay (ideal)
                                  0.250000    0.250000   clock uncertainty
                                  0.000000    0.250000   clock reconvergence pessimism
                                              0.250000 ^ _1211_/CLK (sky130_fd_sc_hd__dfrtp_2)
                                  0.684842    0.934842   library removal time
                                              0.934842   data required time
---------------------------------------------------------------------------------------------
                                              0.934842   data required time
                                             -2.608454   data arrival time
---------------------------------------------------------------------------------------------
                                              1.673611   slack (MET)


Startpoint: _1260_ (rising edge-triggered flip-flop clocked by i_clk)
Endpoint: _1212_ (removal check against rising-edge clock i_clk)
Path Group: asynchronous
Path Type: min

Fanout         Cap        Slew       Delay        Time   Description
---------------------------------------------------------------------------------------------
                      0.150000    0.000000    0.000000   clock i_clk (rise edge)
                                  0.000000    0.000000   clock network delay (ideal)
                      0.150000    0.000000    0.000000 ^ _1260_/CLK (sky130_fd_sc_hd__dfrtp_2)
    93    0.237522    1.745387    1.955585    1.955585 ^ _1260_/Q (sky130_fd_sc_hd__dfrtp_2)
                                                         u_i2c_master_controller.soft_reset_d3 (net)
                      1.745387    0.000000    1.955585 ^ _1020_/A2 (sky130_fd_sc_hd__o21a_2)
     1    0.003263    0.080728    0.652868    2.608454 ^ _1020_/X (sky130_fd_sc_hd__o21a_2)
                                                         _0145_ (net)
                      0.080728    0.000000    2.608454 ^ _1212_/RESET_B (sky130_fd_sc_hd__dfrtp_2)
                                              2.608454   data arrival time

                      0.150000    0.000000    0.000000   clock i_clk (rise edge)
                                  0.000000    0.000000   clock network delay (ideal)
                                  0.250000    0.250000   clock uncertainty
                                  0.000000    0.250000   clock reconvergence pessimism
                                              0.250000 ^ _1212_/CLK (sky130_fd_sc_hd__dfrtp_2)
                                  0.684842    0.934842   library removal time
                                              0.934842   data required time
---------------------------------------------------------------------------------------------
                                              0.934842   data required time
                                             -2.608454   data arrival time
---------------------------------------------------------------------------------------------
                                              1.673611   slack (MET)


Startpoint: _1260_ (rising edge-triggered flip-flop clocked by i_clk)
Endpoint: _1213_ (removal check against rising-edge clock i_clk)
Path Group: asynchronous
Path Type: min

Fanout         Cap        Slew       Delay        Time   Description
---------------------------------------------------------------------------------------------
                      0.150000    0.000000    0.000000   clock i_clk (rise edge)
                                  0.000000    0.000000   clock network delay (ideal)
                      0.150000    0.000000    0.000000 ^ _1260_/CLK (sky130_fd_sc_hd__dfrtp_2)
    93    0.237522    1.745387    1.955585    1.955585 ^ _1260_/Q (sky130_fd_sc_hd__dfrtp_2)
                                                         u_i2c_master_controller.soft_reset_d3 (net)
                      1.745387    0.000000    1.955585 ^ _1021_/A2 (sky130_fd_sc_hd__o21a_2)
     1    0.003263    0.080728    0.652868    2.608454 ^ _1021_/X (sky130_fd_sc_hd__o21a_2)
                                                         _0146_ (net)
                      0.080728    0.000000    2.608454 ^ _1213_/RESET_B (sky130_fd_sc_hd__dfrtp_2)
                                              2.608454   data arrival time

                      0.150000    0.000000    0.000000   clock i_clk (rise edge)
                                  0.000000    0.000000   clock network delay (ideal)
                                  0.250000    0.250000   clock uncertainty
                                  0.000000    0.250000   clock reconvergence pessimism
                                              0.250000 ^ _1213_/CLK (sky130_fd_sc_hd__dfrtp_2)
                                  0.684842    0.934842   library removal time
                                              0.934842   data required time
---------------------------------------------------------------------------------------------
                                              0.934842   data required time
                                             -2.608454   data arrival time
---------------------------------------------------------------------------------------------
                                              1.673611   slack (MET)


Startpoint: _1260_ (rising edge-triggered flip-flop clocked by i_clk)
Endpoint: _1214_ (removal check against rising-edge clock i_clk)
Path Group: asynchronous
Path Type: min

Fanout         Cap        Slew       Delay        Time   Description
---------------------------------------------------------------------------------------------
                      0.150000    0.000000    0.000000   clock i_clk (rise edge)
                                  0.000000    0.000000   clock network delay (ideal)
                      0.150000    0.000000    0.000000 ^ _1260_/CLK (sky130_fd_sc_hd__dfrtp_2)
    93    0.237522    1.745387    1.955585    1.955585 ^ _1260_/Q (sky130_fd_sc_hd__dfrtp_2)
                                                         u_i2c_master_controller.soft_reset_d3 (net)
                      1.745387    0.000000    1.955585 ^ _1022_/A2 (sky130_fd_sc_hd__o21a_2)
     1    0.003263    0.080728    0.652868    2.608454 ^ _1022_/X (sky130_fd_sc_hd__o21a_2)
                                                         _0147_ (net)
                      0.080728    0.000000    2.608454 ^ _1214_/RESET_B (sky130_fd_sc_hd__dfrtp_2)
                                              2.608454   data arrival time

                      0.150000    0.000000    0.000000   clock i_clk (rise edge)
                                  0.000000    0.000000   clock network delay (ideal)
                                  0.250000    0.250000   clock uncertainty
                                  0.000000    0.250000   clock reconvergence pessimism
                                              0.250000 ^ _1214_/CLK (sky130_fd_sc_hd__dfrtp_2)
                                  0.684842    0.934842   library removal time
                                              0.934842   data required time
---------------------------------------------------------------------------------------------
                                              0.934842   data required time
                                             -2.608454   data arrival time
---------------------------------------------------------------------------------------------
                                              1.673611   slack (MET)


Startpoint: _1260_ (rising edge-triggered flip-flop clocked by i_clk)
Endpoint: _1215_ (removal check against rising-edge clock i_clk)
Path Group: asynchronous
Path Type: min

Fanout         Cap        Slew       Delay        Time   Description
---------------------------------------------------------------------------------------------
                      0.150000    0.000000    0.000000   clock i_clk (rise edge)
                                  0.000000    0.000000   clock network delay (ideal)
                      0.150000    0.000000    0.000000 ^ _1260_/CLK (sky130_fd_sc_hd__dfrtp_2)
    93    0.237522    1.745387    1.955585    1.955585 ^ _1260_/Q (sky130_fd_sc_hd__dfrtp_2)
                                                         u_i2c_master_controller.soft_reset_d3 (net)
                      1.745387    0.000000    1.955585 ^ _1023_/A2 (sky130_fd_sc_hd__o21a_2)
     1    0.003263    0.080728    0.652868    2.608454 ^ _1023_/X (sky130_fd_sc_hd__o21a_2)
                                                         _0148_ (net)
                      0.080728    0.000000    2.608454 ^ _1215_/RESET_B (sky130_fd_sc_hd__dfrtp_2)
                                              2.608454   data arrival time

                      0.150000    0.000000    0.000000   clock i_clk (rise edge)
                                  0.000000    0.000000   clock network delay (ideal)
                                  0.250000    0.250000   clock uncertainty
                                  0.000000    0.250000   clock reconvergence pessimism
                                              0.250000 ^ _1215_/CLK (sky130_fd_sc_hd__dfrtp_2)
                                  0.684842    0.934842   library removal time
                                              0.934842   data required time
---------------------------------------------------------------------------------------------
                                              0.934842   data required time
                                             -2.608454   data arrival time
---------------------------------------------------------------------------------------------
                                              1.673611   slack (MET)


Startpoint: _1260_ (rising edge-triggered flip-flop clocked by i_clk)
Endpoint: _1216_ (removal check against rising-edge clock i_clk)
Path Group: asynchronous
Path Type: min

Fanout         Cap        Slew       Delay        Time   Description
---------------------------------------------------------------------------------------------
                      0.150000    0.000000    0.000000   clock i_clk (rise edge)
                                  0.000000    0.000000   clock network delay (ideal)
                      0.150000    0.000000    0.000000 ^ _1260_/CLK (sky130_fd_sc_hd__dfrtp_2)
    93    0.237522    1.745387    1.955585    1.955585 ^ _1260_/Q (sky130_fd_sc_hd__dfrtp_2)
                                                         u_i2c_master_controller.soft_reset_d3 (net)
                      1.745387    0.000000    1.955585 ^ _1024_/A2 (sky130_fd_sc_hd__o21a_2)
     1    0.003263    0.080728    0.652868    2.608454 ^ _1024_/X (sky130_fd_sc_hd__o21a_2)
                                                         _0149_ (net)
                      0.080728    0.000000    2.608454 ^ _1216_/RESET_B (sky130_fd_sc_hd__dfrtp_2)
                                              2.608454   data arrival time

                      0.150000    0.000000    0.000000   clock i_clk (rise edge)
                                  0.000000    0.000000   clock network delay (ideal)
                                  0.250000    0.250000   clock uncertainty
                                  0.000000    0.250000   clock reconvergence pessimism
                                              0.250000 ^ _1216_/CLK (sky130_fd_sc_hd__dfrtp_2)
                                  0.684842    0.934842   library removal time
                                              0.934842   data required time
---------------------------------------------------------------------------------------------
                                              0.934842   data required time
                                             -2.608454   data arrival time
---------------------------------------------------------------------------------------------
                                              1.673611   slack (MET)


Startpoint: _1260_ (rising edge-triggered flip-flop clocked by i_clk)
Endpoint: _1217_ (removal check against rising-edge clock i_clk)
Path Group: asynchronous
Path Type: min

Fanout         Cap        Slew       Delay        Time   Description
---------------------------------------------------------------------------------------------
                      0.150000    0.000000    0.000000   clock i_clk (rise edge)
                                  0.000000    0.000000   clock network delay (ideal)
                      0.150000    0.000000    0.000000 ^ _1260_/CLK (sky130_fd_sc_hd__dfrtp_2)
    93    0.237522    1.745387    1.955585    1.955585 ^ _1260_/Q (sky130_fd_sc_hd__dfrtp_2)
                                                         u_i2c_master_controller.soft_reset_d3 (net)
                      1.745387    0.000000    1.955585 ^ _1025_/A2 (sky130_fd_sc_hd__o21a_2)
     1    0.003263    0.080728    0.652868    2.608454 ^ _1025_/X (sky130_fd_sc_hd__o21a_2)
                                                         _0150_ (net)
                      0.080728    0.000000    2.608454 ^ _1217_/RESET_B (sky130_fd_sc_hd__dfrtp_2)
                                              2.608454   data arrival time

                      0.150000    0.000000    0.000000   clock i_clk (rise edge)
                                  0.000000    0.000000   clock network delay (ideal)
                                  0.250000    0.250000   clock uncertainty
                                  0.000000    0.250000   clock reconvergence pessimism
                                              0.250000 ^ _1217_/CLK (sky130_fd_sc_hd__dfrtp_2)
                                  0.684842    0.934842   library removal time
                                              0.934842   data required time
---------------------------------------------------------------------------------------------
                                              0.934842   data required time
                                             -2.608454   data arrival time
---------------------------------------------------------------------------------------------
                                              1.673611   slack (MET)


Startpoint: _1260_ (rising edge-triggered flip-flop clocked by i_clk)
Endpoint: _1218_ (removal check against rising-edge clock i_clk)
Path Group: asynchronous
Path Type: min

Fanout         Cap        Slew       Delay        Time   Description
---------------------------------------------------------------------------------------------
                      0.150000    0.000000    0.000000   clock i_clk (rise edge)
                                  0.000000    0.000000   clock network delay (ideal)
                      0.150000    0.000000    0.000000 ^ _1260_/CLK (sky130_fd_sc_hd__dfrtp_2)
    93    0.237522    1.745387    1.955585    1.955585 ^ _1260_/Q (sky130_fd_sc_hd__dfrtp_2)
                                                         u_i2c_master_controller.soft_reset_d3 (net)
                      1.745387    0.000000    1.955585 ^ _1026_/A2 (sky130_fd_sc_hd__o21a_2)
     1    0.003263    0.080728    0.652868    2.608454 ^ _1026_/X (sky130_fd_sc_hd__o21a_2)
                                                         _0151_ (net)
                      0.080728    0.000000    2.608454 ^ _1218_/RESET_B (sky130_fd_sc_hd__dfrtp_2)
                                              2.608454   data arrival time

                      0.150000    0.000000    0.000000   clock i_clk (rise edge)
                                  0.000000    0.000000   clock network delay (ideal)
                                  0.250000    0.250000   clock uncertainty
                                  0.000000    0.250000   clock reconvergence pessimism
                                              0.250000 ^ _1218_/CLK (sky130_fd_sc_hd__dfrtp_2)
                                  0.684842    0.934842   library removal time
                                              0.934842   data required time
---------------------------------------------------------------------------------------------
                                              0.934842   data required time
                                             -2.608454   data arrival time
---------------------------------------------------------------------------------------------
                                              1.673611   slack (MET)


Startpoint: _1260_ (rising edge-triggered flip-flop clocked by i_clk)
Endpoint: _1219_ (removal check against rising-edge clock i_clk)
Path Group: asynchronous
Path Type: min

Fanout         Cap        Slew       Delay        Time   Description
---------------------------------------------------------------------------------------------
                      0.150000    0.000000    0.000000   clock i_clk (rise edge)
                                  0.000000    0.000000   clock network delay (ideal)
                      0.150000    0.000000    0.000000 ^ _1260_/CLK (sky130_fd_sc_hd__dfrtp_2)
    93    0.237522    1.745387    1.955585    1.955585 ^ _1260_/Q (sky130_fd_sc_hd__dfrtp_2)
                                                         u_i2c_master_controller.soft_reset_d3 (net)
                      1.745387    0.000000    1.955585 ^ _1027_/A2 (sky130_fd_sc_hd__o21a_2)
     1    0.003263    0.080728    0.652868    2.608454 ^ _1027_/X (sky130_fd_sc_hd__o21a_2)
                                                         _0152_ (net)
                      0.080728    0.000000    2.608454 ^ _1219_/RESET_B (sky130_fd_sc_hd__dfrtp_2)
                                              2.608454   data arrival time

                      0.150000    0.000000    0.000000   clock i_clk (rise edge)
                                  0.000000    0.000000   clock network delay (ideal)
                                  0.250000    0.250000   clock uncertainty
                                  0.000000    0.250000   clock reconvergence pessimism
                                              0.250000 ^ _1219_/CLK (sky130_fd_sc_hd__dfrtp_2)
                                  0.684842    0.934842   library removal time
                                              0.934842   data required time
---------------------------------------------------------------------------------------------
                                              0.934842   data required time
                                             -2.608454   data arrival time
---------------------------------------------------------------------------------------------
                                              1.673611   slack (MET)


Startpoint: _1260_ (rising edge-triggered flip-flop clocked by i_clk)
Endpoint: _1220_ (removal check against rising-edge clock i_clk)
Path Group: asynchronous
Path Type: min

Fanout         Cap        Slew       Delay        Time   Description
---------------------------------------------------------------------------------------------
                      0.150000    0.000000    0.000000   clock i_clk (rise edge)
                                  0.000000    0.000000   clock network delay (ideal)
                      0.150000    0.000000    0.000000 ^ _1260_/CLK (sky130_fd_sc_hd__dfrtp_2)
    93    0.237522    1.745387    1.955585    1.955585 ^ _1260_/Q (sky130_fd_sc_hd__dfrtp_2)
                                                         u_i2c_master_controller.soft_reset_d3 (net)
                      1.745387    0.000000    1.955585 ^ _1028_/A2 (sky130_fd_sc_hd__o21a_2)
     1    0.003263    0.080728    0.652868    2.608454 ^ _1028_/X (sky130_fd_sc_hd__o21a_2)
                                                         _0153_ (net)
                      0.080728    0.000000    2.608454 ^ _1220_/RESET_B (sky130_fd_sc_hd__dfrtp_2)
                                              2.608454   data arrival time

                      0.150000    0.000000    0.000000   clock i_clk (rise edge)
                                  0.000000    0.000000   clock network delay (ideal)
                                  0.250000    0.250000   clock uncertainty
                                  0.000000    0.250000   clock reconvergence pessimism
                                              0.250000 ^ _1220_/CLK (sky130_fd_sc_hd__dfrtp_2)
                                  0.684842    0.934842   library removal time
                                              0.934842   data required time
---------------------------------------------------------------------------------------------
                                              0.934842   data required time
                                             -2.608454   data arrival time
---------------------------------------------------------------------------------------------
                                              1.673611   slack (MET)


Startpoint: _1260_ (rising edge-triggered flip-flop clocked by i_clk)
Endpoint: _1221_ (removal check against rising-edge clock i_clk)
Path Group: asynchronous
Path Type: min

Fanout         Cap        Slew       Delay        Time   Description
---------------------------------------------------------------------------------------------
                      0.150000    0.000000    0.000000   clock i_clk (rise edge)
                                  0.000000    0.000000   clock network delay (ideal)
                      0.150000    0.000000    0.000000 ^ _1260_/CLK (sky130_fd_sc_hd__dfrtp_2)
    93    0.237522    1.745387    1.955585    1.955585 ^ _1260_/Q (sky130_fd_sc_hd__dfrtp_2)
                                                         u_i2c_master_controller.soft_reset_d3 (net)
                      1.745387    0.000000    1.955585 ^ _1029_/A2 (sky130_fd_sc_hd__o21a_2)
     1    0.003263    0.080728    0.652868    2.608454 ^ _1029_/X (sky130_fd_sc_hd__o21a_2)
                                                         _0154_ (net)
                      0.080728    0.000000    2.608454 ^ _1221_/RESET_B (sky130_fd_sc_hd__dfrtp_2)
                                              2.608454   data arrival time

                      0.150000    0.000000    0.000000   clock i_clk (rise edge)
                                  0.000000    0.000000   clock network delay (ideal)
                                  0.250000    0.250000   clock uncertainty
                                  0.000000    0.250000   clock reconvergence pessimism
                                              0.250000 ^ _1221_/CLK (sky130_fd_sc_hd__dfrtp_2)
                                  0.684842    0.934842   library removal time
                                              0.934842   data required time
---------------------------------------------------------------------------------------------
                                              0.934842   data required time
                                             -2.608454   data arrival time
---------------------------------------------------------------------------------------------
                                              1.673611   slack (MET)


Startpoint: _1260_ (rising edge-triggered flip-flop clocked by i_clk)
Endpoint: _1222_ (removal check against rising-edge clock i_clk)
Path Group: asynchronous
Path Type: min

Fanout         Cap        Slew       Delay        Time   Description
---------------------------------------------------------------------------------------------
                      0.150000    0.000000    0.000000   clock i_clk (rise edge)
                                  0.000000    0.000000   clock network delay (ideal)
                      0.150000    0.000000    0.000000 ^ _1260_/CLK (sky130_fd_sc_hd__dfrtp_2)
    93    0.237522    1.745387    1.955585    1.955585 ^ _1260_/Q (sky130_fd_sc_hd__dfrtp_2)
                                                         u_i2c_master_controller.soft_reset_d3 (net)
                      1.745387    0.000000    1.955585 ^ _1030_/A2 (sky130_fd_sc_hd__o21a_2)
     1    0.003263    0.080728    0.652868    2.608454 ^ _1030_/X (sky130_fd_sc_hd__o21a_2)
                                                         _0155_ (net)
                      0.080728    0.000000    2.608454 ^ _1222_/RESET_B (sky130_fd_sc_hd__dfrtp_2)
                                              2.608454   data arrival time

                      0.150000    0.000000    0.000000   clock i_clk (rise edge)
                                  0.000000    0.000000   clock network delay (ideal)
                                  0.250000    0.250000   clock uncertainty
                                  0.000000    0.250000   clock reconvergence pessimism
                                              0.250000 ^ _1222_/CLK (sky130_fd_sc_hd__dfrtp_2)
                                  0.684842    0.934842   library removal time
                                              0.934842   data required time
---------------------------------------------------------------------------------------------
                                              0.934842   data required time
                                             -2.608454   data arrival time
---------------------------------------------------------------------------------------------
                                              1.673611   slack (MET)


Startpoint: _1260_ (rising edge-triggered flip-flop clocked by i_clk)
Endpoint: _1223_ (removal check against rising-edge clock i_clk)
Path Group: asynchronous
Path Type: min

Fanout         Cap        Slew       Delay        Time   Description
---------------------------------------------------------------------------------------------
                      0.150000    0.000000    0.000000   clock i_clk (rise edge)
                                  0.000000    0.000000   clock network delay (ideal)
                      0.150000    0.000000    0.000000 ^ _1260_/CLK (sky130_fd_sc_hd__dfrtp_2)
    93    0.237522    1.745387    1.955585    1.955585 ^ _1260_/Q (sky130_fd_sc_hd__dfrtp_2)
                                                         u_i2c_master_controller.soft_reset_d3 (net)
                      1.745387    0.000000    1.955585 ^ _1031_/A2 (sky130_fd_sc_hd__o21a_2)
     1    0.003263    0.080728    0.652868    2.608454 ^ _1031_/X (sky130_fd_sc_hd__o21a_2)
                                                         _0156_ (net)
                      0.080728    0.000000    2.608454 ^ _1223_/RESET_B (sky130_fd_sc_hd__dfrtp_2)
                                              2.608454   data arrival time

                      0.150000    0.000000    0.000000   clock i_clk (rise edge)
                                  0.000000    0.000000   clock network delay (ideal)
                                  0.250000    0.250000   clock uncertainty
                                  0.000000    0.250000   clock reconvergence pessimism
                                              0.250000 ^ _1223_/CLK (sky130_fd_sc_hd__dfrtp_2)
                                  0.684842    0.934842   library removal time
                                              0.934842   data required time
---------------------------------------------------------------------------------------------
                                              0.934842   data required time
                                             -2.608454   data arrival time
---------------------------------------------------------------------------------------------
                                              1.673611   slack (MET)


Startpoint: _1260_ (rising edge-triggered flip-flop clocked by i_clk)
Endpoint: _1224_ (removal check against rising-edge clock i_clk)
Path Group: asynchronous
Path Type: min

Fanout         Cap        Slew       Delay        Time   Description
---------------------------------------------------------------------------------------------
                      0.150000    0.000000    0.000000   clock i_clk (rise edge)
                                  0.000000    0.000000   clock network delay (ideal)
                      0.150000    0.000000    0.000000 ^ _1260_/CLK (sky130_fd_sc_hd__dfrtp_2)
    93    0.237522    1.745387    1.955585    1.955585 ^ _1260_/Q (sky130_fd_sc_hd__dfrtp_2)
                                                         u_i2c_master_controller.soft_reset_d3 (net)
                      1.745387    0.000000    1.955585 ^ _1032_/A2 (sky130_fd_sc_hd__o21a_2)
     1    0.003263    0.080728    0.652868    2.608454 ^ _1032_/X (sky130_fd_sc_hd__o21a_2)
                                                         _0157_ (net)
                      0.080728    0.000000    2.608454 ^ _1224_/RESET_B (sky130_fd_sc_hd__dfrtp_2)
                                              2.608454   data arrival time

                      0.150000    0.000000    0.000000   clock i_clk (rise edge)
                                  0.000000    0.000000   clock network delay (ideal)
                                  0.250000    0.250000   clock uncertainty
                                  0.000000    0.250000   clock reconvergence pessimism
                                              0.250000 ^ _1224_/CLK (sky130_fd_sc_hd__dfrtp_2)
                                  0.684842    0.934842   library removal time
                                              0.934842   data required time
---------------------------------------------------------------------------------------------
                                              0.934842   data required time
                                             -2.608454   data arrival time
---------------------------------------------------------------------------------------------
                                              1.673611   slack (MET)


Startpoint: _1260_ (rising edge-triggered flip-flop clocked by i_clk)
Endpoint: _1225_ (removal check against rising-edge clock i_clk)
Path Group: asynchronous
Path Type: min

Fanout         Cap        Slew       Delay        Time   Description
---------------------------------------------------------------------------------------------
                      0.150000    0.000000    0.000000   clock i_clk (rise edge)
                                  0.000000    0.000000   clock network delay (ideal)
                      0.150000    0.000000    0.000000 ^ _1260_/CLK (sky130_fd_sc_hd__dfrtp_2)
    93    0.237522    1.745387    1.955585    1.955585 ^ _1260_/Q (sky130_fd_sc_hd__dfrtp_2)
                                                         u_i2c_master_controller.soft_reset_d3 (net)
                      1.745387    0.000000    1.955585 ^ _1033_/A2 (sky130_fd_sc_hd__o21a_2)
     1    0.003263    0.080728    0.652868    2.608454 ^ _1033_/X (sky130_fd_sc_hd__o21a_2)
                                                         _0158_ (net)
                      0.080728    0.000000    2.608454 ^ _1225_/RESET_B (sky130_fd_sc_hd__dfrtp_2)
                                              2.608454   data arrival time

                      0.150000    0.000000    0.000000   clock i_clk (rise edge)
                                  0.000000    0.000000   clock network delay (ideal)
                                  0.250000    0.250000   clock uncertainty
                                  0.000000    0.250000   clock reconvergence pessimism
                                              0.250000 ^ _1225_/CLK (sky130_fd_sc_hd__dfrtp_2)
                                  0.684842    0.934842   library removal time
                                              0.934842   data required time
---------------------------------------------------------------------------------------------
                                              0.934842   data required time
                                             -2.608454   data arrival time
---------------------------------------------------------------------------------------------
                                              1.673611   slack (MET)


Startpoint: _1260_ (rising edge-triggered flip-flop clocked by i_clk)
Endpoint: _1226_ (removal check against rising-edge clock i_clk)
Path Group: asynchronous
Path Type: min

Fanout         Cap        Slew       Delay        Time   Description
---------------------------------------------------------------------------------------------
                      0.150000    0.000000    0.000000   clock i_clk (rise edge)
                                  0.000000    0.000000   clock network delay (ideal)
                      0.150000    0.000000    0.000000 ^ _1260_/CLK (sky130_fd_sc_hd__dfrtp_2)
    93    0.237522    1.745387    1.955585    1.955585 ^ _1260_/Q (sky130_fd_sc_hd__dfrtp_2)
                                                         u_i2c_master_controller.soft_reset_d3 (net)
                      1.745387    0.000000    1.955585 ^ _1034_/A2 (sky130_fd_sc_hd__o21a_2)
     1    0.003263    0.080728    0.652868    2.608454 ^ _1034_/X (sky130_fd_sc_hd__o21a_2)
                                                         _0159_ (net)
                      0.080728    0.000000    2.608454 ^ _1226_/RESET_B (sky130_fd_sc_hd__dfrtp_2)
                                              2.608454   data arrival time

                      0.150000    0.000000    0.000000   clock i_clk (rise edge)
                                  0.000000    0.000000   clock network delay (ideal)
                                  0.250000    0.250000   clock uncertainty
                                  0.000000    0.250000   clock reconvergence pessimism
                                              0.250000 ^ _1226_/CLK (sky130_fd_sc_hd__dfrtp_2)
                                  0.684842    0.934842   library removal time
                                              0.934842   data required time
---------------------------------------------------------------------------------------------
                                              0.934842   data required time
                                             -2.608454   data arrival time
---------------------------------------------------------------------------------------------
                                              1.673611   slack (MET)


Startpoint: _1260_ (rising edge-triggered flip-flop clocked by i_clk)
Endpoint: _1227_ (removal check against rising-edge clock i_clk)
Path Group: asynchronous
Path Type: min

Fanout         Cap        Slew       Delay        Time   Description
---------------------------------------------------------------------------------------------
                      0.150000    0.000000    0.000000   clock i_clk (rise edge)
                                  0.000000    0.000000   clock network delay (ideal)
                      0.150000    0.000000    0.000000 ^ _1260_/CLK (sky130_fd_sc_hd__dfrtp_2)
    93    0.237522    1.745387    1.955585    1.955585 ^ _1260_/Q (sky130_fd_sc_hd__dfrtp_2)
                                                         u_i2c_master_controller.soft_reset_d3 (net)
                      1.745387    0.000000    1.955585 ^ _1035_/A2 (sky130_fd_sc_hd__o21a_2)
     1    0.003263    0.080728    0.652868    2.608454 ^ _1035_/X (sky130_fd_sc_hd__o21a_2)
                                                         _0160_ (net)
                      0.080728    0.000000    2.608454 ^ _1227_/RESET_B (sky130_fd_sc_hd__dfrtp_2)
                                              2.608454   data arrival time

                      0.150000    0.000000    0.000000   clock i_clk (rise edge)
                                  0.000000    0.000000   clock network delay (ideal)
                                  0.250000    0.250000   clock uncertainty
                                  0.000000    0.250000   clock reconvergence pessimism
                                              0.250000 ^ _1227_/CLK (sky130_fd_sc_hd__dfrtp_2)
                                  0.684842    0.934842   library removal time
                                              0.934842   data required time
---------------------------------------------------------------------------------------------
                                              0.934842   data required time
                                             -2.608454   data arrival time
---------------------------------------------------------------------------------------------
                                              1.673611   slack (MET)


Startpoint: _1260_ (rising edge-triggered flip-flop clocked by i_clk)
Endpoint: _1228_ (removal check against rising-edge clock i_clk)
Path Group: asynchronous
Path Type: min

Fanout         Cap        Slew       Delay        Time   Description
---------------------------------------------------------------------------------------------
                      0.150000    0.000000    0.000000   clock i_clk (rise edge)
                                  0.000000    0.000000   clock network delay (ideal)
                      0.150000    0.000000    0.000000 ^ _1260_/CLK (sky130_fd_sc_hd__dfrtp_2)
    93    0.237522    1.745387    1.955585    1.955585 ^ _1260_/Q (sky130_fd_sc_hd__dfrtp_2)
                                                         u_i2c_master_controller.soft_reset_d3 (net)
                      1.745387    0.000000    1.955585 ^ _1036_/A2 (sky130_fd_sc_hd__o21a_2)
     1    0.003263    0.080728    0.652868    2.608454 ^ _1036_/X (sky130_fd_sc_hd__o21a_2)
                                                         _0161_ (net)
                      0.080728    0.000000    2.608454 ^ _1228_/RESET_B (sky130_fd_sc_hd__dfrtp_2)
                                              2.608454   data arrival time

                      0.150000    0.000000    0.000000   clock i_clk (rise edge)
                                  0.000000    0.000000   clock network delay (ideal)
                                  0.250000    0.250000   clock uncertainty
                                  0.000000    0.250000   clock reconvergence pessimism
                                              0.250000 ^ _1228_/CLK (sky130_fd_sc_hd__dfrtp_2)
                                  0.684842    0.934842   library removal time
                                              0.934842   data required time
---------------------------------------------------------------------------------------------
                                              0.934842   data required time
                                             -2.608454   data arrival time
---------------------------------------------------------------------------------------------
                                              1.673611   slack (MET)


Startpoint: _1260_ (rising edge-triggered flip-flop clocked by i_clk)
Endpoint: _1229_ (removal check against rising-edge clock i_clk)
Path Group: asynchronous
Path Type: min

Fanout         Cap        Slew       Delay        Time   Description
---------------------------------------------------------------------------------------------
                      0.150000    0.000000    0.000000   clock i_clk (rise edge)
                                  0.000000    0.000000   clock network delay (ideal)
                      0.150000    0.000000    0.000000 ^ _1260_/CLK (sky130_fd_sc_hd__dfrtp_2)
    93    0.237522    1.745387    1.955585    1.955585 ^ _1260_/Q (sky130_fd_sc_hd__dfrtp_2)
                                                         u_i2c_master_controller.soft_reset_d3 (net)
                      1.745387    0.000000    1.955585 ^ _1037_/A2 (sky130_fd_sc_hd__o21a_2)
     1    0.003263    0.080728    0.652868    2.608454 ^ _1037_/X (sky130_fd_sc_hd__o21a_2)
                                                         _0162_ (net)
                      0.080728    0.000000    2.608454 ^ _1229_/RESET_B (sky130_fd_sc_hd__dfrtp_2)
                                              2.608454   data arrival time

                      0.150000    0.000000    0.000000   clock i_clk (rise edge)
                                  0.000000    0.000000   clock network delay (ideal)
                                  0.250000    0.250000   clock uncertainty
                                  0.000000    0.250000   clock reconvergence pessimism
                                              0.250000 ^ _1229_/CLK (sky130_fd_sc_hd__dfrtp_2)
                                  0.684842    0.934842   library removal time
                                              0.934842   data required time
---------------------------------------------------------------------------------------------
                                              0.934842   data required time
                                             -2.608454   data arrival time
---------------------------------------------------------------------------------------------
                                              1.673611   slack (MET)


Startpoint: _1260_ (rising edge-triggered flip-flop clocked by i_clk)
Endpoint: _1231_ (removal check against rising-edge clock i_clk)
Path Group: asynchronous
Path Type: min

Fanout         Cap        Slew       Delay        Time   Description
---------------------------------------------------------------------------------------------
                      0.150000    0.000000    0.000000   clock i_clk (rise edge)
                                  0.000000    0.000000   clock network delay (ideal)
                      0.150000    0.000000    0.000000 ^ _1260_/CLK (sky130_fd_sc_hd__dfrtp_2)
    93    0.237522    1.745387    1.955585    1.955585 ^ _1260_/Q (sky130_fd_sc_hd__dfrtp_2)
                                                         u_i2c_master_controller.soft_reset_d3 (net)
                      1.745387    0.000000    1.955585 ^ _1039_/A2 (sky130_fd_sc_hd__o21a_2)
     1    0.003263    0.080728    0.652868    2.608454 ^ _1039_/X (sky130_fd_sc_hd__o21a_2)
                                                         _0164_ (net)
                      0.080728    0.000000    2.608454 ^ _1231_/RESET_B (sky130_fd_sc_hd__dfrtp_2)
                                              2.608454   data arrival time

                      0.150000    0.000000    0.000000   clock i_clk (rise edge)
                                  0.000000    0.000000   clock network delay (ideal)
                                  0.250000    0.250000   clock uncertainty
                                  0.000000    0.250000   clock reconvergence pessimism
                                              0.250000 ^ _1231_/CLK (sky130_fd_sc_hd__dfrtp_2)
                                  0.684842    0.934842   library removal time
                                              0.934842   data required time
---------------------------------------------------------------------------------------------
                                              0.934842   data required time
                                             -2.608454   data arrival time
---------------------------------------------------------------------------------------------
                                              1.673611   slack (MET)


Startpoint: _1260_ (rising edge-triggered flip-flop clocked by i_clk)
Endpoint: _1232_ (removal check against rising-edge clock i_clk)
Path Group: asynchronous
Path Type: min

Fanout         Cap        Slew       Delay        Time   Description
---------------------------------------------------------------------------------------------
                      0.150000    0.000000    0.000000   clock i_clk (rise edge)
                                  0.000000    0.000000   clock network delay (ideal)
                      0.150000    0.000000    0.000000 ^ _1260_/CLK (sky130_fd_sc_hd__dfrtp_2)
    93    0.237522    1.745387    1.955585    1.955585 ^ _1260_/Q (sky130_fd_sc_hd__dfrtp_2)
                                                         u_i2c_master_controller.soft_reset_d3 (net)
                      1.745387    0.000000    1.955585 ^ _1040_/A2 (sky130_fd_sc_hd__o21a_2)
     1    0.003263    0.080728    0.652868    2.608454 ^ _1040_/X (sky130_fd_sc_hd__o21a_2)
                                                         _0165_ (net)
                      0.080728    0.000000    2.608454 ^ _1232_/RESET_B (sky130_fd_sc_hd__dfrtp_2)
                                              2.608454   data arrival time

                      0.150000    0.000000    0.000000   clock i_clk (rise edge)
                                  0.000000    0.000000   clock network delay (ideal)
                                  0.250000    0.250000   clock uncertainty
                                  0.000000    0.250000   clock reconvergence pessimism
                                              0.250000 ^ _1232_/CLK (sky130_fd_sc_hd__dfrtp_2)
                                  0.684842    0.934842   library removal time
                                              0.934842   data required time
---------------------------------------------------------------------------------------------
                                              0.934842   data required time
                                             -2.608454   data arrival time
---------------------------------------------------------------------------------------------
                                              1.673611   slack (MET)


Startpoint: _1260_ (rising edge-triggered flip-flop clocked by i_clk)
Endpoint: _1233_ (removal check against rising-edge clock i_clk)
Path Group: asynchronous
Path Type: min

Fanout         Cap        Slew       Delay        Time   Description
---------------------------------------------------------------------------------------------
                      0.150000    0.000000    0.000000   clock i_clk (rise edge)
                                  0.000000    0.000000   clock network delay (ideal)
                      0.150000    0.000000    0.000000 ^ _1260_/CLK (sky130_fd_sc_hd__dfrtp_2)
    93    0.237522    1.745387    1.955585    1.955585 ^ _1260_/Q (sky130_fd_sc_hd__dfrtp_2)
                                                         u_i2c_master_controller.soft_reset_d3 (net)
                      1.745387    0.000000    1.955585 ^ _1041_/A2 (sky130_fd_sc_hd__o21a_2)
     1    0.003263    0.080728    0.652868    2.608454 ^ _1041_/X (sky130_fd_sc_hd__o21a_2)
                                                         _0166_ (net)
                      0.080728    0.000000    2.608454 ^ _1233_/RESET_B (sky130_fd_sc_hd__dfrtp_2)
                                              2.608454   data arrival time

                      0.150000    0.000000    0.000000   clock i_clk (rise edge)
                                  0.000000    0.000000   clock network delay (ideal)
                                  0.250000    0.250000   clock uncertainty
                                  0.000000    0.250000   clock reconvergence pessimism
                                              0.250000 ^ _1233_/CLK (sky130_fd_sc_hd__dfrtp_2)
                                  0.684842    0.934842   library removal time
                                              0.934842   data required time
---------------------------------------------------------------------------------------------
                                              0.934842   data required time
                                             -2.608454   data arrival time
---------------------------------------------------------------------------------------------
                                              1.673611   slack (MET)


Startpoint: _1260_ (rising edge-triggered flip-flop clocked by i_clk)
Endpoint: _1234_ (removal check against rising-edge clock i_clk)
Path Group: asynchronous
Path Type: min

Fanout         Cap        Slew       Delay        Time   Description
---------------------------------------------------------------------------------------------
                      0.150000    0.000000    0.000000   clock i_clk (rise edge)
                                  0.000000    0.000000   clock network delay (ideal)
                      0.150000    0.000000    0.000000 ^ _1260_/CLK (sky130_fd_sc_hd__dfrtp_2)
    93    0.237522    1.745387    1.955585    1.955585 ^ _1260_/Q (sky130_fd_sc_hd__dfrtp_2)
                                                         u_i2c_master_controller.soft_reset_d3 (net)
                      1.745387    0.000000    1.955585 ^ _1042_/A2 (sky130_fd_sc_hd__o21a_2)
     1    0.003263    0.080728    0.652868    2.608454 ^ _1042_/X (sky130_fd_sc_hd__o21a_2)
                                                         _0167_ (net)
                      0.080728    0.000000    2.608454 ^ _1234_/RESET_B (sky130_fd_sc_hd__dfrtp_2)
                                              2.608454   data arrival time

                      0.150000    0.000000    0.000000   clock i_clk (rise edge)
                                  0.000000    0.000000   clock network delay (ideal)
                                  0.250000    0.250000   clock uncertainty
                                  0.000000    0.250000   clock reconvergence pessimism
                                              0.250000 ^ _1234_/CLK (sky130_fd_sc_hd__dfrtp_2)
                                  0.684842    0.934842   library removal time
                                              0.934842   data required time
---------------------------------------------------------------------------------------------
                                              0.934842   data required time
                                             -2.608454   data arrival time
---------------------------------------------------------------------------------------------
                                              1.673611   slack (MET)


Startpoint: _1260_ (rising edge-triggered flip-flop clocked by i_clk)
Endpoint: _1235_ (removal check against rising-edge clock i_clk)
Path Group: asynchronous
Path Type: min

Fanout         Cap        Slew       Delay        Time   Description
---------------------------------------------------------------------------------------------
                      0.150000    0.000000    0.000000   clock i_clk (rise edge)
                                  0.000000    0.000000   clock network delay (ideal)
                      0.150000    0.000000    0.000000 ^ _1260_/CLK (sky130_fd_sc_hd__dfrtp_2)
    93    0.237522    1.745387    1.955585    1.955585 ^ _1260_/Q (sky130_fd_sc_hd__dfrtp_2)
                                                         u_i2c_master_controller.soft_reset_d3 (net)
                      1.745387    0.000000    1.955585 ^ _1043_/A2 (sky130_fd_sc_hd__o21a_2)
     1    0.003263    0.080728    0.652868    2.608454 ^ _1043_/X (sky130_fd_sc_hd__o21a_2)
                                                         _0168_ (net)
                      0.080728    0.000000    2.608454 ^ _1235_/RESET_B (sky130_fd_sc_hd__dfrtp_2)
                                              2.608454   data arrival time

                      0.150000    0.000000    0.000000   clock i_clk (rise edge)
                                  0.000000    0.000000   clock network delay (ideal)
                                  0.250000    0.250000   clock uncertainty
                                  0.000000    0.250000   clock reconvergence pessimism
                                              0.250000 ^ _1235_/CLK (sky130_fd_sc_hd__dfrtp_2)
                                  0.684842    0.934842   library removal time
                                              0.934842   data required time
---------------------------------------------------------------------------------------------
                                              0.934842   data required time
                                             -2.608454   data arrival time
---------------------------------------------------------------------------------------------
                                              1.673611   slack (MET)


Startpoint: _1260_ (rising edge-triggered flip-flop clocked by i_clk)
Endpoint: _1236_ (removal check against rising-edge clock i_clk)
Path Group: asynchronous
Path Type: min

Fanout         Cap        Slew       Delay        Time   Description
---------------------------------------------------------------------------------------------
                      0.150000    0.000000    0.000000   clock i_clk (rise edge)
                                  0.000000    0.000000   clock network delay (ideal)
                      0.150000    0.000000    0.000000 ^ _1260_/CLK (sky130_fd_sc_hd__dfrtp_2)
    93    0.237522    1.745387    1.955585    1.955585 ^ _1260_/Q (sky130_fd_sc_hd__dfrtp_2)
                                                         u_i2c_master_controller.soft_reset_d3 (net)
                      1.745387    0.000000    1.955585 ^ _1044_/A2 (sky130_fd_sc_hd__o21a_2)
     1    0.003263    0.080728    0.652868    2.608454 ^ _1044_/X (sky130_fd_sc_hd__o21a_2)
                                                         _0169_ (net)
                      0.080728    0.000000    2.608454 ^ _1236_/RESET_B (sky130_fd_sc_hd__dfrtp_2)
                                              2.608454   data arrival time

                      0.150000    0.000000    0.000000   clock i_clk (rise edge)
                                  0.000000    0.000000   clock network delay (ideal)
                                  0.250000    0.250000   clock uncertainty
                                  0.000000    0.250000   clock reconvergence pessimism
                                              0.250000 ^ _1236_/CLK (sky130_fd_sc_hd__dfrtp_2)
                                  0.684842    0.934842   library removal time
                                              0.934842   data required time
---------------------------------------------------------------------------------------------
                                              0.934842   data required time
                                             -2.608454   data arrival time
---------------------------------------------------------------------------------------------
                                              1.673611   slack (MET)


Startpoint: _1260_ (rising edge-triggered flip-flop clocked by i_clk)
Endpoint: _1237_ (removal check against rising-edge clock i_clk)
Path Group: asynchronous
Path Type: min

Fanout         Cap        Slew       Delay        Time   Description
---------------------------------------------------------------------------------------------
                      0.150000    0.000000    0.000000   clock i_clk (rise edge)
                                  0.000000    0.000000   clock network delay (ideal)
                      0.150000    0.000000    0.000000 ^ _1260_/CLK (sky130_fd_sc_hd__dfrtp_2)
    93    0.237522    1.745387    1.955585    1.955585 ^ _1260_/Q (sky130_fd_sc_hd__dfrtp_2)
                                                         u_i2c_master_controller.soft_reset_d3 (net)
                      1.745387    0.000000    1.955585 ^ _1045_/A2 (sky130_fd_sc_hd__o21a_2)
     1    0.003263    0.080728    0.652868    2.608454 ^ _1045_/X (sky130_fd_sc_hd__o21a_2)
                                                         _0170_ (net)
                      0.080728    0.000000    2.608454 ^ _1237_/RESET_B (sky130_fd_sc_hd__dfrtp_2)
                                              2.608454   data arrival time

                      0.150000    0.000000    0.000000   clock i_clk (rise edge)
                                  0.000000    0.000000   clock network delay (ideal)
                                  0.250000    0.250000   clock uncertainty
                                  0.000000    0.250000   clock reconvergence pessimism
                                              0.250000 ^ _1237_/CLK (sky130_fd_sc_hd__dfrtp_2)
                                  0.684842    0.934842   library removal time
                                              0.934842   data required time
---------------------------------------------------------------------------------------------
                                              0.934842   data required time
                                             -2.608454   data arrival time
---------------------------------------------------------------------------------------------
                                              1.673611   slack (MET)


Startpoint: _1260_ (rising edge-triggered flip-flop clocked by i_clk)
Endpoint: _1238_ (removal check against rising-edge clock i_clk)
Path Group: asynchronous
Path Type: min

Fanout         Cap        Slew       Delay        Time   Description
---------------------------------------------------------------------------------------------
                      0.150000    0.000000    0.000000   clock i_clk (rise edge)
                                  0.000000    0.000000   clock network delay (ideal)
                      0.150000    0.000000    0.000000 ^ _1260_/CLK (sky130_fd_sc_hd__dfrtp_2)
    93    0.237522    1.745387    1.955585    1.955585 ^ _1260_/Q (sky130_fd_sc_hd__dfrtp_2)
                                                         u_i2c_master_controller.soft_reset_d3 (net)
                      1.745387    0.000000    1.955585 ^ _1046_/A2 (sky130_fd_sc_hd__o21a_2)
     1    0.003263    0.080728    0.652868    2.608454 ^ _1046_/X (sky130_fd_sc_hd__o21a_2)
                                                         _0171_ (net)
                      0.080728    0.000000    2.608454 ^ _1238_/RESET_B (sky130_fd_sc_hd__dfrtp_2)
                                              2.608454   data arrival time

                      0.150000    0.000000    0.000000   clock i_clk (rise edge)
                                  0.000000    0.000000   clock network delay (ideal)
                                  0.250000    0.250000   clock uncertainty
                                  0.000000    0.250000   clock reconvergence pessimism
                                              0.250000 ^ _1238_/CLK (sky130_fd_sc_hd__dfrtp_2)
                                  0.684842    0.934842   library removal time
                                              0.934842   data required time
---------------------------------------------------------------------------------------------
                                              0.934842   data required time
                                             -2.608454   data arrival time
---------------------------------------------------------------------------------------------
                                              1.673611   slack (MET)


Startpoint: _1260_ (rising edge-triggered flip-flop clocked by i_clk)
Endpoint: _1239_ (removal check against rising-edge clock i_clk)
Path Group: asynchronous
Path Type: min

Fanout         Cap        Slew       Delay        Time   Description
---------------------------------------------------------------------------------------------
                      0.150000    0.000000    0.000000   clock i_clk (rise edge)
                                  0.000000    0.000000   clock network delay (ideal)
                      0.150000    0.000000    0.000000 ^ _1260_/CLK (sky130_fd_sc_hd__dfrtp_2)
    93    0.237522    1.745387    1.955585    1.955585 ^ _1260_/Q (sky130_fd_sc_hd__dfrtp_2)
                                                         u_i2c_master_controller.soft_reset_d3 (net)
                      1.745387    0.000000    1.955585 ^ _1047_/A2 (sky130_fd_sc_hd__o21a_2)
     1    0.003263    0.080728    0.652868    2.608454 ^ _1047_/X (sky130_fd_sc_hd__o21a_2)
                                                         _0172_ (net)
                      0.080728    0.000000    2.608454 ^ _1239_/RESET_B (sky130_fd_sc_hd__dfrtp_2)
                                              2.608454   data arrival time

                      0.150000    0.000000    0.000000   clock i_clk (rise edge)
                                  0.000000    0.000000   clock network delay (ideal)
                                  0.250000    0.250000   clock uncertainty
                                  0.000000    0.250000   clock reconvergence pessimism
                                              0.250000 ^ _1239_/CLK (sky130_fd_sc_hd__dfrtp_2)
                                  0.684842    0.934842   library removal time
                                              0.934842   data required time
---------------------------------------------------------------------------------------------
                                              0.934842   data required time
                                             -2.608454   data arrival time
---------------------------------------------------------------------------------------------
                                              1.673611   slack (MET)


Startpoint: _1260_ (rising edge-triggered flip-flop clocked by i_clk)
Endpoint: _1240_ (removal check against rising-edge clock i_clk)
Path Group: asynchronous
Path Type: min

Fanout         Cap        Slew       Delay        Time   Description
---------------------------------------------------------------------------------------------
                      0.150000    0.000000    0.000000   clock i_clk (rise edge)
                                  0.000000    0.000000   clock network delay (ideal)
                      0.150000    0.000000    0.000000 ^ _1260_/CLK (sky130_fd_sc_hd__dfrtp_2)
    93    0.237522    1.745387    1.955585    1.955585 ^ _1260_/Q (sky130_fd_sc_hd__dfrtp_2)
                                                         u_i2c_master_controller.soft_reset_d3 (net)
                      1.745387    0.000000    1.955585 ^ _1048_/A2 (sky130_fd_sc_hd__o21a_2)
     1    0.003263    0.080728    0.652868    2.608454 ^ _1048_/X (sky130_fd_sc_hd__o21a_2)
                                                         _0173_ (net)
                      0.080728    0.000000    2.608454 ^ _1240_/RESET_B (sky130_fd_sc_hd__dfrtp_2)
                                              2.608454   data arrival time

                      0.150000    0.000000    0.000000   clock i_clk (rise edge)
                                  0.000000    0.000000   clock network delay (ideal)
                                  0.250000    0.250000   clock uncertainty
                                  0.000000    0.250000   clock reconvergence pessimism
                                              0.250000 ^ _1240_/CLK (sky130_fd_sc_hd__dfrtp_2)
                                  0.684842    0.934842   library removal time
                                              0.934842   data required time
---------------------------------------------------------------------------------------------
                                              0.934842   data required time
                                             -2.608454   data arrival time
---------------------------------------------------------------------------------------------
                                              1.673611   slack (MET)


Startpoint: _1260_ (rising edge-triggered flip-flop clocked by i_clk)
Endpoint: _1241_ (removal check against rising-edge clock i_clk)
Path Group: asynchronous
Path Type: min

Fanout         Cap        Slew       Delay        Time   Description
---------------------------------------------------------------------------------------------
                      0.150000    0.000000    0.000000   clock i_clk (rise edge)
                                  0.000000    0.000000   clock network delay (ideal)
                      0.150000    0.000000    0.000000 ^ _1260_/CLK (sky130_fd_sc_hd__dfrtp_2)
    93    0.237522    1.745387    1.955585    1.955585 ^ _1260_/Q (sky130_fd_sc_hd__dfrtp_2)
                                                         u_i2c_master_controller.soft_reset_d3 (net)
                      1.745387    0.000000    1.955585 ^ _1049_/A2 (sky130_fd_sc_hd__o21a_2)
     1    0.003263    0.080728    0.652868    2.608454 ^ _1049_/X (sky130_fd_sc_hd__o21a_2)
                                                         _0174_ (net)
                      0.080728    0.000000    2.608454 ^ _1241_/RESET_B (sky130_fd_sc_hd__dfrtp_2)
                                              2.608454   data arrival time

                      0.150000    0.000000    0.000000   clock i_clk (rise edge)
                                  0.000000    0.000000   clock network delay (ideal)
                                  0.250000    0.250000   clock uncertainty
                                  0.000000    0.250000   clock reconvergence pessimism
                                              0.250000 ^ _1241_/CLK (sky130_fd_sc_hd__dfrtp_2)
                                  0.684842    0.934842   library removal time
                                              0.934842   data required time
---------------------------------------------------------------------------------------------
                                              0.934842   data required time
                                             -2.608454   data arrival time
---------------------------------------------------------------------------------------------
                                              1.673611   slack (MET)


Startpoint: _1260_ (rising edge-triggered flip-flop clocked by i_clk)
Endpoint: _1242_ (removal check against rising-edge clock i_clk)
Path Group: asynchronous
Path Type: min

Fanout         Cap        Slew       Delay        Time   Description
---------------------------------------------------------------------------------------------
                      0.150000    0.000000    0.000000   clock i_clk (rise edge)
                                  0.000000    0.000000   clock network delay (ideal)
                      0.150000    0.000000    0.000000 ^ _1260_/CLK (sky130_fd_sc_hd__dfrtp_2)
    93    0.237522    1.745387    1.955585    1.955585 ^ _1260_/Q (sky130_fd_sc_hd__dfrtp_2)
                                                         u_i2c_master_controller.soft_reset_d3 (net)
                      1.745387    0.000000    1.955585 ^ _1050_/A2 (sky130_fd_sc_hd__o21a_2)
     1    0.003263    0.080728    0.652868    2.608454 ^ _1050_/X (sky130_fd_sc_hd__o21a_2)
                                                         _0175_ (net)
                      0.080728    0.000000    2.608454 ^ _1242_/RESET_B (sky130_fd_sc_hd__dfrtp_2)
                                              2.608454   data arrival time

                      0.150000    0.000000    0.000000   clock i_clk (rise edge)
                                  0.000000    0.000000   clock network delay (ideal)
                                  0.250000    0.250000   clock uncertainty
                                  0.000000    0.250000   clock reconvergence pessimism
                                              0.250000 ^ _1242_/CLK (sky130_fd_sc_hd__dfrtp_2)
                                  0.684842    0.934842   library removal time
                                              0.934842   data required time
---------------------------------------------------------------------------------------------
                                              0.934842   data required time
                                             -2.608454   data arrival time
---------------------------------------------------------------------------------------------
                                              1.673611   slack (MET)


Startpoint: _1260_ (rising edge-triggered flip-flop clocked by i_clk)
Endpoint: _1243_ (removal check against rising-edge clock i_clk)
Path Group: asynchronous
Path Type: min

Fanout         Cap        Slew       Delay        Time   Description
---------------------------------------------------------------------------------------------
                      0.150000    0.000000    0.000000   clock i_clk (rise edge)
                                  0.000000    0.000000   clock network delay (ideal)
                      0.150000    0.000000    0.000000 ^ _1260_/CLK (sky130_fd_sc_hd__dfrtp_2)
    93    0.237522    1.745387    1.955585    1.955585 ^ _1260_/Q (sky130_fd_sc_hd__dfrtp_2)
                                                         u_i2c_master_controller.soft_reset_d3 (net)
                      1.745387    0.000000    1.955585 ^ _1051_/A2 (sky130_fd_sc_hd__o21a_2)
     1    0.003263    0.080728    0.652868    2.608454 ^ _1051_/X (sky130_fd_sc_hd__o21a_2)
                                                         _0176_ (net)
                      0.080728    0.000000    2.608454 ^ _1243_/RESET_B (sky130_fd_sc_hd__dfrtp_2)
                                              2.608454   data arrival time

                      0.150000    0.000000    0.000000   clock i_clk (rise edge)
                                  0.000000    0.000000   clock network delay (ideal)
                                  0.250000    0.250000   clock uncertainty
                                  0.000000    0.250000   clock reconvergence pessimism
                                              0.250000 ^ _1243_/CLK (sky130_fd_sc_hd__dfrtp_2)
                                  0.684842    0.934842   library removal time
                                              0.934842   data required time
---------------------------------------------------------------------------------------------
                                              0.934842   data required time
                                             -2.608454   data arrival time
---------------------------------------------------------------------------------------------
                                              1.673611   slack (MET)


Startpoint: _1260_ (rising edge-triggered flip-flop clocked by i_clk)
Endpoint: _1244_ (removal check against rising-edge clock i_clk)
Path Group: asynchronous
Path Type: min

Fanout         Cap        Slew       Delay        Time   Description
---------------------------------------------------------------------------------------------
                      0.150000    0.000000    0.000000   clock i_clk (rise edge)
                                  0.000000    0.000000   clock network delay (ideal)
                      0.150000    0.000000    0.000000 ^ _1260_/CLK (sky130_fd_sc_hd__dfrtp_2)
    93    0.237522    1.745387    1.955585    1.955585 ^ _1260_/Q (sky130_fd_sc_hd__dfrtp_2)
                                                         u_i2c_master_controller.soft_reset_d3 (net)
                      1.745387    0.000000    1.955585 ^ _1052_/A2 (sky130_fd_sc_hd__o21a_2)
     1    0.003263    0.080728    0.652868    2.608454 ^ _1052_/X (sky130_fd_sc_hd__o21a_2)
                                                         _0177_ (net)
                      0.080728    0.000000    2.608454 ^ _1244_/RESET_B (sky130_fd_sc_hd__dfrtp_2)
                                              2.608454   data arrival time

                      0.150000    0.000000    0.000000   clock i_clk (rise edge)
                                  0.000000    0.000000   clock network delay (ideal)
                                  0.250000    0.250000   clock uncertainty
                                  0.000000    0.250000   clock reconvergence pessimism
                                              0.250000 ^ _1244_/CLK (sky130_fd_sc_hd__dfrtp_2)
                                  0.684842    0.934842   library removal time
                                              0.934842   data required time
---------------------------------------------------------------------------------------------
                                              0.934842   data required time
                                             -2.608454   data arrival time
---------------------------------------------------------------------------------------------
                                              1.673611   slack (MET)


Startpoint: _1260_ (rising edge-triggered flip-flop clocked by i_clk)
Endpoint: _1245_ (removal check against rising-edge clock i_clk)
Path Group: asynchronous
Path Type: min

Fanout         Cap        Slew       Delay        Time   Description
---------------------------------------------------------------------------------------------
                      0.150000    0.000000    0.000000   clock i_clk (rise edge)
                                  0.000000    0.000000   clock network delay (ideal)
                      0.150000    0.000000    0.000000 ^ _1260_/CLK (sky130_fd_sc_hd__dfrtp_2)
    93    0.237522    1.745387    1.955585    1.955585 ^ _1260_/Q (sky130_fd_sc_hd__dfrtp_2)
                                                         u_i2c_master_controller.soft_reset_d3 (net)
                      1.745387    0.000000    1.955585 ^ _1053_/A2 (sky130_fd_sc_hd__o21a_2)
     1    0.003263    0.080728    0.652868    2.608454 ^ _1053_/X (sky130_fd_sc_hd__o21a_2)
                                                         _0178_ (net)
                      0.080728    0.000000    2.608454 ^ _1245_/RESET_B (sky130_fd_sc_hd__dfrtp_2)
                                              2.608454   data arrival time

                      0.150000    0.000000    0.000000   clock i_clk (rise edge)
                                  0.000000    0.000000   clock network delay (ideal)
                                  0.250000    0.250000   clock uncertainty
                                  0.000000    0.250000   clock reconvergence pessimism
                                              0.250000 ^ _1245_/CLK (sky130_fd_sc_hd__dfrtp_2)
                                  0.684842    0.934842   library removal time
                                              0.934842   data required time
---------------------------------------------------------------------------------------------
                                              0.934842   data required time
                                             -2.608454   data arrival time
---------------------------------------------------------------------------------------------
                                              1.673611   slack (MET)


Startpoint: _1260_ (rising edge-triggered flip-flop clocked by i_clk)
Endpoint: _1246_ (removal check against rising-edge clock i_clk)
Path Group: asynchronous
Path Type: min

Fanout         Cap        Slew       Delay        Time   Description
---------------------------------------------------------------------------------------------
                      0.150000    0.000000    0.000000   clock i_clk (rise edge)
                                  0.000000    0.000000   clock network delay (ideal)
                      0.150000    0.000000    0.000000 ^ _1260_/CLK (sky130_fd_sc_hd__dfrtp_2)
    93    0.237522    1.745387    1.955585    1.955585 ^ _1260_/Q (sky130_fd_sc_hd__dfrtp_2)
                                                         u_i2c_master_controller.soft_reset_d3 (net)
                      1.745387    0.000000    1.955585 ^ _1054_/A2 (sky130_fd_sc_hd__o21a_2)
     1    0.003263    0.080728    0.652868    2.608454 ^ _1054_/X (sky130_fd_sc_hd__o21a_2)
                                                         _0179_ (net)
                      0.080728    0.000000    2.608454 ^ _1246_/RESET_B (sky130_fd_sc_hd__dfrtp_2)
                                              2.608454   data arrival time

                      0.150000    0.000000    0.000000   clock i_clk (rise edge)
                                  0.000000    0.000000   clock network delay (ideal)
                                  0.250000    0.250000   clock uncertainty
                                  0.000000    0.250000   clock reconvergence pessimism
                                              0.250000 ^ _1246_/CLK (sky130_fd_sc_hd__dfrtp_2)
                                  0.684842    0.934842   library removal time
                                              0.934842   data required time
---------------------------------------------------------------------------------------------
                                              0.934842   data required time
                                             -2.608454   data arrival time
---------------------------------------------------------------------------------------------
                                              1.673611   slack (MET)


Startpoint: _1260_ (rising edge-triggered flip-flop clocked by i_clk)
Endpoint: _1247_ (removal check against rising-edge clock i_clk)
Path Group: asynchronous
Path Type: min

Fanout         Cap        Slew       Delay        Time   Description
---------------------------------------------------------------------------------------------
                      0.150000    0.000000    0.000000   clock i_clk (rise edge)
                                  0.000000    0.000000   clock network delay (ideal)
                      0.150000    0.000000    0.000000 ^ _1260_/CLK (sky130_fd_sc_hd__dfrtp_2)
    93    0.237522    1.745387    1.955585    1.955585 ^ _1260_/Q (sky130_fd_sc_hd__dfrtp_2)
                                                         u_i2c_master_controller.soft_reset_d3 (net)
                      1.745387    0.000000    1.955585 ^ _1055_/A2 (sky130_fd_sc_hd__o21a_2)
     1    0.003263    0.080728    0.652868    2.608454 ^ _1055_/X (sky130_fd_sc_hd__o21a_2)
                                                         _0180_ (net)
                      0.080728    0.000000    2.608454 ^ _1247_/RESET_B (sky130_fd_sc_hd__dfrtp_2)
                                              2.608454   data arrival time

                      0.150000    0.000000    0.000000   clock i_clk (rise edge)
                                  0.000000    0.000000   clock network delay (ideal)
                                  0.250000    0.250000   clock uncertainty
                                  0.000000    0.250000   clock reconvergence pessimism
                                              0.250000 ^ _1247_/CLK (sky130_fd_sc_hd__dfrtp_2)
                                  0.684842    0.934842   library removal time
                                              0.934842   data required time
---------------------------------------------------------------------------------------------
                                              0.934842   data required time
                                             -2.608454   data arrival time
---------------------------------------------------------------------------------------------
                                              1.673611   slack (MET)


Startpoint: _1260_ (rising edge-triggered flip-flop clocked by i_clk)
Endpoint: _1248_ (removal check against rising-edge clock i_clk)
Path Group: asynchronous
Path Type: min

Fanout         Cap        Slew       Delay        Time   Description
---------------------------------------------------------------------------------------------
                      0.150000    0.000000    0.000000   clock i_clk (rise edge)
                                  0.000000    0.000000   clock network delay (ideal)
                      0.150000    0.000000    0.000000 ^ _1260_/CLK (sky130_fd_sc_hd__dfrtp_2)
    93    0.237522    1.745387    1.955585    1.955585 ^ _1260_/Q (sky130_fd_sc_hd__dfrtp_2)
                                                         u_i2c_master_controller.soft_reset_d3 (net)
                      1.745387    0.000000    1.955585 ^ _1056_/A2 (sky130_fd_sc_hd__o21a_2)
     1    0.003263    0.080728    0.652868    2.608454 ^ _1056_/X (sky130_fd_sc_hd__o21a_2)
                                                         _0181_ (net)
                      0.080728    0.000000    2.608454 ^ _1248_/RESET_B (sky130_fd_sc_hd__dfrtp_2)
                                              2.608454   data arrival time

                      0.150000    0.000000    0.000000   clock i_clk (rise edge)
                                  0.000000    0.000000   clock network delay (ideal)
                                  0.250000    0.250000   clock uncertainty
                                  0.000000    0.250000   clock reconvergence pessimism
                                              0.250000 ^ _1248_/CLK (sky130_fd_sc_hd__dfrtp_2)
                                  0.684842    0.934842   library removal time
                                              0.934842   data required time
---------------------------------------------------------------------------------------------
                                              0.934842   data required time
                                             -2.608454   data arrival time
---------------------------------------------------------------------------------------------
                                              1.673611   slack (MET)


Startpoint: _1260_ (rising edge-triggered flip-flop clocked by i_clk)
Endpoint: _1249_ (removal check against rising-edge clock i_clk)
Path Group: asynchronous
Path Type: min

Fanout         Cap        Slew       Delay        Time   Description
---------------------------------------------------------------------------------------------
                      0.150000    0.000000    0.000000   clock i_clk (rise edge)
                                  0.000000    0.000000   clock network delay (ideal)
                      0.150000    0.000000    0.000000 ^ _1260_/CLK (sky130_fd_sc_hd__dfrtp_2)
    93    0.237522    1.745387    1.955585    1.955585 ^ _1260_/Q (sky130_fd_sc_hd__dfrtp_2)
                                                         u_i2c_master_controller.soft_reset_d3 (net)
                      1.745387    0.000000    1.955585 ^ _1057_/A2 (sky130_fd_sc_hd__o21a_2)
     1    0.003263    0.080728    0.652868    2.608454 ^ _1057_/X (sky130_fd_sc_hd__o21a_2)
                                                         _0182_ (net)
                      0.080728    0.000000    2.608454 ^ _1249_/RESET_B (sky130_fd_sc_hd__dfrtp_2)
                                              2.608454   data arrival time

                      0.150000    0.000000    0.000000   clock i_clk (rise edge)
                                  0.000000    0.000000   clock network delay (ideal)
                                  0.250000    0.250000   clock uncertainty
                                  0.000000    0.250000   clock reconvergence pessimism
                                              0.250000 ^ _1249_/CLK (sky130_fd_sc_hd__dfrtp_2)
                                  0.684842    0.934842   library removal time
                                              0.934842   data required time
---------------------------------------------------------------------------------------------
                                              0.934842   data required time
                                             -2.608454   data arrival time
---------------------------------------------------------------------------------------------
                                              1.673611   slack (MET)


Startpoint: _1260_ (rising edge-triggered flip-flop clocked by i_clk)
Endpoint: _1250_ (removal check against rising-edge clock i_clk)
Path Group: asynchronous
Path Type: min

Fanout         Cap        Slew       Delay        Time   Description
---------------------------------------------------------------------------------------------
                      0.150000    0.000000    0.000000   clock i_clk (rise edge)
                                  0.000000    0.000000   clock network delay (ideal)
                      0.150000    0.000000    0.000000 ^ _1260_/CLK (sky130_fd_sc_hd__dfrtp_2)
    93    0.237522    1.745387    1.955585    1.955585 ^ _1260_/Q (sky130_fd_sc_hd__dfrtp_2)
                                                         u_i2c_master_controller.soft_reset_d3 (net)
                      1.745387    0.000000    1.955585 ^ _1058_/A2 (sky130_fd_sc_hd__o21a_2)
     1    0.003263    0.080728    0.652868    2.608454 ^ _1058_/X (sky130_fd_sc_hd__o21a_2)
                                                         _0183_ (net)
                      0.080728    0.000000    2.608454 ^ _1250_/RESET_B (sky130_fd_sc_hd__dfrtp_2)
                                              2.608454   data arrival time

                      0.150000    0.000000    0.000000   clock i_clk (rise edge)
                                  0.000000    0.000000   clock network delay (ideal)
                                  0.250000    0.250000   clock uncertainty
                                  0.000000    0.250000   clock reconvergence pessimism
                                              0.250000 ^ _1250_/CLK (sky130_fd_sc_hd__dfrtp_2)
                                  0.684842    0.934842   library removal time
                                              0.934842   data required time
---------------------------------------------------------------------------------------------
                                              0.934842   data required time
                                             -2.608454   data arrival time
---------------------------------------------------------------------------------------------
                                              1.673611   slack (MET)


Startpoint: _1260_ (rising edge-triggered flip-flop clocked by i_clk)
Endpoint: _1251_ (removal check against rising-edge clock i_clk)
Path Group: asynchronous
Path Type: min

Fanout         Cap        Slew       Delay        Time   Description
---------------------------------------------------------------------------------------------
                      0.150000    0.000000    0.000000   clock i_clk (rise edge)
                                  0.000000    0.000000   clock network delay (ideal)
                      0.150000    0.000000    0.000000 ^ _1260_/CLK (sky130_fd_sc_hd__dfrtp_2)
    93    0.237522    1.745387    1.955585    1.955585 ^ _1260_/Q (sky130_fd_sc_hd__dfrtp_2)
                                                         u_i2c_master_controller.soft_reset_d3 (net)
                      1.745387    0.000000    1.955585 ^ _1059_/A2 (sky130_fd_sc_hd__o21a_2)
     1    0.003263    0.080728    0.652868    2.608454 ^ _1059_/X (sky130_fd_sc_hd__o21a_2)
                                                         _0184_ (net)
                      0.080728    0.000000    2.608454 ^ _1251_/RESET_B (sky130_fd_sc_hd__dfrtp_2)
                                              2.608454   data arrival time

                      0.150000    0.000000    0.000000   clock i_clk (rise edge)
                                  0.000000    0.000000   clock network delay (ideal)
                                  0.250000    0.250000   clock uncertainty
                                  0.000000    0.250000   clock reconvergence pessimism
                                              0.250000 ^ _1251_/CLK (sky130_fd_sc_hd__dfrtp_2)
                                  0.684842    0.934842   library removal time
                                              0.934842   data required time
---------------------------------------------------------------------------------------------
                                              0.934842   data required time
                                             -2.608454   data arrival time
---------------------------------------------------------------------------------------------
                                              1.673611   slack (MET)


Startpoint: _1260_ (rising edge-triggered flip-flop clocked by i_clk)
Endpoint: _1253_ (removal check against rising-edge clock i_clk)
Path Group: asynchronous
Path Type: min

Fanout         Cap        Slew       Delay        Time   Description
---------------------------------------------------------------------------------------------
                      0.150000    0.000000    0.000000   clock i_clk (rise edge)
                                  0.000000    0.000000   clock network delay (ideal)
                      0.150000    0.000000    0.000000 ^ _1260_/CLK (sky130_fd_sc_hd__dfrtp_2)
    93    0.237522    1.745387    1.955585    1.955585 ^ _1260_/Q (sky130_fd_sc_hd__dfrtp_2)
                                                         u_i2c_master_controller.soft_reset_d3 (net)
                      1.745387    0.000000    1.955585 ^ _1061_/A2 (sky130_fd_sc_hd__o21a_2)
     1    0.003263    0.080728    0.652868    2.608454 ^ _1061_/X (sky130_fd_sc_hd__o21a_2)
                                                         _0186_ (net)
                      0.080728    0.000000    2.608454 ^ _1253_/RESET_B (sky130_fd_sc_hd__dfrtp_2)
                                              2.608454   data arrival time

                      0.150000    0.000000    0.000000   clock i_clk (rise edge)
                                  0.000000    0.000000   clock network delay (ideal)
                                  0.250000    0.250000   clock uncertainty
                                  0.000000    0.250000   clock reconvergence pessimism
                                              0.250000 ^ _1253_/CLK (sky130_fd_sc_hd__dfrtp_2)
                                  0.684842    0.934842   library removal time
                                              0.934842   data required time
---------------------------------------------------------------------------------------------
                                              0.934842   data required time
                                             -2.608454   data arrival time
---------------------------------------------------------------------------------------------
                                              1.673611   slack (MET)


Startpoint: _1260_ (rising edge-triggered flip-flop clocked by i_clk)
Endpoint: _1254_ (removal check against rising-edge clock i_clk)
Path Group: asynchronous
Path Type: min

Fanout         Cap        Slew       Delay        Time   Description
---------------------------------------------------------------------------------------------
                      0.150000    0.000000    0.000000   clock i_clk (rise edge)
                                  0.000000    0.000000   clock network delay (ideal)
                      0.150000    0.000000    0.000000 ^ _1260_/CLK (sky130_fd_sc_hd__dfrtp_2)
    93    0.237522    1.745387    1.955585    1.955585 ^ _1260_/Q (sky130_fd_sc_hd__dfrtp_2)
                                                         u_i2c_master_controller.soft_reset_d3 (net)
                      1.745387    0.000000    1.955585 ^ _1062_/A2 (sky130_fd_sc_hd__o21a_2)
     1    0.003263    0.080728    0.652868    2.608454 ^ _1062_/X (sky130_fd_sc_hd__o21a_2)
                                                         _0187_ (net)
                      0.080728    0.000000    2.608454 ^ _1254_/RESET_B (sky130_fd_sc_hd__dfrtp_2)
                                              2.608454   data arrival time

                      0.150000    0.000000    0.000000   clock i_clk (rise edge)
                                  0.000000    0.000000   clock network delay (ideal)
                                  0.250000    0.250000   clock uncertainty
                                  0.000000    0.250000   clock reconvergence pessimism
                                              0.250000 ^ _1254_/CLK (sky130_fd_sc_hd__dfrtp_2)
                                  0.684842    0.934842   library removal time
                                              0.934842   data required time
---------------------------------------------------------------------------------------------
                                              0.934842   data required time
                                             -2.608454   data arrival time
---------------------------------------------------------------------------------------------
                                              1.673611   slack (MET)


Startpoint: _1260_ (rising edge-triggered flip-flop clocked by i_clk)
Endpoint: _1255_ (removal check against rising-edge clock i_clk)
Path Group: asynchronous
Path Type: min

Fanout         Cap        Slew       Delay        Time   Description
---------------------------------------------------------------------------------------------
                      0.150000    0.000000    0.000000   clock i_clk (rise edge)
                                  0.000000    0.000000   clock network delay (ideal)
                      0.150000    0.000000    0.000000 ^ _1260_/CLK (sky130_fd_sc_hd__dfrtp_2)
    93    0.237522    1.745387    1.955585    1.955585 ^ _1260_/Q (sky130_fd_sc_hd__dfrtp_2)
                                                         u_i2c_master_controller.soft_reset_d3 (net)
                      1.745387    0.000000    1.955585 ^ _1063_/A2 (sky130_fd_sc_hd__o21a_2)
     1    0.003263    0.080728    0.652868    2.608454 ^ _1063_/X (sky130_fd_sc_hd__o21a_2)
                                                         _0188_ (net)
                      0.080728    0.000000    2.608454 ^ _1255_/RESET_B (sky130_fd_sc_hd__dfrtp_2)
                                              2.608454   data arrival time

                      0.150000    0.000000    0.000000   clock i_clk (rise edge)
                                  0.000000    0.000000   clock network delay (ideal)
                                  0.250000    0.250000   clock uncertainty
                                  0.000000    0.250000   clock reconvergence pessimism
                                              0.250000 ^ _1255_/CLK (sky130_fd_sc_hd__dfrtp_2)
                                  0.684842    0.934842   library removal time
                                              0.934842   data required time
---------------------------------------------------------------------------------------------
                                              0.934842   data required time
                                             -2.608454   data arrival time
---------------------------------------------------------------------------------------------
                                              1.673611   slack (MET)


Startpoint: _1260_ (rising edge-triggered flip-flop clocked by i_clk)
Endpoint: _1256_ (removal check against rising-edge clock i_clk)
Path Group: asynchronous
Path Type: min

Fanout         Cap        Slew       Delay        Time   Description
---------------------------------------------------------------------------------------------
                      0.150000    0.000000    0.000000   clock i_clk (rise edge)
                                  0.000000    0.000000   clock network delay (ideal)
                      0.150000    0.000000    0.000000 ^ _1260_/CLK (sky130_fd_sc_hd__dfrtp_2)
    93    0.237522    1.745387    1.955585    1.955585 ^ _1260_/Q (sky130_fd_sc_hd__dfrtp_2)
                                                         u_i2c_master_controller.soft_reset_d3 (net)
                      1.745387    0.000000    1.955585 ^ _1064_/A2 (sky130_fd_sc_hd__o21a_2)
     1    0.003263    0.080728    0.652868    2.608454 ^ _1064_/X (sky130_fd_sc_hd__o21a_2)
                                                         _0189_ (net)
                      0.080728    0.000000    2.608454 ^ _1256_/RESET_B (sky130_fd_sc_hd__dfrtp_2)
                                              2.608454   data arrival time

                      0.150000    0.000000    0.000000   clock i_clk (rise edge)
                                  0.000000    0.000000   clock network delay (ideal)
                                  0.250000    0.250000   clock uncertainty
                                  0.000000    0.250000   clock reconvergence pessimism
                                              0.250000 ^ _1256_/CLK (sky130_fd_sc_hd__dfrtp_2)
                                  0.684842    0.934842   library removal time
                                              0.934842   data required time
---------------------------------------------------------------------------------------------
                                              0.934842   data required time
                                             -2.608454   data arrival time
---------------------------------------------------------------------------------------------
                                              1.673611   slack (MET)


Startpoint: _1260_ (rising edge-triggered flip-flop clocked by i_clk)
Endpoint: _1257_ (removal check against rising-edge clock i_clk)
Path Group: asynchronous
Path Type: min

Fanout         Cap        Slew       Delay        Time   Description
---------------------------------------------------------------------------------------------
                      0.150000    0.000000    0.000000   clock i_clk (rise edge)
                                  0.000000    0.000000   clock network delay (ideal)
                      0.150000    0.000000    0.000000 ^ _1260_/CLK (sky130_fd_sc_hd__dfrtp_2)
    93    0.237522    1.745387    1.955585    1.955585 ^ _1260_/Q (sky130_fd_sc_hd__dfrtp_2)
                                                         u_i2c_master_controller.soft_reset_d3 (net)
                      1.745387    0.000000    1.955585 ^ _1065_/A2 (sky130_fd_sc_hd__o21a_2)
     1    0.003263    0.080728    0.652868    2.608454 ^ _1065_/X (sky130_fd_sc_hd__o21a_2)
                                                         _0190_ (net)
                      0.080728    0.000000    2.608454 ^ _1257_/RESET_B (sky130_fd_sc_hd__dfrtp_2)
                                              2.608454   data arrival time

                      0.150000    0.000000    0.000000   clock i_clk (rise edge)
                                  0.000000    0.000000   clock network delay (ideal)
                                  0.250000    0.250000   clock uncertainty
                                  0.000000    0.250000   clock reconvergence pessimism
                                              0.250000 ^ _1257_/CLK (sky130_fd_sc_hd__dfrtp_2)
                                  0.684842    0.934842   library removal time
                                              0.934842   data required time
---------------------------------------------------------------------------------------------
                                              0.934842   data required time
                                             -2.608454   data arrival time
---------------------------------------------------------------------------------------------
                                              1.673611   slack (MET)


Startpoint: _1260_ (rising edge-triggered flip-flop clocked by i_clk)
Endpoint: _1258_ (removal check against rising-edge clock i_clk)
Path Group: asynchronous
Path Type: min

Fanout         Cap        Slew       Delay        Time   Description
---------------------------------------------------------------------------------------------
                      0.150000    0.000000    0.000000   clock i_clk (rise edge)
                                  0.000000    0.000000   clock network delay (ideal)
                      0.150000    0.000000    0.000000 ^ _1260_/CLK (sky130_fd_sc_hd__dfrtp_2)
    93    0.237522    1.745387    1.955585    1.955585 ^ _1260_/Q (sky130_fd_sc_hd__dfrtp_2)
                                                         u_i2c_master_controller.soft_reset_d3 (net)
                      1.745387    0.000000    1.955585 ^ _1066_/A2 (sky130_fd_sc_hd__o21a_2)
     1    0.003263    0.080728    0.652868    2.608454 ^ _1066_/X (sky130_fd_sc_hd__o21a_2)
                                                         _0191_ (net)
                      0.080728    0.000000    2.608454 ^ _1258_/RESET_B (sky130_fd_sc_hd__dfrtp_2)
                                              2.608454   data arrival time

                      0.150000    0.000000    0.000000   clock i_clk (rise edge)
                                  0.000000    0.000000   clock network delay (ideal)
                                  0.250000    0.250000   clock uncertainty
                                  0.000000    0.250000   clock reconvergence pessimism
                                              0.250000 ^ _1258_/CLK (sky130_fd_sc_hd__dfrtp_2)
                                  0.684842    0.934842   library removal time
                                              0.934842   data required time
---------------------------------------------------------------------------------------------
                                              0.934842   data required time
                                             -2.608454   data arrival time
---------------------------------------------------------------------------------------------
                                              1.673611   slack (MET)


Startpoint: _1260_ (rising edge-triggered flip-flop clocked by i_clk)
Endpoint: _1259_ (removal check against rising-edge clock i_clk)
Path Group: asynchronous
Path Type: min

Fanout         Cap        Slew       Delay        Time   Description
---------------------------------------------------------------------------------------------
                      0.150000    0.000000    0.000000   clock i_clk (rise edge)
                                  0.000000    0.000000   clock network delay (ideal)
                      0.150000    0.000000    0.000000 ^ _1260_/CLK (sky130_fd_sc_hd__dfrtp_2)
    93    0.237522    1.745387    1.955585    1.955585 ^ _1260_/Q (sky130_fd_sc_hd__dfrtp_2)
                                                         u_i2c_master_controller.soft_reset_d3 (net)
                      1.745387    0.000000    1.955585 ^ _1067_/A2 (sky130_fd_sc_hd__o21a_2)
     1    0.003263    0.080728    0.652868    2.608454 ^ _1067_/X (sky130_fd_sc_hd__o21a_2)
                                                         _0192_ (net)
                      0.080728    0.000000    2.608454 ^ _1259_/RESET_B (sky130_fd_sc_hd__dfrtp_2)
                                              2.608454   data arrival time

                      0.150000    0.000000    0.000000   clock i_clk (rise edge)
                                  0.000000    0.000000   clock network delay (ideal)
                                  0.250000    0.250000   clock uncertainty
                                  0.000000    0.250000   clock reconvergence pessimism
                                              0.250000 ^ _1259_/CLK (sky130_fd_sc_hd__dfrtp_2)
                                  0.684842    0.934842   library removal time
                                              0.934842   data required time
---------------------------------------------------------------------------------------------
                                              0.934842   data required time
                                             -2.608454   data arrival time
---------------------------------------------------------------------------------------------
                                              1.673611   slack (MET)


Startpoint: _1260_ (rising edge-triggered flip-flop clocked by i_clk)
Endpoint: _1068_ (removal check against rising-edge clock i_clk)
Path Group: asynchronous
Path Type: min

Fanout         Cap        Slew       Delay        Time   Description
---------------------------------------------------------------------------------------------
                      0.150000    0.000000    0.000000   clock i_clk (rise edge)
                                  0.000000    0.000000   clock network delay (ideal)
                      0.150000    0.000000    0.000000 ^ _1260_/CLK (sky130_fd_sc_hd__dfrtp_2)
    93    0.237522    1.745387    1.955585    1.955585 ^ _1260_/Q (sky130_fd_sc_hd__dfrtp_2)
                                                         u_i2c_master_controller.soft_reset_d3 (net)
                      1.745387    0.000000    1.955585 ^ _0840_/A2 (sky130_fd_sc_hd__o21a_2)
     1    0.003271    0.080794    0.652956    2.608541 ^ _0840_/X (sky130_fd_sc_hd__o21a_2)
                                                         _0099_ (net)
                      0.080794    0.000000    2.608541 ^ _1068_/SET_B (sky130_fd_sc_hd__dfstp_2)
                                              2.608541   data arrival time

                      0.150000    0.000000    0.000000   clock i_clk (rise edge)
                                  0.000000    0.000000   clock network delay (ideal)
                                  0.250000    0.250000   clock uncertainty
                                  0.000000    0.250000   clock reconvergence pessimism
                                              0.250000 ^ _1068_/CLK (sky130_fd_sc_hd__dfstp_2)
                                  0.326368    0.576368   library removal time
                                              0.576368   data required time
---------------------------------------------------------------------------------------------
                                              0.576368   data required time
                                             -2.608541   data arrival time
---------------------------------------------------------------------------------------------
                                              2.032173   slack (MET)


Startpoint: _1260_ (rising edge-triggered flip-flop clocked by i_clk)
Endpoint: _1069_ (removal check against rising-edge clock i_clk)
Path Group: asynchronous
Path Type: min

Fanout         Cap        Slew       Delay        Time   Description
---------------------------------------------------------------------------------------------
                      0.150000    0.000000    0.000000   clock i_clk (rise edge)
                                  0.000000    0.000000   clock network delay (ideal)
                      0.150000    0.000000    0.000000 ^ _1260_/CLK (sky130_fd_sc_hd__dfrtp_2)
    93    0.237522    1.745387    1.955585    1.955585 ^ _1260_/Q (sky130_fd_sc_hd__dfrtp_2)
                                                         u_i2c_master_controller.soft_reset_d3 (net)
                      1.745387    0.000000    1.955585 ^ _0976_/A2 (sky130_fd_sc_hd__o21a_2)
     1    0.003271    0.080794    0.652956    2.608541 ^ _0976_/X (sky130_fd_sc_hd__o21a_2)
                                                         _0100_ (net)
                      0.080794    0.000000    2.608541 ^ _1069_/SET_B (sky130_fd_sc_hd__dfstp_2)
                                              2.608541   data arrival time

                      0.150000    0.000000    0.000000   clock i_clk (rise edge)
                                  0.000000    0.000000   clock network delay (ideal)
                                  0.250000    0.250000   clock uncertainty
                                  0.000000    0.250000   clock reconvergence pessimism
                                              0.250000 ^ _1069_/CLK (sky130_fd_sc_hd__dfstp_2)
                                  0.326368    0.576368   library removal time
                                              0.576368   data required time
---------------------------------------------------------------------------------------------
                                              0.576368   data required time
                                             -2.608541   data arrival time
---------------------------------------------------------------------------------------------
                                              2.032173   slack (MET)


Startpoint: _1260_ (rising edge-triggered flip-flop clocked by i_clk)
Endpoint: _1142_ (removal check against rising-edge clock i_clk)
Path Group: asynchronous
Path Type: min

Fanout         Cap        Slew       Delay        Time   Description
---------------------------------------------------------------------------------------------
                      0.150000    0.000000    0.000000   clock i_clk (rise edge)
                                  0.000000    0.000000   clock network delay (ideal)
                      0.150000    0.000000    0.000000 ^ _1260_/CLK (sky130_fd_sc_hd__dfrtp_2)
    93    0.237522    1.745387    1.955585    1.955585 ^ _1260_/Q (sky130_fd_sc_hd__dfrtp_2)
                                                         u_i2c_master_controller.soft_reset_d3 (net)
                      1.745387    0.000000    1.955585 ^ _0990_/A2 (sky130_fd_sc_hd__o21a_2)
     1    0.003271    0.080794    0.652956    2.608541 ^ _0990_/X (sky130_fd_sc_hd__o21a_2)
                                                         _0115_ (net)
                      0.080794    0.000000    2.608541 ^ _1142_/SET_B (sky130_fd_sc_hd__dfstp_2)
                                              2.608541   data arrival time

                      0.150000    0.000000    0.000000   clock i_clk (rise edge)
                                  0.000000    0.000000   clock network delay (ideal)
                                  0.250000    0.250000   clock uncertainty
                                  0.000000    0.250000   clock reconvergence pessimism
                                              0.250000 ^ _1142_/CLK (sky130_fd_sc_hd__dfstp_2)
                                  0.326368    0.576368   library removal time
                                              0.576368   data required time
---------------------------------------------------------------------------------------------
                                              0.576368   data required time
                                             -2.608541   data arrival time
---------------------------------------------------------------------------------------------
                                              2.032173   slack (MET)


Startpoint: _1260_ (rising edge-triggered flip-flop clocked by i_clk)
Endpoint: _1145_ (removal check against rising-edge clock i_clk)
Path Group: asynchronous
Path Type: min

Fanout         Cap        Slew       Delay        Time   Description
---------------------------------------------------------------------------------------------
                      0.150000    0.000000    0.000000   clock i_clk (rise edge)
                                  0.000000    0.000000   clock network delay (ideal)
                      0.150000    0.000000    0.000000 ^ _1260_/CLK (sky130_fd_sc_hd__dfrtp_2)
    93    0.237522    1.745387    1.955585    1.955585 ^ _1260_/Q (sky130_fd_sc_hd__dfrtp_2)
                                                         u_i2c_master_controller.soft_reset_d3 (net)
                      1.745387    0.000000    1.955585 ^ _0993_/A2 (sky130_fd_sc_hd__o21a_2)
     1    0.003271    0.080794    0.652956    2.608541 ^ _0993_/X (sky130_fd_sc_hd__o21a_2)
                                                         _0118_ (net)
                      0.080794    0.000000    2.608541 ^ _1145_/SET_B (sky130_fd_sc_hd__dfstp_2)
                                              2.608541   data arrival time

                      0.150000    0.000000    0.000000   clock i_clk (rise edge)
                                  0.000000    0.000000   clock network delay (ideal)
                                  0.250000    0.250000   clock uncertainty
                                  0.000000    0.250000   clock reconvergence pessimism
                                              0.250000 ^ _1145_/CLK (sky130_fd_sc_hd__dfstp_2)
                                  0.326368    0.576368   library removal time
                                              0.576368   data required time
---------------------------------------------------------------------------------------------
                                              0.576368   data required time
                                             -2.608541   data arrival time
---------------------------------------------------------------------------------------------
                                              2.032173   slack (MET)


Startpoint: _1260_ (rising edge-triggered flip-flop clocked by i_clk)
Endpoint: _1152_ (removal check against rising-edge clock i_clk)
Path Group: asynchronous
Path Type: min

Fanout         Cap        Slew       Delay        Time   Description
---------------------------------------------------------------------------------------------
                      0.150000    0.000000    0.000000   clock i_clk (rise edge)
                                  0.000000    0.000000   clock network delay (ideal)
                      0.150000    0.000000    0.000000 ^ _1260_/CLK (sky130_fd_sc_hd__dfrtp_2)
    93    0.237522    1.745387    1.955585    1.955585 ^ _1260_/Q (sky130_fd_sc_hd__dfrtp_2)
                                                         u_i2c_master_controller.soft_reset_d3 (net)
                      1.745387    0.000000    1.955585 ^ _1000_/A2 (sky130_fd_sc_hd__o21a_2)
     1    0.003271    0.080794    0.652956    2.608541 ^ _1000_/X (sky130_fd_sc_hd__o21a_2)
                                                         _0125_ (net)
                      0.080794    0.000000    2.608541 ^ _1152_/SET_B (sky130_fd_sc_hd__dfstp_2)
                                              2.608541   data arrival time

                      0.150000    0.000000    0.000000   clock i_clk (rise edge)
                                  0.000000    0.000000   clock network delay (ideal)
                                  0.250000    0.250000   clock uncertainty
                                  0.000000    0.250000   clock reconvergence pessimism
                                              0.250000 ^ _1152_/CLK (sky130_fd_sc_hd__dfstp_2)
                                  0.326368    0.576368   library removal time
                                              0.576368   data required time
---------------------------------------------------------------------------------------------
                                              0.576368   data required time
                                             -2.608541   data arrival time
---------------------------------------------------------------------------------------------
                                              2.032173   slack (MET)


Startpoint: _1260_ (rising edge-triggered flip-flop clocked by i_clk)
Endpoint: _1156_ (removal check against rising-edge clock i_clk)
Path Group: asynchronous
Path Type: min

Fanout         Cap        Slew       Delay        Time   Description
---------------------------------------------------------------------------------------------
                      0.150000    0.000000    0.000000   clock i_clk (rise edge)
                                  0.000000    0.000000   clock network delay (ideal)
                      0.150000    0.000000    0.000000 ^ _1260_/CLK (sky130_fd_sc_hd__dfrtp_2)
    93    0.237522    1.745387    1.955585    1.955585 ^ _1260_/Q (sky130_fd_sc_hd__dfrtp_2)
                                                         u_i2c_master_controller.soft_reset_d3 (net)
                      1.745387    0.000000    1.955585 ^ _1004_/A2 (sky130_fd_sc_hd__o21a_2)
     1    0.003271    0.080794    0.652956    2.608541 ^ _1004_/X (sky130_fd_sc_hd__o21a_2)
                                                         _0129_ (net)
                      0.080794    0.000000    2.608541 ^ _1156_/SET_B (sky130_fd_sc_hd__dfstp_2)
                                              2.608541   data arrival time

                      0.150000    0.000000    0.000000   clock i_clk (rise edge)
                                  0.000000    0.000000   clock network delay (ideal)
                                  0.250000    0.250000   clock uncertainty
                                  0.000000    0.250000   clock reconvergence pessimism
                                              0.250000 ^ _1156_/CLK (sky130_fd_sc_hd__dfstp_2)
                                  0.326368    0.576368   library removal time
                                              0.576368   data required time
---------------------------------------------------------------------------------------------
                                              0.576368   data required time
                                             -2.608541   data arrival time
---------------------------------------------------------------------------------------------
                                              2.032173   slack (MET)


Startpoint: _1260_ (rising edge-triggered flip-flop clocked by i_clk)
Endpoint: _1210_ (removal check against rising-edge clock i_clk)
Path Group: asynchronous
Path Type: min

Fanout         Cap        Slew       Delay        Time   Description
---------------------------------------------------------------------------------------------
                      0.150000    0.000000    0.000000   clock i_clk (rise edge)
                                  0.000000    0.000000   clock network delay (ideal)
                      0.150000    0.000000    0.000000 ^ _1260_/CLK (sky130_fd_sc_hd__dfrtp_2)
    93    0.237522    1.745387    1.955585    1.955585 ^ _1260_/Q (sky130_fd_sc_hd__dfrtp_2)
                                                         u_i2c_master_controller.soft_reset_d3 (net)
                      1.745387    0.000000    1.955585 ^ _1018_/A2 (sky130_fd_sc_hd__o21a_2)
     1    0.003271    0.080794    0.652956    2.608541 ^ _1018_/X (sky130_fd_sc_hd__o21a_2)
                                                         _0143_ (net)
                      0.080794    0.000000    2.608541 ^ _1210_/SET_B (sky130_fd_sc_hd__dfstp_2)
                                              2.608541   data arrival time

                      0.150000    0.000000    0.000000   clock i_clk (rise edge)
                                  0.000000    0.000000   clock network delay (ideal)
                                  0.250000    0.250000   clock uncertainty
                                  0.000000    0.250000   clock reconvergence pessimism
                                              0.250000 ^ _1210_/CLK (sky130_fd_sc_hd__dfstp_2)
                                  0.326368    0.576368   library removal time
                                              0.576368   data required time
---------------------------------------------------------------------------------------------
                                              0.576368   data required time
                                             -2.608541   data arrival time
---------------------------------------------------------------------------------------------
                                              2.032173   slack (MET)


Startpoint: _1260_ (rising edge-triggered flip-flop clocked by i_clk)
Endpoint: _1230_ (removal check against rising-edge clock i_clk)
Path Group: asynchronous
Path Type: min

Fanout         Cap        Slew       Delay        Time   Description
---------------------------------------------------------------------------------------------
                      0.150000    0.000000    0.000000   clock i_clk (rise edge)
                                  0.000000    0.000000   clock network delay (ideal)
                      0.150000    0.000000    0.000000 ^ _1260_/CLK (sky130_fd_sc_hd__dfrtp_2)
    93    0.237522    1.745387    1.955585    1.955585 ^ _1260_/Q (sky130_fd_sc_hd__dfrtp_2)
                                                         u_i2c_master_controller.soft_reset_d3 (net)
                      1.745387    0.000000    1.955585 ^ _1038_/A2 (sky130_fd_sc_hd__o21a_2)
     1    0.003271    0.080794    0.652956    2.608541 ^ _1038_/X (sky130_fd_sc_hd__o21a_2)
                                                         _0163_ (net)
                      0.080794    0.000000    2.608541 ^ _1230_/SET_B (sky130_fd_sc_hd__dfstp_2)
                                              2.608541   data arrival time

                      0.150000    0.000000    0.000000   clock i_clk (rise edge)
                                  0.000000    0.000000   clock network delay (ideal)
                                  0.250000    0.250000   clock uncertainty
                                  0.000000    0.250000   clock reconvergence pessimism
                                              0.250000 ^ _1230_/CLK (sky130_fd_sc_hd__dfstp_2)
                                  0.326368    0.576368   library removal time
                                              0.576368   data required time
---------------------------------------------------------------------------------------------
                                              0.576368   data required time
                                             -2.608541   data arrival time
---------------------------------------------------------------------------------------------
                                              2.032173   slack (MET)


Startpoint: _1260_ (rising edge-triggered flip-flop clocked by i_clk)
Endpoint: _1252_ (removal check against rising-edge clock i_clk)
Path Group: asynchronous
Path Type: min

Fanout         Cap        Slew       Delay        Time   Description
---------------------------------------------------------------------------------------------
                      0.150000    0.000000    0.000000   clock i_clk (rise edge)
                                  0.000000    0.000000   clock network delay (ideal)
                      0.150000    0.000000    0.000000 ^ _1260_/CLK (sky130_fd_sc_hd__dfrtp_2)
    93    0.237522    1.745387    1.955585    1.955585 ^ _1260_/Q (sky130_fd_sc_hd__dfrtp_2)
                                                         u_i2c_master_controller.soft_reset_d3 (net)
                      1.745387    0.000000    1.955585 ^ _1060_/A2 (sky130_fd_sc_hd__o21a_2)
     1    0.003271    0.080794    0.652956    2.608541 ^ _1060_/X (sky130_fd_sc_hd__o21a_2)
                                                         _0185_ (net)
                      0.080794    0.000000    2.608541 ^ _1252_/SET_B (sky130_fd_sc_hd__dfstp_2)
                                              2.608541   data arrival time

                      0.150000    0.000000    0.000000   clock i_clk (rise edge)
                                  0.000000    0.000000   clock network delay (ideal)
                                  0.250000    0.250000   clock uncertainty
                                  0.000000    0.250000   clock reconvergence pessimism
                                              0.250000 ^ _1252_/CLK (sky130_fd_sc_hd__dfstp_2)
                                  0.326368    0.576368   library removal time
                                              0.576368   data required time
---------------------------------------------------------------------------------------------
                                              0.576368   data required time
                                             -2.608541   data arrival time
---------------------------------------------------------------------------------------------
                                              2.032173   slack (MET)


Startpoint: i_config_reg[4] (input port clocked by i_clk)
Endpoint: _1176_ (rising edge-triggered flip-flop clocked by i_clk)
Path Group: i_clk
Path Type: min

Fanout         Cap        Slew       Delay        Time   Description
---------------------------------------------------------------------------------------------
                      0.150000    0.000000    0.000000   clock i_clk (rise edge)
                                  0.000000    0.000000   clock network delay (ideal)
                                  6.000000    6.000000 v input external delay
     1    0.001838    0.015196    0.006181    6.006181 v i_config_reg[4] (in)
                                                         i_config_reg[4] (net)
                      0.015196    0.000000    6.006181 v _1176_/D (sky130_fd_sc_hd__dfrtp_2)
                                              6.006181   data arrival time

                      0.150000    0.000000    0.000000   clock i_clk (rise edge)
                                  0.000000    0.000000   clock network delay (ideal)
                                  0.250000    0.250000   clock uncertainty
                                  0.000000    0.250000   clock reconvergence pessimism
                                              0.250000 ^ _1176_/CLK (sky130_fd_sc_hd__dfrtp_2)
                                 -0.050182    0.199818   library hold time
                                              0.199818   data required time
---------------------------------------------------------------------------------------------
                                              0.199818   data required time
                                             -6.006181   data arrival time
---------------------------------------------------------------------------------------------
                                              5.806363   slack (MET)


Startpoint: i_config_reg[0] (input port clocked by i_clk)
Endpoint: _1184_ (rising edge-triggered flip-flop clocked by i_clk)
Path Group: i_clk
Path Type: min

Fanout         Cap        Slew       Delay        Time   Description
---------------------------------------------------------------------------------------------
                      0.150000    0.000000    0.000000   clock i_clk (rise edge)
                                  0.000000    0.000000   clock network delay (ideal)
                                  6.000000    6.000000 v input external delay
     1    0.001838    0.015196    0.006181    6.006181 v i_config_reg[0] (in)
                                                         i_config_reg[0] (net)
                      0.015196    0.000000    6.006181 v _1184_/D (sky130_fd_sc_hd__dfrtp_2)
                                              6.006181   data arrival time

                      0.150000    0.000000    0.000000   clock i_clk (rise edge)
                                  0.000000    0.000000   clock network delay (ideal)
                                  0.250000    0.250000   clock uncertainty
                                  0.000000    0.250000   clock reconvergence pessimism
                                              0.250000 ^ _1184_/CLK (sky130_fd_sc_hd__dfrtp_2)
                                 -0.050182    0.199818   library hold time
                                              0.199818   data required time
---------------------------------------------------------------------------------------------
                                              0.199818   data required time
                                             -6.006181   data arrival time
---------------------------------------------------------------------------------------------
                                              5.806363   slack (MET)


Startpoint: i_config_reg[5] (input port clocked by i_clk)
Endpoint: _1261_ (rising edge-triggered flip-flop clocked by i_clk)
Path Group: i_clk
Path Type: min

Fanout         Cap        Slew       Delay        Time   Description
---------------------------------------------------------------------------------------------
                      0.150000    0.000000    0.000000   clock i_clk (rise edge)
                                  0.000000    0.000000   clock network delay (ideal)
                                  6.000000    6.000000 v input external delay
     1    0.001838    0.015196    0.006181    6.006181 v i_config_reg[5] (in)
                                                         i_config_reg[5] (net)
                      0.015196    0.000000    6.006181 v _1261_/D (sky130_fd_sc_hd__dfrtp_2)
                                              6.006181   data arrival time

                      0.150000    0.000000    0.000000   clock i_clk (rise edge)
                                  0.000000    0.000000   clock network delay (ideal)
                                  0.250000    0.250000   clock uncertainty
                                  0.000000    0.250000   clock reconvergence pessimism
                                              0.250000 ^ _1261_/CLK (sky130_fd_sc_hd__dfrtp_2)
                                 -0.050182    0.199818   library hold time
                                              0.199818   data required time
---------------------------------------------------------------------------------------------
                                              0.199818   data required time
                                             -6.006181   data arrival time
---------------------------------------------------------------------------------------------
                                              5.806363   slack (MET)


Startpoint: i_config_reg[1] (input port clocked by i_clk)
Endpoint: _1183_ (rising edge-triggered flip-flop clocked by i_clk)
Path Group: i_clk
Path Type: min

Fanout         Cap        Slew       Delay        Time   Description
---------------------------------------------------------------------------------------------
                      0.150000    0.000000    0.000000   clock i_clk (rise edge)
                                  0.000000    0.000000   clock network delay (ideal)
                                  6.000000    6.000000 v input external delay
     2    0.003279    0.021048    0.010708    6.010708 v i_config_reg[1] (in)
                                                         i_config_reg[1] (net)
                      0.021048    0.000000    6.010708 v _1183_/D (sky130_fd_sc_hd__dfrtp_2)
                                              6.010708   data arrival time

                      0.150000    0.000000    0.000000   clock i_clk (rise edge)
                                  0.000000    0.000000   clock network delay (ideal)
                                  0.250000    0.250000   clock uncertainty
                                  0.000000    0.250000   clock reconvergence pessimism
                                              0.250000 ^ _1183_/CLK (sky130_fd_sc_hd__dfrtp_2)
                                 -0.052326    0.197674   library hold time
                                              0.197674   data required time
---------------------------------------------------------------------------------------------
                                              0.197674   data required time
                                             -6.010708   data arrival time
---------------------------------------------------------------------------------------------
                                              5.813033   slack (MET)


Startpoint: i_clk_div_lsb[1] (input port clocked by i_clk)
Endpoint: _1201_ (rising edge-triggered flip-flop clocked by i_clk)
Path Group: i_clk
Path Type: min

Fanout         Cap        Slew       Delay        Time   Description
---------------------------------------------------------------------------------------------
                      0.150000    0.000000    0.000000   clock i_clk (rise edge)
                                  0.000000    0.000000   clock network delay (ideal)
                                  6.000000    6.000000 v input external delay
     4    0.017748    0.079968    0.054675    6.054675 v i_clk_div_lsb[1] (in)
                                                         i_clk_div_lsb[1] (net)
                      0.079968    0.000000    6.054675 v _0541_/A (sky130_fd_sc_hd__inv_2)
     2    0.006902    0.062982    0.092252    6.146927 ^ _0541_/Y (sky130_fd_sc_hd__inv_2)
                                                         _0090_ (net)
                      0.062982    0.000000    6.146927 ^ _1201_/D (sky130_fd_sc_hd__dfrtp_2)
                                              6.146927   data arrival time

                      0.150000    0.000000    0.000000   clock i_clk (rise edge)
                                  0.000000    0.000000   clock network delay (ideal)
                                  0.250000    0.250000   clock uncertainty
                                  0.000000    0.250000   clock reconvergence pessimism
                                              0.250000 ^ _1201_/CLK (sky130_fd_sc_hd__dfrtp_2)
                                 -0.062177    0.187823   library hold time
                                              0.187823   data required time
---------------------------------------------------------------------------------------------
                                              0.187823   data required time
                                             -6.146927   data arrival time
---------------------------------------------------------------------------------------------
                                              5.959104   slack (MET)


Startpoint: i_mode_reg[0] (input port clocked by i_clk)
Endpoint: _1208_ (rising edge-triggered flip-flop clocked by i_clk)
Path Group: i_clk
Path Type: min

Fanout         Cap        Slew       Delay        Time   Description
---------------------------------------------------------------------------------------------
                      0.150000    0.000000    0.000000   clock i_clk (rise edge)
                                  0.000000    0.000000   clock network delay (ideal)
                                  6.000000    6.000000 v input external delay
     2    0.005699    0.030877    0.018299    6.018299 v i_mode_reg[0] (in)
                                                         i_mode_reg[0] (net)
                      0.030877    0.000000    6.018299 v _0632_/A (sky130_fd_sc_hd__nand2_2)
     1    0.004617    0.059305    0.070817    6.089116 ^ _0632_/Y (sky130_fd_sc_hd__nand2_2)
                                                         _0347_ (net)
                      0.059305    0.000000    6.089116 ^ _0633_/B (sky130_fd_sc_hd__nand2_2)
     1    0.001838    0.039914    0.079607    6.168723 v _0633_/Y (sky130_fd_sc_hd__nand2_2)
                                                         _0097_ (net)
                      0.039914    0.000000    6.168723 v _1208_/D (sky130_fd_sc_hd__dfrtp_2)
                                              6.168723   data arrival time

                      0.150000    0.000000    0.000000   clock i_clk (rise edge)
                                  0.000000    0.000000   clock network delay (ideal)
                                  0.250000    0.250000   clock uncertainty
                                  0.000000    0.250000   clock reconvergence pessimism
                                              0.250000 ^ _1208_/CLK (sky130_fd_sc_hd__dfrtp_2)
                                 -0.059238    0.190762   library hold time
                                              0.190762   data required time
---------------------------------------------------------------------------------------------
                                              0.190762   data required time
                                             -6.168723   data arrival time
---------------------------------------------------------------------------------------------
                                              5.977961   slack (MET)


Startpoint: i_mode_reg[1] (input port clocked by i_clk)
Endpoint: _1209_ (rising edge-triggered flip-flop clocked by i_clk)
Path Group: i_clk
Path Type: min

Fanout         Cap        Slew       Delay        Time   Description
---------------------------------------------------------------------------------------------
                      0.150000    0.000000    0.000000   clock i_clk (rise edge)
                                  0.000000    0.000000   clock network delay (ideal)
                                  6.000000    6.000000 ^ input external delay
     1    0.009061    0.076958    0.047679    6.047678 ^ i_mode_reg[1] (in)
                                                         i_mode_reg[1] (net)
                      0.076958    0.000000    6.047678 ^ _0634_/A (sky130_fd_sc_hd__xnor2_2)
     1    0.001838    0.053092    0.121407    6.169086 v _0634_/Y (sky130_fd_sc_hd__xnor2_2)
                                                         _0098_ (net)
                      0.053092    0.000000    6.169086 v _1209_/D (sky130_fd_sc_hd__dfrtp_2)
                                              6.169086   data arrival time

                      0.150000    0.000000    0.000000   clock i_clk (rise edge)
                                  0.000000    0.000000   clock network delay (ideal)
                                  0.250000    0.250000   clock uncertainty
                                  0.000000    0.250000   clock reconvergence pessimism
                                              0.250000 ^ _1209_/CLK (sky130_fd_sc_hd__dfrtp_2)
                                 -0.064066    0.185934   library hold time
                                              0.185934   data required time
---------------------------------------------------------------------------------------------
                                              0.185934   data required time
                                             -6.169086   data arrival time
---------------------------------------------------------------------------------------------
                                              5.983151   slack (MET)


Startpoint: i_clk_div_lsb[7] (input port clocked by i_clk)
Endpoint: _1207_ (rising edge-triggered flip-flop clocked by i_clk)
Path Group: i_clk
Path Type: min

Fanout         Cap        Slew       Delay        Time   Description
---------------------------------------------------------------------------------------------
                      0.150000    0.000000    0.000000   clock i_clk (rise edge)
                                  0.000000    0.000000   clock network delay (ideal)
                                  6.000000    6.000000 v input external delay
     2    0.005766    0.031150    0.018501    6.018501 v i_clk_div_lsb[7] (in)
                                                         i_clk_div_lsb[7] (net)
                      0.031150    0.000000    6.018501 v _0629_/B1 (sky130_fd_sc_hd__o21ai_2)
     1    0.004617    0.073458    0.072987    6.091488 ^ _0629_/Y (sky130_fd_sc_hd__o21ai_2)
                                                         _0345_ (net)
                      0.073458    0.000000    6.091488 ^ _0630_/B (sky130_fd_sc_hd__nand2_2)
     1    0.001838    0.039946    0.085245    6.176733 v _0630_/Y (sky130_fd_sc_hd__nand2_2)
                                                         _0096_ (net)
                      0.039946    0.000000    6.176733 v _1207_/D (sky130_fd_sc_hd__dfrtp_2)
                                              6.176733   data arrival time

                      0.150000    0.000000    0.000000   clock i_clk (rise edge)
                                  0.000000    0.000000   clock network delay (ideal)
                                  0.250000    0.250000   clock uncertainty
                                  0.000000    0.250000   clock reconvergence pessimism
                                              0.250000 ^ _1207_/CLK (sky130_fd_sc_hd__dfrtp_2)
                                 -0.059250    0.190750   library hold time
                                              0.190750   data required time
---------------------------------------------------------------------------------------------
                                              0.190750   data required time
                                             -6.176733   data arrival time
---------------------------------------------------------------------------------------------
                                              5.985983   slack (MET)


Startpoint: i_clk_div_lsb[5] (input port clocked by i_clk)
Endpoint: _1205_ (rising edge-triggered flip-flop clocked by i_clk)
Path Group: i_clk
Path Type: min

Fanout         Cap        Slew       Delay        Time   Description
---------------------------------------------------------------------------------------------
                      0.150000    0.000000    0.000000   clock i_clk (rise edge)
                                  0.000000    0.000000   clock network delay (ideal)
                                  6.000000    6.000000 v input external delay
     2    0.006537    0.034291    0.020829    6.020829 v i_clk_div_lsb[5] (in)
                                                         i_clk_div_lsb[5] (net)
                      0.034291    0.000000    6.020829 v _0625_/B1 (sky130_fd_sc_hd__o21ai_2)
     1    0.004617    0.073476    0.074408    6.095236 ^ _0625_/Y (sky130_fd_sc_hd__o21ai_2)
                                                         _0343_ (net)
                      0.073476    0.000000    6.095236 ^ _0626_/B (sky130_fd_sc_hd__nand2_2)
     1    0.001838    0.039946    0.085252    6.180489 v _0626_/Y (sky130_fd_sc_hd__nand2_2)
                                                         _0094_ (net)
                      0.039946    0.000000    6.180489 v _1205_/D (sky130_fd_sc_hd__dfrtp_2)
                                              6.180489   data arrival time

                      0.150000    0.000000    0.000000   clock i_clk (rise edge)
                                  0.000000    0.000000   clock network delay (ideal)
                                  0.250000    0.250000   clock uncertainty
                                  0.000000    0.250000   clock reconvergence pessimism
                                              0.250000 ^ _1205_/CLK (sky130_fd_sc_hd__dfrtp_2)
                                 -0.059250    0.190750   library hold time
                                              0.190750   data required time
---------------------------------------------------------------------------------------------
                                              0.190750   data required time
                                             -6.180489   data arrival time
---------------------------------------------------------------------------------------------
                                              5.989738   slack (MET)


Startpoint: i_clk_div_lsb[3] (input port clocked by i_clk)
Endpoint: _1203_ (rising edge-triggered flip-flop clocked by i_clk)
Path Group: i_clk
Path Type: min

Fanout         Cap        Slew       Delay        Time   Description
---------------------------------------------------------------------------------------------
                      0.150000    0.000000    0.000000   clock i_clk (rise edge)
                                  0.000000    0.000000   clock network delay (ideal)
                                  6.000000    6.000000 v input external delay
     3    0.008729    0.043222    0.027446    6.027446 v i_clk_div_lsb[3] (in)
                                                         i_clk_div_lsb[3] (net)
                      0.043222    0.000000    6.027446 v _0621_/B (sky130_fd_sc_hd__nand2_2)
     1    0.004691    0.060264    0.090898    6.118344 ^ _0621_/Y (sky130_fd_sc_hd__nand2_2)
                                                         _0341_ (net)
                      0.060264    0.000000    6.118344 ^ _0622_/A2 (sky130_fd_sc_hd__o21ai_2)
     1    0.001838    0.038428    0.081692    6.200035 v _0622_/Y (sky130_fd_sc_hd__o21ai_2)
                                                         _0092_ (net)
                      0.038428    0.000000    6.200035 v _1203_/D (sky130_fd_sc_hd__dfrtp_2)
                                              6.200035   data arrival time

                      0.150000    0.000000    0.000000   clock i_clk (rise edge)
                                  0.000000    0.000000   clock network delay (ideal)
                                  0.250000    0.250000   clock uncertainty
                                  0.000000    0.250000   clock reconvergence pessimism
                                              0.250000 ^ _1203_/CLK (sky130_fd_sc_hd__dfrtp_2)
                                 -0.058693    0.191307   library hold time
                                              0.191307   data required time
---------------------------------------------------------------------------------------------
                                              0.191307   data required time
                                             -6.200035   data arrival time
---------------------------------------------------------------------------------------------
                                              6.008729   slack (MET)


Startpoint: i_clk_div_lsb[2] (input port clocked by i_clk)
Endpoint: _1202_ (rising edge-triggered flip-flop clocked by i_clk)
Path Group: i_clk
Path Type: min

Fanout         Cap        Slew       Delay        Time   Description
---------------------------------------------------------------------------------------------
                      0.150000    0.000000    0.000000   clock i_clk (rise edge)
                                  0.000000    0.000000   clock network delay (ideal)
                                  6.000000    6.000000 ^ input external delay
     4    0.018026    0.138673    0.092138    6.092138 ^ i_clk_div_lsb[2] (in)
                                                         i_clk_div_lsb[2] (net)
                      0.138673    0.000000    6.092138 ^ _0619_/B (sky130_fd_sc_hd__xor2_2)
     1    0.001838    0.049658    0.124573    6.216712 v _0619_/X (sky130_fd_sc_hd__xor2_2)
                                                         _0091_ (net)
                      0.049658    0.000000    6.216712 v _1202_/D (sky130_fd_sc_hd__dfrtp_2)
                                              6.216712   data arrival time

                      0.150000    0.000000    0.000000   clock i_clk (rise edge)
                                  0.000000    0.000000   clock network delay (ideal)
                                  0.250000    0.250000   clock uncertainty
                                  0.000000    0.250000   clock reconvergence pessimism
                                              0.250000 ^ _1202_/CLK (sky130_fd_sc_hd__dfrtp_2)
                                 -0.062808    0.187192   library hold time
                                              0.187192   data required time
---------------------------------------------------------------------------------------------
                                              0.187192   data required time
                                             -6.216712   data arrival time
---------------------------------------------------------------------------------------------
                                              6.029519   slack (MET)


Startpoint: i_clk_div_lsb[6] (input port clocked by i_clk)
Endpoint: _1206_ (rising edge-triggered flip-flop clocked by i_clk)
Path Group: i_clk
Path Type: min

Fanout         Cap        Slew       Delay        Time   Description
---------------------------------------------------------------------------------------------
                      0.150000    0.000000    0.000000   clock i_clk (rise edge)
                                  0.000000    0.000000   clock network delay (ideal)
                                  6.000000    6.000000 ^ input external delay
     3    0.015677    0.122502    0.080489    6.080489 ^ i_clk_div_lsb[6] (in)
                                                         i_clk_div_lsb[6] (net)
                      0.122502    0.000000    6.080489 ^ _0627_/A (sky130_fd_sc_hd__xnor2_2)
     1    0.001838    0.054877    0.137622    6.218111 v _0627_/Y (sky130_fd_sc_hd__xnor2_2)
                                                         _0095_ (net)
                      0.054877    0.000000    6.218111 v _1206_/D (sky130_fd_sc_hd__dfrtp_2)
                                              6.218111   data arrival time

                      0.150000    0.000000    0.000000   clock i_clk (rise edge)
                                  0.000000    0.000000   clock network delay (ideal)
                                  0.250000    0.250000   clock uncertainty
                                  0.000000    0.250000   clock reconvergence pessimism
                                              0.250000 ^ _1206_/CLK (sky130_fd_sc_hd__dfrtp_2)
                                 -0.064720    0.185280   library hold time
                                              0.185280   data required time
---------------------------------------------------------------------------------------------
                                              0.185280   data required time
                                             -6.218111   data arrival time
---------------------------------------------------------------------------------------------
                                              6.032831   slack (MET)


Startpoint: i_clk_div_lsb[4] (input port clocked by i_clk)
Endpoint: _1204_ (rising edge-triggered flip-flop clocked by i_clk)
Path Group: i_clk
Path Type: min

Fanout         Cap        Slew       Delay        Time   Description
---------------------------------------------------------------------------------------------
                      0.150000    0.000000    0.000000   clock i_clk (rise edge)
                                  0.000000    0.000000   clock network delay (ideal)
                                  6.000000    6.000000 ^ input external delay
     3    0.016735    0.129786    0.085736    6.085736 ^ i_clk_div_lsb[4] (in)
                                                         i_clk_div_lsb[4] (net)
                      0.129786    0.000000    6.085736 ^ _0623_/A (sky130_fd_sc_hd__xnor2_2)
     1    0.001838    0.054545    0.140186    6.225922 v _0623_/Y (sky130_fd_sc_hd__xnor2_2)
                                                         _0093_ (net)
                      0.054545    0.000000    6.225922 v _1204_/D (sky130_fd_sc_hd__dfrtp_2)
                                              6.225922   data arrival time

                      0.150000    0.000000    0.000000   clock i_clk (rise edge)
                                  0.000000    0.000000   clock network delay (ideal)
                                  0.250000    0.250000   clock uncertainty
                                  0.000000    0.250000   clock reconvergence pessimism
                                              0.250000 ^ _1204_/CLK (sky130_fd_sc_hd__dfrtp_2)
                                 -0.064598    0.185402   library hold time
                                              0.185402   data required time
---------------------------------------------------------------------------------------------
                                              0.185402   data required time
                                             -6.225922   data arrival time
---------------------------------------------------------------------------------------------
                                              6.040520   slack (MET)


Startpoint: _1098_ (rising edge-triggered flip-flop clocked by i_clk)
Endpoint: o_receive_data[0] (output port clocked by i_clk)
Path Group: i_clk
Path Type: min

Fanout         Cap        Slew       Delay        Time   Description
---------------------------------------------------------------------------------------------
                      0.150000    0.000000    0.000000   clock i_clk (rise edge)
                                  0.000000    0.000000   clock network delay (ideal)
                      0.150000    0.000000    0.000000 ^ _1098_/CLK (sky130_fd_sc_hd__dfxtp_2)
     2    0.035205    0.167398    0.752637    0.752637 v _1098_/Q (sky130_fd_sc_hd__dfxtp_2)
                                                         o_receive_data[0] (net)
                      0.167398    0.000000    0.752637 v o_receive_data[0] (out)
                                              0.752637   data arrival time

                      0.150000    0.000000    0.000000   clock i_clk (rise edge)
                                  0.000000    0.000000   clock network delay (ideal)
                                  0.250000    0.250000   clock uncertainty
                                  0.000000    0.250000   clock reconvergence pessimism
                                 -6.000000   -5.750000   output external delay
                                             -5.750000   data required time
---------------------------------------------------------------------------------------------
                                             -5.750000   data required time
                                             -0.752637   data arrival time
---------------------------------------------------------------------------------------------
                                              6.502637   slack (MET)


Startpoint: _1099_ (rising edge-triggered flip-flop clocked by i_clk)
Endpoint: o_receive_data[1] (output port clocked by i_clk)
Path Group: i_clk
Path Type: min

Fanout         Cap        Slew       Delay        Time   Description
---------------------------------------------------------------------------------------------
                      0.150000    0.000000    0.000000   clock i_clk (rise edge)
                                  0.000000    0.000000   clock network delay (ideal)
                      0.150000    0.000000    0.000000 ^ _1099_/CLK (sky130_fd_sc_hd__dfxtp_2)
     2    0.035205    0.167398    0.752637    0.752637 v _1099_/Q (sky130_fd_sc_hd__dfxtp_2)
                                                         o_receive_data[1] (net)
                      0.167398    0.000000    0.752637 v o_receive_data[1] (out)
                                              0.752637   data arrival time

                      0.150000    0.000000    0.000000   clock i_clk (rise edge)
                                  0.000000    0.000000   clock network delay (ideal)
                                  0.250000    0.250000   clock uncertainty
                                  0.000000    0.250000   clock reconvergence pessimism
                                 -6.000000   -5.750000   output external delay
                                             -5.750000   data required time
---------------------------------------------------------------------------------------------
                                             -5.750000   data required time
                                             -0.752637   data arrival time
---------------------------------------------------------------------------------------------
                                              6.502637   slack (MET)


Startpoint: _1100_ (rising edge-triggered flip-flop clocked by i_clk)
Endpoint: o_receive_data[2] (output port clocked by i_clk)
Path Group: i_clk
Path Type: min

Fanout         Cap        Slew       Delay        Time   Description
---------------------------------------------------------------------------------------------
                      0.150000    0.000000    0.000000   clock i_clk (rise edge)
                                  0.000000    0.000000   clock network delay (ideal)
                      0.150000    0.000000    0.000000 ^ _1100_/CLK (sky130_fd_sc_hd__dfxtp_2)
     2    0.035205    0.167398    0.752637    0.752637 v _1100_/Q (sky130_fd_sc_hd__dfxtp_2)
                                                         o_receive_data[2] (net)
                      0.167398    0.000000    0.752637 v o_receive_data[2] (out)
                                              0.752637   data arrival time

                      0.150000    0.000000    0.000000   clock i_clk (rise edge)
                                  0.000000    0.000000   clock network delay (ideal)
                                  0.250000    0.250000   clock uncertainty
                                  0.000000    0.250000   clock reconvergence pessimism
                                 -6.000000   -5.750000   output external delay
                                             -5.750000   data required time
---------------------------------------------------------------------------------------------
                                             -5.750000   data required time
                                             -0.752637   data arrival time
---------------------------------------------------------------------------------------------
                                              6.502637   slack (MET)


Startpoint: _1101_ (rising edge-triggered flip-flop clocked by i_clk)
Endpoint: o_receive_data[3] (output port clocked by i_clk)
Path Group: i_clk
Path Type: min

Fanout         Cap        Slew       Delay        Time   Description
---------------------------------------------------------------------------------------------
                      0.150000    0.000000    0.000000   clock i_clk (rise edge)
                                  0.000000    0.000000   clock network delay (ideal)
                      0.150000    0.000000    0.000000 ^ _1101_/CLK (sky130_fd_sc_hd__dfxtp_2)
     2    0.035205    0.167398    0.752637    0.752637 v _1101_/Q (sky130_fd_sc_hd__dfxtp_2)
                                                         o_receive_data[3] (net)
                      0.167398    0.000000    0.752637 v o_receive_data[3] (out)
                                              0.752637   data arrival time

                      0.150000    0.000000    0.000000   clock i_clk (rise edge)
                                  0.000000    0.000000   clock network delay (ideal)
                                  0.250000    0.250000   clock uncertainty
                                  0.000000    0.250000   clock reconvergence pessimism
                                 -6.000000   -5.750000   output external delay
                                             -5.750000   data required time
---------------------------------------------------------------------------------------------
                                             -5.750000   data required time
                                             -0.752637   data arrival time
---------------------------------------------------------------------------------------------
                                              6.502637   slack (MET)


Startpoint: _1102_ (rising edge-triggered flip-flop clocked by i_clk)
Endpoint: o_receive_data[4] (output port clocked by i_clk)
Path Group: i_clk
Path Type: min

Fanout         Cap        Slew       Delay        Time   Description
---------------------------------------------------------------------------------------------
                      0.150000    0.000000    0.000000   clock i_clk (rise edge)
                                  0.000000    0.000000   clock network delay (ideal)
                      0.150000    0.000000    0.000000 ^ _1102_/CLK (sky130_fd_sc_hd__dfxtp_2)
     2    0.035205    0.167398    0.752637    0.752637 v _1102_/Q (sky130_fd_sc_hd__dfxtp_2)
                                                         o_receive_data[4] (net)
                      0.167398    0.000000    0.752637 v o_receive_data[4] (out)
                                              0.752637   data arrival time

                      0.150000    0.000000    0.000000   clock i_clk (rise edge)
                                  0.000000    0.000000   clock network delay (ideal)
                                  0.250000    0.250000   clock uncertainty
                                  0.000000    0.250000   clock reconvergence pessimism
                                 -6.000000   -5.750000   output external delay
                                             -5.750000   data required time
---------------------------------------------------------------------------------------------
                                             -5.750000   data required time
                                             -0.752637   data arrival time
---------------------------------------------------------------------------------------------
                                              6.502637   slack (MET)


Startpoint: _1103_ (rising edge-triggered flip-flop clocked by i_clk)
Endpoint: o_receive_data[5] (output port clocked by i_clk)
Path Group: i_clk
Path Type: min

Fanout         Cap        Slew       Delay        Time   Description
---------------------------------------------------------------------------------------------
                      0.150000    0.000000    0.000000   clock i_clk (rise edge)
                                  0.000000    0.000000   clock network delay (ideal)
                      0.150000    0.000000    0.000000 ^ _1103_/CLK (sky130_fd_sc_hd__dfxtp_2)
     2    0.035205    0.167398    0.752637    0.752637 v _1103_/Q (sky130_fd_sc_hd__dfxtp_2)
                                                         o_receive_data[5] (net)
                      0.167398    0.000000    0.752637 v o_receive_data[5] (out)
                                              0.752637   data arrival time

                      0.150000    0.000000    0.000000   clock i_clk (rise edge)
                                  0.000000    0.000000   clock network delay (ideal)
                                  0.250000    0.250000   clock uncertainty
                                  0.000000    0.250000   clock reconvergence pessimism
                                 -6.000000   -5.750000   output external delay
                                             -5.750000   data required time
---------------------------------------------------------------------------------------------
                                             -5.750000   data required time
                                             -0.752637   data arrival time
---------------------------------------------------------------------------------------------
                                              6.502637   slack (MET)


Startpoint: _1104_ (rising edge-triggered flip-flop clocked by i_clk)
Endpoint: o_receive_data[6] (output port clocked by i_clk)
Path Group: i_clk
Path Type: min

Fanout         Cap        Slew       Delay        Time   Description
---------------------------------------------------------------------------------------------
                      0.150000    0.000000    0.000000   clock i_clk (rise edge)
                                  0.000000    0.000000   clock network delay (ideal)
                      0.150000    0.000000    0.000000 ^ _1104_/CLK (sky130_fd_sc_hd__dfxtp_2)
     2    0.035205    0.167398    0.752637    0.752637 v _1104_/Q (sky130_fd_sc_hd__dfxtp_2)
                                                         o_receive_data[6] (net)
                      0.167398    0.000000    0.752637 v o_receive_data[6] (out)
                                              0.752637   data arrival time

                      0.150000    0.000000    0.000000   clock i_clk (rise edge)
                                  0.000000    0.000000   clock network delay (ideal)
                                  0.250000    0.250000   clock uncertainty
                                  0.000000    0.250000   clock reconvergence pessimism
                                 -6.000000   -5.750000   output external delay
                                             -5.750000   data required time
---------------------------------------------------------------------------------------------
                                             -5.750000   data required time
                                             -0.752637   data arrival time
---------------------------------------------------------------------------------------------
                                              6.502637   slack (MET)


Startpoint: _1105_ (rising edge-triggered flip-flop clocked by i_clk)
Endpoint: o_receive_data[7] (output port clocked by i_clk)
Path Group: i_clk
Path Type: min

Fanout         Cap        Slew       Delay        Time   Description
---------------------------------------------------------------------------------------------
                      0.150000    0.000000    0.000000   clock i_clk (rise edge)
                                  0.000000    0.000000   clock network delay (ideal)
                      0.150000    0.000000    0.000000 ^ _1105_/CLK (sky130_fd_sc_hd__dfxtp_2)
     2    0.035205    0.167398    0.752637    0.752637 v _1105_/Q (sky130_fd_sc_hd__dfxtp_2)
                                                         o_receive_data[7] (net)
                      0.167398    0.000000    0.752637 v o_receive_data[7] (out)
                                              0.752637   data arrival time

                      0.150000    0.000000    0.000000   clock i_clk (rise edge)
                                  0.000000    0.000000   clock network delay (ideal)
                                  0.250000    0.250000   clock uncertainty
                                  0.000000    0.250000   clock reconvergence pessimism
                                 -6.000000   -5.750000   output external delay
                                             -5.750000   data required time
---------------------------------------------------------------------------------------------
                                             -5.750000   data required time
                                             -0.752637   data arrival time
---------------------------------------------------------------------------------------------
                                              6.502637   slack (MET)


Startpoint: _1077_ (rising edge-triggered flip-flop clocked by i_clk)
Endpoint: o_int_n (output port clocked by i_clk)
Path Group: i_clk
Path Type: min

Fanout         Cap        Slew       Delay        Time   Description
---------------------------------------------------------------------------------------------
                      0.150000    0.000000    0.000000   clock i_clk (rise edge)
                                  0.000000    0.000000   clock network delay (ideal)
                      0.150000    0.000000    0.000000 ^ _1077_/CLK (sky130_fd_sc_hd__dfrtp_2)
     2    0.006176    0.096628    0.741795    0.741795 ^ _1077_/Q (sky130_fd_sc_hd__dfrtp_2)
                                                         u_i2c_master_controller.cntrl_fsm.o_int_out (net)
                      0.096628    0.000000    0.741795 ^ _0540_/A (sky130_fd_sc_hd__inv_2)
     1    0.033442    0.145724    0.161136    0.902931 v _0540_/Y (sky130_fd_sc_hd__inv_2)
                                                         o_int_n (net)
                      0.145724    0.000000    0.902931 v o_int_n (out)
                                              0.902931   data arrival time

                      0.150000    0.000000    0.000000   clock i_clk (rise edge)
                                  0.000000    0.000000   clock network delay (ideal)
                                  0.250000    0.250000   clock uncertainty
                                  0.000000    0.250000   clock reconvergence pessimism
                                 -6.000000   -5.750000   output external delay
                                             -5.750000   data required time
---------------------------------------------------------------------------------------------
                                             -5.750000   data required time
                                             -0.902931   data arrival time
---------------------------------------------------------------------------------------------
                                              6.652930   slack (MET)


Startpoint: _1191_ (rising edge-triggered flip-flop clocked by i_clk)
Endpoint: o_received_data_valid (output port clocked by i_clk)
Path Group: i_clk
Path Type: min

Fanout         Cap        Slew       Delay        Time   Description
---------------------------------------------------------------------------------------------
                      0.150000    0.000000    0.000000   clock i_clk (rise edge)
                                  0.000000    0.000000   clock network delay (ideal)
                      0.150000    0.000000    0.000000 ^ _1191_/CLK (sky130_fd_sc_hd__dfrtp_2)
     1    0.033442    0.281562    0.906297    0.906297 ^ _1191_/Q (sky130_fd_sc_hd__dfrtp_2)
                                                         o_received_data_valid (net)
                      0.281562    0.000000    0.906297 ^ o_received_data_valid (out)
                                              0.906297   data arrival time

                      0.150000    0.000000    0.000000   clock i_clk (rise edge)
                                  0.000000    0.000000   clock network delay (ideal)
                                  0.250000    0.250000   clock uncertainty
                                  0.000000    0.250000   clock reconvergence pessimism
                                 -6.000000   -5.750000   output external delay
                                             -5.750000   data required time
---------------------------------------------------------------------------------------------
                                             -5.750000   data required time
                                             -0.906297   data arrival time
---------------------------------------------------------------------------------------------
                                              6.656297   slack (MET)


Startpoint: _1192_ (rising edge-triggered flip-flop clocked by i_clk)
Endpoint: o_start_ack (output port clocked by i_clk)
Path Group: i_clk
Path Type: min

Fanout         Cap        Slew       Delay        Time   Description
---------------------------------------------------------------------------------------------
                      0.150000    0.000000    0.000000   clock i_clk (rise edge)
                                  0.000000    0.000000   clock network delay (ideal)
                      0.150000    0.000000    0.000000 ^ _1192_/CLK (sky130_fd_sc_hd__dfrtp_2)
     1    0.033442    0.281562    0.906297    0.906297 ^ _1192_/Q (sky130_fd_sc_hd__dfrtp_2)
                                                         o_start_ack (net)
                      0.281562    0.000000    0.906297 ^ o_start_ack (out)
                                              0.906297   data arrival time

                      0.150000    0.000000    0.000000   clock i_clk (rise edge)
                                  0.000000    0.000000   clock network delay (ideal)
                                  0.250000    0.250000   clock uncertainty
                                  0.000000    0.250000   clock reconvergence pessimism
                                 -6.000000   -5.750000   output external delay
                                             -5.750000   data required time
---------------------------------------------------------------------------------------------
                                             -5.750000   data required time
                                             -0.906297   data arrival time
---------------------------------------------------------------------------------------------
                                              6.656297   slack (MET)


Startpoint: _1186_ (rising edge-triggered flip-flop clocked by i_clk)
Endpoint: o_transmit_data_request (output port clocked by i_clk)
Path Group: i_clk
Path Type: min

Fanout         Cap        Slew       Delay        Time   Description
---------------------------------------------------------------------------------------------
                      0.150000    0.000000    0.000000   clock i_clk (rise edge)
                                  0.000000    0.000000   clock network delay (ideal)
                      0.150000    0.000000    0.000000 ^ _1186_/CLK (sky130_fd_sc_hd__dfrtp_2)
     4    0.039903    0.325806    0.940925    0.940925 ^ _1186_/Q (sky130_fd_sc_hd__dfrtp_2)
                                                         o_transmit_data_request (net)
                      0.325806    0.000000    0.940925 ^ o_transmit_data_request (out)
                                              0.940925   data arrival time

                      0.150000    0.000000    0.000000   clock i_clk (rise edge)
                                  0.000000    0.000000   clock network delay (ideal)
                                  0.250000    0.250000   clock uncertainty
                                  0.000000    0.250000   clock reconvergence pessimism
                                 -6.000000   -5.750000   output external delay
                                             -5.750000   data required time
---------------------------------------------------------------------------------------------
                                             -5.750000   data required time
                                             -0.940925   data arrival time
---------------------------------------------------------------------------------------------
                                              6.690925   slack (MET)


Startpoint: _1107_ (rising edge-triggered flip-flop clocked by i_clk)
Endpoint: o_cmd_status_reg[7] (output port clocked by i_clk)
Path Group: i_clk
Path Type: min

Fanout         Cap        Slew       Delay        Time   Description
---------------------------------------------------------------------------------------------
                      0.150000    0.000000    0.000000   clock i_clk (rise edge)
                                  0.000000    0.000000   clock network delay (ideal)
                      0.150000    0.000000    0.000000 ^ _1107_/CLK (sky130_fd_sc_hd__dfrtp_2)
     3    0.004786    0.086636    0.729862    0.729862 ^ _1107_/Q (sky130_fd_sc_hd__dfrtp_2)
                                                         u_i2c_master_controller.cntrl_fsm.cntrl_fsm.o_i2c_busy (net)
                      0.086636    0.000000    0.729862 ^ _1288_/A (sky130_fd_sc_hd__buf_2)
     1    0.033442    0.269977    0.347295    1.077157 ^ _1288_/X (sky130_fd_sc_hd__buf_2)
                                                         o_cmd_status_reg[7] (net)
                      0.269977    0.000000    1.077157 ^ o_cmd_status_reg[7] (out)
                                              1.077157   data arrival time

                      0.150000    0.000000    0.000000   clock i_clk (rise edge)
                                  0.000000    0.000000   clock network delay (ideal)
                                  0.250000    0.250000   clock uncertainty
                                  0.000000    0.250000   clock reconvergence pessimism
                                 -6.000000   -5.750000   output external delay
                                             -5.750000   data required time
---------------------------------------------------------------------------------------------
                                             -5.750000   data required time
                                             -1.077157   data arrival time
---------------------------------------------------------------------------------------------
                                              6.827157   slack (MET)


Startpoint: _1090_ (rising edge-triggered flip-flop clocked by i_clk)
Endpoint: o_cmd_status_reg[2] (output port clocked by i_clk)
Path Group: i_clk
Path Type: min

Fanout         Cap        Slew       Delay        Time   Description
---------------------------------------------------------------------------------------------
                      0.150000    0.000000    0.000000   clock i_clk (rise edge)
                                  0.000000    0.000000   clock network delay (ideal)
                      0.150000    0.000000    0.000000 ^ _1090_/CLK (sky130_fd_sc_hd__dfrtp_2)
     3    0.005820    0.094241    0.739357    0.739357 ^ _1090_/Q (sky130_fd_sc_hd__dfrtp_2)
                                                         u_i2c_master_controller.cntrl_fsm.abort_ack_reg (net)
                      0.094241    0.000000    0.739357 ^ _1283_/A (sky130_fd_sc_hd__buf_2)
     1    0.033442    0.269987    0.350862    1.090219 ^ _1283_/X (sky130_fd_sc_hd__buf_2)
                                                         o_cmd_status_reg[2] (net)
                      0.269987    0.000000    1.090219 ^ o_cmd_status_reg[2] (out)
                                              1.090219   data arrival time

                      0.150000    0.000000    0.000000   clock i_clk (rise edge)
                                  0.000000    0.000000   clock network delay (ideal)
                                  0.250000    0.250000   clock uncertainty
                                  0.000000    0.250000   clock reconvergence pessimism
                                 -6.000000   -5.750000   output external delay
                                             -5.750000   data required time
---------------------------------------------------------------------------------------------
                                             -5.750000   data required time
                                             -1.090219   data arrival time
---------------------------------------------------------------------------------------------
                                              6.840219   slack (MET)


Startpoint: _1091_ (rising edge-triggered flip-flop clocked by i_clk)
Endpoint: o_cmd_status_reg[3] (output port clocked by i_clk)
Path Group: i_clk
Path Type: min

Fanout         Cap        Slew       Delay        Time   Description
---------------------------------------------------------------------------------------------
                      0.150000    0.000000    0.000000   clock i_clk (rise edge)
                                  0.000000    0.000000   clock network delay (ideal)
                      0.150000    0.000000    0.000000 ^ _1091_/CLK (sky130_fd_sc_hd__dfrtp_2)
     3    0.006630    0.099672    0.744904    0.744904 ^ _1091_/Q (sky130_fd_sc_hd__dfrtp_2)
                                                         u_i2c_master_controller.cntrl_fsm.rx_err_reg (net)
                      0.099672    0.000000    0.744904 ^ _1284_/A (sky130_fd_sc_hd__buf_2)
     1    0.033442    0.269994    0.353409    1.098313 ^ _1284_/X (sky130_fd_sc_hd__buf_2)
                                                         o_cmd_status_reg[3] (net)
                      0.269994    0.000000    1.098313 ^ o_cmd_status_reg[3] (out)
                                              1.098313   data arrival time

                      0.150000    0.000000    0.000000   clock i_clk (rise edge)
                                  0.000000    0.000000   clock network delay (ideal)
                                  0.250000    0.250000   clock uncertainty
                                  0.000000    0.250000   clock reconvergence pessimism
                                 -6.000000   -5.750000   output external delay
                                             -5.750000   data required time
---------------------------------------------------------------------------------------------
                                             -5.750000   data required time
                                             -1.098313   data arrival time
---------------------------------------------------------------------------------------------
                                              6.848312   slack (MET)


Startpoint: _1092_ (rising edge-triggered flip-flop clocked by i_clk)
Endpoint: o_cmd_status_reg[4] (output port clocked by i_clk)
Path Group: i_clk
Path Type: min

Fanout         Cap        Slew       Delay        Time   Description
---------------------------------------------------------------------------------------------
                      0.150000    0.000000    0.000000   clock i_clk (rise edge)
                                  0.000000    0.000000   clock network delay (ideal)
                      0.150000    0.000000    0.000000 ^ _1092_/CLK (sky130_fd_sc_hd__dfrtp_2)
     3    0.006659    0.099866    0.745102    0.745102 ^ _1092_/Q (sky130_fd_sc_hd__dfrtp_2)
                                                         u_i2c_master_controller.cntrl_fsm.tx_err_reg (net)
                      0.099866    0.000000    0.745102 ^ _1285_/A (sky130_fd_sc_hd__buf_2)
     1    0.033442    0.269994    0.353500    1.098603 ^ _1285_/X (sky130_fd_sc_hd__buf_2)
                                                         o_cmd_status_reg[4] (net)
                      0.269994    0.000000    1.098603 ^ o_cmd_status_reg[4] (out)
                                              1.098603   data arrival time

                      0.150000    0.000000    0.000000   clock i_clk (rise edge)
                                  0.000000    0.000000   clock network delay (ideal)
                                  0.250000    0.250000   clock uncertainty
                                  0.000000    0.250000   clock reconvergence pessimism
                                 -6.000000   -5.750000   output external delay
                                             -5.750000   data required time
---------------------------------------------------------------------------------------------
                                             -5.750000   data required time
                                             -1.098603   data arrival time
---------------------------------------------------------------------------------------------
                                              6.848602   slack (MET)


Startpoint: _1094_ (rising edge-triggered flip-flop clocked by i_clk)
Endpoint: o_cmd_status_reg[6] (output port clocked by i_clk)
Path Group: i_clk
Path Type: min

Fanout         Cap        Slew       Delay        Time   Description
---------------------------------------------------------------------------------------------
                      0.150000    0.000000    0.000000   clock i_clk (rise edge)
                                  0.000000    0.000000   clock network delay (ideal)
                      0.150000    0.000000    0.000000 ^ _1094_/CLK (sky130_fd_sc_hd__dfrtp_2)
     3    0.006685    0.100040    0.745280    0.745280 ^ _1094_/Q (sky130_fd_sc_hd__dfrtp_2)
                                                         u_i2c_master_controller.cntrl_fsm.tx_done_reg (net)
                      0.100040    0.000000    0.745280 ^ _1287_/A (sky130_fd_sc_hd__buf_2)
     1    0.033442    0.269994    0.353582    1.098862 ^ _1287_/X (sky130_fd_sc_hd__buf_2)
                                                         o_cmd_status_reg[6] (net)
                      0.269994    0.000000    1.098862 ^ o_cmd_status_reg[6] (out)
                                              1.098862   data arrival time

                      0.150000    0.000000    0.000000   clock i_clk (rise edge)
                                  0.000000    0.000000   clock network delay (ideal)
                                  0.250000    0.250000   clock uncertainty
                                  0.000000    0.250000   clock reconvergence pessimism
                                 -6.000000   -5.750000   output external delay
                                             -5.750000   data required time
---------------------------------------------------------------------------------------------
                                             -5.750000   data required time
                                             -1.098862   data arrival time
---------------------------------------------------------------------------------------------
                                              6.848862   slack (MET)


Startpoint: _1093_ (rising edge-triggered flip-flop clocked by i_clk)
Endpoint: o_cmd_status_reg[5] (output port clocked by i_clk)
Path Group: i_clk
Path Type: min

Fanout         Cap        Slew       Delay        Time   Description
---------------------------------------------------------------------------------------------
                      0.150000    0.000000    0.000000   clock i_clk (rise edge)
                                  0.000000    0.000000   clock network delay (ideal)
                      0.150000    0.000000    0.000000 ^ _1093_/CLK (sky130_fd_sc_hd__dfrtp_2)
     3    0.006719    0.100268    0.745513    0.745513 ^ _1093_/Q (sky130_fd_sc_hd__dfrtp_2)
                                                         u_i2c_master_controller.cntrl_fsm.rx_done_reg (net)
                      0.100268    0.000000    0.745513 ^ _1286_/A (sky130_fd_sc_hd__buf_2)
     1    0.033442    0.269995    0.353689    1.099202 ^ _1286_/X (sky130_fd_sc_hd__buf_2)
                                                         o_cmd_status_reg[5] (net)
                      0.269995    0.000000    1.099202 ^ o_cmd_status_reg[5] (out)
                                              1.099202   data arrival time

                      0.150000    0.000000    0.000000   clock i_clk (rise edge)
                                  0.000000    0.000000   clock network delay (ideal)
                                  0.250000    0.250000   clock uncertainty
                                  0.000000    0.250000   clock reconvergence pessimism
                                 -6.000000   -5.750000   output external delay
                                             -5.750000   data required time
---------------------------------------------------------------------------------------------
                                             -5.750000   data required time
                                             -1.099202   data arrival time
---------------------------------------------------------------------------------------------
                                              6.849202   slack (MET)


Startpoint: i_rst_n (input port clocked by i_clk)
Endpoint: _1070_ (removal check against rising-edge clock i_clk)
Path Group: asynchronous
Path Type: min

Fanout         Cap        Slew       Delay        Time   Description
---------------------------------------------------------------------------------------------
                      0.150000    0.000000    0.000000   clock i_clk (rise edge)
                                  0.000000    0.000000   clock network delay (ideal)
                                  6.000000    6.000000 ^ input external delay
   203    0.588853    4.151453    2.931047    8.931047 ^ i_rst_n (in)
                                                         i_rst_n (net)
                      4.151453    0.000000    8.931047 ^ _1070_/RESET_B (sky130_fd_sc_hd__dfrtp_2)
                                              8.931047   data arrival time

                      0.150000    0.000000    0.000000   clock i_clk (rise edge)
                                  0.000000    0.000000   clock network delay (ideal)
                                  0.250000    0.250000   clock uncertainty
                                  0.000000    0.250000   clock reconvergence pessimism
                                              0.250000 ^ _1070_/CLK (sky130_fd_sc_hd__dfrtp_2)
                                  1.820986    2.070986   library removal time
                                              2.070986   data required time
---------------------------------------------------------------------------------------------
                                              2.070986   data required time
                                             -8.931047   data arrival time
---------------------------------------------------------------------------------------------
                                              6.860062   slack (MET)


Startpoint: i_rst_n (input port clocked by i_clk)
Endpoint: _1071_ (removal check against rising-edge clock i_clk)
Path Group: asynchronous
Path Type: min

Fanout         Cap        Slew       Delay        Time   Description
---------------------------------------------------------------------------------------------
                      0.150000    0.000000    0.000000   clock i_clk (rise edge)
                                  0.000000    0.000000   clock network delay (ideal)
                                  6.000000    6.000000 ^ input external delay
   203    0.588853    4.151453    2.931047    8.931047 ^ i_rst_n (in)
                                                         i_rst_n (net)
                      4.151453    0.000000    8.931047 ^ _1071_/RESET_B (sky130_fd_sc_hd__dfrtp_2)
                                              8.931047   data arrival time

                      0.150000    0.000000    0.000000   clock i_clk (rise edge)
                                  0.000000    0.000000   clock network delay (ideal)
                                  0.250000    0.250000   clock uncertainty
                                  0.000000    0.250000   clock reconvergence pessimism
                                              0.250000 ^ _1071_/CLK (sky130_fd_sc_hd__dfrtp_2)
                                  1.820986    2.070986   library removal time
                                              2.070986   data required time
---------------------------------------------------------------------------------------------
                                              2.070986   data required time
                                             -8.931047   data arrival time
---------------------------------------------------------------------------------------------
                                              6.860062   slack (MET)


Startpoint: i_rst_n (input port clocked by i_clk)
Endpoint: _1072_ (removal check against rising-edge clock i_clk)
Path Group: asynchronous
Path Type: min

Fanout         Cap        Slew       Delay        Time   Description
---------------------------------------------------------------------------------------------
                      0.150000    0.000000    0.000000   clock i_clk (rise edge)
                                  0.000000    0.000000   clock network delay (ideal)
                                  6.000000    6.000000 ^ input external delay
   203    0.588853    4.151453    2.931047    8.931047 ^ i_rst_n (in)
                                                         i_rst_n (net)
                      4.151453    0.000000    8.931047 ^ _1072_/RESET_B (sky130_fd_sc_hd__dfrtp_2)
                                              8.931047   data arrival time

                      0.150000    0.000000    0.000000   clock i_clk (rise edge)
                                  0.000000    0.000000   clock network delay (ideal)
                                  0.250000    0.250000   clock uncertainty
                                  0.000000    0.250000   clock reconvergence pessimism
                                              0.250000 ^ _1072_/CLK (sky130_fd_sc_hd__dfrtp_2)
                                  1.820986    2.070986   library removal time
                                              2.070986   data required time
---------------------------------------------------------------------------------------------
                                              2.070986   data required time
                                             -8.931047   data arrival time
---------------------------------------------------------------------------------------------
                                              6.860062   slack (MET)


Startpoint: i_rst_n (input port clocked by i_clk)
Endpoint: _1073_ (removal check against rising-edge clock i_clk)
Path Group: asynchronous
Path Type: min

Fanout         Cap        Slew       Delay        Time   Description
---------------------------------------------------------------------------------------------
                      0.150000    0.000000    0.000000   clock i_clk (rise edge)
                                  0.000000    0.000000   clock network delay (ideal)
                                  6.000000    6.000000 ^ input external delay
   203    0.588853    4.151453    2.931047    8.931047 ^ i_rst_n (in)
                                                         i_rst_n (net)
                      4.151453    0.000000    8.931047 ^ _1073_/RESET_B (sky130_fd_sc_hd__dfrtp_2)
                                              8.931047   data arrival time

                      0.150000    0.000000    0.000000   clock i_clk (rise edge)
                                  0.000000    0.000000   clock network delay (ideal)
                                  0.250000    0.250000   clock uncertainty
                                  0.000000    0.250000   clock reconvergence pessimism
                                              0.250000 ^ _1073_/CLK (sky130_fd_sc_hd__dfrtp_2)
                                  1.820986    2.070986   library removal time
                                              2.070986   data required time
---------------------------------------------------------------------------------------------
                                              2.070986   data required time
                                             -8.931047   data arrival time
---------------------------------------------------------------------------------------------
                                              6.860062   slack (MET)


Startpoint: i_rst_n (input port clocked by i_clk)
Endpoint: _1074_ (removal check against rising-edge clock i_clk)
Path Group: asynchronous
Path Type: min

Fanout         Cap        Slew       Delay        Time   Description
---------------------------------------------------------------------------------------------
                      0.150000    0.000000    0.000000   clock i_clk (rise edge)
                                  0.000000    0.000000   clock network delay (ideal)
                                  6.000000    6.000000 ^ input external delay
   203    0.588853    4.151453    2.931047    8.931047 ^ i_rst_n (in)
                                                         i_rst_n (net)
                      4.151453    0.000000    8.931047 ^ _1074_/RESET_B (sky130_fd_sc_hd__dfrtp_2)
                                              8.931047   data arrival time

                      0.150000    0.000000    0.000000   clock i_clk (rise edge)
                                  0.000000    0.000000   clock network delay (ideal)
                                  0.250000    0.250000   clock uncertainty
                                  0.000000    0.250000   clock reconvergence pessimism
                                              0.250000 ^ _1074_/CLK (sky130_fd_sc_hd__dfrtp_2)
                                  1.820986    2.070986   library removal time
                                              2.070986   data required time
---------------------------------------------------------------------------------------------
                                              2.070986   data required time
                                             -8.931047   data arrival time
---------------------------------------------------------------------------------------------
                                              6.860062   slack (MET)


Startpoint: i_rst_n (input port clocked by i_clk)
Endpoint: _1075_ (removal check against rising-edge clock i_clk)
Path Group: asynchronous
Path Type: min

Fanout         Cap        Slew       Delay        Time   Description
---------------------------------------------------------------------------------------------
                      0.150000    0.000000    0.000000   clock i_clk (rise edge)
                                  0.000000    0.000000   clock network delay (ideal)
                                  6.000000    6.000000 ^ input external delay
   203    0.588853    4.151453    2.931047    8.931047 ^ i_rst_n (in)
                                                         i_rst_n (net)
                      4.151453    0.000000    8.931047 ^ _1075_/RESET_B (sky130_fd_sc_hd__dfrtp_2)
                                              8.931047   data arrival time

                      0.150000    0.000000    0.000000   clock i_clk (rise edge)
                                  0.000000    0.000000   clock network delay (ideal)
                                  0.250000    0.250000   clock uncertainty
                                  0.000000    0.250000   clock reconvergence pessimism
                                              0.250000 ^ _1075_/CLK (sky130_fd_sc_hd__dfrtp_2)
                                  1.820986    2.070986   library removal time
                                              2.070986   data required time
---------------------------------------------------------------------------------------------
                                              2.070986   data required time
                                             -8.931047   data arrival time
---------------------------------------------------------------------------------------------
                                              6.860062   slack (MET)


Startpoint: i_rst_n (input port clocked by i_clk)
Endpoint: _1076_ (removal check against rising-edge clock i_clk)
Path Group: asynchronous
Path Type: min

Fanout         Cap        Slew       Delay        Time   Description
---------------------------------------------------------------------------------------------
                      0.150000    0.000000    0.000000   clock i_clk (rise edge)
                                  0.000000    0.000000   clock network delay (ideal)
                                  6.000000    6.000000 ^ input external delay
   203    0.588853    4.151453    2.931047    8.931047 ^ i_rst_n (in)
                                                         i_rst_n (net)
                      4.151453    0.000000    8.931047 ^ _1076_/RESET_B (sky130_fd_sc_hd__dfrtp_2)
                                              8.931047   data arrival time

                      0.150000    0.000000    0.000000   clock i_clk (rise edge)
                                  0.000000    0.000000   clock network delay (ideal)
                                  0.250000    0.250000   clock uncertainty
                                  0.000000    0.250000   clock reconvergence pessimism
                                              0.250000 ^ _1076_/CLK (sky130_fd_sc_hd__dfrtp_2)
                                  1.820986    2.070986   library removal time
                                              2.070986   data required time
---------------------------------------------------------------------------------------------
                                              2.070986   data required time
                                             -8.931047   data arrival time
---------------------------------------------------------------------------------------------
                                              6.860062   slack (MET)


Startpoint: i_rst_n (input port clocked by i_clk)
Endpoint: _1078_ (removal check against rising-edge clock i_clk)
Path Group: asynchronous
Path Type: min

Fanout         Cap        Slew       Delay        Time   Description
---------------------------------------------------------------------------------------------
                      0.150000    0.000000    0.000000   clock i_clk (rise edge)
                                  0.000000    0.000000   clock network delay (ideal)
                                  6.000000    6.000000 ^ input external delay
   203    0.588853    4.151453    2.931047    8.931047 ^ i_rst_n (in)
                                                         i_rst_n (net)
                      4.151453    0.000000    8.931047 ^ _1078_/RESET_B (sky130_fd_sc_hd__dfrtp_2)
                                              8.931047   data arrival time

                      0.150000    0.000000    0.000000   clock i_clk (rise edge)
                                  0.000000    0.000000   clock network delay (ideal)
                                  0.250000    0.250000   clock uncertainty
                                  0.000000    0.250000   clock reconvergence pessimism
                                              0.250000 ^ _1078_/CLK (sky130_fd_sc_hd__dfrtp_2)
                                  1.820986    2.070986   library removal time
                                              2.070986   data required time
---------------------------------------------------------------------------------------------
                                              2.070986   data required time
                                             -8.931047   data arrival time
---------------------------------------------------------------------------------------------
                                              6.860062   slack (MET)


Startpoint: i_rst_n (input port clocked by i_clk)
Endpoint: _1079_ (removal check against rising-edge clock i_clk)
Path Group: asynchronous
Path Type: min

Fanout         Cap        Slew       Delay        Time   Description
---------------------------------------------------------------------------------------------
                      0.150000    0.000000    0.000000   clock i_clk (rise edge)
                                  0.000000    0.000000   clock network delay (ideal)
                                  6.000000    6.000000 ^ input external delay
   203    0.588853    4.151453    2.931047    8.931047 ^ i_rst_n (in)
                                                         i_rst_n (net)
                      4.151453    0.000000    8.931047 ^ _1079_/RESET_B (sky130_fd_sc_hd__dfrtp_2)
                                              8.931047   data arrival time

                      0.150000    0.000000    0.000000   clock i_clk (rise edge)
                                  0.000000    0.000000   clock network delay (ideal)
                                  0.250000    0.250000   clock uncertainty
                                  0.000000    0.250000   clock reconvergence pessimism
                                              0.250000 ^ _1079_/CLK (sky130_fd_sc_hd__dfrtp_2)
                                  1.820986    2.070986   library removal time
                                              2.070986   data required time
---------------------------------------------------------------------------------------------
                                              2.070986   data required time
                                             -8.931047   data arrival time
---------------------------------------------------------------------------------------------
                                              6.860062   slack (MET)


Startpoint: i_rst_n (input port clocked by i_clk)
Endpoint: _1080_ (removal check against rising-edge clock i_clk)
Path Group: asynchronous
Path Type: min

Fanout         Cap        Slew       Delay        Time   Description
---------------------------------------------------------------------------------------------
                      0.150000    0.000000    0.000000   clock i_clk (rise edge)
                                  0.000000    0.000000   clock network delay (ideal)
                                  6.000000    6.000000 ^ input external delay
   203    0.588853    4.151453    2.931047    8.931047 ^ i_rst_n (in)
                                                         i_rst_n (net)
                      4.151453    0.000000    8.931047 ^ _1080_/RESET_B (sky130_fd_sc_hd__dfrtp_2)
                                              8.931047   data arrival time

                      0.150000    0.000000    0.000000   clock i_clk (rise edge)
                                  0.000000    0.000000   clock network delay (ideal)
                                  0.250000    0.250000   clock uncertainty
                                  0.000000    0.250000   clock reconvergence pessimism
                                              0.250000 ^ _1080_/CLK (sky130_fd_sc_hd__dfrtp_2)
                                  1.820986    2.070986   library removal time
                                              2.070986   data required time
---------------------------------------------------------------------------------------------
                                              2.070986   data required time
                                             -8.931047   data arrival time
---------------------------------------------------------------------------------------------
                                              6.860062   slack (MET)


Startpoint: i_rst_n (input port clocked by i_clk)
Endpoint: _1081_ (removal check against rising-edge clock i_clk)
Path Group: asynchronous
Path Type: min

Fanout         Cap        Slew       Delay        Time   Description
---------------------------------------------------------------------------------------------
                      0.150000    0.000000    0.000000   clock i_clk (rise edge)
                                  0.000000    0.000000   clock network delay (ideal)
                                  6.000000    6.000000 ^ input external delay
   203    0.588853    4.151453    2.931047    8.931047 ^ i_rst_n (in)
                                                         i_rst_n (net)
                      4.151453    0.000000    8.931047 ^ _1081_/RESET_B (sky130_fd_sc_hd__dfrtp_2)
                                              8.931047   data arrival time

                      0.150000    0.000000    0.000000   clock i_clk (rise edge)
                                  0.000000    0.000000   clock network delay (ideal)
                                  0.250000    0.250000   clock uncertainty
                                  0.000000    0.250000   clock reconvergence pessimism
                                              0.250000 ^ _1081_/CLK (sky130_fd_sc_hd__dfrtp_2)
                                  1.820986    2.070986   library removal time
                                              2.070986   data required time
---------------------------------------------------------------------------------------------
                                              2.070986   data required time
                                             -8.931047   data arrival time
---------------------------------------------------------------------------------------------
                                              6.860062   slack (MET)


Startpoint: i_rst_n (input port clocked by i_clk)
Endpoint: _1082_ (removal check against rising-edge clock i_clk)
Path Group: asynchronous
Path Type: min

Fanout         Cap        Slew       Delay        Time   Description
---------------------------------------------------------------------------------------------
                      0.150000    0.000000    0.000000   clock i_clk (rise edge)
                                  0.000000    0.000000   clock network delay (ideal)
                                  6.000000    6.000000 ^ input external delay
   203    0.588853    4.151453    2.931047    8.931047 ^ i_rst_n (in)
                                                         i_rst_n (net)
                      4.151453    0.000000    8.931047 ^ _1082_/RESET_B (sky130_fd_sc_hd__dfrtp_2)
                                              8.931047   data arrival time

                      0.150000    0.000000    0.000000   clock i_clk (rise edge)
                                  0.000000    0.000000   clock network delay (ideal)
                                  0.250000    0.250000   clock uncertainty
                                  0.000000    0.250000   clock reconvergence pessimism
                                              0.250000 ^ _1082_/CLK (sky130_fd_sc_hd__dfrtp_2)
                                  1.820986    2.070986   library removal time
                                              2.070986   data required time
---------------------------------------------------------------------------------------------
                                              2.070986   data required time
                                             -8.931047   data arrival time
---------------------------------------------------------------------------------------------
                                              6.860062   slack (MET)


Startpoint: i_rst_n (input port clocked by i_clk)
Endpoint: _1083_ (removal check against rising-edge clock i_clk)
Path Group: asynchronous
Path Type: min

Fanout         Cap        Slew       Delay        Time   Description
---------------------------------------------------------------------------------------------
                      0.150000    0.000000    0.000000   clock i_clk (rise edge)
                                  0.000000    0.000000   clock network delay (ideal)
                                  6.000000    6.000000 ^ input external delay
   203    0.588853    4.151453    2.931047    8.931047 ^ i_rst_n (in)
                                                         i_rst_n (net)
                      4.151453    0.000000    8.931047 ^ _1083_/RESET_B (sky130_fd_sc_hd__dfrtp_2)
                                              8.931047   data arrival time

                      0.150000    0.000000    0.000000   clock i_clk (rise edge)
                                  0.000000    0.000000   clock network delay (ideal)
                                  0.250000    0.250000   clock uncertainty
                                  0.000000    0.250000   clock reconvergence pessimism
                                              0.250000 ^ _1083_/CLK (sky130_fd_sc_hd__dfrtp_2)
                                  1.820986    2.070986   library removal time
                                              2.070986   data required time
---------------------------------------------------------------------------------------------
                                              2.070986   data required time
                                             -8.931047   data arrival time
---------------------------------------------------------------------------------------------
                                              6.860062   slack (MET)


Startpoint: i_rst_n (input port clocked by i_clk)
Endpoint: _1084_ (removal check against rising-edge clock i_clk)
Path Group: asynchronous
Path Type: min

Fanout         Cap        Slew       Delay        Time   Description
---------------------------------------------------------------------------------------------
                      0.150000    0.000000    0.000000   clock i_clk (rise edge)
                                  0.000000    0.000000   clock network delay (ideal)
                                  6.000000    6.000000 ^ input external delay
   203    0.588853    4.151453    2.931047    8.931047 ^ i_rst_n (in)
                                                         i_rst_n (net)
                      4.151453    0.000000    8.931047 ^ _1084_/RESET_B (sky130_fd_sc_hd__dfrtp_2)
                                              8.931047   data arrival time

                      0.150000    0.000000    0.000000   clock i_clk (rise edge)
                                  0.000000    0.000000   clock network delay (ideal)
                                  0.250000    0.250000   clock uncertainty
                                  0.000000    0.250000   clock reconvergence pessimism
                                              0.250000 ^ _1084_/CLK (sky130_fd_sc_hd__dfrtp_2)
                                  1.820986    2.070986   library removal time
                                              2.070986   data required time
---------------------------------------------------------------------------------------------
                                              2.070986   data required time
                                             -8.931047   data arrival time
---------------------------------------------------------------------------------------------
                                              6.860062   slack (MET)


Startpoint: i_rst_n (input port clocked by i_clk)
Endpoint: _1085_ (removal check against rising-edge clock i_clk)
Path Group: asynchronous
Path Type: min

Fanout         Cap        Slew       Delay        Time   Description
---------------------------------------------------------------------------------------------
                      0.150000    0.000000    0.000000   clock i_clk (rise edge)
                                  0.000000    0.000000   clock network delay (ideal)
                                  6.000000    6.000000 ^ input external delay
   203    0.588853    4.151453    2.931047    8.931047 ^ i_rst_n (in)
                                                         i_rst_n (net)
                      4.151453    0.000000    8.931047 ^ _1085_/RESET_B (sky130_fd_sc_hd__dfrtp_2)
                                              8.931047   data arrival time

                      0.150000    0.000000    0.000000   clock i_clk (rise edge)
                                  0.000000    0.000000   clock network delay (ideal)
                                  0.250000    0.250000   clock uncertainty
                                  0.000000    0.250000   clock reconvergence pessimism
                                              0.250000 ^ _1085_/CLK (sky130_fd_sc_hd__dfrtp_2)
                                  1.820986    2.070986   library removal time
                                              2.070986   data required time
---------------------------------------------------------------------------------------------
                                              2.070986   data required time
                                             -8.931047   data arrival time
---------------------------------------------------------------------------------------------
                                              6.860062   slack (MET)


Startpoint: i_rst_n (input port clocked by i_clk)
Endpoint: _1086_ (removal check against rising-edge clock i_clk)
Path Group: asynchronous
Path Type: min

Fanout         Cap        Slew       Delay        Time   Description
---------------------------------------------------------------------------------------------
                      0.150000    0.000000    0.000000   clock i_clk (rise edge)
                                  0.000000    0.000000   clock network delay (ideal)
                                  6.000000    6.000000 ^ input external delay
   203    0.588853    4.151453    2.931047    8.931047 ^ i_rst_n (in)
                                                         i_rst_n (net)
                      4.151453    0.000000    8.931047 ^ _1086_/RESET_B (sky130_fd_sc_hd__dfrtp_2)
                                              8.931047   data arrival time

                      0.150000    0.000000    0.000000   clock i_clk (rise edge)
                                  0.000000    0.000000   clock network delay (ideal)
                                  0.250000    0.250000   clock uncertainty
                                  0.000000    0.250000   clock reconvergence pessimism
                                              0.250000 ^ _1086_/CLK (sky130_fd_sc_hd__dfrtp_2)
                                  1.820986    2.070986   library removal time
                                              2.070986   data required time
---------------------------------------------------------------------------------------------
                                              2.070986   data required time
                                             -8.931047   data arrival time
---------------------------------------------------------------------------------------------
                                              6.860062   slack (MET)


Startpoint: i_rst_n (input port clocked by i_clk)
Endpoint: _1087_ (removal check against rising-edge clock i_clk)
Path Group: asynchronous
Path Type: min

Fanout         Cap        Slew       Delay        Time   Description
---------------------------------------------------------------------------------------------
                      0.150000    0.000000    0.000000   clock i_clk (rise edge)
                                  0.000000    0.000000   clock network delay (ideal)
                                  6.000000    6.000000 ^ input external delay
   203    0.588853    4.151453    2.931047    8.931047 ^ i_rst_n (in)
                                                         i_rst_n (net)
                      4.151453    0.000000    8.931047 ^ _1087_/RESET_B (sky130_fd_sc_hd__dfrtp_2)
                                              8.931047   data arrival time

                      0.150000    0.000000    0.000000   clock i_clk (rise edge)
                                  0.000000    0.000000   clock network delay (ideal)
                                  0.250000    0.250000   clock uncertainty
                                  0.000000    0.250000   clock reconvergence pessimism
                                              0.250000 ^ _1087_/CLK (sky130_fd_sc_hd__dfrtp_2)
                                  1.820986    2.070986   library removal time
                                              2.070986   data required time
---------------------------------------------------------------------------------------------
                                              2.070986   data required time
                                             -8.931047   data arrival time
---------------------------------------------------------------------------------------------
                                              6.860062   slack (MET)


Startpoint: i_rst_n (input port clocked by i_clk)
Endpoint: _1088_ (removal check against rising-edge clock i_clk)
Path Group: asynchronous
Path Type: min

Fanout         Cap        Slew       Delay        Time   Description
---------------------------------------------------------------------------------------------
                      0.150000    0.000000    0.000000   clock i_clk (rise edge)
                                  0.000000    0.000000   clock network delay (ideal)
                                  6.000000    6.000000 ^ input external delay
   203    0.588853    4.151453    2.931047    8.931047 ^ i_rst_n (in)
                                                         i_rst_n (net)
                      4.151453    0.000000    8.931047 ^ _1088_/RESET_B (sky130_fd_sc_hd__dfrtp_2)
                                              8.931047   data arrival time

                      0.150000    0.000000    0.000000   clock i_clk (rise edge)
                                  0.000000    0.000000   clock network delay (ideal)
                                  0.250000    0.250000   clock uncertainty
                                  0.000000    0.250000   clock reconvergence pessimism
                                              0.250000 ^ _1088_/CLK (sky130_fd_sc_hd__dfrtp_2)
                                  1.820986    2.070986   library removal time
                                              2.070986   data required time
---------------------------------------------------------------------------------------------
                                              2.070986   data required time
                                             -8.931047   data arrival time
---------------------------------------------------------------------------------------------
                                              6.860062   slack (MET)


Startpoint: i_rst_n (input port clocked by i_clk)
Endpoint: _1089_ (removal check against rising-edge clock i_clk)
Path Group: asynchronous
Path Type: min

Fanout         Cap        Slew       Delay        Time   Description
---------------------------------------------------------------------------------------------
                      0.150000    0.000000    0.000000   clock i_clk (rise edge)
                                  0.000000    0.000000   clock network delay (ideal)
                                  6.000000    6.000000 ^ input external delay
   203    0.588853    4.151453    2.931047    8.931047 ^ i_rst_n (in)
                                                         i_rst_n (net)
                      4.151453    0.000000    8.931047 ^ _1089_/RESET_B (sky130_fd_sc_hd__dfrtp_2)
                                              8.931047   data arrival time

                      0.150000    0.000000    0.000000   clock i_clk (rise edge)
                                  0.000000    0.000000   clock network delay (ideal)
                                  0.250000    0.250000   clock uncertainty
                                  0.000000    0.250000   clock reconvergence pessimism
                                              0.250000 ^ _1089_/CLK (sky130_fd_sc_hd__dfrtp_2)
                                  1.820986    2.070986   library removal time
                                              2.070986   data required time
---------------------------------------------------------------------------------------------
                                              2.070986   data required time
                                             -8.931047   data arrival time
---------------------------------------------------------------------------------------------
                                              6.860062   slack (MET)


Startpoint: i_rst_n (input port clocked by i_clk)
Endpoint: _1090_ (removal check against rising-edge clock i_clk)
Path Group: asynchronous
Path Type: min

Fanout         Cap        Slew       Delay        Time   Description
---------------------------------------------------------------------------------------------
                      0.150000    0.000000    0.000000   clock i_clk (rise edge)
                                  0.000000    0.000000   clock network delay (ideal)
                                  6.000000    6.000000 ^ input external delay
   203    0.588853    4.151453    2.931047    8.931047 ^ i_rst_n (in)
                                                         i_rst_n (net)
                      4.151453    0.000000    8.931047 ^ _1090_/RESET_B (sky130_fd_sc_hd__dfrtp_2)
                                              8.931047   data arrival time

                      0.150000    0.000000    0.000000   clock i_clk (rise edge)
                                  0.000000    0.000000   clock network delay (ideal)
                                  0.250000    0.250000   clock uncertainty
                                  0.000000    0.250000   clock reconvergence pessimism
                                              0.250000 ^ _1090_/CLK (sky130_fd_sc_hd__dfrtp_2)
                                  1.820986    2.070986   library removal time
                                              2.070986   data required time
---------------------------------------------------------------------------------------------
                                              2.070986   data required time
                                             -8.931047   data arrival time
---------------------------------------------------------------------------------------------
                                              6.860062   slack (MET)


Startpoint: i_rst_n (input port clocked by i_clk)
Endpoint: _1091_ (removal check against rising-edge clock i_clk)
Path Group: asynchronous
Path Type: min

Fanout         Cap        Slew       Delay        Time   Description
---------------------------------------------------------------------------------------------
                      0.150000    0.000000    0.000000   clock i_clk (rise edge)
                                  0.000000    0.000000   clock network delay (ideal)
                                  6.000000    6.000000 ^ input external delay
   203    0.588853    4.151453    2.931047    8.931047 ^ i_rst_n (in)
                                                         i_rst_n (net)
                      4.151453    0.000000    8.931047 ^ _1091_/RESET_B (sky130_fd_sc_hd__dfrtp_2)
                                              8.931047   data arrival time

                      0.150000    0.000000    0.000000   clock i_clk (rise edge)
                                  0.000000    0.000000   clock network delay (ideal)
                                  0.250000    0.250000   clock uncertainty
                                  0.000000    0.250000   clock reconvergence pessimism
                                              0.250000 ^ _1091_/CLK (sky130_fd_sc_hd__dfrtp_2)
                                  1.820986    2.070986   library removal time
                                              2.070986   data required time
---------------------------------------------------------------------------------------------
                                              2.070986   data required time
                                             -8.931047   data arrival time
---------------------------------------------------------------------------------------------
                                              6.860062   slack (MET)


Startpoint: i_rst_n (input port clocked by i_clk)
Endpoint: _1092_ (removal check against rising-edge clock i_clk)
Path Group: asynchronous
Path Type: min

Fanout         Cap        Slew       Delay        Time   Description
---------------------------------------------------------------------------------------------
                      0.150000    0.000000    0.000000   clock i_clk (rise edge)
                                  0.000000    0.000000   clock network delay (ideal)
                                  6.000000    6.000000 ^ input external delay
   203    0.588853    4.151453    2.931047    8.931047 ^ i_rst_n (in)
                                                         i_rst_n (net)
                      4.151453    0.000000    8.931047 ^ _1092_/RESET_B (sky130_fd_sc_hd__dfrtp_2)
                                              8.931047   data arrival time

                      0.150000    0.000000    0.000000   clock i_clk (rise edge)
                                  0.000000    0.000000   clock network delay (ideal)
                                  0.250000    0.250000   clock uncertainty
                                  0.000000    0.250000   clock reconvergence pessimism
                                              0.250000 ^ _1092_/CLK (sky130_fd_sc_hd__dfrtp_2)
                                  1.820986    2.070986   library removal time
                                              2.070986   data required time
---------------------------------------------------------------------------------------------
                                              2.070986   data required time
                                             -8.931047   data arrival time
---------------------------------------------------------------------------------------------
                                              6.860062   slack (MET)


Startpoint: i_rst_n (input port clocked by i_clk)
Endpoint: _1093_ (removal check against rising-edge clock i_clk)
Path Group: asynchronous
Path Type: min

Fanout         Cap        Slew       Delay        Time   Description
---------------------------------------------------------------------------------------------
                      0.150000    0.000000    0.000000   clock i_clk (rise edge)
                                  0.000000    0.000000   clock network delay (ideal)
                                  6.000000    6.000000 ^ input external delay
   203    0.588853    4.151453    2.931047    8.931047 ^ i_rst_n (in)
                                                         i_rst_n (net)
                      4.151453    0.000000    8.931047 ^ _1093_/RESET_B (sky130_fd_sc_hd__dfrtp_2)
                                              8.931047   data arrival time

                      0.150000    0.000000    0.000000   clock i_clk (rise edge)
                                  0.000000    0.000000   clock network delay (ideal)
                                  0.250000    0.250000   clock uncertainty
                                  0.000000    0.250000   clock reconvergence pessimism
                                              0.250000 ^ _1093_/CLK (sky130_fd_sc_hd__dfrtp_2)
                                  1.820986    2.070986   library removal time
                                              2.070986   data required time
---------------------------------------------------------------------------------------------
                                              2.070986   data required time
                                             -8.931047   data arrival time
---------------------------------------------------------------------------------------------
                                              6.860062   slack (MET)


Startpoint: i_rst_n (input port clocked by i_clk)
Endpoint: _1094_ (removal check against rising-edge clock i_clk)
Path Group: asynchronous
Path Type: min

Fanout         Cap        Slew       Delay        Time   Description
---------------------------------------------------------------------------------------------
                      0.150000    0.000000    0.000000   clock i_clk (rise edge)
                                  0.000000    0.000000   clock network delay (ideal)
                                  6.000000    6.000000 ^ input external delay
   203    0.588853    4.151453    2.931047    8.931047 ^ i_rst_n (in)
                                                         i_rst_n (net)
                      4.151453    0.000000    8.931047 ^ _1094_/RESET_B (sky130_fd_sc_hd__dfrtp_2)
                                              8.931047   data arrival time

                      0.150000    0.000000    0.000000   clock i_clk (rise edge)
                                  0.000000    0.000000   clock network delay (ideal)
                                  0.250000    0.250000   clock uncertainty
                                  0.000000    0.250000   clock reconvergence pessimism
                                              0.250000 ^ _1094_/CLK (sky130_fd_sc_hd__dfrtp_2)
                                  1.820986    2.070986   library removal time
                                              2.070986   data required time
---------------------------------------------------------------------------------------------
                                              2.070986   data required time
                                             -8.931047   data arrival time
---------------------------------------------------------------------------------------------
                                              6.860062   slack (MET)


Startpoint: i_rst_n (input port clocked by i_clk)
Endpoint: _1095_ (removal check against rising-edge clock i_clk)
Path Group: asynchronous
Path Type: min

Fanout         Cap        Slew       Delay        Time   Description
---------------------------------------------------------------------------------------------
                      0.150000    0.000000    0.000000   clock i_clk (rise edge)
                                  0.000000    0.000000   clock network delay (ideal)
                                  6.000000    6.000000 ^ input external delay
   203    0.588853    4.151453    2.931047    8.931047 ^ i_rst_n (in)
                                                         i_rst_n (net)
                      4.151453    0.000000    8.931047 ^ _1095_/RESET_B (sky130_fd_sc_hd__dfrtp_2)
                                              8.931047   data arrival time

                      0.150000    0.000000    0.000000   clock i_clk (rise edge)
                                  0.000000    0.000000   clock network delay (ideal)
                                  0.250000    0.250000   clock uncertainty
                                  0.000000    0.250000   clock reconvergence pessimism
                                              0.250000 ^ _1095_/CLK (sky130_fd_sc_hd__dfrtp_2)
                                  1.820986    2.070986   library removal time
                                              2.070986   data required time
---------------------------------------------------------------------------------------------
                                              2.070986   data required time
                                             -8.931047   data arrival time
---------------------------------------------------------------------------------------------
                                              6.860062   slack (MET)


Startpoint: i_rst_n (input port clocked by i_clk)
Endpoint: _1096_ (removal check against rising-edge clock i_clk)
Path Group: asynchronous
Path Type: min

Fanout         Cap        Slew       Delay        Time   Description
---------------------------------------------------------------------------------------------
                      0.150000    0.000000    0.000000   clock i_clk (rise edge)
                                  0.000000    0.000000   clock network delay (ideal)
                                  6.000000    6.000000 ^ input external delay
   203    0.588853    4.151453    2.931047    8.931047 ^ i_rst_n (in)
                                                         i_rst_n (net)
                      4.151453    0.000000    8.931047 ^ _1096_/RESET_B (sky130_fd_sc_hd__dfrtp_2)
                                              8.931047   data arrival time

                      0.150000    0.000000    0.000000   clock i_clk (rise edge)
                                  0.000000    0.000000   clock network delay (ideal)
                                  0.250000    0.250000   clock uncertainty
                                  0.000000    0.250000   clock reconvergence pessimism
                                              0.250000 ^ _1096_/CLK (sky130_fd_sc_hd__dfrtp_2)
                                  1.820986    2.070986   library removal time
                                              2.070986   data required time
---------------------------------------------------------------------------------------------
                                              2.070986   data required time
                                             -8.931047   data arrival time
---------------------------------------------------------------------------------------------
                                              6.860062   slack (MET)


Startpoint: i_rst_n (input port clocked by i_clk)
Endpoint: _1106_ (removal check against rising-edge clock i_clk)
Path Group: asynchronous
Path Type: min

Fanout         Cap        Slew       Delay        Time   Description
---------------------------------------------------------------------------------------------
                      0.150000    0.000000    0.000000   clock i_clk (rise edge)
                                  0.000000    0.000000   clock network delay (ideal)
                                  6.000000    6.000000 ^ input external delay
   203    0.588853    4.151453    2.931047    8.931047 ^ i_rst_n (in)
                                                         i_rst_n (net)
                      4.151453    0.000000    8.931047 ^ _1106_/RESET_B (sky130_fd_sc_hd__dfrtp_2)
                                              8.931047   data arrival time

                      0.150000    0.000000    0.000000   clock i_clk (rise edge)
                                  0.000000    0.000000   clock network delay (ideal)
                                  0.250000    0.250000   clock uncertainty
                                  0.000000    0.250000   clock reconvergence pessimism
                                              0.250000 ^ _1106_/CLK (sky130_fd_sc_hd__dfrtp_2)
                                  1.820986    2.070986   library removal time
                                              2.070986   data required time
---------------------------------------------------------------------------------------------
                                              2.070986   data required time
                                             -8.931047   data arrival time
---------------------------------------------------------------------------------------------
                                              6.860062   slack (MET)


Startpoint: i_rst_n (input port clocked by i_clk)
Endpoint: _1107_ (removal check against rising-edge clock i_clk)
Path Group: asynchronous
Path Type: min

Fanout         Cap        Slew       Delay        Time   Description
---------------------------------------------------------------------------------------------
                      0.150000    0.000000    0.000000   clock i_clk (rise edge)
                                  0.000000    0.000000   clock network delay (ideal)
                                  6.000000    6.000000 ^ input external delay
   203    0.588853    4.151453    2.931047    8.931047 ^ i_rst_n (in)
                                                         i_rst_n (net)
                      4.151453    0.000000    8.931047 ^ _1107_/RESET_B (sky130_fd_sc_hd__dfrtp_2)
                                              8.931047   data arrival time

                      0.150000    0.000000    0.000000   clock i_clk (rise edge)
                                  0.000000    0.000000   clock network delay (ideal)
                                  0.250000    0.250000   clock uncertainty
                                  0.000000    0.250000   clock reconvergence pessimism
                                              0.250000 ^ _1107_/CLK (sky130_fd_sc_hd__dfrtp_2)
                                  1.820986    2.070986   library removal time
                                              2.070986   data required time
---------------------------------------------------------------------------------------------
                                              2.070986   data required time
                                             -8.931047   data arrival time
---------------------------------------------------------------------------------------------
                                              6.860062   slack (MET)


Startpoint: i_rst_n (input port clocked by i_clk)
Endpoint: _1108_ (removal check against rising-edge clock i_clk)
Path Group: asynchronous
Path Type: min

Fanout         Cap        Slew       Delay        Time   Description
---------------------------------------------------------------------------------------------
                      0.150000    0.000000    0.000000   clock i_clk (rise edge)
                                  0.000000    0.000000   clock network delay (ideal)
                                  6.000000    6.000000 ^ input external delay
   203    0.588853    4.151453    2.931047    8.931047 ^ i_rst_n (in)
                                                         i_rst_n (net)
                      4.151453    0.000000    8.931047 ^ _1108_/RESET_B (sky130_fd_sc_hd__dfrtp_2)
                                              8.931047   data arrival time

                      0.150000    0.000000    0.000000   clock i_clk (rise edge)
                                  0.000000    0.000000   clock network delay (ideal)
                                  0.250000    0.250000   clock uncertainty
                                  0.000000    0.250000   clock reconvergence pessimism
                                              0.250000 ^ _1108_/CLK (sky130_fd_sc_hd__dfrtp_2)
                                  1.820986    2.070986   library removal time
                                              2.070986   data required time
---------------------------------------------------------------------------------------------
                                              2.070986   data required time
                                             -8.931047   data arrival time
---------------------------------------------------------------------------------------------
                                              6.860062   slack (MET)


Startpoint: i_rst_n (input port clocked by i_clk)
Endpoint: _1109_ (removal check against rising-edge clock i_clk)
Path Group: asynchronous
Path Type: min

Fanout         Cap        Slew       Delay        Time   Description
---------------------------------------------------------------------------------------------
                      0.150000    0.000000    0.000000   clock i_clk (rise edge)
                                  0.000000    0.000000   clock network delay (ideal)
                                  6.000000    6.000000 ^ input external delay
   203    0.588853    4.151453    2.931047    8.931047 ^ i_rst_n (in)
                                                         i_rst_n (net)
                      4.151453    0.000000    8.931047 ^ _1109_/RESET_B (sky130_fd_sc_hd__dfrtp_2)
                                              8.931047   data arrival time

                      0.150000    0.000000    0.000000   clock i_clk (rise edge)
                                  0.000000    0.000000   clock network delay (ideal)
                                  0.250000    0.250000   clock uncertainty
                                  0.000000    0.250000   clock reconvergence pessimism
                                              0.250000 ^ _1109_/CLK (sky130_fd_sc_hd__dfrtp_2)
                                  1.820986    2.070986   library removal time
                                              2.070986   data required time
---------------------------------------------------------------------------------------------
                                              2.070986   data required time
                                             -8.931047   data arrival time
---------------------------------------------------------------------------------------------
                                              6.860062   slack (MET)


Startpoint: i_rst_n (input port clocked by i_clk)
Endpoint: _1110_ (removal check against rising-edge clock i_clk)
Path Group: asynchronous
Path Type: min

Fanout         Cap        Slew       Delay        Time   Description
---------------------------------------------------------------------------------------------
                      0.150000    0.000000    0.000000   clock i_clk (rise edge)
                                  0.000000    0.000000   clock network delay (ideal)
                                  6.000000    6.000000 ^ input external delay
   203    0.588853    4.151453    2.931047    8.931047 ^ i_rst_n (in)
                                                         i_rst_n (net)
                      4.151453    0.000000    8.931047 ^ _1110_/RESET_B (sky130_fd_sc_hd__dfrtp_2)
                                              8.931047   data arrival time

                      0.150000    0.000000    0.000000   clock i_clk (rise edge)
                                  0.000000    0.000000   clock network delay (ideal)
                                  0.250000    0.250000   clock uncertainty
                                  0.000000    0.250000   clock reconvergence pessimism
                                              0.250000 ^ _1110_/CLK (sky130_fd_sc_hd__dfrtp_2)
                                  1.820986    2.070986   library removal time
                                              2.070986   data required time
---------------------------------------------------------------------------------------------
                                              2.070986   data required time
                                             -8.931047   data arrival time
---------------------------------------------------------------------------------------------
                                              6.860062   slack (MET)


Startpoint: i_rst_n (input port clocked by i_clk)
Endpoint: _1111_ (removal check against rising-edge clock i_clk)
Path Group: asynchronous
Path Type: min

Fanout         Cap        Slew       Delay        Time   Description
---------------------------------------------------------------------------------------------
                      0.150000    0.000000    0.000000   clock i_clk (rise edge)
                                  0.000000    0.000000   clock network delay (ideal)
                                  6.000000    6.000000 ^ input external delay
   203    0.588853    4.151453    2.931047    8.931047 ^ i_rst_n (in)
                                                         i_rst_n (net)
                      4.151453    0.000000    8.931047 ^ _1111_/RESET_B (sky130_fd_sc_hd__dfrtp_2)
                                              8.931047   data arrival time

                      0.150000    0.000000    0.000000   clock i_clk (rise edge)
                                  0.000000    0.000000   clock network delay (ideal)
                                  0.250000    0.250000   clock uncertainty
                                  0.000000    0.250000   clock reconvergence pessimism
                                              0.250000 ^ _1111_/CLK (sky130_fd_sc_hd__dfrtp_2)
                                  1.820986    2.070986   library removal time
                                              2.070986   data required time
---------------------------------------------------------------------------------------------
                                              2.070986   data required time
                                             -8.931047   data arrival time
---------------------------------------------------------------------------------------------
                                              6.860062   slack (MET)


Startpoint: i_rst_n (input port clocked by i_clk)
Endpoint: _1112_ (removal check against rising-edge clock i_clk)
Path Group: asynchronous
Path Type: min

Fanout         Cap        Slew       Delay        Time   Description
---------------------------------------------------------------------------------------------
                      0.150000    0.000000    0.000000   clock i_clk (rise edge)
                                  0.000000    0.000000   clock network delay (ideal)
                                  6.000000    6.000000 ^ input external delay
   203    0.588853    4.151453    2.931047    8.931047 ^ i_rst_n (in)
                                                         i_rst_n (net)
                      4.151453    0.000000    8.931047 ^ _1112_/RESET_B (sky130_fd_sc_hd__dfrtp_2)
                                              8.931047   data arrival time

                      0.150000    0.000000    0.000000   clock i_clk (rise edge)
                                  0.000000    0.000000   clock network delay (ideal)
                                  0.250000    0.250000   clock uncertainty
                                  0.000000    0.250000   clock reconvergence pessimism
                                              0.250000 ^ _1112_/CLK (sky130_fd_sc_hd__dfrtp_2)
                                  1.820986    2.070986   library removal time
                                              2.070986   data required time
---------------------------------------------------------------------------------------------
                                              2.070986   data required time
                                             -8.931047   data arrival time
---------------------------------------------------------------------------------------------
                                              6.860062   slack (MET)


Startpoint: i_rst_n (input port clocked by i_clk)
Endpoint: _1113_ (removal check against rising-edge clock i_clk)
Path Group: asynchronous
Path Type: min

Fanout         Cap        Slew       Delay        Time   Description
---------------------------------------------------------------------------------------------
                      0.150000    0.000000    0.000000   clock i_clk (rise edge)
                                  0.000000    0.000000   clock network delay (ideal)
                                  6.000000    6.000000 ^ input external delay
   203    0.588853    4.151453    2.931047    8.931047 ^ i_rst_n (in)
                                                         i_rst_n (net)
                      4.151453    0.000000    8.931047 ^ _1113_/RESET_B (sky130_fd_sc_hd__dfrtp_2)
                                              8.931047   data arrival time

                      0.150000    0.000000    0.000000   clock i_clk (rise edge)
                                  0.000000    0.000000   clock network delay (ideal)
                                  0.250000    0.250000   clock uncertainty
                                  0.000000    0.250000   clock reconvergence pessimism
                                              0.250000 ^ _1113_/CLK (sky130_fd_sc_hd__dfrtp_2)
                                  1.820986    2.070986   library removal time
                                              2.070986   data required time
---------------------------------------------------------------------------------------------
                                              2.070986   data required time
                                             -8.931047   data arrival time
---------------------------------------------------------------------------------------------
                                              6.860062   slack (MET)


Startpoint: i_rst_n (input port clocked by i_clk)
Endpoint: _1114_ (removal check against rising-edge clock i_clk)
Path Group: asynchronous
Path Type: min

Fanout         Cap        Slew       Delay        Time   Description
---------------------------------------------------------------------------------------------
                      0.150000    0.000000    0.000000   clock i_clk (rise edge)
                                  0.000000    0.000000   clock network delay (ideal)
                                  6.000000    6.000000 ^ input external delay
   203    0.588853    4.151453    2.931047    8.931047 ^ i_rst_n (in)
                                                         i_rst_n (net)
                      4.151453    0.000000    8.931047 ^ _1114_/RESET_B (sky130_fd_sc_hd__dfrtp_2)
                                              8.931047   data arrival time

                      0.150000    0.000000    0.000000   clock i_clk (rise edge)
                                  0.000000    0.000000   clock network delay (ideal)
                                  0.250000    0.250000   clock uncertainty
                                  0.000000    0.250000   clock reconvergence pessimism
                                              0.250000 ^ _1114_/CLK (sky130_fd_sc_hd__dfrtp_2)
                                  1.820986    2.070986   library removal time
                                              2.070986   data required time
---------------------------------------------------------------------------------------------
                                              2.070986   data required time
                                             -8.931047   data arrival time
---------------------------------------------------------------------------------------------
                                              6.860062   slack (MET)


Startpoint: i_rst_n (input port clocked by i_clk)
Endpoint: _1115_ (removal check against rising-edge clock i_clk)
Path Group: asynchronous
Path Type: min

Fanout         Cap        Slew       Delay        Time   Description
---------------------------------------------------------------------------------------------
                      0.150000    0.000000    0.000000   clock i_clk (rise edge)
                                  0.000000    0.000000   clock network delay (ideal)
                                  6.000000    6.000000 ^ input external delay
   203    0.588853    4.151453    2.931047    8.931047 ^ i_rst_n (in)
                                                         i_rst_n (net)
                      4.151453    0.000000    8.931047 ^ _1115_/RESET_B (sky130_fd_sc_hd__dfrtp_2)
                                              8.931047   data arrival time

                      0.150000    0.000000    0.000000   clock i_clk (rise edge)
                                  0.000000    0.000000   clock network delay (ideal)
                                  0.250000    0.250000   clock uncertainty
                                  0.000000    0.250000   clock reconvergence pessimism
                                              0.250000 ^ _1115_/CLK (sky130_fd_sc_hd__dfrtp_2)
                                  1.820986    2.070986   library removal time
                                              2.070986   data required time
---------------------------------------------------------------------------------------------
                                              2.070986   data required time
                                             -8.931047   data arrival time
---------------------------------------------------------------------------------------------
                                              6.860062   slack (MET)


Startpoint: i_rst_n (input port clocked by i_clk)
Endpoint: _1116_ (removal check against rising-edge clock i_clk)
Path Group: asynchronous
Path Type: min

Fanout         Cap        Slew       Delay        Time   Description
---------------------------------------------------------------------------------------------
                      0.150000    0.000000    0.000000   clock i_clk (rise edge)
                                  0.000000    0.000000   clock network delay (ideal)
                                  6.000000    6.000000 ^ input external delay
   203    0.588853    4.151453    2.931047    8.931047 ^ i_rst_n (in)
                                                         i_rst_n (net)
                      4.151453    0.000000    8.931047 ^ _1116_/RESET_B (sky130_fd_sc_hd__dfrtp_2)
                                              8.931047   data arrival time

                      0.150000    0.000000    0.000000   clock i_clk (rise edge)
                                  0.000000    0.000000   clock network delay (ideal)
                                  0.250000    0.250000   clock uncertainty
                                  0.000000    0.250000   clock reconvergence pessimism
                                              0.250000 ^ _1116_/CLK (sky130_fd_sc_hd__dfrtp_2)
                                  1.820986    2.070986   library removal time
                                              2.070986   data required time
---------------------------------------------------------------------------------------------
                                              2.070986   data required time
                                             -8.931047   data arrival time
---------------------------------------------------------------------------------------------
                                              6.860062   slack (MET)


Startpoint: i_rst_n (input port clocked by i_clk)
Endpoint: _1117_ (removal check against rising-edge clock i_clk)
Path Group: asynchronous
Path Type: min

Fanout         Cap        Slew       Delay        Time   Description
---------------------------------------------------------------------------------------------
                      0.150000    0.000000    0.000000   clock i_clk (rise edge)
                                  0.000000    0.000000   clock network delay (ideal)
                                  6.000000    6.000000 ^ input external delay
   203    0.588853    4.151453    2.931047    8.931047 ^ i_rst_n (in)
                                                         i_rst_n (net)
                      4.151453    0.000000    8.931047 ^ _1117_/RESET_B (sky130_fd_sc_hd__dfrtp_2)
                                              8.931047   data arrival time

                      0.150000    0.000000    0.000000   clock i_clk (rise edge)
                                  0.000000    0.000000   clock network delay (ideal)
                                  0.250000    0.250000   clock uncertainty
                                  0.000000    0.250000   clock reconvergence pessimism
                                              0.250000 ^ _1117_/CLK (sky130_fd_sc_hd__dfrtp_2)
                                  1.820986    2.070986   library removal time
                                              2.070986   data required time
---------------------------------------------------------------------------------------------
                                              2.070986   data required time
                                             -8.931047   data arrival time
---------------------------------------------------------------------------------------------
                                              6.860062   slack (MET)


Startpoint: i_rst_n (input port clocked by i_clk)
Endpoint: _1118_ (removal check against rising-edge clock i_clk)
Path Group: asynchronous
Path Type: min

Fanout         Cap        Slew       Delay        Time   Description
---------------------------------------------------------------------------------------------
                      0.150000    0.000000    0.000000   clock i_clk (rise edge)
                                  0.000000    0.000000   clock network delay (ideal)
                                  6.000000    6.000000 ^ input external delay
   203    0.588853    4.151453    2.931047    8.931047 ^ i_rst_n (in)
                                                         i_rst_n (net)
                      4.151453    0.000000    8.931047 ^ _1118_/RESET_B (sky130_fd_sc_hd__dfrtp_2)
                                              8.931047   data arrival time

                      0.150000    0.000000    0.000000   clock i_clk (rise edge)
                                  0.000000    0.000000   clock network delay (ideal)
                                  0.250000    0.250000   clock uncertainty
                                  0.000000    0.250000   clock reconvergence pessimism
                                              0.250000 ^ _1118_/CLK (sky130_fd_sc_hd__dfrtp_2)
                                  1.820986    2.070986   library removal time
                                              2.070986   data required time
---------------------------------------------------------------------------------------------
                                              2.070986   data required time
                                             -8.931047   data arrival time
---------------------------------------------------------------------------------------------
                                              6.860062   slack (MET)


Startpoint: i_rst_n (input port clocked by i_clk)
Endpoint: _1119_ (removal check against rising-edge clock i_clk)
Path Group: asynchronous
Path Type: min

Fanout         Cap        Slew       Delay        Time   Description
---------------------------------------------------------------------------------------------
                      0.150000    0.000000    0.000000   clock i_clk (rise edge)
                                  0.000000    0.000000   clock network delay (ideal)
                                  6.000000    6.000000 ^ input external delay
   203    0.588853    4.151453    2.931047    8.931047 ^ i_rst_n (in)
                                                         i_rst_n (net)
                      4.151453    0.000000    8.931047 ^ _1119_/RESET_B (sky130_fd_sc_hd__dfrtp_2)
                                              8.931047   data arrival time

                      0.150000    0.000000    0.000000   clock i_clk (rise edge)
                                  0.000000    0.000000   clock network delay (ideal)
                                  0.250000    0.250000   clock uncertainty
                                  0.000000    0.250000   clock reconvergence pessimism
                                              0.250000 ^ _1119_/CLK (sky130_fd_sc_hd__dfrtp_2)
                                  1.820986    2.070986   library removal time
                                              2.070986   data required time
---------------------------------------------------------------------------------------------
                                              2.070986   data required time
                                             -8.931047   data arrival time
---------------------------------------------------------------------------------------------
                                              6.860062   slack (MET)


Startpoint: i_rst_n (input port clocked by i_clk)
Endpoint: _1120_ (removal check against rising-edge clock i_clk)
Path Group: asynchronous
Path Type: min

Fanout         Cap        Slew       Delay        Time   Description
---------------------------------------------------------------------------------------------
                      0.150000    0.000000    0.000000   clock i_clk (rise edge)
                                  0.000000    0.000000   clock network delay (ideal)
                                  6.000000    6.000000 ^ input external delay
   203    0.588853    4.151453    2.931047    8.931047 ^ i_rst_n (in)
                                                         i_rst_n (net)
                      4.151453    0.000000    8.931047 ^ _1120_/RESET_B (sky130_fd_sc_hd__dfrtp_2)
                                              8.931047   data arrival time

                      0.150000    0.000000    0.000000   clock i_clk (rise edge)
                                  0.000000    0.000000   clock network delay (ideal)
                                  0.250000    0.250000   clock uncertainty
                                  0.000000    0.250000   clock reconvergence pessimism
                                              0.250000 ^ _1120_/CLK (sky130_fd_sc_hd__dfrtp_2)
                                  1.820986    2.070986   library removal time
                                              2.070986   data required time
---------------------------------------------------------------------------------------------
                                              2.070986   data required time
                                             -8.931047   data arrival time
---------------------------------------------------------------------------------------------
                                              6.860062   slack (MET)


Startpoint: i_rst_n (input port clocked by i_clk)
Endpoint: _1121_ (removal check against rising-edge clock i_clk)
Path Group: asynchronous
Path Type: min

Fanout         Cap        Slew       Delay        Time   Description
---------------------------------------------------------------------------------------------
                      0.150000    0.000000    0.000000   clock i_clk (rise edge)
                                  0.000000    0.000000   clock network delay (ideal)
                                  6.000000    6.000000 ^ input external delay
   203    0.588853    4.151453    2.931047    8.931047 ^ i_rst_n (in)
                                                         i_rst_n (net)
                      4.151453    0.000000    8.931047 ^ _1121_/RESET_B (sky130_fd_sc_hd__dfrtp_2)
                                              8.931047   data arrival time

                      0.150000    0.000000    0.000000   clock i_clk (rise edge)
                                  0.000000    0.000000   clock network delay (ideal)
                                  0.250000    0.250000   clock uncertainty
                                  0.000000    0.250000   clock reconvergence pessimism
                                              0.250000 ^ _1121_/CLK (sky130_fd_sc_hd__dfrtp_2)
                                  1.820986    2.070986   library removal time
                                              2.070986   data required time
---------------------------------------------------------------------------------------------
                                              2.070986   data required time
                                             -8.931047   data arrival time
---------------------------------------------------------------------------------------------
                                              6.860062   slack (MET)


Startpoint: i_rst_n (input port clocked by i_clk)
Endpoint: _1122_ (removal check against rising-edge clock i_clk)
Path Group: asynchronous
Path Type: min

Fanout         Cap        Slew       Delay        Time   Description
---------------------------------------------------------------------------------------------
                      0.150000    0.000000    0.000000   clock i_clk (rise edge)
                                  0.000000    0.000000   clock network delay (ideal)
                                  6.000000    6.000000 ^ input external delay
   203    0.588853    4.151453    2.931047    8.931047 ^ i_rst_n (in)
                                                         i_rst_n (net)
                      4.151453    0.000000    8.931047 ^ _1122_/RESET_B (sky130_fd_sc_hd__dfrtp_2)
                                              8.931047   data arrival time

                      0.150000    0.000000    0.000000   clock i_clk (rise edge)
                                  0.000000    0.000000   clock network delay (ideal)
                                  0.250000    0.250000   clock uncertainty
                                  0.000000    0.250000   clock reconvergence pessimism
                                              0.250000 ^ _1122_/CLK (sky130_fd_sc_hd__dfrtp_2)
                                  1.820986    2.070986   library removal time
                                              2.070986   data required time
---------------------------------------------------------------------------------------------
                                              2.070986   data required time
                                             -8.931047   data arrival time
---------------------------------------------------------------------------------------------
                                              6.860062   slack (MET)


Startpoint: i_rst_n (input port clocked by i_clk)
Endpoint: _1123_ (removal check against rising-edge clock i_clk)
Path Group: asynchronous
Path Type: min

Fanout         Cap        Slew       Delay        Time   Description
---------------------------------------------------------------------------------------------
                      0.150000    0.000000    0.000000   clock i_clk (rise edge)
                                  0.000000    0.000000   clock network delay (ideal)
                                  6.000000    6.000000 ^ input external delay
   203    0.588853    4.151453    2.931047    8.931047 ^ i_rst_n (in)
                                                         i_rst_n (net)
                      4.151453    0.000000    8.931047 ^ _1123_/RESET_B (sky130_fd_sc_hd__dfrtp_2)
                                              8.931047   data arrival time

                      0.150000    0.000000    0.000000   clock i_clk (rise edge)
                                  0.000000    0.000000   clock network delay (ideal)
                                  0.250000    0.250000   clock uncertainty
                                  0.000000    0.250000   clock reconvergence pessimism
                                              0.250000 ^ _1123_/CLK (sky130_fd_sc_hd__dfrtp_2)
                                  1.820986    2.070986   library removal time
                                              2.070986   data required time
---------------------------------------------------------------------------------------------
                                              2.070986   data required time
                                             -8.931047   data arrival time
---------------------------------------------------------------------------------------------
                                              6.860062   slack (MET)


Startpoint: i_rst_n (input port clocked by i_clk)
Endpoint: _1124_ (removal check against rising-edge clock i_clk)
Path Group: asynchronous
Path Type: min

Fanout         Cap        Slew       Delay        Time   Description
---------------------------------------------------------------------------------------------
                      0.150000    0.000000    0.000000   clock i_clk (rise edge)
                                  0.000000    0.000000   clock network delay (ideal)
                                  6.000000    6.000000 ^ input external delay
   203    0.588853    4.151453    2.931047    8.931047 ^ i_rst_n (in)
                                                         i_rst_n (net)
                      4.151453    0.000000    8.931047 ^ _1124_/RESET_B (sky130_fd_sc_hd__dfrtp_2)
                                              8.931047   data arrival time

                      0.150000    0.000000    0.000000   clock i_clk (rise edge)
                                  0.000000    0.000000   clock network delay (ideal)
                                  0.250000    0.250000   clock uncertainty
                                  0.000000    0.250000   clock reconvergence pessimism
                                              0.250000 ^ _1124_/CLK (sky130_fd_sc_hd__dfrtp_2)
                                  1.820986    2.070986   library removal time
                                              2.070986   data required time
---------------------------------------------------------------------------------------------
                                              2.070986   data required time
                                             -8.931047   data arrival time
---------------------------------------------------------------------------------------------
                                              6.860062   slack (MET)


Startpoint: i_rst_n (input port clocked by i_clk)
Endpoint: _1125_ (removal check against rising-edge clock i_clk)
Path Group: asynchronous
Path Type: min

Fanout         Cap        Slew       Delay        Time   Description
---------------------------------------------------------------------------------------------
                      0.150000    0.000000    0.000000   clock i_clk (rise edge)
                                  0.000000    0.000000   clock network delay (ideal)
                                  6.000000    6.000000 ^ input external delay
   203    0.588853    4.151453    2.931047    8.931047 ^ i_rst_n (in)
                                                         i_rst_n (net)
                      4.151453    0.000000    8.931047 ^ _1125_/RESET_B (sky130_fd_sc_hd__dfrtp_2)
                                              8.931047   data arrival time

                      0.150000    0.000000    0.000000   clock i_clk (rise edge)
                                  0.000000    0.000000   clock network delay (ideal)
                                  0.250000    0.250000   clock uncertainty
                                  0.000000    0.250000   clock reconvergence pessimism
                                              0.250000 ^ _1125_/CLK (sky130_fd_sc_hd__dfrtp_2)
                                  1.820986    2.070986   library removal time
                                              2.070986   data required time
---------------------------------------------------------------------------------------------
                                              2.070986   data required time
                                             -8.931047   data arrival time
---------------------------------------------------------------------------------------------
                                              6.860062   slack (MET)


Startpoint: i_rst_n (input port clocked by i_clk)
Endpoint: _1126_ (removal check against rising-edge clock i_clk)
Path Group: asynchronous
Path Type: min

Fanout         Cap        Slew       Delay        Time   Description
---------------------------------------------------------------------------------------------
                      0.150000    0.000000    0.000000   clock i_clk (rise edge)
                                  0.000000    0.000000   clock network delay (ideal)
                                  6.000000    6.000000 ^ input external delay
   203    0.588853    4.151453    2.931047    8.931047 ^ i_rst_n (in)
                                                         i_rst_n (net)
                      4.151453    0.000000    8.931047 ^ _1126_/RESET_B (sky130_fd_sc_hd__dfrtp_2)
                                              8.931047   data arrival time

                      0.150000    0.000000    0.000000   clock i_clk (rise edge)
                                  0.000000    0.000000   clock network delay (ideal)
                                  0.250000    0.250000   clock uncertainty
                                  0.000000    0.250000   clock reconvergence pessimism
                                              0.250000 ^ _1126_/CLK (sky130_fd_sc_hd__dfrtp_2)
                                  1.820986    2.070986   library removal time
                                              2.070986   data required time
---------------------------------------------------------------------------------------------
                                              2.070986   data required time
                                             -8.931047   data arrival time
---------------------------------------------------------------------------------------------
                                              6.860062   slack (MET)


Startpoint: i_rst_n (input port clocked by i_clk)
Endpoint: _1127_ (removal check against rising-edge clock i_clk)
Path Group: asynchronous
Path Type: min

Fanout         Cap        Slew       Delay        Time   Description
---------------------------------------------------------------------------------------------
                      0.150000    0.000000    0.000000   clock i_clk (rise edge)
                                  0.000000    0.000000   clock network delay (ideal)
                                  6.000000    6.000000 ^ input external delay
   203    0.588853    4.151453    2.931047    8.931047 ^ i_rst_n (in)
                                                         i_rst_n (net)
                      4.151453    0.000000    8.931047 ^ _1127_/RESET_B (sky130_fd_sc_hd__dfrtp_2)
                                              8.931047   data arrival time

                      0.150000    0.000000    0.000000   clock i_clk (rise edge)
                                  0.000000    0.000000   clock network delay (ideal)
                                  0.250000    0.250000   clock uncertainty
                                  0.000000    0.250000   clock reconvergence pessimism
                                              0.250000 ^ _1127_/CLK (sky130_fd_sc_hd__dfrtp_2)
                                  1.820986    2.070986   library removal time
                                              2.070986   data required time
---------------------------------------------------------------------------------------------
                                              2.070986   data required time
                                             -8.931047   data arrival time
---------------------------------------------------------------------------------------------
                                              6.860062   slack (MET)


Startpoint: i_rst_n (input port clocked by i_clk)
Endpoint: _1128_ (removal check against rising-edge clock i_clk)
Path Group: asynchronous
Path Type: min

Fanout         Cap        Slew       Delay        Time   Description
---------------------------------------------------------------------------------------------
                      0.150000    0.000000    0.000000   clock i_clk (rise edge)
                                  0.000000    0.000000   clock network delay (ideal)
                                  6.000000    6.000000 ^ input external delay
   203    0.588853    4.151453    2.931047    8.931047 ^ i_rst_n (in)
                                                         i_rst_n (net)
                      4.151453    0.000000    8.931047 ^ _1128_/RESET_B (sky130_fd_sc_hd__dfrtp_2)
                                              8.931047   data arrival time

                      0.150000    0.000000    0.000000   clock i_clk (rise edge)
                                  0.000000    0.000000   clock network delay (ideal)
                                  0.250000    0.250000   clock uncertainty
                                  0.000000    0.250000   clock reconvergence pessimism
                                              0.250000 ^ _1128_/CLK (sky130_fd_sc_hd__dfrtp_2)
                                  1.820986    2.070986   library removal time
                                              2.070986   data required time
---------------------------------------------------------------------------------------------
                                              2.070986   data required time
                                             -8.931047   data arrival time
---------------------------------------------------------------------------------------------
                                              6.860062   slack (MET)


Startpoint: i_rst_n (input port clocked by i_clk)
Endpoint: _1160_ (removal check against rising-edge clock i_clk)
Path Group: asynchronous
Path Type: min

Fanout         Cap        Slew       Delay        Time   Description
---------------------------------------------------------------------------------------------
                      0.150000    0.000000    0.000000   clock i_clk (rise edge)
                                  0.000000    0.000000   clock network delay (ideal)
                                  6.000000    6.000000 ^ input external delay
   203    0.588853    4.151453    2.931047    8.931047 ^ i_rst_n (in)
                                                         i_rst_n (net)
                      4.151453    0.000000    8.931047 ^ _1160_/RESET_B (sky130_fd_sc_hd__dfrtp_2)
                                              8.931047   data arrival time

                      0.150000    0.000000    0.000000   clock i_clk (rise edge)
                                  0.000000    0.000000   clock network delay (ideal)
                                  0.250000    0.250000   clock uncertainty
                                  0.000000    0.250000   clock reconvergence pessimism
                                              0.250000 ^ _1160_/CLK (sky130_fd_sc_hd__dfrtp_2)
                                  1.820986    2.070986   library removal time
                                              2.070986   data required time
---------------------------------------------------------------------------------------------
                                              2.070986   data required time
                                             -8.931047   data arrival time
---------------------------------------------------------------------------------------------
                                              6.860062   slack (MET)


Startpoint: i_rst_n (input port clocked by i_clk)
Endpoint: _1161_ (removal check against rising-edge clock i_clk)
Path Group: asynchronous
Path Type: min

Fanout         Cap        Slew       Delay        Time   Description
---------------------------------------------------------------------------------------------
                      0.150000    0.000000    0.000000   clock i_clk (rise edge)
                                  0.000000    0.000000   clock network delay (ideal)
                                  6.000000    6.000000 ^ input external delay
   203    0.588853    4.151453    2.931047    8.931047 ^ i_rst_n (in)
                                                         i_rst_n (net)
                      4.151453    0.000000    8.931047 ^ _1161_/RESET_B (sky130_fd_sc_hd__dfrtp_2)
                                              8.931047   data arrival time

                      0.150000    0.000000    0.000000   clock i_clk (rise edge)
                                  0.000000    0.000000   clock network delay (ideal)
                                  0.250000    0.250000   clock uncertainty
                                  0.000000    0.250000   clock reconvergence pessimism
                                              0.250000 ^ _1161_/CLK (sky130_fd_sc_hd__dfrtp_2)
                                  1.820986    2.070986   library removal time
                                              2.070986   data required time
---------------------------------------------------------------------------------------------
                                              2.070986   data required time
                                             -8.931047   data arrival time
---------------------------------------------------------------------------------------------
                                              6.860062   slack (MET)


Startpoint: i_rst_n (input port clocked by i_clk)
Endpoint: _1162_ (removal check against rising-edge clock i_clk)
Path Group: asynchronous
Path Type: min

Fanout         Cap        Slew       Delay        Time   Description
---------------------------------------------------------------------------------------------
                      0.150000    0.000000    0.000000   clock i_clk (rise edge)
                                  0.000000    0.000000   clock network delay (ideal)
                                  6.000000    6.000000 ^ input external delay
   203    0.588853    4.151453    2.931047    8.931047 ^ i_rst_n (in)
                                                         i_rst_n (net)
                      4.151453    0.000000    8.931047 ^ _1162_/RESET_B (sky130_fd_sc_hd__dfrtp_2)
                                              8.931047   data arrival time

                      0.150000    0.000000    0.000000   clock i_clk (rise edge)
                                  0.000000    0.000000   clock network delay (ideal)
                                  0.250000    0.250000   clock uncertainty
                                  0.000000    0.250000   clock reconvergence pessimism
                                              0.250000 ^ _1162_/CLK (sky130_fd_sc_hd__dfrtp_2)
                                  1.820986    2.070986   library removal time
                                              2.070986   data required time
---------------------------------------------------------------------------------------------
                                              2.070986   data required time
                                             -8.931047   data arrival time
---------------------------------------------------------------------------------------------
                                              6.860062   slack (MET)


Startpoint: i_rst_n (input port clocked by i_clk)
Endpoint: _1163_ (removal check against rising-edge clock i_clk)
Path Group: asynchronous
Path Type: min

Fanout         Cap        Slew       Delay        Time   Description
---------------------------------------------------------------------------------------------
                      0.150000    0.000000    0.000000   clock i_clk (rise edge)
                                  0.000000    0.000000   clock network delay (ideal)
                                  6.000000    6.000000 ^ input external delay
   203    0.588853    4.151453    2.931047    8.931047 ^ i_rst_n (in)
                                                         i_rst_n (net)
                      4.151453    0.000000    8.931047 ^ _1163_/RESET_B (sky130_fd_sc_hd__dfrtp_2)
                                              8.931047   data arrival time

                      0.150000    0.000000    0.000000   clock i_clk (rise edge)
                                  0.000000    0.000000   clock network delay (ideal)
                                  0.250000    0.250000   clock uncertainty
                                  0.000000    0.250000   clock reconvergence pessimism
                                              0.250000 ^ _1163_/CLK (sky130_fd_sc_hd__dfrtp_2)
                                  1.820986    2.070986   library removal time
                                              2.070986   data required time
---------------------------------------------------------------------------------------------
                                              2.070986   data required time
                                             -8.931047   data arrival time
---------------------------------------------------------------------------------------------
                                              6.860062   slack (MET)


Startpoint: i_rst_n (input port clocked by i_clk)
Endpoint: _1164_ (removal check against rising-edge clock i_clk)
Path Group: asynchronous
Path Type: min

Fanout         Cap        Slew       Delay        Time   Description
---------------------------------------------------------------------------------------------
                      0.150000    0.000000    0.000000   clock i_clk (rise edge)
                                  0.000000    0.000000   clock network delay (ideal)
                                  6.000000    6.000000 ^ input external delay
   203    0.588853    4.151453    2.931047    8.931047 ^ i_rst_n (in)
                                                         i_rst_n (net)
                      4.151453    0.000000    8.931047 ^ _1164_/RESET_B (sky130_fd_sc_hd__dfrtp_2)
                                              8.931047   data arrival time

                      0.150000    0.000000    0.000000   clock i_clk (rise edge)
                                  0.000000    0.000000   clock network delay (ideal)
                                  0.250000    0.250000   clock uncertainty
                                  0.000000    0.250000   clock reconvergence pessimism
                                              0.250000 ^ _1164_/CLK (sky130_fd_sc_hd__dfrtp_2)
                                  1.820986    2.070986   library removal time
                                              2.070986   data required time
---------------------------------------------------------------------------------------------
                                              2.070986   data required time
                                             -8.931047   data arrival time
---------------------------------------------------------------------------------------------
                                              6.860062   slack (MET)


Startpoint: i_rst_n (input port clocked by i_clk)
Endpoint: _1165_ (removal check against rising-edge clock i_clk)
Path Group: asynchronous
Path Type: min

Fanout         Cap        Slew       Delay        Time   Description
---------------------------------------------------------------------------------------------
                      0.150000    0.000000    0.000000   clock i_clk (rise edge)
                                  0.000000    0.000000   clock network delay (ideal)
                                  6.000000    6.000000 ^ input external delay
   203    0.588853    4.151453    2.931047    8.931047 ^ i_rst_n (in)
                                                         i_rst_n (net)
                      4.151453    0.000000    8.931047 ^ _1165_/RESET_B (sky130_fd_sc_hd__dfrtp_2)
                                              8.931047   data arrival time

                      0.150000    0.000000    0.000000   clock i_clk (rise edge)
                                  0.000000    0.000000   clock network delay (ideal)
                                  0.250000    0.250000   clock uncertainty
                                  0.000000    0.250000   clock reconvergence pessimism
                                              0.250000 ^ _1165_/CLK (sky130_fd_sc_hd__dfrtp_2)
                                  1.820986    2.070986   library removal time
                                              2.070986   data required time
---------------------------------------------------------------------------------------------
                                              2.070986   data required time
                                             -8.931047   data arrival time
---------------------------------------------------------------------------------------------
                                              6.860062   slack (MET)


Startpoint: i_rst_n (input port clocked by i_clk)
Endpoint: _1166_ (removal check against rising-edge clock i_clk)
Path Group: asynchronous
Path Type: min

Fanout         Cap        Slew       Delay        Time   Description
---------------------------------------------------------------------------------------------
                      0.150000    0.000000    0.000000   clock i_clk (rise edge)
                                  0.000000    0.000000   clock network delay (ideal)
                                  6.000000    6.000000 ^ input external delay
   203    0.588853    4.151453    2.931047    8.931047 ^ i_rst_n (in)
                                                         i_rst_n (net)
                      4.151453    0.000000    8.931047 ^ _1166_/RESET_B (sky130_fd_sc_hd__dfrtp_2)
                                              8.931047   data arrival time

                      0.150000    0.000000    0.000000   clock i_clk (rise edge)
                                  0.000000    0.000000   clock network delay (ideal)
                                  0.250000    0.250000   clock uncertainty
                                  0.000000    0.250000   clock reconvergence pessimism
                                              0.250000 ^ _1166_/CLK (sky130_fd_sc_hd__dfrtp_2)
                                  1.820986    2.070986   library removal time
                                              2.070986   data required time
---------------------------------------------------------------------------------------------
                                              2.070986   data required time
                                             -8.931047   data arrival time
---------------------------------------------------------------------------------------------
                                              6.860062   slack (MET)


Startpoint: i_rst_n (input port clocked by i_clk)
Endpoint: _1167_ (removal check against rising-edge clock i_clk)
Path Group: asynchronous
Path Type: min

Fanout         Cap        Slew       Delay        Time   Description
---------------------------------------------------------------------------------------------
                      0.150000    0.000000    0.000000   clock i_clk (rise edge)
                                  0.000000    0.000000   clock network delay (ideal)
                                  6.000000    6.000000 ^ input external delay
   203    0.588853    4.151453    2.931047    8.931047 ^ i_rst_n (in)
                                                         i_rst_n (net)
                      4.151453    0.000000    8.931047 ^ _1167_/RESET_B (sky130_fd_sc_hd__dfrtp_2)
                                              8.931047   data arrival time

                      0.150000    0.000000    0.000000   clock i_clk (rise edge)
                                  0.000000    0.000000   clock network delay (ideal)
                                  0.250000    0.250000   clock uncertainty
                                  0.000000    0.250000   clock reconvergence pessimism
                                              0.250000 ^ _1167_/CLK (sky130_fd_sc_hd__dfrtp_2)
                                  1.820986    2.070986   library removal time
                                              2.070986   data required time
---------------------------------------------------------------------------------------------
                                              2.070986   data required time
                                             -8.931047   data arrival time
---------------------------------------------------------------------------------------------
                                              6.860062   slack (MET)


Startpoint: i_rst_n (input port clocked by i_clk)
Endpoint: _1168_ (removal check against rising-edge clock i_clk)
Path Group: asynchronous
Path Type: min

Fanout         Cap        Slew       Delay        Time   Description
---------------------------------------------------------------------------------------------
                      0.150000    0.000000    0.000000   clock i_clk (rise edge)
                                  0.000000    0.000000   clock network delay (ideal)
                                  6.000000    6.000000 ^ input external delay
   203    0.588853    4.151453    2.931047    8.931047 ^ i_rst_n (in)
                                                         i_rst_n (net)
                      4.151453    0.000000    8.931047 ^ _1168_/RESET_B (sky130_fd_sc_hd__dfrtp_2)
                                              8.931047   data arrival time

                      0.150000    0.000000    0.000000   clock i_clk (rise edge)
                                  0.000000    0.000000   clock network delay (ideal)
                                  0.250000    0.250000   clock uncertainty
                                  0.000000    0.250000   clock reconvergence pessimism
                                              0.250000 ^ _1168_/CLK (sky130_fd_sc_hd__dfrtp_2)
                                  1.820986    2.070986   library removal time
                                              2.070986   data required time
---------------------------------------------------------------------------------------------
                                              2.070986   data required time
                                             -8.931047   data arrival time
---------------------------------------------------------------------------------------------
                                              6.860062   slack (MET)


Startpoint: i_rst_n (input port clocked by i_clk)
Endpoint: _1170_ (removal check against rising-edge clock i_clk)
Path Group: asynchronous
Path Type: min

Fanout         Cap        Slew       Delay        Time   Description
---------------------------------------------------------------------------------------------
                      0.150000    0.000000    0.000000   clock i_clk (rise edge)
                                  0.000000    0.000000   clock network delay (ideal)
                                  6.000000    6.000000 ^ input external delay
   203    0.588853    4.151453    2.931047    8.931047 ^ i_rst_n (in)
                                                         i_rst_n (net)
                      4.151453    0.000000    8.931047 ^ _1170_/RESET_B (sky130_fd_sc_hd__dfrtp_2)
                                              8.931047   data arrival time

                      0.150000    0.000000    0.000000   clock i_clk (rise edge)
                                  0.000000    0.000000   clock network delay (ideal)
                                  0.250000    0.250000   clock uncertainty
                                  0.000000    0.250000   clock reconvergence pessimism
                                              0.250000 ^ _1170_/CLK (sky130_fd_sc_hd__dfrtp_2)
                                  1.820986    2.070986   library removal time
                                              2.070986   data required time
---------------------------------------------------------------------------------------------
                                              2.070986   data required time
                                             -8.931047   data arrival time
---------------------------------------------------------------------------------------------
                                              6.860062   slack (MET)


Startpoint: i_rst_n (input port clocked by i_clk)
Endpoint: _1172_ (removal check against rising-edge clock i_clk)
Path Group: asynchronous
Path Type: min

Fanout         Cap        Slew       Delay        Time   Description
---------------------------------------------------------------------------------------------
                      0.150000    0.000000    0.000000   clock i_clk (rise edge)
                                  0.000000    0.000000   clock network delay (ideal)
                                  6.000000    6.000000 ^ input external delay
   203    0.588853    4.151453    2.931047    8.931047 ^ i_rst_n (in)
                                                         i_rst_n (net)
                      4.151453    0.000000    8.931047 ^ _1172_/RESET_B (sky130_fd_sc_hd__dfrtp_2)
                                              8.931047   data arrival time

                      0.150000    0.000000    0.000000   clock i_clk (rise edge)
                                  0.000000    0.000000   clock network delay (ideal)
                                  0.250000    0.250000   clock uncertainty
                                  0.000000    0.250000   clock reconvergence pessimism
                                              0.250000 ^ _1172_/CLK (sky130_fd_sc_hd__dfrtp_2)
                                  1.820986    2.070986   library removal time
                                              2.070986   data required time
---------------------------------------------------------------------------------------------
                                              2.070986   data required time
                                             -8.931047   data arrival time
---------------------------------------------------------------------------------------------
                                              6.860062   slack (MET)


Startpoint: i_rst_n (input port clocked by i_clk)
Endpoint: _1173_ (removal check against rising-edge clock i_clk)
Path Group: asynchronous
Path Type: min

Fanout         Cap        Slew       Delay        Time   Description
---------------------------------------------------------------------------------------------
                      0.150000    0.000000    0.000000   clock i_clk (rise edge)
                                  0.000000    0.000000   clock network delay (ideal)
                                  6.000000    6.000000 ^ input external delay
   203    0.588853    4.151453    2.931047    8.931047 ^ i_rst_n (in)
                                                         i_rst_n (net)
                      4.151453    0.000000    8.931047 ^ _1173_/RESET_B (sky130_fd_sc_hd__dfrtp_2)
                                              8.931047   data arrival time

                      0.150000    0.000000    0.000000   clock i_clk (rise edge)
                                  0.000000    0.000000   clock network delay (ideal)
                                  0.250000    0.250000   clock uncertainty
                                  0.000000    0.250000   clock reconvergence pessimism
                                              0.250000 ^ _1173_/CLK (sky130_fd_sc_hd__dfrtp_2)
                                  1.820986    2.070986   library removal time
                                              2.070986   data required time
---------------------------------------------------------------------------------------------
                                              2.070986   data required time
                                             -8.931047   data arrival time
---------------------------------------------------------------------------------------------
                                              6.860062   slack (MET)


Startpoint: i_rst_n (input port clocked by i_clk)
Endpoint: _1174_ (removal check against rising-edge clock i_clk)
Path Group: asynchronous
Path Type: min

Fanout         Cap        Slew       Delay        Time   Description
---------------------------------------------------------------------------------------------
                      0.150000    0.000000    0.000000   clock i_clk (rise edge)
                                  0.000000    0.000000   clock network delay (ideal)
                                  6.000000    6.000000 ^ input external delay
   203    0.588853    4.151453    2.931047    8.931047 ^ i_rst_n (in)
                                                         i_rst_n (net)
                      4.151453    0.000000    8.931047 ^ _1174_/RESET_B (sky130_fd_sc_hd__dfrtp_2)
                                              8.931047   data arrival time

                      0.150000    0.000000    0.000000   clock i_clk (rise edge)
                                  0.000000    0.000000   clock network delay (ideal)
                                  0.250000    0.250000   clock uncertainty
                                  0.000000    0.250000   clock reconvergence pessimism
                                              0.250000 ^ _1174_/CLK (sky130_fd_sc_hd__dfrtp_2)
                                  1.820986    2.070986   library removal time
                                              2.070986   data required time
---------------------------------------------------------------------------------------------
                                              2.070986   data required time
                                             -8.931047   data arrival time
---------------------------------------------------------------------------------------------
                                              6.860062   slack (MET)


Startpoint: i_rst_n (input port clocked by i_clk)
Endpoint: _1175_ (removal check against rising-edge clock i_clk)
Path Group: asynchronous
Path Type: min

Fanout         Cap        Slew       Delay        Time   Description
---------------------------------------------------------------------------------------------
                      0.150000    0.000000    0.000000   clock i_clk (rise edge)
                                  0.000000    0.000000   clock network delay (ideal)
                                  6.000000    6.000000 ^ input external delay
   203    0.588853    4.151453    2.931047    8.931047 ^ i_rst_n (in)
                                                         i_rst_n (net)
                      4.151453    0.000000    8.931047 ^ _1175_/RESET_B (sky130_fd_sc_hd__dfrtp_2)
                                              8.931047   data arrival time

                      0.150000    0.000000    0.000000   clock i_clk (rise edge)
                                  0.000000    0.000000   clock network delay (ideal)
                                  0.250000    0.250000   clock uncertainty
                                  0.000000    0.250000   clock reconvergence pessimism
                                              0.250000 ^ _1175_/CLK (sky130_fd_sc_hd__dfrtp_2)
                                  1.820986    2.070986   library removal time
                                              2.070986   data required time
---------------------------------------------------------------------------------------------
                                              2.070986   data required time
                                             -8.931047   data arrival time
---------------------------------------------------------------------------------------------
                                              6.860062   slack (MET)


Startpoint: i_rst_n (input port clocked by i_clk)
Endpoint: _1176_ (removal check against rising-edge clock i_clk)
Path Group: asynchronous
Path Type: min

Fanout         Cap        Slew       Delay        Time   Description
---------------------------------------------------------------------------------------------
                      0.150000    0.000000    0.000000   clock i_clk (rise edge)
                                  0.000000    0.000000   clock network delay (ideal)
                                  6.000000    6.000000 ^ input external delay
   203    0.588853    4.151453    2.931047    8.931047 ^ i_rst_n (in)
                                                         i_rst_n (net)
                      4.151453    0.000000    8.931047 ^ _1176_/RESET_B (sky130_fd_sc_hd__dfrtp_2)
                                              8.931047   data arrival time

                      0.150000    0.000000    0.000000   clock i_clk (rise edge)
                                  0.000000    0.000000   clock network delay (ideal)
                                  0.250000    0.250000   clock uncertainty
                                  0.000000    0.250000   clock reconvergence pessimism
                                              0.250000 ^ _1176_/CLK (sky130_fd_sc_hd__dfrtp_2)
                                  1.820986    2.070986   library removal time
                                              2.070986   data required time
---------------------------------------------------------------------------------------------
                                              2.070986   data required time
                                             -8.931047   data arrival time
---------------------------------------------------------------------------------------------
                                              6.860062   slack (MET)


Startpoint: i_rst_n (input port clocked by i_clk)
Endpoint: _1177_ (removal check against rising-edge clock i_clk)
Path Group: asynchronous
Path Type: min

Fanout         Cap        Slew       Delay        Time   Description
---------------------------------------------------------------------------------------------
                      0.150000    0.000000    0.000000   clock i_clk (rise edge)
                                  0.000000    0.000000   clock network delay (ideal)
                                  6.000000    6.000000 ^ input external delay
   203    0.588853    4.151453    2.931047    8.931047 ^ i_rst_n (in)
                                                         i_rst_n (net)
                      4.151453    0.000000    8.931047 ^ _1177_/RESET_B (sky130_fd_sc_hd__dfrtp_2)
                                              8.931047   data arrival time

                      0.150000    0.000000    0.000000   clock i_clk (rise edge)
                                  0.000000    0.000000   clock network delay (ideal)
                                  0.250000    0.250000   clock uncertainty
                                  0.000000    0.250000   clock reconvergence pessimism
                                              0.250000 ^ _1177_/CLK (sky130_fd_sc_hd__dfrtp_2)
                                  1.820986    2.070986   library removal time
                                              2.070986   data required time
---------------------------------------------------------------------------------------------
                                              2.070986   data required time
                                             -8.931047   data arrival time
---------------------------------------------------------------------------------------------
                                              6.860062   slack (MET)


Startpoint: i_rst_n (input port clocked by i_clk)
Endpoint: _1178_ (removal check against rising-edge clock i_clk)
Path Group: asynchronous
Path Type: min

Fanout         Cap        Slew       Delay        Time   Description
---------------------------------------------------------------------------------------------
                      0.150000    0.000000    0.000000   clock i_clk (rise edge)
                                  0.000000    0.000000   clock network delay (ideal)
                                  6.000000    6.000000 ^ input external delay
   203    0.588853    4.151453    2.931047    8.931047 ^ i_rst_n (in)
                                                         i_rst_n (net)
                      4.151453    0.000000    8.931047 ^ _1178_/RESET_B (sky130_fd_sc_hd__dfrtp_2)
                                              8.931047   data arrival time

                      0.150000    0.000000    0.000000   clock i_clk (rise edge)
                                  0.000000    0.000000   clock network delay (ideal)
                                  0.250000    0.250000   clock uncertainty
                                  0.000000    0.250000   clock reconvergence pessimism
                                              0.250000 ^ _1178_/CLK (sky130_fd_sc_hd__dfrtp_2)
                                  1.820986    2.070986   library removal time
                                              2.070986   data required time
---------------------------------------------------------------------------------------------
                                              2.070986   data required time
                                             -8.931047   data arrival time
---------------------------------------------------------------------------------------------
                                              6.860062   slack (MET)


Startpoint: i_rst_n (input port clocked by i_clk)
Endpoint: _1179_ (removal check against rising-edge clock i_clk)
Path Group: asynchronous
Path Type: min

Fanout         Cap        Slew       Delay        Time   Description
---------------------------------------------------------------------------------------------
                      0.150000    0.000000    0.000000   clock i_clk (rise edge)
                                  0.000000    0.000000   clock network delay (ideal)
                                  6.000000    6.000000 ^ input external delay
   203    0.588853    4.151453    2.931047    8.931047 ^ i_rst_n (in)
                                                         i_rst_n (net)
                      4.151453    0.000000    8.931047 ^ _1179_/RESET_B (sky130_fd_sc_hd__dfrtp_2)
                                              8.931047   data arrival time

                      0.150000    0.000000    0.000000   clock i_clk (rise edge)
                                  0.000000    0.000000   clock network delay (ideal)
                                  0.250000    0.250000   clock uncertainty
                                  0.000000    0.250000   clock reconvergence pessimism
                                              0.250000 ^ _1179_/CLK (sky130_fd_sc_hd__dfrtp_2)
                                  1.820986    2.070986   library removal time
                                              2.070986   data required time
---------------------------------------------------------------------------------------------
                                              2.070986   data required time
                                             -8.931047   data arrival time
---------------------------------------------------------------------------------------------
                                              6.860062   slack (MET)


Startpoint: i_rst_n (input port clocked by i_clk)
Endpoint: _1180_ (removal check against rising-edge clock i_clk)
Path Group: asynchronous
Path Type: min

Fanout         Cap        Slew       Delay        Time   Description
---------------------------------------------------------------------------------------------
                      0.150000    0.000000    0.000000   clock i_clk (rise edge)
                                  0.000000    0.000000   clock network delay (ideal)
                                  6.000000    6.000000 ^ input external delay
   203    0.588853    4.151453    2.931047    8.931047 ^ i_rst_n (in)
                                                         i_rst_n (net)
                      4.151453    0.000000    8.931047 ^ _1180_/RESET_B (sky130_fd_sc_hd__dfrtp_2)
                                              8.931047   data arrival time

                      0.150000    0.000000    0.000000   clock i_clk (rise edge)
                                  0.000000    0.000000   clock network delay (ideal)
                                  0.250000    0.250000   clock uncertainty
                                  0.000000    0.250000   clock reconvergence pessimism
                                              0.250000 ^ _1180_/CLK (sky130_fd_sc_hd__dfrtp_2)
                                  1.820986    2.070986   library removal time
                                              2.070986   data required time
---------------------------------------------------------------------------------------------
                                              2.070986   data required time
                                             -8.931047   data arrival time
---------------------------------------------------------------------------------------------
                                              6.860062   slack (MET)


Startpoint: i_rst_n (input port clocked by i_clk)
Endpoint: _1181_ (removal check against rising-edge clock i_clk)
Path Group: asynchronous
Path Type: min

Fanout         Cap        Slew       Delay        Time   Description
---------------------------------------------------------------------------------------------
                      0.150000    0.000000    0.000000   clock i_clk (rise edge)
                                  0.000000    0.000000   clock network delay (ideal)
                                  6.000000    6.000000 ^ input external delay
   203    0.588853    4.151453    2.931047    8.931047 ^ i_rst_n (in)
                                                         i_rst_n (net)
                      4.151453    0.000000    8.931047 ^ _1181_/RESET_B (sky130_fd_sc_hd__dfrtp_2)
                                              8.931047   data arrival time

                      0.150000    0.000000    0.000000   clock i_clk (rise edge)
                                  0.000000    0.000000   clock network delay (ideal)
                                  0.250000    0.250000   clock uncertainty
                                  0.000000    0.250000   clock reconvergence pessimism
                                              0.250000 ^ _1181_/CLK (sky130_fd_sc_hd__dfrtp_2)
                                  1.820986    2.070986   library removal time
                                              2.070986   data required time
---------------------------------------------------------------------------------------------
                                              2.070986   data required time
                                             -8.931047   data arrival time
---------------------------------------------------------------------------------------------
                                              6.860062   slack (MET)


Startpoint: i_rst_n (input port clocked by i_clk)
Endpoint: _1182_ (removal check against rising-edge clock i_clk)
Path Group: asynchronous
Path Type: min

Fanout         Cap        Slew       Delay        Time   Description
---------------------------------------------------------------------------------------------
                      0.150000    0.000000    0.000000   clock i_clk (rise edge)
                                  0.000000    0.000000   clock network delay (ideal)
                                  6.000000    6.000000 ^ input external delay
   203    0.588853    4.151453    2.931047    8.931047 ^ i_rst_n (in)
                                                         i_rst_n (net)
                      4.151453    0.000000    8.931047 ^ _1182_/RESET_B (sky130_fd_sc_hd__dfrtp_2)
                                              8.931047   data arrival time

                      0.150000    0.000000    0.000000   clock i_clk (rise edge)
                                  0.000000    0.000000   clock network delay (ideal)
                                  0.250000    0.250000   clock uncertainty
                                  0.000000    0.250000   clock reconvergence pessimism
                                              0.250000 ^ _1182_/CLK (sky130_fd_sc_hd__dfrtp_2)
                                  1.820986    2.070986   library removal time
                                              2.070986   data required time
---------------------------------------------------------------------------------------------
                                              2.070986   data required time
                                             -8.931047   data arrival time
---------------------------------------------------------------------------------------------
                                              6.860062   slack (MET)


Startpoint: i_rst_n (input port clocked by i_clk)
Endpoint: _1183_ (removal check against rising-edge clock i_clk)
Path Group: asynchronous
Path Type: min

Fanout         Cap        Slew       Delay        Time   Description
---------------------------------------------------------------------------------------------
                      0.150000    0.000000    0.000000   clock i_clk (rise edge)
                                  0.000000    0.000000   clock network delay (ideal)
                                  6.000000    6.000000 ^ input external delay
   203    0.588853    4.151453    2.931047    8.931047 ^ i_rst_n (in)
                                                         i_rst_n (net)
                      4.151453    0.000000    8.931047 ^ _1183_/RESET_B (sky130_fd_sc_hd__dfrtp_2)
                                              8.931047   data arrival time

                      0.150000    0.000000    0.000000   clock i_clk (rise edge)
                                  0.000000    0.000000   clock network delay (ideal)
                                  0.250000    0.250000   clock uncertainty
                                  0.000000    0.250000   clock reconvergence pessimism
                                              0.250000 ^ _1183_/CLK (sky130_fd_sc_hd__dfrtp_2)
                                  1.820986    2.070986   library removal time
                                              2.070986   data required time
---------------------------------------------------------------------------------------------
                                              2.070986   data required time
                                             -8.931047   data arrival time
---------------------------------------------------------------------------------------------
                                              6.860062   slack (MET)


Startpoint: i_rst_n (input port clocked by i_clk)
Endpoint: _1184_ (removal check against rising-edge clock i_clk)
Path Group: asynchronous
Path Type: min

Fanout         Cap        Slew       Delay        Time   Description
---------------------------------------------------------------------------------------------
                      0.150000    0.000000    0.000000   clock i_clk (rise edge)
                                  0.000000    0.000000   clock network delay (ideal)
                                  6.000000    6.000000 ^ input external delay
   203    0.588853    4.151453    2.931047    8.931047 ^ i_rst_n (in)
                                                         i_rst_n (net)
                      4.151453    0.000000    8.931047 ^ _1184_/RESET_B (sky130_fd_sc_hd__dfrtp_2)
                                              8.931047   data arrival time

                      0.150000    0.000000    0.000000   clock i_clk (rise edge)
                                  0.000000    0.000000   clock network delay (ideal)
                                  0.250000    0.250000   clock uncertainty
                                  0.000000    0.250000   clock reconvergence pessimism
                                              0.250000 ^ _1184_/CLK (sky130_fd_sc_hd__dfrtp_2)
                                  1.820986    2.070986   library removal time
                                              2.070986   data required time
---------------------------------------------------------------------------------------------
                                              2.070986   data required time
                                             -8.931047   data arrival time
---------------------------------------------------------------------------------------------
                                              6.860062   slack (MET)


Startpoint: i_rst_n (input port clocked by i_clk)
Endpoint: _1185_ (removal check against rising-edge clock i_clk)
Path Group: asynchronous
Path Type: min

Fanout         Cap        Slew       Delay        Time   Description
---------------------------------------------------------------------------------------------
                      0.150000    0.000000    0.000000   clock i_clk (rise edge)
                                  0.000000    0.000000   clock network delay (ideal)
                                  6.000000    6.000000 ^ input external delay
   203    0.588853    4.151453    2.931047    8.931047 ^ i_rst_n (in)
                                                         i_rst_n (net)
                      4.151453    0.000000    8.931047 ^ _1185_/RESET_B (sky130_fd_sc_hd__dfrtp_2)
                                              8.931047   data arrival time

                      0.150000    0.000000    0.000000   clock i_clk (rise edge)
                                  0.000000    0.000000   clock network delay (ideal)
                                  0.250000    0.250000   clock uncertainty
                                  0.000000    0.250000   clock reconvergence pessimism
                                              0.250000 ^ _1185_/CLK (sky130_fd_sc_hd__dfrtp_2)
                                  1.820986    2.070986   library removal time
                                              2.070986   data required time
---------------------------------------------------------------------------------------------
                                              2.070986   data required time
                                             -8.931047   data arrival time
---------------------------------------------------------------------------------------------
                                              6.860062   slack (MET)


Startpoint: i_rst_n (input port clocked by i_clk)
Endpoint: _1186_ (removal check against rising-edge clock i_clk)
Path Group: asynchronous
Path Type: min

Fanout         Cap        Slew       Delay        Time   Description
---------------------------------------------------------------------------------------------
                      0.150000    0.000000    0.000000   clock i_clk (rise edge)
                                  0.000000    0.000000   clock network delay (ideal)
                                  6.000000    6.000000 ^ input external delay
   203    0.588853    4.151453    2.931047    8.931047 ^ i_rst_n (in)
                                                         i_rst_n (net)
                      4.151453    0.000000    8.931047 ^ _1186_/RESET_B (sky130_fd_sc_hd__dfrtp_2)
                                              8.931047   data arrival time

                      0.150000    0.000000    0.000000   clock i_clk (rise edge)
                                  0.000000    0.000000   clock network delay (ideal)
                                  0.250000    0.250000   clock uncertainty
                                  0.000000    0.250000   clock reconvergence pessimism
                                              0.250000 ^ _1186_/CLK (sky130_fd_sc_hd__dfrtp_2)
                                  1.820986    2.070986   library removal time
                                              2.070986   data required time
---------------------------------------------------------------------------------------------
                                              2.070986   data required time
                                             -8.931047   data arrival time
---------------------------------------------------------------------------------------------
                                              6.860062   slack (MET)


Startpoint: i_rst_n (input port clocked by i_clk)
Endpoint: _1187_ (removal check against rising-edge clock i_clk)
Path Group: asynchronous
Path Type: min

Fanout         Cap        Slew       Delay        Time   Description
---------------------------------------------------------------------------------------------
                      0.150000    0.000000    0.000000   clock i_clk (rise edge)
                                  0.000000    0.000000   clock network delay (ideal)
                                  6.000000    6.000000 ^ input external delay
   203    0.588853    4.151453    2.931047    8.931047 ^ i_rst_n (in)
                                                         i_rst_n (net)
                      4.151453    0.000000    8.931047 ^ _1187_/RESET_B (sky130_fd_sc_hd__dfrtp_2)
                                              8.931047   data arrival time

                      0.150000    0.000000    0.000000   clock i_clk (rise edge)
                                  0.000000    0.000000   clock network delay (ideal)
                                  0.250000    0.250000   clock uncertainty
                                  0.000000    0.250000   clock reconvergence pessimism
                                              0.250000 ^ _1187_/CLK (sky130_fd_sc_hd__dfrtp_2)
                                  1.820986    2.070986   library removal time
                                              2.070986   data required time
---------------------------------------------------------------------------------------------
                                              2.070986   data required time
                                             -8.931047   data arrival time
---------------------------------------------------------------------------------------------
                                              6.860062   slack (MET)


Startpoint: i_rst_n (input port clocked by i_clk)
Endpoint: _1188_ (removal check against rising-edge clock i_clk)
Path Group: asynchronous
Path Type: min

Fanout         Cap        Slew       Delay        Time   Description
---------------------------------------------------------------------------------------------
                      0.150000    0.000000    0.000000   clock i_clk (rise edge)
                                  0.000000    0.000000   clock network delay (ideal)
                                  6.000000    6.000000 ^ input external delay
   203    0.588853    4.151453    2.931047    8.931047 ^ i_rst_n (in)
                                                         i_rst_n (net)
                      4.151453    0.000000    8.931047 ^ _1188_/RESET_B (sky130_fd_sc_hd__dfrtp_2)
                                              8.931047   data arrival time

                      0.150000    0.000000    0.000000   clock i_clk (rise edge)
                                  0.000000    0.000000   clock network delay (ideal)
                                  0.250000    0.250000   clock uncertainty
                                  0.000000    0.250000   clock reconvergence pessimism
                                              0.250000 ^ _1188_/CLK (sky130_fd_sc_hd__dfrtp_2)
                                  1.820986    2.070986   library removal time
                                              2.070986   data required time
---------------------------------------------------------------------------------------------
                                              2.070986   data required time
                                             -8.931047   data arrival time
---------------------------------------------------------------------------------------------
                                              6.860062   slack (MET)


Startpoint: i_rst_n (input port clocked by i_clk)
Endpoint: _1189_ (removal check against rising-edge clock i_clk)
Path Group: asynchronous
Path Type: min

Fanout         Cap        Slew       Delay        Time   Description
---------------------------------------------------------------------------------------------
                      0.150000    0.000000    0.000000   clock i_clk (rise edge)
                                  0.000000    0.000000   clock network delay (ideal)
                                  6.000000    6.000000 ^ input external delay
   203    0.588853    4.151453    2.931047    8.931047 ^ i_rst_n (in)
                                                         i_rst_n (net)
                      4.151453    0.000000    8.931047 ^ _1189_/RESET_B (sky130_fd_sc_hd__dfrtp_2)
                                              8.931047   data arrival time

                      0.150000    0.000000    0.000000   clock i_clk (rise edge)
                                  0.000000    0.000000   clock network delay (ideal)
                                  0.250000    0.250000   clock uncertainty
                                  0.000000    0.250000   clock reconvergence pessimism
                                              0.250000 ^ _1189_/CLK (sky130_fd_sc_hd__dfrtp_2)
                                  1.820986    2.070986   library removal time
                                              2.070986   data required time
---------------------------------------------------------------------------------------------
                                              2.070986   data required time
                                             -8.931047   data arrival time
---------------------------------------------------------------------------------------------
                                              6.860062   slack (MET)


Startpoint: i_rst_n (input port clocked by i_clk)
Endpoint: _1190_ (removal check against rising-edge clock i_clk)
Path Group: asynchronous
Path Type: min

Fanout         Cap        Slew       Delay        Time   Description
---------------------------------------------------------------------------------------------
                      0.150000    0.000000    0.000000   clock i_clk (rise edge)
                                  0.000000    0.000000   clock network delay (ideal)
                                  6.000000    6.000000 ^ input external delay
   203    0.588853    4.151453    2.931047    8.931047 ^ i_rst_n (in)
                                                         i_rst_n (net)
                      4.151453    0.000000    8.931047 ^ _1190_/RESET_B (sky130_fd_sc_hd__dfrtp_2)
                                              8.931047   data arrival time

                      0.150000    0.000000    0.000000   clock i_clk (rise edge)
                                  0.000000    0.000000   clock network delay (ideal)
                                  0.250000    0.250000   clock uncertainty
                                  0.000000    0.250000   clock reconvergence pessimism
                                              0.250000 ^ _1190_/CLK (sky130_fd_sc_hd__dfrtp_2)
                                  1.820986    2.070986   library removal time
                                              2.070986   data required time
---------------------------------------------------------------------------------------------
                                              2.070986   data required time
                                             -8.931047   data arrival time
---------------------------------------------------------------------------------------------
                                              6.860062   slack (MET)


Startpoint: i_rst_n (input port clocked by i_clk)
Endpoint: _1191_ (removal check against rising-edge clock i_clk)
Path Group: asynchronous
Path Type: min

Fanout         Cap        Slew       Delay        Time   Description
---------------------------------------------------------------------------------------------
                      0.150000    0.000000    0.000000   clock i_clk (rise edge)
                                  0.000000    0.000000   clock network delay (ideal)
                                  6.000000    6.000000 ^ input external delay
   203    0.588853    4.151453    2.931047    8.931047 ^ i_rst_n (in)
                                                         i_rst_n (net)
                      4.151453    0.000000    8.931047 ^ _1191_/RESET_B (sky130_fd_sc_hd__dfrtp_2)
                                              8.931047   data arrival time

                      0.150000    0.000000    0.000000   clock i_clk (rise edge)
                                  0.000000    0.000000   clock network delay (ideal)
                                  0.250000    0.250000   clock uncertainty
                                  0.000000    0.250000   clock reconvergence pessimism
                                              0.250000 ^ _1191_/CLK (sky130_fd_sc_hd__dfrtp_2)
                                  1.820986    2.070986   library removal time
                                              2.070986   data required time
---------------------------------------------------------------------------------------------
                                              2.070986   data required time
                                             -8.931047   data arrival time
---------------------------------------------------------------------------------------------
                                              6.860062   slack (MET)


Startpoint: i_rst_n (input port clocked by i_clk)
Endpoint: _1192_ (removal check against rising-edge clock i_clk)
Path Group: asynchronous
Path Type: min

Fanout         Cap        Slew       Delay        Time   Description
---------------------------------------------------------------------------------------------
                      0.150000    0.000000    0.000000   clock i_clk (rise edge)
                                  0.000000    0.000000   clock network delay (ideal)
                                  6.000000    6.000000 ^ input external delay
   203    0.588853    4.151453    2.931047    8.931047 ^ i_rst_n (in)
                                                         i_rst_n (net)
                      4.151453    0.000000    8.931047 ^ _1192_/RESET_B (sky130_fd_sc_hd__dfrtp_2)
                                              8.931047   data arrival time

                      0.150000    0.000000    0.000000   clock i_clk (rise edge)
                                  0.000000    0.000000   clock network delay (ideal)
                                  0.250000    0.250000   clock uncertainty
                                  0.000000    0.250000   clock reconvergence pessimism
                                              0.250000 ^ _1192_/CLK (sky130_fd_sc_hd__dfrtp_2)
                                  1.820986    2.070986   library removal time
                                              2.070986   data required time
---------------------------------------------------------------------------------------------
                                              2.070986   data required time
                                             -8.931047   data arrival time
---------------------------------------------------------------------------------------------
                                              6.860062   slack (MET)


Startpoint: i_rst_n (input port clocked by i_clk)
Endpoint: _1193_ (removal check against rising-edge clock i_clk)
Path Group: asynchronous
Path Type: min

Fanout         Cap        Slew       Delay        Time   Description
---------------------------------------------------------------------------------------------
                      0.150000    0.000000    0.000000   clock i_clk (rise edge)
                                  0.000000    0.000000   clock network delay (ideal)
                                  6.000000    6.000000 ^ input external delay
   203    0.588853    4.151453    2.931047    8.931047 ^ i_rst_n (in)
                                                         i_rst_n (net)
                      4.151453    0.000000    8.931047 ^ _1193_/RESET_B (sky130_fd_sc_hd__dfrtp_2)
                                              8.931047   data arrival time

                      0.150000    0.000000    0.000000   clock i_clk (rise edge)
                                  0.000000    0.000000   clock network delay (ideal)
                                  0.250000    0.250000   clock uncertainty
                                  0.000000    0.250000   clock reconvergence pessimism
                                              0.250000 ^ _1193_/CLK (sky130_fd_sc_hd__dfrtp_2)
                                  1.820986    2.070986   library removal time
                                              2.070986   data required time
---------------------------------------------------------------------------------------------
                                              2.070986   data required time
                                             -8.931047   data arrival time
---------------------------------------------------------------------------------------------
                                              6.860062   slack (MET)


Startpoint: i_rst_n (input port clocked by i_clk)
Endpoint: _1194_ (removal check against rising-edge clock i_clk)
Path Group: asynchronous
Path Type: min

Fanout         Cap        Slew       Delay        Time   Description
---------------------------------------------------------------------------------------------
                      0.150000    0.000000    0.000000   clock i_clk (rise edge)
                                  0.000000    0.000000   clock network delay (ideal)
                                  6.000000    6.000000 ^ input external delay
   203    0.588853    4.151453    2.931047    8.931047 ^ i_rst_n (in)
                                                         i_rst_n (net)
                      4.151453    0.000000    8.931047 ^ _1194_/RESET_B (sky130_fd_sc_hd__dfrtp_2)
                                              8.931047   data arrival time

                      0.150000    0.000000    0.000000   clock i_clk (rise edge)
                                  0.000000    0.000000   clock network delay (ideal)
                                  0.250000    0.250000   clock uncertainty
                                  0.000000    0.250000   clock reconvergence pessimism
                                              0.250000 ^ _1194_/CLK (sky130_fd_sc_hd__dfrtp_2)
                                  1.820986    2.070986   library removal time
                                              2.070986   data required time
---------------------------------------------------------------------------------------------
                                              2.070986   data required time
                                             -8.931047   data arrival time
---------------------------------------------------------------------------------------------
                                              6.860062   slack (MET)


Startpoint: i_rst_n (input port clocked by i_clk)
Endpoint: _1195_ (removal check against rising-edge clock i_clk)
Path Group: asynchronous
Path Type: min

Fanout         Cap        Slew       Delay        Time   Description
---------------------------------------------------------------------------------------------
                      0.150000    0.000000    0.000000   clock i_clk (rise edge)
                                  0.000000    0.000000   clock network delay (ideal)
                                  6.000000    6.000000 ^ input external delay
   203    0.588853    4.151453    2.931047    8.931047 ^ i_rst_n (in)
                                                         i_rst_n (net)
                      4.151453    0.000000    8.931047 ^ _1195_/RESET_B (sky130_fd_sc_hd__dfrtp_2)
                                              8.931047   data arrival time

                      0.150000    0.000000    0.000000   clock i_clk (rise edge)
                                  0.000000    0.000000   clock network delay (ideal)
                                  0.250000    0.250000   clock uncertainty
                                  0.000000    0.250000   clock reconvergence pessimism
                                              0.250000 ^ _1195_/CLK (sky130_fd_sc_hd__dfrtp_2)
                                  1.820986    2.070986   library removal time
                                              2.070986   data required time
---------------------------------------------------------------------------------------------
                                              2.070986   data required time
                                             -8.931047   data arrival time
---------------------------------------------------------------------------------------------
                                              6.860062   slack (MET)


Startpoint: i_rst_n (input port clocked by i_clk)
Endpoint: _1197_ (removal check against rising-edge clock i_clk)
Path Group: asynchronous
Path Type: min

Fanout         Cap        Slew       Delay        Time   Description
---------------------------------------------------------------------------------------------
                      0.150000    0.000000    0.000000   clock i_clk (rise edge)
                                  0.000000    0.000000   clock network delay (ideal)
                                  6.000000    6.000000 ^ input external delay
   203    0.588853    4.151453    2.931047    8.931047 ^ i_rst_n (in)
                                                         i_rst_n (net)
                      4.151453    0.000000    8.931047 ^ _1197_/RESET_B (sky130_fd_sc_hd__dfrtp_2)
                                              8.931047   data arrival time

                      0.150000    0.000000    0.000000   clock i_clk (rise edge)
                                  0.000000    0.000000   clock network delay (ideal)
                                  0.250000    0.250000   clock uncertainty
                                  0.000000    0.250000   clock reconvergence pessimism
                                              0.250000 ^ _1197_/CLK (sky130_fd_sc_hd__dfrtp_2)
                                  1.820986    2.070986   library removal time
                                              2.070986   data required time
---------------------------------------------------------------------------------------------
                                              2.070986   data required time
                                             -8.931047   data arrival time
---------------------------------------------------------------------------------------------
                                              6.860062   slack (MET)


Startpoint: i_rst_n (input port clocked by i_clk)
Endpoint: _1198_ (removal check against rising-edge clock i_clk)
Path Group: asynchronous
Path Type: min

Fanout         Cap        Slew       Delay        Time   Description
---------------------------------------------------------------------------------------------
                      0.150000    0.000000    0.000000   clock i_clk (rise edge)
                                  0.000000    0.000000   clock network delay (ideal)
                                  6.000000    6.000000 ^ input external delay
   203    0.588853    4.151453    2.931047    8.931047 ^ i_rst_n (in)
                                                         i_rst_n (net)
                      4.151453    0.000000    8.931047 ^ _1198_/RESET_B (sky130_fd_sc_hd__dfrtp_2)
                                              8.931047   data arrival time

                      0.150000    0.000000    0.000000   clock i_clk (rise edge)
                                  0.000000    0.000000   clock network delay (ideal)
                                  0.250000    0.250000   clock uncertainty
                                  0.000000    0.250000   clock reconvergence pessimism
                                              0.250000 ^ _1198_/CLK (sky130_fd_sc_hd__dfrtp_2)
                                  1.820986    2.070986   library removal time
                                              2.070986   data required time
---------------------------------------------------------------------------------------------
                                              2.070986   data required time
                                             -8.931047   data arrival time
---------------------------------------------------------------------------------------------
                                              6.860062   slack (MET)


Startpoint: i_rst_n (input port clocked by i_clk)
Endpoint: _1260_ (removal check against rising-edge clock i_clk)
Path Group: asynchronous
Path Type: min

Fanout         Cap        Slew       Delay        Time   Description
---------------------------------------------------------------------------------------------
                      0.150000    0.000000    0.000000   clock i_clk (rise edge)
                                  0.000000    0.000000   clock network delay (ideal)
                                  6.000000    6.000000 ^ input external delay
   203    0.588853    4.151453    2.931047    8.931047 ^ i_rst_n (in)
                                                         i_rst_n (net)
                      4.151453    0.000000    8.931047 ^ _1260_/RESET_B (sky130_fd_sc_hd__dfrtp_2)
                                              8.931047   data arrival time

                      0.150000    0.000000    0.000000   clock i_clk (rise edge)
                                  0.000000    0.000000   clock network delay (ideal)
                                  0.250000    0.250000   clock uncertainty
                                  0.000000    0.250000   clock reconvergence pessimism
                                              0.250000 ^ _1260_/CLK (sky130_fd_sc_hd__dfrtp_2)
                                  1.820986    2.070986   library removal time
                                              2.070986   data required time
---------------------------------------------------------------------------------------------
                                              2.070986   data required time
                                             -8.931047   data arrival time
---------------------------------------------------------------------------------------------
                                              6.860062   slack (MET)


Startpoint: i_rst_n (input port clocked by i_clk)
Endpoint: _1261_ (removal check against rising-edge clock i_clk)
Path Group: asynchronous
Path Type: min

Fanout         Cap        Slew       Delay        Time   Description
---------------------------------------------------------------------------------------------
                      0.150000    0.000000    0.000000   clock i_clk (rise edge)
                                  0.000000    0.000000   clock network delay (ideal)
                                  6.000000    6.000000 ^ input external delay
   203    0.588853    4.151453    2.931047    8.931047 ^ i_rst_n (in)
                                                         i_rst_n (net)
                      4.151453    0.000000    8.931047 ^ _1261_/RESET_B (sky130_fd_sc_hd__dfrtp_2)
                                              8.931047   data arrival time

                      0.150000    0.000000    0.000000   clock i_clk (rise edge)
                                  0.000000    0.000000   clock network delay (ideal)
                                  0.250000    0.250000   clock uncertainty
                                  0.000000    0.250000   clock reconvergence pessimism
                                              0.250000 ^ _1261_/CLK (sky130_fd_sc_hd__dfrtp_2)
                                  1.820986    2.070986   library removal time
                                              2.070986   data required time
---------------------------------------------------------------------------------------------
                                              2.070986   data required time
                                             -8.931047   data arrival time
---------------------------------------------------------------------------------------------
                                              6.860062   slack (MET)


Startpoint: i_rst_n (input port clocked by i_clk)
Endpoint: _1262_ (removal check against rising-edge clock i_clk)
Path Group: asynchronous
Path Type: min

Fanout         Cap        Slew       Delay        Time   Description
---------------------------------------------------------------------------------------------
                      0.150000    0.000000    0.000000   clock i_clk (rise edge)
                                  0.000000    0.000000   clock network delay (ideal)
                                  6.000000    6.000000 ^ input external delay
   203    0.588853    4.151453    2.931047    8.931047 ^ i_rst_n (in)
                                                         i_rst_n (net)
                      4.151453    0.000000    8.931047 ^ _1262_/RESET_B (sky130_fd_sc_hd__dfrtp_2)
                                              8.931047   data arrival time

                      0.150000    0.000000    0.000000   clock i_clk (rise edge)
                                  0.000000    0.000000   clock network delay (ideal)
                                  0.250000    0.250000   clock uncertainty
                                  0.000000    0.250000   clock reconvergence pessimism
                                              0.250000 ^ _1262_/CLK (sky130_fd_sc_hd__dfrtp_2)
                                  1.820986    2.070986   library removal time
                                              2.070986   data required time
---------------------------------------------------------------------------------------------
                                              2.070986   data required time
                                             -8.931047   data arrival time
---------------------------------------------------------------------------------------------
                                              6.860062   slack (MET)


Startpoint: i_rst_n (input port clocked by i_clk)
Endpoint: _1263_ (removal check against rising-edge clock i_clk)
Path Group: asynchronous
Path Type: min

Fanout         Cap        Slew       Delay        Time   Description
---------------------------------------------------------------------------------------------
                      0.150000    0.000000    0.000000   clock i_clk (rise edge)
                                  0.000000    0.000000   clock network delay (ideal)
                                  6.000000    6.000000 ^ input external delay
   203    0.588853    4.151453    2.931047    8.931047 ^ i_rst_n (in)
                                                         i_rst_n (net)
                      4.151453    0.000000    8.931047 ^ _1263_/RESET_B (sky130_fd_sc_hd__dfrtp_2)
                                              8.931047   data arrival time

                      0.150000    0.000000    0.000000   clock i_clk (rise edge)
                                  0.000000    0.000000   clock network delay (ideal)
                                  0.250000    0.250000   clock uncertainty
                                  0.000000    0.250000   clock reconvergence pessimism
                                              0.250000 ^ _1263_/CLK (sky130_fd_sc_hd__dfrtp_2)
                                  1.820986    2.070986   library removal time
                                              2.070986   data required time
---------------------------------------------------------------------------------------------
                                              2.070986   data required time
                                             -8.931047   data arrival time
---------------------------------------------------------------------------------------------
                                              6.860062   slack (MET)


Startpoint: i_rst_n (input port clocked by i_clk)
Endpoint: _1264_ (removal check against rising-edge clock i_clk)
Path Group: asynchronous
Path Type: min

Fanout         Cap        Slew       Delay        Time   Description
---------------------------------------------------------------------------------------------
                      0.150000    0.000000    0.000000   clock i_clk (rise edge)
                                  0.000000    0.000000   clock network delay (ideal)
                                  6.000000    6.000000 ^ input external delay
   203    0.588853    4.151453    2.931047    8.931047 ^ i_rst_n (in)
                                                         i_rst_n (net)
                      4.151453    0.000000    8.931047 ^ _1264_/RESET_B (sky130_fd_sc_hd__dfrtp_2)
                                              8.931047   data arrival time

                      0.150000    0.000000    0.000000   clock i_clk (rise edge)
                                  0.000000    0.000000   clock network delay (ideal)
                                  0.250000    0.250000   clock uncertainty
                                  0.000000    0.250000   clock reconvergence pessimism
                                              0.250000 ^ _1264_/CLK (sky130_fd_sc_hd__dfrtp_2)
                                  1.820986    2.070986   library removal time
                                              2.070986   data required time
---------------------------------------------------------------------------------------------
                                              2.070986   data required time
                                             -8.931047   data arrival time
---------------------------------------------------------------------------------------------
                                              6.860062   slack (MET)


Startpoint: i_rst_n (input port clocked by i_clk)
Endpoint: _1265_ (removal check against rising-edge clock i_clk)
Path Group: asynchronous
Path Type: min

Fanout         Cap        Slew       Delay        Time   Description
---------------------------------------------------------------------------------------------
                      0.150000    0.000000    0.000000   clock i_clk (rise edge)
                                  0.000000    0.000000   clock network delay (ideal)
                                  6.000000    6.000000 ^ input external delay
   203    0.588853    4.151453    2.931047    8.931047 ^ i_rst_n (in)
                                                         i_rst_n (net)
                      4.151453    0.000000    8.931047 ^ _1265_/RESET_B (sky130_fd_sc_hd__dfrtp_2)
                                              8.931047   data arrival time

                      0.150000    0.000000    0.000000   clock i_clk (rise edge)
                                  0.000000    0.000000   clock network delay (ideal)
                                  0.250000    0.250000   clock uncertainty
                                  0.000000    0.250000   clock reconvergence pessimism
                                              0.250000 ^ _1265_/CLK (sky130_fd_sc_hd__dfrtp_2)
                                  1.820986    2.070986   library removal time
                                              2.070986   data required time
---------------------------------------------------------------------------------------------
                                              2.070986   data required time
                                             -8.931047   data arrival time
---------------------------------------------------------------------------------------------
                                              6.860062   slack (MET)


Startpoint: i_rst_n (input port clocked by i_clk)
Endpoint: _1266_ (removal check against rising-edge clock i_clk)
Path Group: asynchronous
Path Type: min

Fanout         Cap        Slew       Delay        Time   Description
---------------------------------------------------------------------------------------------
                      0.150000    0.000000    0.000000   clock i_clk (rise edge)
                                  0.000000    0.000000   clock network delay (ideal)
                                  6.000000    6.000000 ^ input external delay
   203    0.588853    4.151453    2.931047    8.931047 ^ i_rst_n (in)
                                                         i_rst_n (net)
                      4.151453    0.000000    8.931047 ^ _1266_/RESET_B (sky130_fd_sc_hd__dfrtp_2)
                                              8.931047   data arrival time

                      0.150000    0.000000    0.000000   clock i_clk (rise edge)
                                  0.000000    0.000000   clock network delay (ideal)
                                  0.250000    0.250000   clock uncertainty
                                  0.000000    0.250000   clock reconvergence pessimism
                                              0.250000 ^ _1266_/CLK (sky130_fd_sc_hd__dfrtp_2)
                                  1.820986    2.070986   library removal time
                                              2.070986   data required time
---------------------------------------------------------------------------------------------
                                              2.070986   data required time
                                             -8.931047   data arrival time
---------------------------------------------------------------------------------------------
                                              6.860062   slack (MET)


Startpoint: i_rst_n (input port clocked by i_clk)
Endpoint: _1267_ (removal check against rising-edge clock i_clk)
Path Group: asynchronous
Path Type: min

Fanout         Cap        Slew       Delay        Time   Description
---------------------------------------------------------------------------------------------
                      0.150000    0.000000    0.000000   clock i_clk (rise edge)
                                  0.000000    0.000000   clock network delay (ideal)
                                  6.000000    6.000000 ^ input external delay
   203    0.588853    4.151453    2.931047    8.931047 ^ i_rst_n (in)
                                                         i_rst_n (net)
                      4.151453    0.000000    8.931047 ^ _1267_/RESET_B (sky130_fd_sc_hd__dfrtp_2)
                                              8.931047   data arrival time

                      0.150000    0.000000    0.000000   clock i_clk (rise edge)
                                  0.000000    0.000000   clock network delay (ideal)
                                  0.250000    0.250000   clock uncertainty
                                  0.000000    0.250000   clock reconvergence pessimism
                                              0.250000 ^ _1267_/CLK (sky130_fd_sc_hd__dfrtp_2)
                                  1.820986    2.070986   library removal time
                                              2.070986   data required time
---------------------------------------------------------------------------------------------
                                              2.070986   data required time
                                             -8.931047   data arrival time
---------------------------------------------------------------------------------------------
                                              6.860062   slack (MET)


Startpoint: i_rst_n (input port clocked by i_clk)
Endpoint: _1268_ (removal check against rising-edge clock i_clk)
Path Group: asynchronous
Path Type: min

Fanout         Cap        Slew       Delay        Time   Description
---------------------------------------------------------------------------------------------
                      0.150000    0.000000    0.000000   clock i_clk (rise edge)
                                  0.000000    0.000000   clock network delay (ideal)
                                  6.000000    6.000000 ^ input external delay
   203    0.588853    4.151453    2.931047    8.931047 ^ i_rst_n (in)
                                                         i_rst_n (net)
                      4.151453    0.000000    8.931047 ^ _1268_/RESET_B (sky130_fd_sc_hd__dfrtp_2)
                                              8.931047   data arrival time

                      0.150000    0.000000    0.000000   clock i_clk (rise edge)
                                  0.000000    0.000000   clock network delay (ideal)
                                  0.250000    0.250000   clock uncertainty
                                  0.000000    0.250000   clock reconvergence pessimism
                                              0.250000 ^ _1268_/CLK (sky130_fd_sc_hd__dfrtp_2)
                                  1.820986    2.070986   library removal time
                                              2.070986   data required time
---------------------------------------------------------------------------------------------
                                              2.070986   data required time
                                             -8.931047   data arrival time
---------------------------------------------------------------------------------------------
                                              6.860062   slack (MET)


Startpoint: i_rst_n (input port clocked by i_clk)
Endpoint: _1269_ (removal check against rising-edge clock i_clk)
Path Group: asynchronous
Path Type: min

Fanout         Cap        Slew       Delay        Time   Description
---------------------------------------------------------------------------------------------
                      0.150000    0.000000    0.000000   clock i_clk (rise edge)
                                  0.000000    0.000000   clock network delay (ideal)
                                  6.000000    6.000000 ^ input external delay
   203    0.588853    4.151453    2.931047    8.931047 ^ i_rst_n (in)
                                                         i_rst_n (net)
                      4.151453    0.000000    8.931047 ^ _1269_/RESET_B (sky130_fd_sc_hd__dfrtp_2)
                                              8.931047   data arrival time

                      0.150000    0.000000    0.000000   clock i_clk (rise edge)
                                  0.000000    0.000000   clock network delay (ideal)
                                  0.250000    0.250000   clock uncertainty
                                  0.000000    0.250000   clock reconvergence pessimism
                                              0.250000 ^ _1269_/CLK (sky130_fd_sc_hd__dfrtp_2)
                                  1.820986    2.070986   library removal time
                                              2.070986   data required time
---------------------------------------------------------------------------------------------
                                              2.070986   data required time
                                             -8.931047   data arrival time
---------------------------------------------------------------------------------------------
                                              6.860062   slack (MET)


Startpoint: i_rst_n (input port clocked by i_clk)
Endpoint: _1270_ (removal check against rising-edge clock i_clk)
Path Group: asynchronous
Path Type: min

Fanout         Cap        Slew       Delay        Time   Description
---------------------------------------------------------------------------------------------
                      0.150000    0.000000    0.000000   clock i_clk (rise edge)
                                  0.000000    0.000000   clock network delay (ideal)
                                  6.000000    6.000000 ^ input external delay
   203    0.588853    4.151453    2.931047    8.931047 ^ i_rst_n (in)
                                                         i_rst_n (net)
                      4.151453    0.000000    8.931047 ^ _1270_/RESET_B (sky130_fd_sc_hd__dfrtp_2)
                                              8.931047   data arrival time

                      0.150000    0.000000    0.000000   clock i_clk (rise edge)
                                  0.000000    0.000000   clock network delay (ideal)
                                  0.250000    0.250000   clock uncertainty
                                  0.000000    0.250000   clock reconvergence pessimism
                                              0.250000 ^ _1270_/CLK (sky130_fd_sc_hd__dfrtp_2)
                                  1.820986    2.070986   library removal time
                                              2.070986   data required time
---------------------------------------------------------------------------------------------
                                              2.070986   data required time
                                             -8.931047   data arrival time
---------------------------------------------------------------------------------------------
                                              6.860062   slack (MET)


Startpoint: i_rst_n (input port clocked by i_clk)
Endpoint: _1271_ (removal check against rising-edge clock i_clk)
Path Group: asynchronous
Path Type: min

Fanout         Cap        Slew       Delay        Time   Description
---------------------------------------------------------------------------------------------
                      0.150000    0.000000    0.000000   clock i_clk (rise edge)
                                  0.000000    0.000000   clock network delay (ideal)
                                  6.000000    6.000000 ^ input external delay
   203    0.588853    4.151453    2.931047    8.931047 ^ i_rst_n (in)
                                                         i_rst_n (net)
                      4.151453    0.000000    8.931047 ^ _1271_/RESET_B (sky130_fd_sc_hd__dfrtp_2)
                                              8.931047   data arrival time

                      0.150000    0.000000    0.000000   clock i_clk (rise edge)
                                  0.000000    0.000000   clock network delay (ideal)
                                  0.250000    0.250000   clock uncertainty
                                  0.000000    0.250000   clock reconvergence pessimism
                                              0.250000 ^ _1271_/CLK (sky130_fd_sc_hd__dfrtp_2)
                                  1.820986    2.070986   library removal time
                                              2.070986   data required time
---------------------------------------------------------------------------------------------
                                              2.070986   data required time
                                             -8.931047   data arrival time
---------------------------------------------------------------------------------------------
                                              6.860062   slack (MET)


Startpoint: i_rst_n (input port clocked by i_clk)
Endpoint: _1272_ (removal check against rising-edge clock i_clk)
Path Group: asynchronous
Path Type: min

Fanout         Cap        Slew       Delay        Time   Description
---------------------------------------------------------------------------------------------
                      0.150000    0.000000    0.000000   clock i_clk (rise edge)
                                  0.000000    0.000000   clock network delay (ideal)
                                  6.000000    6.000000 ^ input external delay
   203    0.588853    4.151453    2.931047    8.931047 ^ i_rst_n (in)
                                                         i_rst_n (net)
                      4.151453    0.000000    8.931047 ^ _1272_/RESET_B (sky130_fd_sc_hd__dfrtp_2)
                                              8.931047   data arrival time

                      0.150000    0.000000    0.000000   clock i_clk (rise edge)
                                  0.000000    0.000000   clock network delay (ideal)
                                  0.250000    0.250000   clock uncertainty
                                  0.000000    0.250000   clock reconvergence pessimism
                                              0.250000 ^ _1272_/CLK (sky130_fd_sc_hd__dfrtp_2)
                                  1.820986    2.070986   library removal time
                                              2.070986   data required time
---------------------------------------------------------------------------------------------
                                              2.070986   data required time
                                             -8.931047   data arrival time
---------------------------------------------------------------------------------------------
                                              6.860062   slack (MET)


Startpoint: i_rst_n (input port clocked by i_clk)
Endpoint: _1273_ (removal check against rising-edge clock i_clk)
Path Group: asynchronous
Path Type: min

Fanout         Cap        Slew       Delay        Time   Description
---------------------------------------------------------------------------------------------
                      0.150000    0.000000    0.000000   clock i_clk (rise edge)
                                  0.000000    0.000000   clock network delay (ideal)
                                  6.000000    6.000000 ^ input external delay
   203    0.588853    4.151453    2.931047    8.931047 ^ i_rst_n (in)
                                                         i_rst_n (net)
                      4.151453    0.000000    8.931047 ^ _1273_/RESET_B (sky130_fd_sc_hd__dfrtp_2)
                                              8.931047   data arrival time

                      0.150000    0.000000    0.000000   clock i_clk (rise edge)
                                  0.000000    0.000000   clock network delay (ideal)
                                  0.250000    0.250000   clock uncertainty
                                  0.000000    0.250000   clock reconvergence pessimism
                                              0.250000 ^ _1273_/CLK (sky130_fd_sc_hd__dfrtp_2)
                                  1.820986    2.070986   library removal time
                                              2.070986   data required time
---------------------------------------------------------------------------------------------
                                              2.070986   data required time
                                             -8.931047   data arrival time
---------------------------------------------------------------------------------------------
                                              6.860062   slack (MET)


Startpoint: i_rst_n (input port clocked by i_clk)
Endpoint: _1274_ (removal check against rising-edge clock i_clk)
Path Group: asynchronous
Path Type: min

Fanout         Cap        Slew       Delay        Time   Description
---------------------------------------------------------------------------------------------
                      0.150000    0.000000    0.000000   clock i_clk (rise edge)
                                  0.000000    0.000000   clock network delay (ideal)
                                  6.000000    6.000000 ^ input external delay
   203    0.588853    4.151453    2.931047    8.931047 ^ i_rst_n (in)
                                                         i_rst_n (net)
                      4.151453    0.000000    8.931047 ^ _1274_/RESET_B (sky130_fd_sc_hd__dfrtp_2)
                                              8.931047   data arrival time

                      0.150000    0.000000    0.000000   clock i_clk (rise edge)
                                  0.000000    0.000000   clock network delay (ideal)
                                  0.250000    0.250000   clock uncertainty
                                  0.000000    0.250000   clock reconvergence pessimism
                                              0.250000 ^ _1274_/CLK (sky130_fd_sc_hd__dfrtp_2)
                                  1.820986    2.070986   library removal time
                                              2.070986   data required time
---------------------------------------------------------------------------------------------
                                              2.070986   data required time
                                             -8.931047   data arrival time
---------------------------------------------------------------------------------------------
                                              6.860062   slack (MET)


Startpoint: i_rst_n (input port clocked by i_clk)
Endpoint: _1275_ (removal check against rising-edge clock i_clk)
Path Group: asynchronous
Path Type: min

Fanout         Cap        Slew       Delay        Time   Description
---------------------------------------------------------------------------------------------
                      0.150000    0.000000    0.000000   clock i_clk (rise edge)
                                  0.000000    0.000000   clock network delay (ideal)
                                  6.000000    6.000000 ^ input external delay
   203    0.588853    4.151453    2.931047    8.931047 ^ i_rst_n (in)
                                                         i_rst_n (net)
                      4.151453    0.000000    8.931047 ^ _1275_/RESET_B (sky130_fd_sc_hd__dfrtp_2)
                                              8.931047   data arrival time

                      0.150000    0.000000    0.000000   clock i_clk (rise edge)
                                  0.000000    0.000000   clock network delay (ideal)
                                  0.250000    0.250000   clock uncertainty
                                  0.000000    0.250000   clock reconvergence pessimism
                                              0.250000 ^ _1275_/CLK (sky130_fd_sc_hd__dfrtp_2)
                                  1.820986    2.070986   library removal time
                                              2.070986   data required time
---------------------------------------------------------------------------------------------
                                              2.070986   data required time
                                             -8.931047   data arrival time
---------------------------------------------------------------------------------------------
                                              6.860062   slack (MET)


Startpoint: i_rst_n (input port clocked by i_clk)
Endpoint: _1276_ (removal check against rising-edge clock i_clk)
Path Group: asynchronous
Path Type: min

Fanout         Cap        Slew       Delay        Time   Description
---------------------------------------------------------------------------------------------
                      0.150000    0.000000    0.000000   clock i_clk (rise edge)
                                  0.000000    0.000000   clock network delay (ideal)
                                  6.000000    6.000000 ^ input external delay
   203    0.588853    4.151453    2.931047    8.931047 ^ i_rst_n (in)
                                                         i_rst_n (net)
                      4.151453    0.000000    8.931047 ^ _1276_/RESET_B (sky130_fd_sc_hd__dfrtp_2)
                                              8.931047   data arrival time

                      0.150000    0.000000    0.000000   clock i_clk (rise edge)
                                  0.000000    0.000000   clock network delay (ideal)
                                  0.250000    0.250000   clock uncertainty
                                  0.000000    0.250000   clock reconvergence pessimism
                                              0.250000 ^ _1276_/CLK (sky130_fd_sc_hd__dfrtp_2)
                                  1.820986    2.070986   library removal time
                                              2.070986   data required time
---------------------------------------------------------------------------------------------
                                              2.070986   data required time
                                             -8.931047   data arrival time
---------------------------------------------------------------------------------------------
                                              6.860062   slack (MET)


Startpoint: i_rst_n (input port clocked by i_clk)
Endpoint: _1277_ (removal check against rising-edge clock i_clk)
Path Group: asynchronous
Path Type: min

Fanout         Cap        Slew       Delay        Time   Description
---------------------------------------------------------------------------------------------
                      0.150000    0.000000    0.000000   clock i_clk (rise edge)
                                  0.000000    0.000000   clock network delay (ideal)
                                  6.000000    6.000000 ^ input external delay
   203    0.588853    4.151453    2.931047    8.931047 ^ i_rst_n (in)
                                                         i_rst_n (net)
                      4.151453    0.000000    8.931047 ^ _1277_/RESET_B (sky130_fd_sc_hd__dfrtp_2)
                                              8.931047   data arrival time

                      0.150000    0.000000    0.000000   clock i_clk (rise edge)
                                  0.000000    0.000000   clock network delay (ideal)
                                  0.250000    0.250000   clock uncertainty
                                  0.000000    0.250000   clock reconvergence pessimism
                                              0.250000 ^ _1277_/CLK (sky130_fd_sc_hd__dfrtp_2)
                                  1.820986    2.070986   library removal time
                                              2.070986   data required time
---------------------------------------------------------------------------------------------
                                              2.070986   data required time
                                             -8.931047   data arrival time
---------------------------------------------------------------------------------------------
                                              6.860062   slack (MET)


Startpoint: i_rst_n (input port clocked by i_clk)
Endpoint: _1278_ (removal check against rising-edge clock i_clk)
Path Group: asynchronous
Path Type: min

Fanout         Cap        Slew       Delay        Time   Description
---------------------------------------------------------------------------------------------
                      0.150000    0.000000    0.000000   clock i_clk (rise edge)
                                  0.000000    0.000000   clock network delay (ideal)
                                  6.000000    6.000000 ^ input external delay
   203    0.588853    4.151453    2.931047    8.931047 ^ i_rst_n (in)
                                                         i_rst_n (net)
                      4.151453    0.000000    8.931047 ^ _1278_/RESET_B (sky130_fd_sc_hd__dfrtp_2)
                                              8.931047   data arrival time

                      0.150000    0.000000    0.000000   clock i_clk (rise edge)
                                  0.000000    0.000000   clock network delay (ideal)
                                  0.250000    0.250000   clock uncertainty
                                  0.000000    0.250000   clock reconvergence pessimism
                                              0.250000 ^ _1278_/CLK (sky130_fd_sc_hd__dfrtp_2)
                                  1.820986    2.070986   library removal time
                                              2.070986   data required time
---------------------------------------------------------------------------------------------
                                              2.070986   data required time
                                             -8.931047   data arrival time
---------------------------------------------------------------------------------------------
                                              6.860062   slack (MET)


Startpoint: _1210_ (rising edge-triggered flip-flop clocked by i_clk)
Endpoint: io_scl (output port clocked by i_clk)
Path Group: i_clk
Path Type: min

Fanout         Cap        Slew       Delay        Time   Description
---------------------------------------------------------------------------------------------
                      0.150000    0.000000    0.000000   clock i_clk (rise edge)
                                  0.000000    0.000000   clock network delay (ideal)
                      0.150000    0.000000    0.000000 ^ _1210_/CLK (sky130_fd_sc_hd__dfstp_2)
     1    0.001996    0.035711    0.733854    0.733854 v _1210_/Q (sky130_fd_sc_hd__dfstp_2)
                                                         u_i2c_master_controller.i2cbus_cntrl_fsm.o_i2c_master_scl (net)
                      0.035711    0.000000    0.733854 v _0975_/A (sky130_fd_sc_hd__buf_1)
     1    0.003866    0.063182    0.155009    0.888863 v _0975_/X (sky130_fd_sc_hd__buf_1)
                                                         _0529_ (net)
                      0.063182    0.000000    0.888863 v _1289_/TE_B (sky130_fd_sc_hd__ebufn_2)
     2    0.040347    0.000000    0.420426    1.309289 v _1289_/Z (sky130_fd_sc_hd__ebufn_2)
                                                         io_scl (net)
                      0.000000    0.000000    1.309289 v io_scl (inout)
                                              1.309289   data arrival time

                      0.150000    0.000000    0.000000   clock i_clk (rise edge)
                                  0.000000    0.000000   clock network delay (ideal)
                                  0.250000    0.250000   clock uncertainty
                                  0.000000    0.250000   clock reconvergence pessimism
                                 -6.000000   -5.750000   output external delay
                                             -5.750000   data required time
---------------------------------------------------------------------------------------------
                                             -5.750000   data required time
                                             -1.309289   data arrival time
---------------------------------------------------------------------------------------------
                                              7.059289   slack (MET)


Startpoint: _1230_ (rising edge-triggered flip-flop clocked by i_clk)
Endpoint: io_sda (output port clocked by i_clk)
Path Group: i_clk
Path Type: min

Fanout         Cap        Slew       Delay        Time   Description
---------------------------------------------------------------------------------------------
                      0.150000    0.000000    0.000000   clock i_clk (rise edge)
                                  0.000000    0.000000   clock network delay (ideal)
                      0.150000    0.000000    0.000000 ^ _1230_/CLK (sky130_fd_sc_hd__dfstp_2)
     1    0.001435    0.033161    0.730339    0.730339 v _1230_/Q (sky130_fd_sc_hd__dfstp_2)
                                                         u_i2c_master_controller.i2cbus_cntrl_fsm.i2c_master_start_sda_i (net)
                      0.033161    0.000000    0.730339 v _0610_/A (sky130_fd_sc_hd__and4_2)
     1    0.003866    0.072861    0.357179    1.087518 v _0610_/X (sky130_fd_sc_hd__and4_2)
                                                         _0530_ (net)
                      0.072861    0.000000    1.087518 v _1290_/TE_B (sky130_fd_sc_hd__ebufn_2)
     2    0.040347    0.000000    0.424737    1.512256 v _1290_/Z (sky130_fd_sc_hd__ebufn_2)
                                                         io_sda (net)
                      0.000000    0.000000    1.512256 v io_sda (inout)
                                              1.512256   data arrival time

                      0.150000    0.000000    0.000000   clock i_clk (rise edge)
                                  0.000000    0.000000   clock network delay (ideal)
                                  0.250000    0.250000   clock uncertainty
                                  0.000000    0.250000   clock reconvergence pessimism
                                 -6.000000   -5.750000   output external delay
                                             -5.750000   data required time
---------------------------------------------------------------------------------------------
                                             -5.750000   data required time
                                             -1.512256   data arrival time
---------------------------------------------------------------------------------------------
                                              7.262256   slack (MET)


Startpoint: i_rst_n (input port clocked by i_clk)
Endpoint: _1097_ (removal check against rising-edge clock i_clk)
Path Group: asynchronous
Path Type: min

Fanout         Cap        Slew       Delay        Time   Description
---------------------------------------------------------------------------------------------
                      0.150000    0.000000    0.000000   clock i_clk (rise edge)
                                  0.000000    0.000000   clock network delay (ideal)
                                  6.000000    6.000000 ^ input external delay
   203    0.588853    4.151453    2.931047    8.931047 ^ i_rst_n (in)
                                                         i_rst_n (net)
                      4.151453    0.000000    8.931047 ^ _1097_/SET_B (sky130_fd_sc_hd__dfstp_2)
                                              8.931047   data arrival time

                      0.150000    0.000000    0.000000   clock i_clk (rise edge)
                                  0.000000    0.000000   clock network delay (ideal)
                                  0.250000    0.250000   clock uncertainty
                                  0.000000    0.250000   clock reconvergence pessimism
                                              0.250000 ^ _1097_/CLK (sky130_fd_sc_hd__dfstp_2)
                                 -0.001171    0.248829   library removal time
                                              0.248829   data required time
---------------------------------------------------------------------------------------------
                                              0.248829   data required time
                                             -8.931047   data arrival time
---------------------------------------------------------------------------------------------
                                              8.682219   slack (MET)


Startpoint: i_rst_n (input port clocked by i_clk)
Endpoint: _1159_ (removal check against rising-edge clock i_clk)
Path Group: asynchronous
Path Type: min

Fanout         Cap        Slew       Delay        Time   Description
---------------------------------------------------------------------------------------------
                      0.150000    0.000000    0.000000   clock i_clk (rise edge)
                                  0.000000    0.000000   clock network delay (ideal)
                                  6.000000    6.000000 ^ input external delay
   203    0.588853    4.151453    2.931047    8.931047 ^ i_rst_n (in)
                                                         i_rst_n (net)
                      4.151453    0.000000    8.931047 ^ _1159_/SET_B (sky130_fd_sc_hd__dfstp_2)
                                              8.931047   data arrival time

                      0.150000    0.000000    0.000000   clock i_clk (rise edge)
                                  0.000000    0.000000   clock network delay (ideal)
                                  0.250000    0.250000   clock uncertainty
                                  0.000000    0.250000   clock reconvergence pessimism
                                              0.250000 ^ _1159_/CLK (sky130_fd_sc_hd__dfstp_2)
                                 -0.001171    0.248829   library removal time
                                              0.248829   data required time
---------------------------------------------------------------------------------------------
                                              0.248829   data required time
                                             -8.931047   data arrival time
---------------------------------------------------------------------------------------------
                                              8.682219   slack (MET)


Startpoint: i_rst_n (input port clocked by i_clk)
Endpoint: _1169_ (removal check against rising-edge clock i_clk)
Path Group: asynchronous
Path Type: min

Fanout         Cap        Slew       Delay        Time   Description
---------------------------------------------------------------------------------------------
                      0.150000    0.000000    0.000000   clock i_clk (rise edge)
                                  0.000000    0.000000   clock network delay (ideal)
                                  6.000000    6.000000 ^ input external delay
   203    0.588853    4.151453    2.931047    8.931047 ^ i_rst_n (in)
                                                         i_rst_n (net)
                      4.151453    0.000000    8.931047 ^ _1169_/SET_B (sky130_fd_sc_hd__dfstp_2)
                                              8.931047   data arrival time

                      0.150000    0.000000    0.000000   clock i_clk (rise edge)
                                  0.000000    0.000000   clock network delay (ideal)
                                  0.250000    0.250000   clock uncertainty
                                  0.000000    0.250000   clock reconvergence pessimism
                                              0.250000 ^ _1169_/CLK (sky130_fd_sc_hd__dfstp_2)
                                 -0.001171    0.248829   library removal time
                                              0.248829   data required time
---------------------------------------------------------------------------------------------
                                              0.248829   data required time
                                             -8.931047   data arrival time
---------------------------------------------------------------------------------------------
                                              8.682219   slack (MET)


Startpoint: i_rst_n (input port clocked by i_clk)
Endpoint: _1171_ (removal check against rising-edge clock i_clk)
Path Group: asynchronous
Path Type: min

Fanout         Cap        Slew       Delay        Time   Description
---------------------------------------------------------------------------------------------
                      0.150000    0.000000    0.000000   clock i_clk (rise edge)
                                  0.000000    0.000000   clock network delay (ideal)
                                  6.000000    6.000000 ^ input external delay
   203    0.588853    4.151453    2.931047    8.931047 ^ i_rst_n (in)
                                                         i_rst_n (net)
                      4.151453    0.000000    8.931047 ^ _1171_/SET_B (sky130_fd_sc_hd__dfstp_2)
                                              8.931047   data arrival time

                      0.150000    0.000000    0.000000   clock i_clk (rise edge)
                                  0.000000    0.000000   clock network delay (ideal)
                                  0.250000    0.250000   clock uncertainty
                                  0.000000    0.250000   clock reconvergence pessimism
                                              0.250000 ^ _1171_/CLK (sky130_fd_sc_hd__dfstp_2)
                                 -0.001171    0.248829   library removal time
                                              0.248829   data required time
---------------------------------------------------------------------------------------------
                                              0.248829   data required time
                                             -8.931047   data arrival time
---------------------------------------------------------------------------------------------
                                              8.682219   slack (MET)


Startpoint: i_rst_n (input port clocked by i_clk)
Endpoint: _1196_ (removal check against rising-edge clock i_clk)
Path Group: asynchronous
Path Type: min

Fanout         Cap        Slew       Delay        Time   Description
---------------------------------------------------------------------------------------------
                      0.150000    0.000000    0.000000   clock i_clk (rise edge)
                                  0.000000    0.000000   clock network delay (ideal)
                                  6.000000    6.000000 ^ input external delay
   203    0.588853    4.151453    2.931047    8.931047 ^ i_rst_n (in)
                                                         i_rst_n (net)
                      4.151453    0.000000    8.931047 ^ _1196_/SET_B (sky130_fd_sc_hd__dfstp_2)
                                              8.931047   data arrival time

                      0.150000    0.000000    0.000000   clock i_clk (rise edge)
                                  0.000000    0.000000   clock network delay (ideal)
                                  0.250000    0.250000   clock uncertainty
                                  0.000000    0.250000   clock reconvergence pessimism
                                              0.250000 ^ _1196_/CLK (sky130_fd_sc_hd__dfstp_2)
                                 -0.001171    0.248829   library removal time
                                              0.248829   data required time
---------------------------------------------------------------------------------------------
                                              0.248829   data required time
                                             -8.931047   data arrival time
---------------------------------------------------------------------------------------------
                                              8.682219   slack (MET)



