
===========================================================================
report_checks -path_delay max (Setup)
============================================================================
======================= nom_tt_025C_1v80 Corner ===================================

Startpoint: i_rst_n (input port clocked by i_clk)
Endpoint: _1070_ (recovery check against rising-edge clock i_clk)
Path Group: asynchronous
Path Type: max

Fanout         Cap        Slew       Delay        Time   Description
---------------------------------------------------------------------------------------------
                      0.150000    0.000000    0.000000   clock i_clk (rise edge)
                                  0.000000    0.000000   clock network delay (ideal)
                                  6.000000    6.000000 ^ input external delay
   203    0.626170    2.804778    1.915896    7.915896 ^ i_rst_n (in)
                                                         i_rst_n (net)
                      2.804778    0.000000    7.915896 ^ _1070_/RESET_B (sky130_fd_sc_hd__dfrtp_2)
                                              7.915896   data arrival time

                      0.150000   32.000000   32.000000   clock i_clk (rise edge)
                                  0.000000   32.000000   clock network delay (ideal)
                                 -0.250000   31.750000   clock uncertainty
                                  0.000000   31.750000   clock reconvergence pessimism
                                             31.750000 ^ _1070_/CLK (sky130_fd_sc_hd__dfrtp_2)
                                 -0.667418   31.082582   library recovery time
                                             31.082582   data required time
---------------------------------------------------------------------------------------------
                                             31.082582   data required time
                                             -7.915896   data arrival time
---------------------------------------------------------------------------------------------
                                             23.166687   slack (MET)


Startpoint: i_rst_n (input port clocked by i_clk)
Endpoint: _1071_ (recovery check against rising-edge clock i_clk)
Path Group: asynchronous
Path Type: max

Fanout         Cap        Slew       Delay        Time   Description
---------------------------------------------------------------------------------------------
                      0.150000    0.000000    0.000000   clock i_clk (rise edge)
                                  0.000000    0.000000   clock network delay (ideal)
                                  6.000000    6.000000 ^ input external delay
   203    0.626170    2.804778    1.915896    7.915896 ^ i_rst_n (in)
                                                         i_rst_n (net)
                      2.804778    0.000000    7.915896 ^ _1071_/RESET_B (sky130_fd_sc_hd__dfrtp_2)
                                              7.915896   data arrival time

                      0.150000   32.000000   32.000000   clock i_clk (rise edge)
                                  0.000000   32.000000   clock network delay (ideal)
                                 -0.250000   31.750000   clock uncertainty
                                  0.000000   31.750000   clock reconvergence pessimism
                                             31.750000 ^ _1071_/CLK (sky130_fd_sc_hd__dfrtp_2)
                                 -0.667418   31.082582   library recovery time
                                             31.082582   data required time
---------------------------------------------------------------------------------------------
                                             31.082582   data required time
                                             -7.915896   data arrival time
---------------------------------------------------------------------------------------------
                                             23.166687   slack (MET)


Startpoint: i_rst_n (input port clocked by i_clk)
Endpoint: _1072_ (recovery check against rising-edge clock i_clk)
Path Group: asynchronous
Path Type: max

Fanout         Cap        Slew       Delay        Time   Description
---------------------------------------------------------------------------------------------
                      0.150000    0.000000    0.000000   clock i_clk (rise edge)
                                  0.000000    0.000000   clock network delay (ideal)
                                  6.000000    6.000000 ^ input external delay
   203    0.626170    2.804778    1.915896    7.915896 ^ i_rst_n (in)
                                                         i_rst_n (net)
                      2.804778    0.000000    7.915896 ^ _1072_/RESET_B (sky130_fd_sc_hd__dfrtp_2)
                                              7.915896   data arrival time

                      0.150000   32.000000   32.000000   clock i_clk (rise edge)
                                  0.000000   32.000000   clock network delay (ideal)
                                 -0.250000   31.750000   clock uncertainty
                                  0.000000   31.750000   clock reconvergence pessimism
                                             31.750000 ^ _1072_/CLK (sky130_fd_sc_hd__dfrtp_2)
                                 -0.667418   31.082582   library recovery time
                                             31.082582   data required time
---------------------------------------------------------------------------------------------
                                             31.082582   data required time
                                             -7.915896   data arrival time
---------------------------------------------------------------------------------------------
                                             23.166687   slack (MET)


Startpoint: i_rst_n (input port clocked by i_clk)
Endpoint: _1073_ (recovery check against rising-edge clock i_clk)
Path Group: asynchronous
Path Type: max

Fanout         Cap        Slew       Delay        Time   Description
---------------------------------------------------------------------------------------------
                      0.150000    0.000000    0.000000   clock i_clk (rise edge)
                                  0.000000    0.000000   clock network delay (ideal)
                                  6.000000    6.000000 ^ input external delay
   203    0.626170    2.804778    1.915896    7.915896 ^ i_rst_n (in)
                                                         i_rst_n (net)
                      2.804778    0.000000    7.915896 ^ _1073_/RESET_B (sky130_fd_sc_hd__dfrtp_2)
                                              7.915896   data arrival time

                      0.150000   32.000000   32.000000   clock i_clk (rise edge)
                                  0.000000   32.000000   clock network delay (ideal)
                                 -0.250000   31.750000   clock uncertainty
                                  0.000000   31.750000   clock reconvergence pessimism
                                             31.750000 ^ _1073_/CLK (sky130_fd_sc_hd__dfrtp_2)
                                 -0.667418   31.082582   library recovery time
                                             31.082582   data required time
---------------------------------------------------------------------------------------------
                                             31.082582   data required time
                                             -7.915896   data arrival time
---------------------------------------------------------------------------------------------
                                             23.166687   slack (MET)


Startpoint: i_rst_n (input port clocked by i_clk)
Endpoint: _1074_ (recovery check against rising-edge clock i_clk)
Path Group: asynchronous
Path Type: max

Fanout         Cap        Slew       Delay        Time   Description
---------------------------------------------------------------------------------------------
                      0.150000    0.000000    0.000000   clock i_clk (rise edge)
                                  0.000000    0.000000   clock network delay (ideal)
                                  6.000000    6.000000 ^ input external delay
   203    0.626170    2.804778    1.915896    7.915896 ^ i_rst_n (in)
                                                         i_rst_n (net)
                      2.804778    0.000000    7.915896 ^ _1074_/RESET_B (sky130_fd_sc_hd__dfrtp_2)
                                              7.915896   data arrival time

                      0.150000   32.000000   32.000000   clock i_clk (rise edge)
                                  0.000000   32.000000   clock network delay (ideal)
                                 -0.250000   31.750000   clock uncertainty
                                  0.000000   31.750000   clock reconvergence pessimism
                                             31.750000 ^ _1074_/CLK (sky130_fd_sc_hd__dfrtp_2)
                                 -0.667418   31.082582   library recovery time
                                             31.082582   data required time
---------------------------------------------------------------------------------------------
                                             31.082582   data required time
                                             -7.915896   data arrival time
---------------------------------------------------------------------------------------------
                                             23.166687   slack (MET)


Startpoint: i_rst_n (input port clocked by i_clk)
Endpoint: _1075_ (recovery check against rising-edge clock i_clk)
Path Group: asynchronous
Path Type: max

Fanout         Cap        Slew       Delay        Time   Description
---------------------------------------------------------------------------------------------
                      0.150000    0.000000    0.000000   clock i_clk (rise edge)
                                  0.000000    0.000000   clock network delay (ideal)
                                  6.000000    6.000000 ^ input external delay
   203    0.626170    2.804778    1.915896    7.915896 ^ i_rst_n (in)
                                                         i_rst_n (net)
                      2.804778    0.000000    7.915896 ^ _1075_/RESET_B (sky130_fd_sc_hd__dfrtp_2)
                                              7.915896   data arrival time

                      0.150000   32.000000   32.000000   clock i_clk (rise edge)
                                  0.000000   32.000000   clock network delay (ideal)
                                 -0.250000   31.750000   clock uncertainty
                                  0.000000   31.750000   clock reconvergence pessimism
                                             31.750000 ^ _1075_/CLK (sky130_fd_sc_hd__dfrtp_2)
                                 -0.667418   31.082582   library recovery time
                                             31.082582   data required time
---------------------------------------------------------------------------------------------
                                             31.082582   data required time
                                             -7.915896   data arrival time
---------------------------------------------------------------------------------------------
                                             23.166687   slack (MET)


Startpoint: i_rst_n (input port clocked by i_clk)
Endpoint: _1076_ (recovery check against rising-edge clock i_clk)
Path Group: asynchronous
Path Type: max

Fanout         Cap        Slew       Delay        Time   Description
---------------------------------------------------------------------------------------------
                      0.150000    0.000000    0.000000   clock i_clk (rise edge)
                                  0.000000    0.000000   clock network delay (ideal)
                                  6.000000    6.000000 ^ input external delay
   203    0.626170    2.804778    1.915896    7.915896 ^ i_rst_n (in)
                                                         i_rst_n (net)
                      2.804778    0.000000    7.915896 ^ _1076_/RESET_B (sky130_fd_sc_hd__dfrtp_2)
                                              7.915896   data arrival time

                      0.150000   32.000000   32.000000   clock i_clk (rise edge)
                                  0.000000   32.000000   clock network delay (ideal)
                                 -0.250000   31.750000   clock uncertainty
                                  0.000000   31.750000   clock reconvergence pessimism
                                             31.750000 ^ _1076_/CLK (sky130_fd_sc_hd__dfrtp_2)
                                 -0.667418   31.082582   library recovery time
                                             31.082582   data required time
---------------------------------------------------------------------------------------------
                                             31.082582   data required time
                                             -7.915896   data arrival time
---------------------------------------------------------------------------------------------
                                             23.166687   slack (MET)


Startpoint: i_rst_n (input port clocked by i_clk)
Endpoint: _1078_ (recovery check against rising-edge clock i_clk)
Path Group: asynchronous
Path Type: max

Fanout         Cap        Slew       Delay        Time   Description
---------------------------------------------------------------------------------------------
                      0.150000    0.000000    0.000000   clock i_clk (rise edge)
                                  0.000000    0.000000   clock network delay (ideal)
                                  6.000000    6.000000 ^ input external delay
   203    0.626170    2.804778    1.915896    7.915896 ^ i_rst_n (in)
                                                         i_rst_n (net)
                      2.804778    0.000000    7.915896 ^ _1078_/RESET_B (sky130_fd_sc_hd__dfrtp_2)
                                              7.915896   data arrival time

                      0.150000   32.000000   32.000000   clock i_clk (rise edge)
                                  0.000000   32.000000   clock network delay (ideal)
                                 -0.250000   31.750000   clock uncertainty
                                  0.000000   31.750000   clock reconvergence pessimism
                                             31.750000 ^ _1078_/CLK (sky130_fd_sc_hd__dfrtp_2)
                                 -0.667418   31.082582   library recovery time
                                             31.082582   data required time
---------------------------------------------------------------------------------------------
                                             31.082582   data required time
                                             -7.915896   data arrival time
---------------------------------------------------------------------------------------------
                                             23.166687   slack (MET)


Startpoint: i_rst_n (input port clocked by i_clk)
Endpoint: _1079_ (recovery check against rising-edge clock i_clk)
Path Group: asynchronous
Path Type: max

Fanout         Cap        Slew       Delay        Time   Description
---------------------------------------------------------------------------------------------
                      0.150000    0.000000    0.000000   clock i_clk (rise edge)
                                  0.000000    0.000000   clock network delay (ideal)
                                  6.000000    6.000000 ^ input external delay
   203    0.626170    2.804778    1.915896    7.915896 ^ i_rst_n (in)
                                                         i_rst_n (net)
                      2.804778    0.000000    7.915896 ^ _1079_/RESET_B (sky130_fd_sc_hd__dfrtp_2)
                                              7.915896   data arrival time

                      0.150000   32.000000   32.000000   clock i_clk (rise edge)
                                  0.000000   32.000000   clock network delay (ideal)
                                 -0.250000   31.750000   clock uncertainty
                                  0.000000   31.750000   clock reconvergence pessimism
                                             31.750000 ^ _1079_/CLK (sky130_fd_sc_hd__dfrtp_2)
                                 -0.667418   31.082582   library recovery time
                                             31.082582   data required time
---------------------------------------------------------------------------------------------
                                             31.082582   data required time
                                             -7.915896   data arrival time
---------------------------------------------------------------------------------------------
                                             23.166687   slack (MET)


Startpoint: i_rst_n (input port clocked by i_clk)
Endpoint: _1080_ (recovery check against rising-edge clock i_clk)
Path Group: asynchronous
Path Type: max

Fanout         Cap        Slew       Delay        Time   Description
---------------------------------------------------------------------------------------------
                      0.150000    0.000000    0.000000   clock i_clk (rise edge)
                                  0.000000    0.000000   clock network delay (ideal)
                                  6.000000    6.000000 ^ input external delay
   203    0.626170    2.804778    1.915896    7.915896 ^ i_rst_n (in)
                                                         i_rst_n (net)
                      2.804778    0.000000    7.915896 ^ _1080_/RESET_B (sky130_fd_sc_hd__dfrtp_2)
                                              7.915896   data arrival time

                      0.150000   32.000000   32.000000   clock i_clk (rise edge)
                                  0.000000   32.000000   clock network delay (ideal)
                                 -0.250000   31.750000   clock uncertainty
                                  0.000000   31.750000   clock reconvergence pessimism
                                             31.750000 ^ _1080_/CLK (sky130_fd_sc_hd__dfrtp_2)
                                 -0.667418   31.082582   library recovery time
                                             31.082582   data required time
---------------------------------------------------------------------------------------------
                                             31.082582   data required time
                                             -7.915896   data arrival time
---------------------------------------------------------------------------------------------
                                             23.166687   slack (MET)


Startpoint: i_rst_n (input port clocked by i_clk)
Endpoint: _1081_ (recovery check against rising-edge clock i_clk)
Path Group: asynchronous
Path Type: max

Fanout         Cap        Slew       Delay        Time   Description
---------------------------------------------------------------------------------------------
                      0.150000    0.000000    0.000000   clock i_clk (rise edge)
                                  0.000000    0.000000   clock network delay (ideal)
                                  6.000000    6.000000 ^ input external delay
   203    0.626170    2.804778    1.915896    7.915896 ^ i_rst_n (in)
                                                         i_rst_n (net)
                      2.804778    0.000000    7.915896 ^ _1081_/RESET_B (sky130_fd_sc_hd__dfrtp_2)
                                              7.915896   data arrival time

                      0.150000   32.000000   32.000000   clock i_clk (rise edge)
                                  0.000000   32.000000   clock network delay (ideal)
                                 -0.250000   31.750000   clock uncertainty
                                  0.000000   31.750000   clock reconvergence pessimism
                                             31.750000 ^ _1081_/CLK (sky130_fd_sc_hd__dfrtp_2)
                                 -0.667418   31.082582   library recovery time
                                             31.082582   data required time
---------------------------------------------------------------------------------------------
                                             31.082582   data required time
                                             -7.915896   data arrival time
---------------------------------------------------------------------------------------------
                                             23.166687   slack (MET)


Startpoint: i_rst_n (input port clocked by i_clk)
Endpoint: _1082_ (recovery check against rising-edge clock i_clk)
Path Group: asynchronous
Path Type: max

Fanout         Cap        Slew       Delay        Time   Description
---------------------------------------------------------------------------------------------
                      0.150000    0.000000    0.000000   clock i_clk (rise edge)
                                  0.000000    0.000000   clock network delay (ideal)
                                  6.000000    6.000000 ^ input external delay
   203    0.626170    2.804778    1.915896    7.915896 ^ i_rst_n (in)
                                                         i_rst_n (net)
                      2.804778    0.000000    7.915896 ^ _1082_/RESET_B (sky130_fd_sc_hd__dfrtp_2)
                                              7.915896   data arrival time

                      0.150000   32.000000   32.000000   clock i_clk (rise edge)
                                  0.000000   32.000000   clock network delay (ideal)
                                 -0.250000   31.750000   clock uncertainty
                                  0.000000   31.750000   clock reconvergence pessimism
                                             31.750000 ^ _1082_/CLK (sky130_fd_sc_hd__dfrtp_2)
                                 -0.667418   31.082582   library recovery time
                                             31.082582   data required time
---------------------------------------------------------------------------------------------
                                             31.082582   data required time
                                             -7.915896   data arrival time
---------------------------------------------------------------------------------------------
                                             23.166687   slack (MET)


Startpoint: i_rst_n (input port clocked by i_clk)
Endpoint: _1083_ (recovery check against rising-edge clock i_clk)
Path Group: asynchronous
Path Type: max

Fanout         Cap        Slew       Delay        Time   Description
---------------------------------------------------------------------------------------------
                      0.150000    0.000000    0.000000   clock i_clk (rise edge)
                                  0.000000    0.000000   clock network delay (ideal)
                                  6.000000    6.000000 ^ input external delay
   203    0.626170    2.804778    1.915896    7.915896 ^ i_rst_n (in)
                                                         i_rst_n (net)
                      2.804778    0.000000    7.915896 ^ _1083_/RESET_B (sky130_fd_sc_hd__dfrtp_2)
                                              7.915896   data arrival time

                      0.150000   32.000000   32.000000   clock i_clk (rise edge)
                                  0.000000   32.000000   clock network delay (ideal)
                                 -0.250000   31.750000   clock uncertainty
                                  0.000000   31.750000   clock reconvergence pessimism
                                             31.750000 ^ _1083_/CLK (sky130_fd_sc_hd__dfrtp_2)
                                 -0.667418   31.082582   library recovery time
                                             31.082582   data required time
---------------------------------------------------------------------------------------------
                                             31.082582   data required time
                                             -7.915896   data arrival time
---------------------------------------------------------------------------------------------
                                             23.166687   slack (MET)


Startpoint: i_rst_n (input port clocked by i_clk)
Endpoint: _1084_ (recovery check against rising-edge clock i_clk)
Path Group: asynchronous
Path Type: max

Fanout         Cap        Slew       Delay        Time   Description
---------------------------------------------------------------------------------------------
                      0.150000    0.000000    0.000000   clock i_clk (rise edge)
                                  0.000000    0.000000   clock network delay (ideal)
                                  6.000000    6.000000 ^ input external delay
   203    0.626170    2.804778    1.915896    7.915896 ^ i_rst_n (in)
                                                         i_rst_n (net)
                      2.804778    0.000000    7.915896 ^ _1084_/RESET_B (sky130_fd_sc_hd__dfrtp_2)
                                              7.915896   data arrival time

                      0.150000   32.000000   32.000000   clock i_clk (rise edge)
                                  0.000000   32.000000   clock network delay (ideal)
                                 -0.250000   31.750000   clock uncertainty
                                  0.000000   31.750000   clock reconvergence pessimism
                                             31.750000 ^ _1084_/CLK (sky130_fd_sc_hd__dfrtp_2)
                                 -0.667418   31.082582   library recovery time
                                             31.082582   data required time
---------------------------------------------------------------------------------------------
                                             31.082582   data required time
                                             -7.915896   data arrival time
---------------------------------------------------------------------------------------------
                                             23.166687   slack (MET)


Startpoint: i_rst_n (input port clocked by i_clk)
Endpoint: _1085_ (recovery check against rising-edge clock i_clk)
Path Group: asynchronous
Path Type: max

Fanout         Cap        Slew       Delay        Time   Description
---------------------------------------------------------------------------------------------
                      0.150000    0.000000    0.000000   clock i_clk (rise edge)
                                  0.000000    0.000000   clock network delay (ideal)
                                  6.000000    6.000000 ^ input external delay
   203    0.626170    2.804778    1.915896    7.915896 ^ i_rst_n (in)
                                                         i_rst_n (net)
                      2.804778    0.000000    7.915896 ^ _1085_/RESET_B (sky130_fd_sc_hd__dfrtp_2)
                                              7.915896   data arrival time

                      0.150000   32.000000   32.000000   clock i_clk (rise edge)
                                  0.000000   32.000000   clock network delay (ideal)
                                 -0.250000   31.750000   clock uncertainty
                                  0.000000   31.750000   clock reconvergence pessimism
                                             31.750000 ^ _1085_/CLK (sky130_fd_sc_hd__dfrtp_2)
                                 -0.667418   31.082582   library recovery time
                                             31.082582   data required time
---------------------------------------------------------------------------------------------
                                             31.082582   data required time
                                             -7.915896   data arrival time
---------------------------------------------------------------------------------------------
                                             23.166687   slack (MET)


Startpoint: i_rst_n (input port clocked by i_clk)
Endpoint: _1086_ (recovery check against rising-edge clock i_clk)
Path Group: asynchronous
Path Type: max

Fanout         Cap        Slew       Delay        Time   Description
---------------------------------------------------------------------------------------------
                      0.150000    0.000000    0.000000   clock i_clk (rise edge)
                                  0.000000    0.000000   clock network delay (ideal)
                                  6.000000    6.000000 ^ input external delay
   203    0.626170    2.804778    1.915896    7.915896 ^ i_rst_n (in)
                                                         i_rst_n (net)
                      2.804778    0.000000    7.915896 ^ _1086_/RESET_B (sky130_fd_sc_hd__dfrtp_2)
                                              7.915896   data arrival time

                      0.150000   32.000000   32.000000   clock i_clk (rise edge)
                                  0.000000   32.000000   clock network delay (ideal)
                                 -0.250000   31.750000   clock uncertainty
                                  0.000000   31.750000   clock reconvergence pessimism
                                             31.750000 ^ _1086_/CLK (sky130_fd_sc_hd__dfrtp_2)
                                 -0.667418   31.082582   library recovery time
                                             31.082582   data required time
---------------------------------------------------------------------------------------------
                                             31.082582   data required time
                                             -7.915896   data arrival time
---------------------------------------------------------------------------------------------
                                             23.166687   slack (MET)


Startpoint: i_rst_n (input port clocked by i_clk)
Endpoint: _1087_ (recovery check against rising-edge clock i_clk)
Path Group: asynchronous
Path Type: max

Fanout         Cap        Slew       Delay        Time   Description
---------------------------------------------------------------------------------------------
                      0.150000    0.000000    0.000000   clock i_clk (rise edge)
                                  0.000000    0.000000   clock network delay (ideal)
                                  6.000000    6.000000 ^ input external delay
   203    0.626170    2.804778    1.915896    7.915896 ^ i_rst_n (in)
                                                         i_rst_n (net)
                      2.804778    0.000000    7.915896 ^ _1087_/RESET_B (sky130_fd_sc_hd__dfrtp_2)
                                              7.915896   data arrival time

                      0.150000   32.000000   32.000000   clock i_clk (rise edge)
                                  0.000000   32.000000   clock network delay (ideal)
                                 -0.250000   31.750000   clock uncertainty
                                  0.000000   31.750000   clock reconvergence pessimism
                                             31.750000 ^ _1087_/CLK (sky130_fd_sc_hd__dfrtp_2)
                                 -0.667418   31.082582   library recovery time
                                             31.082582   data required time
---------------------------------------------------------------------------------------------
                                             31.082582   data required time
                                             -7.915896   data arrival time
---------------------------------------------------------------------------------------------
                                             23.166687   slack (MET)


Startpoint: i_rst_n (input port clocked by i_clk)
Endpoint: _1088_ (recovery check against rising-edge clock i_clk)
Path Group: asynchronous
Path Type: max

Fanout         Cap        Slew       Delay        Time   Description
---------------------------------------------------------------------------------------------
                      0.150000    0.000000    0.000000   clock i_clk (rise edge)
                                  0.000000    0.000000   clock network delay (ideal)
                                  6.000000    6.000000 ^ input external delay
   203    0.626170    2.804778    1.915896    7.915896 ^ i_rst_n (in)
                                                         i_rst_n (net)
                      2.804778    0.000000    7.915896 ^ _1088_/RESET_B (sky130_fd_sc_hd__dfrtp_2)
                                              7.915896   data arrival time

                      0.150000   32.000000   32.000000   clock i_clk (rise edge)
                                  0.000000   32.000000   clock network delay (ideal)
                                 -0.250000   31.750000   clock uncertainty
                                  0.000000   31.750000   clock reconvergence pessimism
                                             31.750000 ^ _1088_/CLK (sky130_fd_sc_hd__dfrtp_2)
                                 -0.667418   31.082582   library recovery time
                                             31.082582   data required time
---------------------------------------------------------------------------------------------
                                             31.082582   data required time
                                             -7.915896   data arrival time
---------------------------------------------------------------------------------------------
                                             23.166687   slack (MET)


Startpoint: i_rst_n (input port clocked by i_clk)
Endpoint: _1089_ (recovery check against rising-edge clock i_clk)
Path Group: asynchronous
Path Type: max

Fanout         Cap        Slew       Delay        Time   Description
---------------------------------------------------------------------------------------------
                      0.150000    0.000000    0.000000   clock i_clk (rise edge)
                                  0.000000    0.000000   clock network delay (ideal)
                                  6.000000    6.000000 ^ input external delay
   203    0.626170    2.804778    1.915896    7.915896 ^ i_rst_n (in)
                                                         i_rst_n (net)
                      2.804778    0.000000    7.915896 ^ _1089_/RESET_B (sky130_fd_sc_hd__dfrtp_2)
                                              7.915896   data arrival time

                      0.150000   32.000000   32.000000   clock i_clk (rise edge)
                                  0.000000   32.000000   clock network delay (ideal)
                                 -0.250000   31.750000   clock uncertainty
                                  0.000000   31.750000   clock reconvergence pessimism
                                             31.750000 ^ _1089_/CLK (sky130_fd_sc_hd__dfrtp_2)
                                 -0.667418   31.082582   library recovery time
                                             31.082582   data required time
---------------------------------------------------------------------------------------------
                                             31.082582   data required time
                                             -7.915896   data arrival time
---------------------------------------------------------------------------------------------
                                             23.166687   slack (MET)


Startpoint: i_rst_n (input port clocked by i_clk)
Endpoint: _1090_ (recovery check against rising-edge clock i_clk)
Path Group: asynchronous
Path Type: max

Fanout         Cap        Slew       Delay        Time   Description
---------------------------------------------------------------------------------------------
                      0.150000    0.000000    0.000000   clock i_clk (rise edge)
                                  0.000000    0.000000   clock network delay (ideal)
                                  6.000000    6.000000 ^ input external delay
   203    0.626170    2.804778    1.915896    7.915896 ^ i_rst_n (in)
                                                         i_rst_n (net)
                      2.804778    0.000000    7.915896 ^ _1090_/RESET_B (sky130_fd_sc_hd__dfrtp_2)
                                              7.915896   data arrival time

                      0.150000   32.000000   32.000000   clock i_clk (rise edge)
                                  0.000000   32.000000   clock network delay (ideal)
                                 -0.250000   31.750000   clock uncertainty
                                  0.000000   31.750000   clock reconvergence pessimism
                                             31.750000 ^ _1090_/CLK (sky130_fd_sc_hd__dfrtp_2)
                                 -0.667418   31.082582   library recovery time
                                             31.082582   data required time
---------------------------------------------------------------------------------------------
                                             31.082582   data required time
                                             -7.915896   data arrival time
---------------------------------------------------------------------------------------------
                                             23.166687   slack (MET)


Startpoint: i_rst_n (input port clocked by i_clk)
Endpoint: _1091_ (recovery check against rising-edge clock i_clk)
Path Group: asynchronous
Path Type: max

Fanout         Cap        Slew       Delay        Time   Description
---------------------------------------------------------------------------------------------
                      0.150000    0.000000    0.000000   clock i_clk (rise edge)
                                  0.000000    0.000000   clock network delay (ideal)
                                  6.000000    6.000000 ^ input external delay
   203    0.626170    2.804778    1.915896    7.915896 ^ i_rst_n (in)
                                                         i_rst_n (net)
                      2.804778    0.000000    7.915896 ^ _1091_/RESET_B (sky130_fd_sc_hd__dfrtp_2)
                                              7.915896   data arrival time

                      0.150000   32.000000   32.000000   clock i_clk (rise edge)
                                  0.000000   32.000000   clock network delay (ideal)
                                 -0.250000   31.750000   clock uncertainty
                                  0.000000   31.750000   clock reconvergence pessimism
                                             31.750000 ^ _1091_/CLK (sky130_fd_sc_hd__dfrtp_2)
                                 -0.667418   31.082582   library recovery time
                                             31.082582   data required time
---------------------------------------------------------------------------------------------
                                             31.082582   data required time
                                             -7.915896   data arrival time
---------------------------------------------------------------------------------------------
                                             23.166687   slack (MET)


Startpoint: i_rst_n (input port clocked by i_clk)
Endpoint: _1092_ (recovery check against rising-edge clock i_clk)
Path Group: asynchronous
Path Type: max

Fanout         Cap        Slew       Delay        Time   Description
---------------------------------------------------------------------------------------------
                      0.150000    0.000000    0.000000   clock i_clk (rise edge)
                                  0.000000    0.000000   clock network delay (ideal)
                                  6.000000    6.000000 ^ input external delay
   203    0.626170    2.804778    1.915896    7.915896 ^ i_rst_n (in)
                                                         i_rst_n (net)
                      2.804778    0.000000    7.915896 ^ _1092_/RESET_B (sky130_fd_sc_hd__dfrtp_2)
                                              7.915896   data arrival time

                      0.150000   32.000000   32.000000   clock i_clk (rise edge)
                                  0.000000   32.000000   clock network delay (ideal)
                                 -0.250000   31.750000   clock uncertainty
                                  0.000000   31.750000   clock reconvergence pessimism
                                             31.750000 ^ _1092_/CLK (sky130_fd_sc_hd__dfrtp_2)
                                 -0.667418   31.082582   library recovery time
                                             31.082582   data required time
---------------------------------------------------------------------------------------------
                                             31.082582   data required time
                                             -7.915896   data arrival time
---------------------------------------------------------------------------------------------
                                             23.166687   slack (MET)


Startpoint: i_rst_n (input port clocked by i_clk)
Endpoint: _1093_ (recovery check against rising-edge clock i_clk)
Path Group: asynchronous
Path Type: max

Fanout         Cap        Slew       Delay        Time   Description
---------------------------------------------------------------------------------------------
                      0.150000    0.000000    0.000000   clock i_clk (rise edge)
                                  0.000000    0.000000   clock network delay (ideal)
                                  6.000000    6.000000 ^ input external delay
   203    0.626170    2.804778    1.915896    7.915896 ^ i_rst_n (in)
                                                         i_rst_n (net)
                      2.804778    0.000000    7.915896 ^ _1093_/RESET_B (sky130_fd_sc_hd__dfrtp_2)
                                              7.915896   data arrival time

                      0.150000   32.000000   32.000000   clock i_clk (rise edge)
                                  0.000000   32.000000   clock network delay (ideal)
                                 -0.250000   31.750000   clock uncertainty
                                  0.000000   31.750000   clock reconvergence pessimism
                                             31.750000 ^ _1093_/CLK (sky130_fd_sc_hd__dfrtp_2)
                                 -0.667418   31.082582   library recovery time
                                             31.082582   data required time
---------------------------------------------------------------------------------------------
                                             31.082582   data required time
                                             -7.915896   data arrival time
---------------------------------------------------------------------------------------------
                                             23.166687   slack (MET)


Startpoint: i_rst_n (input port clocked by i_clk)
Endpoint: _1094_ (recovery check against rising-edge clock i_clk)
Path Group: asynchronous
Path Type: max

Fanout         Cap        Slew       Delay        Time   Description
---------------------------------------------------------------------------------------------
                      0.150000    0.000000    0.000000   clock i_clk (rise edge)
                                  0.000000    0.000000   clock network delay (ideal)
                                  6.000000    6.000000 ^ input external delay
   203    0.626170    2.804778    1.915896    7.915896 ^ i_rst_n (in)
                                                         i_rst_n (net)
                      2.804778    0.000000    7.915896 ^ _1094_/RESET_B (sky130_fd_sc_hd__dfrtp_2)
                                              7.915896   data arrival time

                      0.150000   32.000000   32.000000   clock i_clk (rise edge)
                                  0.000000   32.000000   clock network delay (ideal)
                                 -0.250000   31.750000   clock uncertainty
                                  0.000000   31.750000   clock reconvergence pessimism
                                             31.750000 ^ _1094_/CLK (sky130_fd_sc_hd__dfrtp_2)
                                 -0.667418   31.082582   library recovery time
                                             31.082582   data required time
---------------------------------------------------------------------------------------------
                                             31.082582   data required time
                                             -7.915896   data arrival time
---------------------------------------------------------------------------------------------
                                             23.166687   slack (MET)


Startpoint: i_rst_n (input port clocked by i_clk)
Endpoint: _1095_ (recovery check against rising-edge clock i_clk)
Path Group: asynchronous
Path Type: max

Fanout         Cap        Slew       Delay        Time   Description
---------------------------------------------------------------------------------------------
                      0.150000    0.000000    0.000000   clock i_clk (rise edge)
                                  0.000000    0.000000   clock network delay (ideal)
                                  6.000000    6.000000 ^ input external delay
   203    0.626170    2.804778    1.915896    7.915896 ^ i_rst_n (in)
                                                         i_rst_n (net)
                      2.804778    0.000000    7.915896 ^ _1095_/RESET_B (sky130_fd_sc_hd__dfrtp_2)
                                              7.915896   data arrival time

                      0.150000   32.000000   32.000000   clock i_clk (rise edge)
                                  0.000000   32.000000   clock network delay (ideal)
                                 -0.250000   31.750000   clock uncertainty
                                  0.000000   31.750000   clock reconvergence pessimism
                                             31.750000 ^ _1095_/CLK (sky130_fd_sc_hd__dfrtp_2)
                                 -0.667418   31.082582   library recovery time
                                             31.082582   data required time
---------------------------------------------------------------------------------------------
                                             31.082582   data required time
                                             -7.915896   data arrival time
---------------------------------------------------------------------------------------------
                                             23.166687   slack (MET)


Startpoint: i_rst_n (input port clocked by i_clk)
Endpoint: _1096_ (recovery check against rising-edge clock i_clk)
Path Group: asynchronous
Path Type: max

Fanout         Cap        Slew       Delay        Time   Description
---------------------------------------------------------------------------------------------
                      0.150000    0.000000    0.000000   clock i_clk (rise edge)
                                  0.000000    0.000000   clock network delay (ideal)
                                  6.000000    6.000000 ^ input external delay
   203    0.626170    2.804778    1.915896    7.915896 ^ i_rst_n (in)
                                                         i_rst_n (net)
                      2.804778    0.000000    7.915896 ^ _1096_/RESET_B (sky130_fd_sc_hd__dfrtp_2)
                                              7.915896   data arrival time

                      0.150000   32.000000   32.000000   clock i_clk (rise edge)
                                  0.000000   32.000000   clock network delay (ideal)
                                 -0.250000   31.750000   clock uncertainty
                                  0.000000   31.750000   clock reconvergence pessimism
                                             31.750000 ^ _1096_/CLK (sky130_fd_sc_hd__dfrtp_2)
                                 -0.667418   31.082582   library recovery time
                                             31.082582   data required time
---------------------------------------------------------------------------------------------
                                             31.082582   data required time
                                             -7.915896   data arrival time
---------------------------------------------------------------------------------------------
                                             23.166687   slack (MET)


Startpoint: i_rst_n (input port clocked by i_clk)
Endpoint: _1106_ (recovery check against rising-edge clock i_clk)
Path Group: asynchronous
Path Type: max

Fanout         Cap        Slew       Delay        Time   Description
---------------------------------------------------------------------------------------------
                      0.150000    0.000000    0.000000   clock i_clk (rise edge)
                                  0.000000    0.000000   clock network delay (ideal)
                                  6.000000    6.000000 ^ input external delay
   203    0.626170    2.804778    1.915896    7.915896 ^ i_rst_n (in)
                                                         i_rst_n (net)
                      2.804778    0.000000    7.915896 ^ _1106_/RESET_B (sky130_fd_sc_hd__dfrtp_2)
                                              7.915896   data arrival time

                      0.150000   32.000000   32.000000   clock i_clk (rise edge)
                                  0.000000   32.000000   clock network delay (ideal)
                                 -0.250000   31.750000   clock uncertainty
                                  0.000000   31.750000   clock reconvergence pessimism
                                             31.750000 ^ _1106_/CLK (sky130_fd_sc_hd__dfrtp_2)
                                 -0.667418   31.082582   library recovery time
                                             31.082582   data required time
---------------------------------------------------------------------------------------------
                                             31.082582   data required time
                                             -7.915896   data arrival time
---------------------------------------------------------------------------------------------
                                             23.166687   slack (MET)


Startpoint: i_rst_n (input port clocked by i_clk)
Endpoint: _1107_ (recovery check against rising-edge clock i_clk)
Path Group: asynchronous
Path Type: max

Fanout         Cap        Slew       Delay        Time   Description
---------------------------------------------------------------------------------------------
                      0.150000    0.000000    0.000000   clock i_clk (rise edge)
                                  0.000000    0.000000   clock network delay (ideal)
                                  6.000000    6.000000 ^ input external delay
   203    0.626170    2.804778    1.915896    7.915896 ^ i_rst_n (in)
                                                         i_rst_n (net)
                      2.804778    0.000000    7.915896 ^ _1107_/RESET_B (sky130_fd_sc_hd__dfrtp_2)
                                              7.915896   data arrival time

                      0.150000   32.000000   32.000000   clock i_clk (rise edge)
                                  0.000000   32.000000   clock network delay (ideal)
                                 -0.250000   31.750000   clock uncertainty
                                  0.000000   31.750000   clock reconvergence pessimism
                                             31.750000 ^ _1107_/CLK (sky130_fd_sc_hd__dfrtp_2)
                                 -0.667418   31.082582   library recovery time
                                             31.082582   data required time
---------------------------------------------------------------------------------------------
                                             31.082582   data required time
                                             -7.915896   data arrival time
---------------------------------------------------------------------------------------------
                                             23.166687   slack (MET)


Startpoint: i_rst_n (input port clocked by i_clk)
Endpoint: _1108_ (recovery check against rising-edge clock i_clk)
Path Group: asynchronous
Path Type: max

Fanout         Cap        Slew       Delay        Time   Description
---------------------------------------------------------------------------------------------
                      0.150000    0.000000    0.000000   clock i_clk (rise edge)
                                  0.000000    0.000000   clock network delay (ideal)
                                  6.000000    6.000000 ^ input external delay
   203    0.626170    2.804778    1.915896    7.915896 ^ i_rst_n (in)
                                                         i_rst_n (net)
                      2.804778    0.000000    7.915896 ^ _1108_/RESET_B (sky130_fd_sc_hd__dfrtp_2)
                                              7.915896   data arrival time

                      0.150000   32.000000   32.000000   clock i_clk (rise edge)
                                  0.000000   32.000000   clock network delay (ideal)
                                 -0.250000   31.750000   clock uncertainty
                                  0.000000   31.750000   clock reconvergence pessimism
                                             31.750000 ^ _1108_/CLK (sky130_fd_sc_hd__dfrtp_2)
                                 -0.667418   31.082582   library recovery time
                                             31.082582   data required time
---------------------------------------------------------------------------------------------
                                             31.082582   data required time
                                             -7.915896   data arrival time
---------------------------------------------------------------------------------------------
                                             23.166687   slack (MET)


Startpoint: i_rst_n (input port clocked by i_clk)
Endpoint: _1109_ (recovery check against rising-edge clock i_clk)
Path Group: asynchronous
Path Type: max

Fanout         Cap        Slew       Delay        Time   Description
---------------------------------------------------------------------------------------------
                      0.150000    0.000000    0.000000   clock i_clk (rise edge)
                                  0.000000    0.000000   clock network delay (ideal)
                                  6.000000    6.000000 ^ input external delay
   203    0.626170    2.804778    1.915896    7.915896 ^ i_rst_n (in)
                                                         i_rst_n (net)
                      2.804778    0.000000    7.915896 ^ _1109_/RESET_B (sky130_fd_sc_hd__dfrtp_2)
                                              7.915896   data arrival time

                      0.150000   32.000000   32.000000   clock i_clk (rise edge)
                                  0.000000   32.000000   clock network delay (ideal)
                                 -0.250000   31.750000   clock uncertainty
                                  0.000000   31.750000   clock reconvergence pessimism
                                             31.750000 ^ _1109_/CLK (sky130_fd_sc_hd__dfrtp_2)
                                 -0.667418   31.082582   library recovery time
                                             31.082582   data required time
---------------------------------------------------------------------------------------------
                                             31.082582   data required time
                                             -7.915896   data arrival time
---------------------------------------------------------------------------------------------
                                             23.166687   slack (MET)


Startpoint: i_rst_n (input port clocked by i_clk)
Endpoint: _1110_ (recovery check against rising-edge clock i_clk)
Path Group: asynchronous
Path Type: max

Fanout         Cap        Slew       Delay        Time   Description
---------------------------------------------------------------------------------------------
                      0.150000    0.000000    0.000000   clock i_clk (rise edge)
                                  0.000000    0.000000   clock network delay (ideal)
                                  6.000000    6.000000 ^ input external delay
   203    0.626170    2.804778    1.915896    7.915896 ^ i_rst_n (in)
                                                         i_rst_n (net)
                      2.804778    0.000000    7.915896 ^ _1110_/RESET_B (sky130_fd_sc_hd__dfrtp_2)
                                              7.915896   data arrival time

                      0.150000   32.000000   32.000000   clock i_clk (rise edge)
                                  0.000000   32.000000   clock network delay (ideal)
                                 -0.250000   31.750000   clock uncertainty
                                  0.000000   31.750000   clock reconvergence pessimism
                                             31.750000 ^ _1110_/CLK (sky130_fd_sc_hd__dfrtp_2)
                                 -0.667418   31.082582   library recovery time
                                             31.082582   data required time
---------------------------------------------------------------------------------------------
                                             31.082582   data required time
                                             -7.915896   data arrival time
---------------------------------------------------------------------------------------------
                                             23.166687   slack (MET)


Startpoint: i_rst_n (input port clocked by i_clk)
Endpoint: _1111_ (recovery check against rising-edge clock i_clk)
Path Group: asynchronous
Path Type: max

Fanout         Cap        Slew       Delay        Time   Description
---------------------------------------------------------------------------------------------
                      0.150000    0.000000    0.000000   clock i_clk (rise edge)
                                  0.000000    0.000000   clock network delay (ideal)
                                  6.000000    6.000000 ^ input external delay
   203    0.626170    2.804778    1.915896    7.915896 ^ i_rst_n (in)
                                                         i_rst_n (net)
                      2.804778    0.000000    7.915896 ^ _1111_/RESET_B (sky130_fd_sc_hd__dfrtp_2)
                                              7.915896   data arrival time

                      0.150000   32.000000   32.000000   clock i_clk (rise edge)
                                  0.000000   32.000000   clock network delay (ideal)
                                 -0.250000   31.750000   clock uncertainty
                                  0.000000   31.750000   clock reconvergence pessimism
                                             31.750000 ^ _1111_/CLK (sky130_fd_sc_hd__dfrtp_2)
                                 -0.667418   31.082582   library recovery time
                                             31.082582   data required time
---------------------------------------------------------------------------------------------
                                             31.082582   data required time
                                             -7.915896   data arrival time
---------------------------------------------------------------------------------------------
                                             23.166687   slack (MET)


Startpoint: i_rst_n (input port clocked by i_clk)
Endpoint: _1112_ (recovery check against rising-edge clock i_clk)
Path Group: asynchronous
Path Type: max

Fanout         Cap        Slew       Delay        Time   Description
---------------------------------------------------------------------------------------------
                      0.150000    0.000000    0.000000   clock i_clk (rise edge)
                                  0.000000    0.000000   clock network delay (ideal)
                                  6.000000    6.000000 ^ input external delay
   203    0.626170    2.804778    1.915896    7.915896 ^ i_rst_n (in)
                                                         i_rst_n (net)
                      2.804778    0.000000    7.915896 ^ _1112_/RESET_B (sky130_fd_sc_hd__dfrtp_2)
                                              7.915896   data arrival time

                      0.150000   32.000000   32.000000   clock i_clk (rise edge)
                                  0.000000   32.000000   clock network delay (ideal)
                                 -0.250000   31.750000   clock uncertainty
                                  0.000000   31.750000   clock reconvergence pessimism
                                             31.750000 ^ _1112_/CLK (sky130_fd_sc_hd__dfrtp_2)
                                 -0.667418   31.082582   library recovery time
                                             31.082582   data required time
---------------------------------------------------------------------------------------------
                                             31.082582   data required time
                                             -7.915896   data arrival time
---------------------------------------------------------------------------------------------
                                             23.166687   slack (MET)


Startpoint: i_rst_n (input port clocked by i_clk)
Endpoint: _1113_ (recovery check against rising-edge clock i_clk)
Path Group: asynchronous
Path Type: max

Fanout         Cap        Slew       Delay        Time   Description
---------------------------------------------------------------------------------------------
                      0.150000    0.000000    0.000000   clock i_clk (rise edge)
                                  0.000000    0.000000   clock network delay (ideal)
                                  6.000000    6.000000 ^ input external delay
   203    0.626170    2.804778    1.915896    7.915896 ^ i_rst_n (in)
                                                         i_rst_n (net)
                      2.804778    0.000000    7.915896 ^ _1113_/RESET_B (sky130_fd_sc_hd__dfrtp_2)
                                              7.915896   data arrival time

                      0.150000   32.000000   32.000000   clock i_clk (rise edge)
                                  0.000000   32.000000   clock network delay (ideal)
                                 -0.250000   31.750000   clock uncertainty
                                  0.000000   31.750000   clock reconvergence pessimism
                                             31.750000 ^ _1113_/CLK (sky130_fd_sc_hd__dfrtp_2)
                                 -0.667418   31.082582   library recovery time
                                             31.082582   data required time
---------------------------------------------------------------------------------------------
                                             31.082582   data required time
                                             -7.915896   data arrival time
---------------------------------------------------------------------------------------------
                                             23.166687   slack (MET)


Startpoint: i_rst_n (input port clocked by i_clk)
Endpoint: _1114_ (recovery check against rising-edge clock i_clk)
Path Group: asynchronous
Path Type: max

Fanout         Cap        Slew       Delay        Time   Description
---------------------------------------------------------------------------------------------
                      0.150000    0.000000    0.000000   clock i_clk (rise edge)
                                  0.000000    0.000000   clock network delay (ideal)
                                  6.000000    6.000000 ^ input external delay
   203    0.626170    2.804778    1.915896    7.915896 ^ i_rst_n (in)
                                                         i_rst_n (net)
                      2.804778    0.000000    7.915896 ^ _1114_/RESET_B (sky130_fd_sc_hd__dfrtp_2)
                                              7.915896   data arrival time

                      0.150000   32.000000   32.000000   clock i_clk (rise edge)
                                  0.000000   32.000000   clock network delay (ideal)
                                 -0.250000   31.750000   clock uncertainty
                                  0.000000   31.750000   clock reconvergence pessimism
                                             31.750000 ^ _1114_/CLK (sky130_fd_sc_hd__dfrtp_2)
                                 -0.667418   31.082582   library recovery time
                                             31.082582   data required time
---------------------------------------------------------------------------------------------
                                             31.082582   data required time
                                             -7.915896   data arrival time
---------------------------------------------------------------------------------------------
                                             23.166687   slack (MET)


Startpoint: i_rst_n (input port clocked by i_clk)
Endpoint: _1115_ (recovery check against rising-edge clock i_clk)
Path Group: asynchronous
Path Type: max

Fanout         Cap        Slew       Delay        Time   Description
---------------------------------------------------------------------------------------------
                      0.150000    0.000000    0.000000   clock i_clk (rise edge)
                                  0.000000    0.000000   clock network delay (ideal)
                                  6.000000    6.000000 ^ input external delay
   203    0.626170    2.804778    1.915896    7.915896 ^ i_rst_n (in)
                                                         i_rst_n (net)
                      2.804778    0.000000    7.915896 ^ _1115_/RESET_B (sky130_fd_sc_hd__dfrtp_2)
                                              7.915896   data arrival time

                      0.150000   32.000000   32.000000   clock i_clk (rise edge)
                                  0.000000   32.000000   clock network delay (ideal)
                                 -0.250000   31.750000   clock uncertainty
                                  0.000000   31.750000   clock reconvergence pessimism
                                             31.750000 ^ _1115_/CLK (sky130_fd_sc_hd__dfrtp_2)
                                 -0.667418   31.082582   library recovery time
                                             31.082582   data required time
---------------------------------------------------------------------------------------------
                                             31.082582   data required time
                                             -7.915896   data arrival time
---------------------------------------------------------------------------------------------
                                             23.166687   slack (MET)


Startpoint: i_rst_n (input port clocked by i_clk)
Endpoint: _1116_ (recovery check against rising-edge clock i_clk)
Path Group: asynchronous
Path Type: max

Fanout         Cap        Slew       Delay        Time   Description
---------------------------------------------------------------------------------------------
                      0.150000    0.000000    0.000000   clock i_clk (rise edge)
                                  0.000000    0.000000   clock network delay (ideal)
                                  6.000000    6.000000 ^ input external delay
   203    0.626170    2.804778    1.915896    7.915896 ^ i_rst_n (in)
                                                         i_rst_n (net)
                      2.804778    0.000000    7.915896 ^ _1116_/RESET_B (sky130_fd_sc_hd__dfrtp_2)
                                              7.915896   data arrival time

                      0.150000   32.000000   32.000000   clock i_clk (rise edge)
                                  0.000000   32.000000   clock network delay (ideal)
                                 -0.250000   31.750000   clock uncertainty
                                  0.000000   31.750000   clock reconvergence pessimism
                                             31.750000 ^ _1116_/CLK (sky130_fd_sc_hd__dfrtp_2)
                                 -0.667418   31.082582   library recovery time
                                             31.082582   data required time
---------------------------------------------------------------------------------------------
                                             31.082582   data required time
                                             -7.915896   data arrival time
---------------------------------------------------------------------------------------------
                                             23.166687   slack (MET)


Startpoint: i_rst_n (input port clocked by i_clk)
Endpoint: _1117_ (recovery check against rising-edge clock i_clk)
Path Group: asynchronous
Path Type: max

Fanout         Cap        Slew       Delay        Time   Description
---------------------------------------------------------------------------------------------
                      0.150000    0.000000    0.000000   clock i_clk (rise edge)
                                  0.000000    0.000000   clock network delay (ideal)
                                  6.000000    6.000000 ^ input external delay
   203    0.626170    2.804778    1.915896    7.915896 ^ i_rst_n (in)
                                                         i_rst_n (net)
                      2.804778    0.000000    7.915896 ^ _1117_/RESET_B (sky130_fd_sc_hd__dfrtp_2)
                                              7.915896   data arrival time

                      0.150000   32.000000   32.000000   clock i_clk (rise edge)
                                  0.000000   32.000000   clock network delay (ideal)
                                 -0.250000   31.750000   clock uncertainty
                                  0.000000   31.750000   clock reconvergence pessimism
                                             31.750000 ^ _1117_/CLK (sky130_fd_sc_hd__dfrtp_2)
                                 -0.667418   31.082582   library recovery time
                                             31.082582   data required time
---------------------------------------------------------------------------------------------
                                             31.082582   data required time
                                             -7.915896   data arrival time
---------------------------------------------------------------------------------------------
                                             23.166687   slack (MET)


Startpoint: i_rst_n (input port clocked by i_clk)
Endpoint: _1118_ (recovery check against rising-edge clock i_clk)
Path Group: asynchronous
Path Type: max

Fanout         Cap        Slew       Delay        Time   Description
---------------------------------------------------------------------------------------------
                      0.150000    0.000000    0.000000   clock i_clk (rise edge)
                                  0.000000    0.000000   clock network delay (ideal)
                                  6.000000    6.000000 ^ input external delay
   203    0.626170    2.804778    1.915896    7.915896 ^ i_rst_n (in)
                                                         i_rst_n (net)
                      2.804778    0.000000    7.915896 ^ _1118_/RESET_B (sky130_fd_sc_hd__dfrtp_2)
                                              7.915896   data arrival time

                      0.150000   32.000000   32.000000   clock i_clk (rise edge)
                                  0.000000   32.000000   clock network delay (ideal)
                                 -0.250000   31.750000   clock uncertainty
                                  0.000000   31.750000   clock reconvergence pessimism
                                             31.750000 ^ _1118_/CLK (sky130_fd_sc_hd__dfrtp_2)
                                 -0.667418   31.082582   library recovery time
                                             31.082582   data required time
---------------------------------------------------------------------------------------------
                                             31.082582   data required time
                                             -7.915896   data arrival time
---------------------------------------------------------------------------------------------
                                             23.166687   slack (MET)


Startpoint: i_rst_n (input port clocked by i_clk)
Endpoint: _1119_ (recovery check against rising-edge clock i_clk)
Path Group: asynchronous
Path Type: max

Fanout         Cap        Slew       Delay        Time   Description
---------------------------------------------------------------------------------------------
                      0.150000    0.000000    0.000000   clock i_clk (rise edge)
                                  0.000000    0.000000   clock network delay (ideal)
                                  6.000000    6.000000 ^ input external delay
   203    0.626170    2.804778    1.915896    7.915896 ^ i_rst_n (in)
                                                         i_rst_n (net)
                      2.804778    0.000000    7.915896 ^ _1119_/RESET_B (sky130_fd_sc_hd__dfrtp_2)
                                              7.915896   data arrival time

                      0.150000   32.000000   32.000000   clock i_clk (rise edge)
                                  0.000000   32.000000   clock network delay (ideal)
                                 -0.250000   31.750000   clock uncertainty
                                  0.000000   31.750000   clock reconvergence pessimism
                                             31.750000 ^ _1119_/CLK (sky130_fd_sc_hd__dfrtp_2)
                                 -0.667418   31.082582   library recovery time
                                             31.082582   data required time
---------------------------------------------------------------------------------------------
                                             31.082582   data required time
                                             -7.915896   data arrival time
---------------------------------------------------------------------------------------------
                                             23.166687   slack (MET)


Startpoint: i_rst_n (input port clocked by i_clk)
Endpoint: _1120_ (recovery check against rising-edge clock i_clk)
Path Group: asynchronous
Path Type: max

Fanout         Cap        Slew       Delay        Time   Description
---------------------------------------------------------------------------------------------
                      0.150000    0.000000    0.000000   clock i_clk (rise edge)
                                  0.000000    0.000000   clock network delay (ideal)
                                  6.000000    6.000000 ^ input external delay
   203    0.626170    2.804778    1.915896    7.915896 ^ i_rst_n (in)
                                                         i_rst_n (net)
                      2.804778    0.000000    7.915896 ^ _1120_/RESET_B (sky130_fd_sc_hd__dfrtp_2)
                                              7.915896   data arrival time

                      0.150000   32.000000   32.000000   clock i_clk (rise edge)
                                  0.000000   32.000000   clock network delay (ideal)
                                 -0.250000   31.750000   clock uncertainty
                                  0.000000   31.750000   clock reconvergence pessimism
                                             31.750000 ^ _1120_/CLK (sky130_fd_sc_hd__dfrtp_2)
                                 -0.667418   31.082582   library recovery time
                                             31.082582   data required time
---------------------------------------------------------------------------------------------
                                             31.082582   data required time
                                             -7.915896   data arrival time
---------------------------------------------------------------------------------------------
                                             23.166687   slack (MET)


Startpoint: i_rst_n (input port clocked by i_clk)
Endpoint: _1121_ (recovery check against rising-edge clock i_clk)
Path Group: asynchronous
Path Type: max

Fanout         Cap        Slew       Delay        Time   Description
---------------------------------------------------------------------------------------------
                      0.150000    0.000000    0.000000   clock i_clk (rise edge)
                                  0.000000    0.000000   clock network delay (ideal)
                                  6.000000    6.000000 ^ input external delay
   203    0.626170    2.804778    1.915896    7.915896 ^ i_rst_n (in)
                                                         i_rst_n (net)
                      2.804778    0.000000    7.915896 ^ _1121_/RESET_B (sky130_fd_sc_hd__dfrtp_2)
                                              7.915896   data arrival time

                      0.150000   32.000000   32.000000   clock i_clk (rise edge)
                                  0.000000   32.000000   clock network delay (ideal)
                                 -0.250000   31.750000   clock uncertainty
                                  0.000000   31.750000   clock reconvergence pessimism
                                             31.750000 ^ _1121_/CLK (sky130_fd_sc_hd__dfrtp_2)
                                 -0.667418   31.082582   library recovery time
                                             31.082582   data required time
---------------------------------------------------------------------------------------------
                                             31.082582   data required time
                                             -7.915896   data arrival time
---------------------------------------------------------------------------------------------
                                             23.166687   slack (MET)


Startpoint: i_rst_n (input port clocked by i_clk)
Endpoint: _1122_ (recovery check against rising-edge clock i_clk)
Path Group: asynchronous
Path Type: max

Fanout         Cap        Slew       Delay        Time   Description
---------------------------------------------------------------------------------------------
                      0.150000    0.000000    0.000000   clock i_clk (rise edge)
                                  0.000000    0.000000   clock network delay (ideal)
                                  6.000000    6.000000 ^ input external delay
   203    0.626170    2.804778    1.915896    7.915896 ^ i_rst_n (in)
                                                         i_rst_n (net)
                      2.804778    0.000000    7.915896 ^ _1122_/RESET_B (sky130_fd_sc_hd__dfrtp_2)
                                              7.915896   data arrival time

                      0.150000   32.000000   32.000000   clock i_clk (rise edge)
                                  0.000000   32.000000   clock network delay (ideal)
                                 -0.250000   31.750000   clock uncertainty
                                  0.000000   31.750000   clock reconvergence pessimism
                                             31.750000 ^ _1122_/CLK (sky130_fd_sc_hd__dfrtp_2)
                                 -0.667418   31.082582   library recovery time
                                             31.082582   data required time
---------------------------------------------------------------------------------------------
                                             31.082582   data required time
                                             -7.915896   data arrival time
---------------------------------------------------------------------------------------------
                                             23.166687   slack (MET)


Startpoint: i_rst_n (input port clocked by i_clk)
Endpoint: _1123_ (recovery check against rising-edge clock i_clk)
Path Group: asynchronous
Path Type: max

Fanout         Cap        Slew       Delay        Time   Description
---------------------------------------------------------------------------------------------
                      0.150000    0.000000    0.000000   clock i_clk (rise edge)
                                  0.000000    0.000000   clock network delay (ideal)
                                  6.000000    6.000000 ^ input external delay
   203    0.626170    2.804778    1.915896    7.915896 ^ i_rst_n (in)
                                                         i_rst_n (net)
                      2.804778    0.000000    7.915896 ^ _1123_/RESET_B (sky130_fd_sc_hd__dfrtp_2)
                                              7.915896   data arrival time

                      0.150000   32.000000   32.000000   clock i_clk (rise edge)
                                  0.000000   32.000000   clock network delay (ideal)
                                 -0.250000   31.750000   clock uncertainty
                                  0.000000   31.750000   clock reconvergence pessimism
                                             31.750000 ^ _1123_/CLK (sky130_fd_sc_hd__dfrtp_2)
                                 -0.667418   31.082582   library recovery time
                                             31.082582   data required time
---------------------------------------------------------------------------------------------
                                             31.082582   data required time
                                             -7.915896   data arrival time
---------------------------------------------------------------------------------------------
                                             23.166687   slack (MET)


Startpoint: i_rst_n (input port clocked by i_clk)
Endpoint: _1124_ (recovery check against rising-edge clock i_clk)
Path Group: asynchronous
Path Type: max

Fanout         Cap        Slew       Delay        Time   Description
---------------------------------------------------------------------------------------------
                      0.150000    0.000000    0.000000   clock i_clk (rise edge)
                                  0.000000    0.000000   clock network delay (ideal)
                                  6.000000    6.000000 ^ input external delay
   203    0.626170    2.804778    1.915896    7.915896 ^ i_rst_n (in)
                                                         i_rst_n (net)
                      2.804778    0.000000    7.915896 ^ _1124_/RESET_B (sky130_fd_sc_hd__dfrtp_2)
                                              7.915896   data arrival time

                      0.150000   32.000000   32.000000   clock i_clk (rise edge)
                                  0.000000   32.000000   clock network delay (ideal)
                                 -0.250000   31.750000   clock uncertainty
                                  0.000000   31.750000   clock reconvergence pessimism
                                             31.750000 ^ _1124_/CLK (sky130_fd_sc_hd__dfrtp_2)
                                 -0.667418   31.082582   library recovery time
                                             31.082582   data required time
---------------------------------------------------------------------------------------------
                                             31.082582   data required time
                                             -7.915896   data arrival time
---------------------------------------------------------------------------------------------
                                             23.166687   slack (MET)


Startpoint: i_rst_n (input port clocked by i_clk)
Endpoint: _1125_ (recovery check against rising-edge clock i_clk)
Path Group: asynchronous
Path Type: max

Fanout         Cap        Slew       Delay        Time   Description
---------------------------------------------------------------------------------------------
                      0.150000    0.000000    0.000000   clock i_clk (rise edge)
                                  0.000000    0.000000   clock network delay (ideal)
                                  6.000000    6.000000 ^ input external delay
   203    0.626170    2.804778    1.915896    7.915896 ^ i_rst_n (in)
                                                         i_rst_n (net)
                      2.804778    0.000000    7.915896 ^ _1125_/RESET_B (sky130_fd_sc_hd__dfrtp_2)
                                              7.915896   data arrival time

                      0.150000   32.000000   32.000000   clock i_clk (rise edge)
                                  0.000000   32.000000   clock network delay (ideal)
                                 -0.250000   31.750000   clock uncertainty
                                  0.000000   31.750000   clock reconvergence pessimism
                                             31.750000 ^ _1125_/CLK (sky130_fd_sc_hd__dfrtp_2)
                                 -0.667418   31.082582   library recovery time
                                             31.082582   data required time
---------------------------------------------------------------------------------------------
                                             31.082582   data required time
                                             -7.915896   data arrival time
---------------------------------------------------------------------------------------------
                                             23.166687   slack (MET)


Startpoint: i_rst_n (input port clocked by i_clk)
Endpoint: _1126_ (recovery check against rising-edge clock i_clk)
Path Group: asynchronous
Path Type: max

Fanout         Cap        Slew       Delay        Time   Description
---------------------------------------------------------------------------------------------
                      0.150000    0.000000    0.000000   clock i_clk (rise edge)
                                  0.000000    0.000000   clock network delay (ideal)
                                  6.000000    6.000000 ^ input external delay
   203    0.626170    2.804778    1.915896    7.915896 ^ i_rst_n (in)
                                                         i_rst_n (net)
                      2.804778    0.000000    7.915896 ^ _1126_/RESET_B (sky130_fd_sc_hd__dfrtp_2)
                                              7.915896   data arrival time

                      0.150000   32.000000   32.000000   clock i_clk (rise edge)
                                  0.000000   32.000000   clock network delay (ideal)
                                 -0.250000   31.750000   clock uncertainty
                                  0.000000   31.750000   clock reconvergence pessimism
                                             31.750000 ^ _1126_/CLK (sky130_fd_sc_hd__dfrtp_2)
                                 -0.667418   31.082582   library recovery time
                                             31.082582   data required time
---------------------------------------------------------------------------------------------
                                             31.082582   data required time
                                             -7.915896   data arrival time
---------------------------------------------------------------------------------------------
                                             23.166687   slack (MET)


Startpoint: i_rst_n (input port clocked by i_clk)
Endpoint: _1127_ (recovery check against rising-edge clock i_clk)
Path Group: asynchronous
Path Type: max

Fanout         Cap        Slew       Delay        Time   Description
---------------------------------------------------------------------------------------------
                      0.150000    0.000000    0.000000   clock i_clk (rise edge)
                                  0.000000    0.000000   clock network delay (ideal)
                                  6.000000    6.000000 ^ input external delay
   203    0.626170    2.804778    1.915896    7.915896 ^ i_rst_n (in)
                                                         i_rst_n (net)
                      2.804778    0.000000    7.915896 ^ _1127_/RESET_B (sky130_fd_sc_hd__dfrtp_2)
                                              7.915896   data arrival time

                      0.150000   32.000000   32.000000   clock i_clk (rise edge)
                                  0.000000   32.000000   clock network delay (ideal)
                                 -0.250000   31.750000   clock uncertainty
                                  0.000000   31.750000   clock reconvergence pessimism
                                             31.750000 ^ _1127_/CLK (sky130_fd_sc_hd__dfrtp_2)
                                 -0.667418   31.082582   library recovery time
                                             31.082582   data required time
---------------------------------------------------------------------------------------------
                                             31.082582   data required time
                                             -7.915896   data arrival time
---------------------------------------------------------------------------------------------
                                             23.166687   slack (MET)


Startpoint: i_rst_n (input port clocked by i_clk)
Endpoint: _1128_ (recovery check against rising-edge clock i_clk)
Path Group: asynchronous
Path Type: max

Fanout         Cap        Slew       Delay        Time   Description
---------------------------------------------------------------------------------------------
                      0.150000    0.000000    0.000000   clock i_clk (rise edge)
                                  0.000000    0.000000   clock network delay (ideal)
                                  6.000000    6.000000 ^ input external delay
   203    0.626170    2.804778    1.915896    7.915896 ^ i_rst_n (in)
                                                         i_rst_n (net)
                      2.804778    0.000000    7.915896 ^ _1128_/RESET_B (sky130_fd_sc_hd__dfrtp_2)
                                              7.915896   data arrival time

                      0.150000   32.000000   32.000000   clock i_clk (rise edge)
                                  0.000000   32.000000   clock network delay (ideal)
                                 -0.250000   31.750000   clock uncertainty
                                  0.000000   31.750000   clock reconvergence pessimism
                                             31.750000 ^ _1128_/CLK (sky130_fd_sc_hd__dfrtp_2)
                                 -0.667418   31.082582   library recovery time
                                             31.082582   data required time
---------------------------------------------------------------------------------------------
                                             31.082582   data required time
                                             -7.915896   data arrival time
---------------------------------------------------------------------------------------------
                                             23.166687   slack (MET)


Startpoint: i_rst_n (input port clocked by i_clk)
Endpoint: _1160_ (recovery check against rising-edge clock i_clk)
Path Group: asynchronous
Path Type: max

Fanout         Cap        Slew       Delay        Time   Description
---------------------------------------------------------------------------------------------
                      0.150000    0.000000    0.000000   clock i_clk (rise edge)
                                  0.000000    0.000000   clock network delay (ideal)
                                  6.000000    6.000000 ^ input external delay
   203    0.626170    2.804778    1.915896    7.915896 ^ i_rst_n (in)
                                                         i_rst_n (net)
                      2.804778    0.000000    7.915896 ^ _1160_/RESET_B (sky130_fd_sc_hd__dfrtp_2)
                                              7.915896   data arrival time

                      0.150000   32.000000   32.000000   clock i_clk (rise edge)
                                  0.000000   32.000000   clock network delay (ideal)
                                 -0.250000   31.750000   clock uncertainty
                                  0.000000   31.750000   clock reconvergence pessimism
                                             31.750000 ^ _1160_/CLK (sky130_fd_sc_hd__dfrtp_2)
                                 -0.667418   31.082582   library recovery time
                                             31.082582   data required time
---------------------------------------------------------------------------------------------
                                             31.082582   data required time
                                             -7.915896   data arrival time
---------------------------------------------------------------------------------------------
                                             23.166687   slack (MET)


Startpoint: i_rst_n (input port clocked by i_clk)
Endpoint: _1161_ (recovery check against rising-edge clock i_clk)
Path Group: asynchronous
Path Type: max

Fanout         Cap        Slew       Delay        Time   Description
---------------------------------------------------------------------------------------------
                      0.150000    0.000000    0.000000   clock i_clk (rise edge)
                                  0.000000    0.000000   clock network delay (ideal)
                                  6.000000    6.000000 ^ input external delay
   203    0.626170    2.804778    1.915896    7.915896 ^ i_rst_n (in)
                                                         i_rst_n (net)
                      2.804778    0.000000    7.915896 ^ _1161_/RESET_B (sky130_fd_sc_hd__dfrtp_2)
                                              7.915896   data arrival time

                      0.150000   32.000000   32.000000   clock i_clk (rise edge)
                                  0.000000   32.000000   clock network delay (ideal)
                                 -0.250000   31.750000   clock uncertainty
                                  0.000000   31.750000   clock reconvergence pessimism
                                             31.750000 ^ _1161_/CLK (sky130_fd_sc_hd__dfrtp_2)
                                 -0.667418   31.082582   library recovery time
                                             31.082582   data required time
---------------------------------------------------------------------------------------------
                                             31.082582   data required time
                                             -7.915896   data arrival time
---------------------------------------------------------------------------------------------
                                             23.166687   slack (MET)


Startpoint: i_rst_n (input port clocked by i_clk)
Endpoint: _1162_ (recovery check against rising-edge clock i_clk)
Path Group: asynchronous
Path Type: max

Fanout         Cap        Slew       Delay        Time   Description
---------------------------------------------------------------------------------------------
                      0.150000    0.000000    0.000000   clock i_clk (rise edge)
                                  0.000000    0.000000   clock network delay (ideal)
                                  6.000000    6.000000 ^ input external delay
   203    0.626170    2.804778    1.915896    7.915896 ^ i_rst_n (in)
                                                         i_rst_n (net)
                      2.804778    0.000000    7.915896 ^ _1162_/RESET_B (sky130_fd_sc_hd__dfrtp_2)
                                              7.915896   data arrival time

                      0.150000   32.000000   32.000000   clock i_clk (rise edge)
                                  0.000000   32.000000   clock network delay (ideal)
                                 -0.250000   31.750000   clock uncertainty
                                  0.000000   31.750000   clock reconvergence pessimism
                                             31.750000 ^ _1162_/CLK (sky130_fd_sc_hd__dfrtp_2)
                                 -0.667418   31.082582   library recovery time
                                             31.082582   data required time
---------------------------------------------------------------------------------------------
                                             31.082582   data required time
                                             -7.915896   data arrival time
---------------------------------------------------------------------------------------------
                                             23.166687   slack (MET)


Startpoint: i_rst_n (input port clocked by i_clk)
Endpoint: _1163_ (recovery check against rising-edge clock i_clk)
Path Group: asynchronous
Path Type: max

Fanout         Cap        Slew       Delay        Time   Description
---------------------------------------------------------------------------------------------
                      0.150000    0.000000    0.000000   clock i_clk (rise edge)
                                  0.000000    0.000000   clock network delay (ideal)
                                  6.000000    6.000000 ^ input external delay
   203    0.626170    2.804778    1.915896    7.915896 ^ i_rst_n (in)
                                                         i_rst_n (net)
                      2.804778    0.000000    7.915896 ^ _1163_/RESET_B (sky130_fd_sc_hd__dfrtp_2)
                                              7.915896   data arrival time

                      0.150000   32.000000   32.000000   clock i_clk (rise edge)
                                  0.000000   32.000000   clock network delay (ideal)
                                 -0.250000   31.750000   clock uncertainty
                                  0.000000   31.750000   clock reconvergence pessimism
                                             31.750000 ^ _1163_/CLK (sky130_fd_sc_hd__dfrtp_2)
                                 -0.667418   31.082582   library recovery time
                                             31.082582   data required time
---------------------------------------------------------------------------------------------
                                             31.082582   data required time
                                             -7.915896   data arrival time
---------------------------------------------------------------------------------------------
                                             23.166687   slack (MET)


Startpoint: i_rst_n (input port clocked by i_clk)
Endpoint: _1164_ (recovery check against rising-edge clock i_clk)
Path Group: asynchronous
Path Type: max

Fanout         Cap        Slew       Delay        Time   Description
---------------------------------------------------------------------------------------------
                      0.150000    0.000000    0.000000   clock i_clk (rise edge)
                                  0.000000    0.000000   clock network delay (ideal)
                                  6.000000    6.000000 ^ input external delay
   203    0.626170    2.804778    1.915896    7.915896 ^ i_rst_n (in)
                                                         i_rst_n (net)
                      2.804778    0.000000    7.915896 ^ _1164_/RESET_B (sky130_fd_sc_hd__dfrtp_2)
                                              7.915896   data arrival time

                      0.150000   32.000000   32.000000   clock i_clk (rise edge)
                                  0.000000   32.000000   clock network delay (ideal)
                                 -0.250000   31.750000   clock uncertainty
                                  0.000000   31.750000   clock reconvergence pessimism
                                             31.750000 ^ _1164_/CLK (sky130_fd_sc_hd__dfrtp_2)
                                 -0.667418   31.082582   library recovery time
                                             31.082582   data required time
---------------------------------------------------------------------------------------------
                                             31.082582   data required time
                                             -7.915896   data arrival time
---------------------------------------------------------------------------------------------
                                             23.166687   slack (MET)


Startpoint: i_rst_n (input port clocked by i_clk)
Endpoint: _1165_ (recovery check against rising-edge clock i_clk)
Path Group: asynchronous
Path Type: max

Fanout         Cap        Slew       Delay        Time   Description
---------------------------------------------------------------------------------------------
                      0.150000    0.000000    0.000000   clock i_clk (rise edge)
                                  0.000000    0.000000   clock network delay (ideal)
                                  6.000000    6.000000 ^ input external delay
   203    0.626170    2.804778    1.915896    7.915896 ^ i_rst_n (in)
                                                         i_rst_n (net)
                      2.804778    0.000000    7.915896 ^ _1165_/RESET_B (sky130_fd_sc_hd__dfrtp_2)
                                              7.915896   data arrival time

                      0.150000   32.000000   32.000000   clock i_clk (rise edge)
                                  0.000000   32.000000   clock network delay (ideal)
                                 -0.250000   31.750000   clock uncertainty
                                  0.000000   31.750000   clock reconvergence pessimism
                                             31.750000 ^ _1165_/CLK (sky130_fd_sc_hd__dfrtp_2)
                                 -0.667418   31.082582   library recovery time
                                             31.082582   data required time
---------------------------------------------------------------------------------------------
                                             31.082582   data required time
                                             -7.915896   data arrival time
---------------------------------------------------------------------------------------------
                                             23.166687   slack (MET)


Startpoint: i_rst_n (input port clocked by i_clk)
Endpoint: _1166_ (recovery check against rising-edge clock i_clk)
Path Group: asynchronous
Path Type: max

Fanout         Cap        Slew       Delay        Time   Description
---------------------------------------------------------------------------------------------
                      0.150000    0.000000    0.000000   clock i_clk (rise edge)
                                  0.000000    0.000000   clock network delay (ideal)
                                  6.000000    6.000000 ^ input external delay
   203    0.626170    2.804778    1.915896    7.915896 ^ i_rst_n (in)
                                                         i_rst_n (net)
                      2.804778    0.000000    7.915896 ^ _1166_/RESET_B (sky130_fd_sc_hd__dfrtp_2)
                                              7.915896   data arrival time

                      0.150000   32.000000   32.000000   clock i_clk (rise edge)
                                  0.000000   32.000000   clock network delay (ideal)
                                 -0.250000   31.750000   clock uncertainty
                                  0.000000   31.750000   clock reconvergence pessimism
                                             31.750000 ^ _1166_/CLK (sky130_fd_sc_hd__dfrtp_2)
                                 -0.667418   31.082582   library recovery time
                                             31.082582   data required time
---------------------------------------------------------------------------------------------
                                             31.082582   data required time
                                             -7.915896   data arrival time
---------------------------------------------------------------------------------------------
                                             23.166687   slack (MET)


Startpoint: i_rst_n (input port clocked by i_clk)
Endpoint: _1167_ (recovery check against rising-edge clock i_clk)
Path Group: asynchronous
Path Type: max

Fanout         Cap        Slew       Delay        Time   Description
---------------------------------------------------------------------------------------------
                      0.150000    0.000000    0.000000   clock i_clk (rise edge)
                                  0.000000    0.000000   clock network delay (ideal)
                                  6.000000    6.000000 ^ input external delay
   203    0.626170    2.804778    1.915896    7.915896 ^ i_rst_n (in)
                                                         i_rst_n (net)
                      2.804778    0.000000    7.915896 ^ _1167_/RESET_B (sky130_fd_sc_hd__dfrtp_2)
                                              7.915896   data arrival time

                      0.150000   32.000000   32.000000   clock i_clk (rise edge)
                                  0.000000   32.000000   clock network delay (ideal)
                                 -0.250000   31.750000   clock uncertainty
                                  0.000000   31.750000   clock reconvergence pessimism
                                             31.750000 ^ _1167_/CLK (sky130_fd_sc_hd__dfrtp_2)
                                 -0.667418   31.082582   library recovery time
                                             31.082582   data required time
---------------------------------------------------------------------------------------------
                                             31.082582   data required time
                                             -7.915896   data arrival time
---------------------------------------------------------------------------------------------
                                             23.166687   slack (MET)


Startpoint: i_rst_n (input port clocked by i_clk)
Endpoint: _1168_ (recovery check against rising-edge clock i_clk)
Path Group: asynchronous
Path Type: max

Fanout         Cap        Slew       Delay        Time   Description
---------------------------------------------------------------------------------------------
                      0.150000    0.000000    0.000000   clock i_clk (rise edge)
                                  0.000000    0.000000   clock network delay (ideal)
                                  6.000000    6.000000 ^ input external delay
   203    0.626170    2.804778    1.915896    7.915896 ^ i_rst_n (in)
                                                         i_rst_n (net)
                      2.804778    0.000000    7.915896 ^ _1168_/RESET_B (sky130_fd_sc_hd__dfrtp_2)
                                              7.915896   data arrival time

                      0.150000   32.000000   32.000000   clock i_clk (rise edge)
                                  0.000000   32.000000   clock network delay (ideal)
                                 -0.250000   31.750000   clock uncertainty
                                  0.000000   31.750000   clock reconvergence pessimism
                                             31.750000 ^ _1168_/CLK (sky130_fd_sc_hd__dfrtp_2)
                                 -0.667418   31.082582   library recovery time
                                             31.082582   data required time
---------------------------------------------------------------------------------------------
                                             31.082582   data required time
                                             -7.915896   data arrival time
---------------------------------------------------------------------------------------------
                                             23.166687   slack (MET)


Startpoint: i_rst_n (input port clocked by i_clk)
Endpoint: _1170_ (recovery check against rising-edge clock i_clk)
Path Group: asynchronous
Path Type: max

Fanout         Cap        Slew       Delay        Time   Description
---------------------------------------------------------------------------------------------
                      0.150000    0.000000    0.000000   clock i_clk (rise edge)
                                  0.000000    0.000000   clock network delay (ideal)
                                  6.000000    6.000000 ^ input external delay
   203    0.626170    2.804778    1.915896    7.915896 ^ i_rst_n (in)
                                                         i_rst_n (net)
                      2.804778    0.000000    7.915896 ^ _1170_/RESET_B (sky130_fd_sc_hd__dfrtp_2)
                                              7.915896   data arrival time

                      0.150000   32.000000   32.000000   clock i_clk (rise edge)
                                  0.000000   32.000000   clock network delay (ideal)
                                 -0.250000   31.750000   clock uncertainty
                                  0.000000   31.750000   clock reconvergence pessimism
                                             31.750000 ^ _1170_/CLK (sky130_fd_sc_hd__dfrtp_2)
                                 -0.667418   31.082582   library recovery time
                                             31.082582   data required time
---------------------------------------------------------------------------------------------
                                             31.082582   data required time
                                             -7.915896   data arrival time
---------------------------------------------------------------------------------------------
                                             23.166687   slack (MET)


Startpoint: i_rst_n (input port clocked by i_clk)
Endpoint: _1172_ (recovery check against rising-edge clock i_clk)
Path Group: asynchronous
Path Type: max

Fanout         Cap        Slew       Delay        Time   Description
---------------------------------------------------------------------------------------------
                      0.150000    0.000000    0.000000   clock i_clk (rise edge)
                                  0.000000    0.000000   clock network delay (ideal)
                                  6.000000    6.000000 ^ input external delay
   203    0.626170    2.804778    1.915896    7.915896 ^ i_rst_n (in)
                                                         i_rst_n (net)
                      2.804778    0.000000    7.915896 ^ _1172_/RESET_B (sky130_fd_sc_hd__dfrtp_2)
                                              7.915896   data arrival time

                      0.150000   32.000000   32.000000   clock i_clk (rise edge)
                                  0.000000   32.000000   clock network delay (ideal)
                                 -0.250000   31.750000   clock uncertainty
                                  0.000000   31.750000   clock reconvergence pessimism
                                             31.750000 ^ _1172_/CLK (sky130_fd_sc_hd__dfrtp_2)
                                 -0.667418   31.082582   library recovery time
                                             31.082582   data required time
---------------------------------------------------------------------------------------------
                                             31.082582   data required time
                                             -7.915896   data arrival time
---------------------------------------------------------------------------------------------
                                             23.166687   slack (MET)


Startpoint: i_rst_n (input port clocked by i_clk)
Endpoint: _1173_ (recovery check against rising-edge clock i_clk)
Path Group: asynchronous
Path Type: max

Fanout         Cap        Slew       Delay        Time   Description
---------------------------------------------------------------------------------------------
                      0.150000    0.000000    0.000000   clock i_clk (rise edge)
                                  0.000000    0.000000   clock network delay (ideal)
                                  6.000000    6.000000 ^ input external delay
   203    0.626170    2.804778    1.915896    7.915896 ^ i_rst_n (in)
                                                         i_rst_n (net)
                      2.804778    0.000000    7.915896 ^ _1173_/RESET_B (sky130_fd_sc_hd__dfrtp_2)
                                              7.915896   data arrival time

                      0.150000   32.000000   32.000000   clock i_clk (rise edge)
                                  0.000000   32.000000   clock network delay (ideal)
                                 -0.250000   31.750000   clock uncertainty
                                  0.000000   31.750000   clock reconvergence pessimism
                                             31.750000 ^ _1173_/CLK (sky130_fd_sc_hd__dfrtp_2)
                                 -0.667418   31.082582   library recovery time
                                             31.082582   data required time
---------------------------------------------------------------------------------------------
                                             31.082582   data required time
                                             -7.915896   data arrival time
---------------------------------------------------------------------------------------------
                                             23.166687   slack (MET)


Startpoint: i_rst_n (input port clocked by i_clk)
Endpoint: _1174_ (recovery check against rising-edge clock i_clk)
Path Group: asynchronous
Path Type: max

Fanout         Cap        Slew       Delay        Time   Description
---------------------------------------------------------------------------------------------
                      0.150000    0.000000    0.000000   clock i_clk (rise edge)
                                  0.000000    0.000000   clock network delay (ideal)
                                  6.000000    6.000000 ^ input external delay
   203    0.626170    2.804778    1.915896    7.915896 ^ i_rst_n (in)
                                                         i_rst_n (net)
                      2.804778    0.000000    7.915896 ^ _1174_/RESET_B (sky130_fd_sc_hd__dfrtp_2)
                                              7.915896   data arrival time

                      0.150000   32.000000   32.000000   clock i_clk (rise edge)
                                  0.000000   32.000000   clock network delay (ideal)
                                 -0.250000   31.750000   clock uncertainty
                                  0.000000   31.750000   clock reconvergence pessimism
                                             31.750000 ^ _1174_/CLK (sky130_fd_sc_hd__dfrtp_2)
                                 -0.667418   31.082582   library recovery time
                                             31.082582   data required time
---------------------------------------------------------------------------------------------
                                             31.082582   data required time
                                             -7.915896   data arrival time
---------------------------------------------------------------------------------------------
                                             23.166687   slack (MET)


Startpoint: i_rst_n (input port clocked by i_clk)
Endpoint: _1175_ (recovery check against rising-edge clock i_clk)
Path Group: asynchronous
Path Type: max

Fanout         Cap        Slew       Delay        Time   Description
---------------------------------------------------------------------------------------------
                      0.150000    0.000000    0.000000   clock i_clk (rise edge)
                                  0.000000    0.000000   clock network delay (ideal)
                                  6.000000    6.000000 ^ input external delay
   203    0.626170    2.804778    1.915896    7.915896 ^ i_rst_n (in)
                                                         i_rst_n (net)
                      2.804778    0.000000    7.915896 ^ _1175_/RESET_B (sky130_fd_sc_hd__dfrtp_2)
                                              7.915896   data arrival time

                      0.150000   32.000000   32.000000   clock i_clk (rise edge)
                                  0.000000   32.000000   clock network delay (ideal)
                                 -0.250000   31.750000   clock uncertainty
                                  0.000000   31.750000   clock reconvergence pessimism
                                             31.750000 ^ _1175_/CLK (sky130_fd_sc_hd__dfrtp_2)
                                 -0.667418   31.082582   library recovery time
                                             31.082582   data required time
---------------------------------------------------------------------------------------------
                                             31.082582   data required time
                                             -7.915896   data arrival time
---------------------------------------------------------------------------------------------
                                             23.166687   slack (MET)


Startpoint: i_rst_n (input port clocked by i_clk)
Endpoint: _1176_ (recovery check against rising-edge clock i_clk)
Path Group: asynchronous
Path Type: max

Fanout         Cap        Slew       Delay        Time   Description
---------------------------------------------------------------------------------------------
                      0.150000    0.000000    0.000000   clock i_clk (rise edge)
                                  0.000000    0.000000   clock network delay (ideal)
                                  6.000000    6.000000 ^ input external delay
   203    0.626170    2.804778    1.915896    7.915896 ^ i_rst_n (in)
                                                         i_rst_n (net)
                      2.804778    0.000000    7.915896 ^ _1176_/RESET_B (sky130_fd_sc_hd__dfrtp_2)
                                              7.915896   data arrival time

                      0.150000   32.000000   32.000000   clock i_clk (rise edge)
                                  0.000000   32.000000   clock network delay (ideal)
                                 -0.250000   31.750000   clock uncertainty
                                  0.000000   31.750000   clock reconvergence pessimism
                                             31.750000 ^ _1176_/CLK (sky130_fd_sc_hd__dfrtp_2)
                                 -0.667418   31.082582   library recovery time
                                             31.082582   data required time
---------------------------------------------------------------------------------------------
                                             31.082582   data required time
                                             -7.915896   data arrival time
---------------------------------------------------------------------------------------------
                                             23.166687   slack (MET)


Startpoint: i_rst_n (input port clocked by i_clk)
Endpoint: _1177_ (recovery check against rising-edge clock i_clk)
Path Group: asynchronous
Path Type: max

Fanout         Cap        Slew       Delay        Time   Description
---------------------------------------------------------------------------------------------
                      0.150000    0.000000    0.000000   clock i_clk (rise edge)
                                  0.000000    0.000000   clock network delay (ideal)
                                  6.000000    6.000000 ^ input external delay
   203    0.626170    2.804778    1.915896    7.915896 ^ i_rst_n (in)
                                                         i_rst_n (net)
                      2.804778    0.000000    7.915896 ^ _1177_/RESET_B (sky130_fd_sc_hd__dfrtp_2)
                                              7.915896   data arrival time

                      0.150000   32.000000   32.000000   clock i_clk (rise edge)
                                  0.000000   32.000000   clock network delay (ideal)
                                 -0.250000   31.750000   clock uncertainty
                                  0.000000   31.750000   clock reconvergence pessimism
                                             31.750000 ^ _1177_/CLK (sky130_fd_sc_hd__dfrtp_2)
                                 -0.667418   31.082582   library recovery time
                                             31.082582   data required time
---------------------------------------------------------------------------------------------
                                             31.082582   data required time
                                             -7.915896   data arrival time
---------------------------------------------------------------------------------------------
                                             23.166687   slack (MET)


Startpoint: i_rst_n (input port clocked by i_clk)
Endpoint: _1178_ (recovery check against rising-edge clock i_clk)
Path Group: asynchronous
Path Type: max

Fanout         Cap        Slew       Delay        Time   Description
---------------------------------------------------------------------------------------------
                      0.150000    0.000000    0.000000   clock i_clk (rise edge)
                                  0.000000    0.000000   clock network delay (ideal)
                                  6.000000    6.000000 ^ input external delay
   203    0.626170    2.804778    1.915896    7.915896 ^ i_rst_n (in)
                                                         i_rst_n (net)
                      2.804778    0.000000    7.915896 ^ _1178_/RESET_B (sky130_fd_sc_hd__dfrtp_2)
                                              7.915896   data arrival time

                      0.150000   32.000000   32.000000   clock i_clk (rise edge)
                                  0.000000   32.000000   clock network delay (ideal)
                                 -0.250000   31.750000   clock uncertainty
                                  0.000000   31.750000   clock reconvergence pessimism
                                             31.750000 ^ _1178_/CLK (sky130_fd_sc_hd__dfrtp_2)
                                 -0.667418   31.082582   library recovery time
                                             31.082582   data required time
---------------------------------------------------------------------------------------------
                                             31.082582   data required time
                                             -7.915896   data arrival time
---------------------------------------------------------------------------------------------
                                             23.166687   slack (MET)


Startpoint: i_rst_n (input port clocked by i_clk)
Endpoint: _1179_ (recovery check against rising-edge clock i_clk)
Path Group: asynchronous
Path Type: max

Fanout         Cap        Slew       Delay        Time   Description
---------------------------------------------------------------------------------------------
                      0.150000    0.000000    0.000000   clock i_clk (rise edge)
                                  0.000000    0.000000   clock network delay (ideal)
                                  6.000000    6.000000 ^ input external delay
   203    0.626170    2.804778    1.915896    7.915896 ^ i_rst_n (in)
                                                         i_rst_n (net)
                      2.804778    0.000000    7.915896 ^ _1179_/RESET_B (sky130_fd_sc_hd__dfrtp_2)
                                              7.915896   data arrival time

                      0.150000   32.000000   32.000000   clock i_clk (rise edge)
                                  0.000000   32.000000   clock network delay (ideal)
                                 -0.250000   31.750000   clock uncertainty
                                  0.000000   31.750000   clock reconvergence pessimism
                                             31.750000 ^ _1179_/CLK (sky130_fd_sc_hd__dfrtp_2)
                                 -0.667418   31.082582   library recovery time
                                             31.082582   data required time
---------------------------------------------------------------------------------------------
                                             31.082582   data required time
                                             -7.915896   data arrival time
---------------------------------------------------------------------------------------------
                                             23.166687   slack (MET)


Startpoint: i_rst_n (input port clocked by i_clk)
Endpoint: _1180_ (recovery check against rising-edge clock i_clk)
Path Group: asynchronous
Path Type: max

Fanout         Cap        Slew       Delay        Time   Description
---------------------------------------------------------------------------------------------
                      0.150000    0.000000    0.000000   clock i_clk (rise edge)
                                  0.000000    0.000000   clock network delay (ideal)
                                  6.000000    6.000000 ^ input external delay
   203    0.626170    2.804778    1.915896    7.915896 ^ i_rst_n (in)
                                                         i_rst_n (net)
                      2.804778    0.000000    7.915896 ^ _1180_/RESET_B (sky130_fd_sc_hd__dfrtp_2)
                                              7.915896   data arrival time

                      0.150000   32.000000   32.000000   clock i_clk (rise edge)
                                  0.000000   32.000000   clock network delay (ideal)
                                 -0.250000   31.750000   clock uncertainty
                                  0.000000   31.750000   clock reconvergence pessimism
                                             31.750000 ^ _1180_/CLK (sky130_fd_sc_hd__dfrtp_2)
                                 -0.667418   31.082582   library recovery time
                                             31.082582   data required time
---------------------------------------------------------------------------------------------
                                             31.082582   data required time
                                             -7.915896   data arrival time
---------------------------------------------------------------------------------------------
                                             23.166687   slack (MET)


Startpoint: i_rst_n (input port clocked by i_clk)
Endpoint: _1181_ (recovery check against rising-edge clock i_clk)
Path Group: asynchronous
Path Type: max

Fanout         Cap        Slew       Delay        Time   Description
---------------------------------------------------------------------------------------------
                      0.150000    0.000000    0.000000   clock i_clk (rise edge)
                                  0.000000    0.000000   clock network delay (ideal)
                                  6.000000    6.000000 ^ input external delay
   203    0.626170    2.804778    1.915896    7.915896 ^ i_rst_n (in)
                                                         i_rst_n (net)
                      2.804778    0.000000    7.915896 ^ _1181_/RESET_B (sky130_fd_sc_hd__dfrtp_2)
                                              7.915896   data arrival time

                      0.150000   32.000000   32.000000   clock i_clk (rise edge)
                                  0.000000   32.000000   clock network delay (ideal)
                                 -0.250000   31.750000   clock uncertainty
                                  0.000000   31.750000   clock reconvergence pessimism
                                             31.750000 ^ _1181_/CLK (sky130_fd_sc_hd__dfrtp_2)
                                 -0.667418   31.082582   library recovery time
                                             31.082582   data required time
---------------------------------------------------------------------------------------------
                                             31.082582   data required time
                                             -7.915896   data arrival time
---------------------------------------------------------------------------------------------
                                             23.166687   slack (MET)


Startpoint: i_rst_n (input port clocked by i_clk)
Endpoint: _1182_ (recovery check against rising-edge clock i_clk)
Path Group: asynchronous
Path Type: max

Fanout         Cap        Slew       Delay        Time   Description
---------------------------------------------------------------------------------------------
                      0.150000    0.000000    0.000000   clock i_clk (rise edge)
                                  0.000000    0.000000   clock network delay (ideal)
                                  6.000000    6.000000 ^ input external delay
   203    0.626170    2.804778    1.915896    7.915896 ^ i_rst_n (in)
                                                         i_rst_n (net)
                      2.804778    0.000000    7.915896 ^ _1182_/RESET_B (sky130_fd_sc_hd__dfrtp_2)
                                              7.915896   data arrival time

                      0.150000   32.000000   32.000000   clock i_clk (rise edge)
                                  0.000000   32.000000   clock network delay (ideal)
                                 -0.250000   31.750000   clock uncertainty
                                  0.000000   31.750000   clock reconvergence pessimism
                                             31.750000 ^ _1182_/CLK (sky130_fd_sc_hd__dfrtp_2)
                                 -0.667418   31.082582   library recovery time
                                             31.082582   data required time
---------------------------------------------------------------------------------------------
                                             31.082582   data required time
                                             -7.915896   data arrival time
---------------------------------------------------------------------------------------------
                                             23.166687   slack (MET)


Startpoint: i_rst_n (input port clocked by i_clk)
Endpoint: _1183_ (recovery check against rising-edge clock i_clk)
Path Group: asynchronous
Path Type: max

Fanout         Cap        Slew       Delay        Time   Description
---------------------------------------------------------------------------------------------
                      0.150000    0.000000    0.000000   clock i_clk (rise edge)
                                  0.000000    0.000000   clock network delay (ideal)
                                  6.000000    6.000000 ^ input external delay
   203    0.626170    2.804778    1.915896    7.915896 ^ i_rst_n (in)
                                                         i_rst_n (net)
                      2.804778    0.000000    7.915896 ^ _1183_/RESET_B (sky130_fd_sc_hd__dfrtp_2)
                                              7.915896   data arrival time

                      0.150000   32.000000   32.000000   clock i_clk (rise edge)
                                  0.000000   32.000000   clock network delay (ideal)
                                 -0.250000   31.750000   clock uncertainty
                                  0.000000   31.750000   clock reconvergence pessimism
                                             31.750000 ^ _1183_/CLK (sky130_fd_sc_hd__dfrtp_2)
                                 -0.667418   31.082582   library recovery time
                                             31.082582   data required time
---------------------------------------------------------------------------------------------
                                             31.082582   data required time
                                             -7.915896   data arrival time
---------------------------------------------------------------------------------------------
                                             23.166687   slack (MET)


Startpoint: i_rst_n (input port clocked by i_clk)
Endpoint: _1184_ (recovery check against rising-edge clock i_clk)
Path Group: asynchronous
Path Type: max

Fanout         Cap        Slew       Delay        Time   Description
---------------------------------------------------------------------------------------------
                      0.150000    0.000000    0.000000   clock i_clk (rise edge)
                                  0.000000    0.000000   clock network delay (ideal)
                                  6.000000    6.000000 ^ input external delay
   203    0.626170    2.804778    1.915896    7.915896 ^ i_rst_n (in)
                                                         i_rst_n (net)
                      2.804778    0.000000    7.915896 ^ _1184_/RESET_B (sky130_fd_sc_hd__dfrtp_2)
                                              7.915896   data arrival time

                      0.150000   32.000000   32.000000   clock i_clk (rise edge)
                                  0.000000   32.000000   clock network delay (ideal)
                                 -0.250000   31.750000   clock uncertainty
                                  0.000000   31.750000   clock reconvergence pessimism
                                             31.750000 ^ _1184_/CLK (sky130_fd_sc_hd__dfrtp_2)
                                 -0.667418   31.082582   library recovery time
                                             31.082582   data required time
---------------------------------------------------------------------------------------------
                                             31.082582   data required time
                                             -7.915896   data arrival time
---------------------------------------------------------------------------------------------
                                             23.166687   slack (MET)


Startpoint: i_rst_n (input port clocked by i_clk)
Endpoint: _1185_ (recovery check against rising-edge clock i_clk)
Path Group: asynchronous
Path Type: max

Fanout         Cap        Slew       Delay        Time   Description
---------------------------------------------------------------------------------------------
                      0.150000    0.000000    0.000000   clock i_clk (rise edge)
                                  0.000000    0.000000   clock network delay (ideal)
                                  6.000000    6.000000 ^ input external delay
   203    0.626170    2.804778    1.915896    7.915896 ^ i_rst_n (in)
                                                         i_rst_n (net)
                      2.804778    0.000000    7.915896 ^ _1185_/RESET_B (sky130_fd_sc_hd__dfrtp_2)
                                              7.915896   data arrival time

                      0.150000   32.000000   32.000000   clock i_clk (rise edge)
                                  0.000000   32.000000   clock network delay (ideal)
                                 -0.250000   31.750000   clock uncertainty
                                  0.000000   31.750000   clock reconvergence pessimism
                                             31.750000 ^ _1185_/CLK (sky130_fd_sc_hd__dfrtp_2)
                                 -0.667418   31.082582   library recovery time
                                             31.082582   data required time
---------------------------------------------------------------------------------------------
                                             31.082582   data required time
                                             -7.915896   data arrival time
---------------------------------------------------------------------------------------------
                                             23.166687   slack (MET)


Startpoint: i_rst_n (input port clocked by i_clk)
Endpoint: _1186_ (recovery check against rising-edge clock i_clk)
Path Group: asynchronous
Path Type: max

Fanout         Cap        Slew       Delay        Time   Description
---------------------------------------------------------------------------------------------
                      0.150000    0.000000    0.000000   clock i_clk (rise edge)
                                  0.000000    0.000000   clock network delay (ideal)
                                  6.000000    6.000000 ^ input external delay
   203    0.626170    2.804778    1.915896    7.915896 ^ i_rst_n (in)
                                                         i_rst_n (net)
                      2.804778    0.000000    7.915896 ^ _1186_/RESET_B (sky130_fd_sc_hd__dfrtp_2)
                                              7.915896   data arrival time

                      0.150000   32.000000   32.000000   clock i_clk (rise edge)
                                  0.000000   32.000000   clock network delay (ideal)
                                 -0.250000   31.750000   clock uncertainty
                                  0.000000   31.750000   clock reconvergence pessimism
                                             31.750000 ^ _1186_/CLK (sky130_fd_sc_hd__dfrtp_2)
                                 -0.667418   31.082582   library recovery time
                                             31.082582   data required time
---------------------------------------------------------------------------------------------
                                             31.082582   data required time
                                             -7.915896   data arrival time
---------------------------------------------------------------------------------------------
                                             23.166687   slack (MET)


Startpoint: i_rst_n (input port clocked by i_clk)
Endpoint: _1187_ (recovery check against rising-edge clock i_clk)
Path Group: asynchronous
Path Type: max

Fanout         Cap        Slew       Delay        Time   Description
---------------------------------------------------------------------------------------------
                      0.150000    0.000000    0.000000   clock i_clk (rise edge)
                                  0.000000    0.000000   clock network delay (ideal)
                                  6.000000    6.000000 ^ input external delay
   203    0.626170    2.804778    1.915896    7.915896 ^ i_rst_n (in)
                                                         i_rst_n (net)
                      2.804778    0.000000    7.915896 ^ _1187_/RESET_B (sky130_fd_sc_hd__dfrtp_2)
                                              7.915896   data arrival time

                      0.150000   32.000000   32.000000   clock i_clk (rise edge)
                                  0.000000   32.000000   clock network delay (ideal)
                                 -0.250000   31.750000   clock uncertainty
                                  0.000000   31.750000   clock reconvergence pessimism
                                             31.750000 ^ _1187_/CLK (sky130_fd_sc_hd__dfrtp_2)
                                 -0.667418   31.082582   library recovery time
                                             31.082582   data required time
---------------------------------------------------------------------------------------------
                                             31.082582   data required time
                                             -7.915896   data arrival time
---------------------------------------------------------------------------------------------
                                             23.166687   slack (MET)


Startpoint: i_rst_n (input port clocked by i_clk)
Endpoint: _1188_ (recovery check against rising-edge clock i_clk)
Path Group: asynchronous
Path Type: max

Fanout         Cap        Slew       Delay        Time   Description
---------------------------------------------------------------------------------------------
                      0.150000    0.000000    0.000000   clock i_clk (rise edge)
                                  0.000000    0.000000   clock network delay (ideal)
                                  6.000000    6.000000 ^ input external delay
   203    0.626170    2.804778    1.915896    7.915896 ^ i_rst_n (in)
                                                         i_rst_n (net)
                      2.804778    0.000000    7.915896 ^ _1188_/RESET_B (sky130_fd_sc_hd__dfrtp_2)
                                              7.915896   data arrival time

                      0.150000   32.000000   32.000000   clock i_clk (rise edge)
                                  0.000000   32.000000   clock network delay (ideal)
                                 -0.250000   31.750000   clock uncertainty
                                  0.000000   31.750000   clock reconvergence pessimism
                                             31.750000 ^ _1188_/CLK (sky130_fd_sc_hd__dfrtp_2)
                                 -0.667418   31.082582   library recovery time
                                             31.082582   data required time
---------------------------------------------------------------------------------------------
                                             31.082582   data required time
                                             -7.915896   data arrival time
---------------------------------------------------------------------------------------------
                                             23.166687   slack (MET)


Startpoint: i_rst_n (input port clocked by i_clk)
Endpoint: _1189_ (recovery check against rising-edge clock i_clk)
Path Group: asynchronous
Path Type: max

Fanout         Cap        Slew       Delay        Time   Description
---------------------------------------------------------------------------------------------
                      0.150000    0.000000    0.000000   clock i_clk (rise edge)
                                  0.000000    0.000000   clock network delay (ideal)
                                  6.000000    6.000000 ^ input external delay
   203    0.626170    2.804778    1.915896    7.915896 ^ i_rst_n (in)
                                                         i_rst_n (net)
                      2.804778    0.000000    7.915896 ^ _1189_/RESET_B (sky130_fd_sc_hd__dfrtp_2)
                                              7.915896   data arrival time

                      0.150000   32.000000   32.000000   clock i_clk (rise edge)
                                  0.000000   32.000000   clock network delay (ideal)
                                 -0.250000   31.750000   clock uncertainty
                                  0.000000   31.750000   clock reconvergence pessimism
                                             31.750000 ^ _1189_/CLK (sky130_fd_sc_hd__dfrtp_2)
                                 -0.667418   31.082582   library recovery time
                                             31.082582   data required time
---------------------------------------------------------------------------------------------
                                             31.082582   data required time
                                             -7.915896   data arrival time
---------------------------------------------------------------------------------------------
                                             23.166687   slack (MET)


Startpoint: i_rst_n (input port clocked by i_clk)
Endpoint: _1190_ (recovery check against rising-edge clock i_clk)
Path Group: asynchronous
Path Type: max

Fanout         Cap        Slew       Delay        Time   Description
---------------------------------------------------------------------------------------------
                      0.150000    0.000000    0.000000   clock i_clk (rise edge)
                                  0.000000    0.000000   clock network delay (ideal)
                                  6.000000    6.000000 ^ input external delay
   203    0.626170    2.804778    1.915896    7.915896 ^ i_rst_n (in)
                                                         i_rst_n (net)
                      2.804778    0.000000    7.915896 ^ _1190_/RESET_B (sky130_fd_sc_hd__dfrtp_2)
                                              7.915896   data arrival time

                      0.150000   32.000000   32.000000   clock i_clk (rise edge)
                                  0.000000   32.000000   clock network delay (ideal)
                                 -0.250000   31.750000   clock uncertainty
                                  0.000000   31.750000   clock reconvergence pessimism
                                             31.750000 ^ _1190_/CLK (sky130_fd_sc_hd__dfrtp_2)
                                 -0.667418   31.082582   library recovery time
                                             31.082582   data required time
---------------------------------------------------------------------------------------------
                                             31.082582   data required time
                                             -7.915896   data arrival time
---------------------------------------------------------------------------------------------
                                             23.166687   slack (MET)


Startpoint: i_rst_n (input port clocked by i_clk)
Endpoint: _1191_ (recovery check against rising-edge clock i_clk)
Path Group: asynchronous
Path Type: max

Fanout         Cap        Slew       Delay        Time   Description
---------------------------------------------------------------------------------------------
                      0.150000    0.000000    0.000000   clock i_clk (rise edge)
                                  0.000000    0.000000   clock network delay (ideal)
                                  6.000000    6.000000 ^ input external delay
   203    0.626170    2.804778    1.915896    7.915896 ^ i_rst_n (in)
                                                         i_rst_n (net)
                      2.804778    0.000000    7.915896 ^ _1191_/RESET_B (sky130_fd_sc_hd__dfrtp_2)
                                              7.915896   data arrival time

                      0.150000   32.000000   32.000000   clock i_clk (rise edge)
                                  0.000000   32.000000   clock network delay (ideal)
                                 -0.250000   31.750000   clock uncertainty
                                  0.000000   31.750000   clock reconvergence pessimism
                                             31.750000 ^ _1191_/CLK (sky130_fd_sc_hd__dfrtp_2)
                                 -0.667418   31.082582   library recovery time
                                             31.082582   data required time
---------------------------------------------------------------------------------------------
                                             31.082582   data required time
                                             -7.915896   data arrival time
---------------------------------------------------------------------------------------------
                                             23.166687   slack (MET)


Startpoint: i_rst_n (input port clocked by i_clk)
Endpoint: _1192_ (recovery check against rising-edge clock i_clk)
Path Group: asynchronous
Path Type: max

Fanout         Cap        Slew       Delay        Time   Description
---------------------------------------------------------------------------------------------
                      0.150000    0.000000    0.000000   clock i_clk (rise edge)
                                  0.000000    0.000000   clock network delay (ideal)
                                  6.000000    6.000000 ^ input external delay
   203    0.626170    2.804778    1.915896    7.915896 ^ i_rst_n (in)
                                                         i_rst_n (net)
                      2.804778    0.000000    7.915896 ^ _1192_/RESET_B (sky130_fd_sc_hd__dfrtp_2)
                                              7.915896   data arrival time

                      0.150000   32.000000   32.000000   clock i_clk (rise edge)
                                  0.000000   32.000000   clock network delay (ideal)
                                 -0.250000   31.750000   clock uncertainty
                                  0.000000   31.750000   clock reconvergence pessimism
                                             31.750000 ^ _1192_/CLK (sky130_fd_sc_hd__dfrtp_2)
                                 -0.667418   31.082582   library recovery time
                                             31.082582   data required time
---------------------------------------------------------------------------------------------
                                             31.082582   data required time
                                             -7.915896   data arrival time
---------------------------------------------------------------------------------------------
                                             23.166687   slack (MET)


Startpoint: i_rst_n (input port clocked by i_clk)
Endpoint: _1193_ (recovery check against rising-edge clock i_clk)
Path Group: asynchronous
Path Type: max

Fanout         Cap        Slew       Delay        Time   Description
---------------------------------------------------------------------------------------------
                      0.150000    0.000000    0.000000   clock i_clk (rise edge)
                                  0.000000    0.000000   clock network delay (ideal)
                                  6.000000    6.000000 ^ input external delay
   203    0.626170    2.804778    1.915896    7.915896 ^ i_rst_n (in)
                                                         i_rst_n (net)
                      2.804778    0.000000    7.915896 ^ _1193_/RESET_B (sky130_fd_sc_hd__dfrtp_2)
                                              7.915896   data arrival time

                      0.150000   32.000000   32.000000   clock i_clk (rise edge)
                                  0.000000   32.000000   clock network delay (ideal)
                                 -0.250000   31.750000   clock uncertainty
                                  0.000000   31.750000   clock reconvergence pessimism
                                             31.750000 ^ _1193_/CLK (sky130_fd_sc_hd__dfrtp_2)
                                 -0.667418   31.082582   library recovery time
                                             31.082582   data required time
---------------------------------------------------------------------------------------------
                                             31.082582   data required time
                                             -7.915896   data arrival time
---------------------------------------------------------------------------------------------
                                             23.166687   slack (MET)


Startpoint: i_rst_n (input port clocked by i_clk)
Endpoint: _1194_ (recovery check against rising-edge clock i_clk)
Path Group: asynchronous
Path Type: max

Fanout         Cap        Slew       Delay        Time   Description
---------------------------------------------------------------------------------------------
                      0.150000    0.000000    0.000000   clock i_clk (rise edge)
                                  0.000000    0.000000   clock network delay (ideal)
                                  6.000000    6.000000 ^ input external delay
   203    0.626170    2.804778    1.915896    7.915896 ^ i_rst_n (in)
                                                         i_rst_n (net)
                      2.804778    0.000000    7.915896 ^ _1194_/RESET_B (sky130_fd_sc_hd__dfrtp_2)
                                              7.915896   data arrival time

                      0.150000   32.000000   32.000000   clock i_clk (rise edge)
                                  0.000000   32.000000   clock network delay (ideal)
                                 -0.250000   31.750000   clock uncertainty
                                  0.000000   31.750000   clock reconvergence pessimism
                                             31.750000 ^ _1194_/CLK (sky130_fd_sc_hd__dfrtp_2)
                                 -0.667418   31.082582   library recovery time
                                             31.082582   data required time
---------------------------------------------------------------------------------------------
                                             31.082582   data required time
                                             -7.915896   data arrival time
---------------------------------------------------------------------------------------------
                                             23.166687   slack (MET)


Startpoint: i_rst_n (input port clocked by i_clk)
Endpoint: _1195_ (recovery check against rising-edge clock i_clk)
Path Group: asynchronous
Path Type: max

Fanout         Cap        Slew       Delay        Time   Description
---------------------------------------------------------------------------------------------
                      0.150000    0.000000    0.000000   clock i_clk (rise edge)
                                  0.000000    0.000000   clock network delay (ideal)
                                  6.000000    6.000000 ^ input external delay
   203    0.626170    2.804778    1.915896    7.915896 ^ i_rst_n (in)
                                                         i_rst_n (net)
                      2.804778    0.000000    7.915896 ^ _1195_/RESET_B (sky130_fd_sc_hd__dfrtp_2)
                                              7.915896   data arrival time

                      0.150000   32.000000   32.000000   clock i_clk (rise edge)
                                  0.000000   32.000000   clock network delay (ideal)
                                 -0.250000   31.750000   clock uncertainty
                                  0.000000   31.750000   clock reconvergence pessimism
                                             31.750000 ^ _1195_/CLK (sky130_fd_sc_hd__dfrtp_2)
                                 -0.667418   31.082582   library recovery time
                                             31.082582   data required time
---------------------------------------------------------------------------------------------
                                             31.082582   data required time
                                             -7.915896   data arrival time
---------------------------------------------------------------------------------------------
                                             23.166687   slack (MET)


Startpoint: i_rst_n (input port clocked by i_clk)
Endpoint: _1197_ (recovery check against rising-edge clock i_clk)
Path Group: asynchronous
Path Type: max

Fanout         Cap        Slew       Delay        Time   Description
---------------------------------------------------------------------------------------------
                      0.150000    0.000000    0.000000   clock i_clk (rise edge)
                                  0.000000    0.000000   clock network delay (ideal)
                                  6.000000    6.000000 ^ input external delay
   203    0.626170    2.804778    1.915896    7.915896 ^ i_rst_n (in)
                                                         i_rst_n (net)
                      2.804778    0.000000    7.915896 ^ _1197_/RESET_B (sky130_fd_sc_hd__dfrtp_2)
                                              7.915896   data arrival time

                      0.150000   32.000000   32.000000   clock i_clk (rise edge)
                                  0.000000   32.000000   clock network delay (ideal)
                                 -0.250000   31.750000   clock uncertainty
                                  0.000000   31.750000   clock reconvergence pessimism
                                             31.750000 ^ _1197_/CLK (sky130_fd_sc_hd__dfrtp_2)
                                 -0.667418   31.082582   library recovery time
                                             31.082582   data required time
---------------------------------------------------------------------------------------------
                                             31.082582   data required time
                                             -7.915896   data arrival time
---------------------------------------------------------------------------------------------
                                             23.166687   slack (MET)


Startpoint: i_rst_n (input port clocked by i_clk)
Endpoint: _1198_ (recovery check against rising-edge clock i_clk)
Path Group: asynchronous
Path Type: max

Fanout         Cap        Slew       Delay        Time   Description
---------------------------------------------------------------------------------------------
                      0.150000    0.000000    0.000000   clock i_clk (rise edge)
                                  0.000000    0.000000   clock network delay (ideal)
                                  6.000000    6.000000 ^ input external delay
   203    0.626170    2.804778    1.915896    7.915896 ^ i_rst_n (in)
                                                         i_rst_n (net)
                      2.804778    0.000000    7.915896 ^ _1198_/RESET_B (sky130_fd_sc_hd__dfrtp_2)
                                              7.915896   data arrival time

                      0.150000   32.000000   32.000000   clock i_clk (rise edge)
                                  0.000000   32.000000   clock network delay (ideal)
                                 -0.250000   31.750000   clock uncertainty
                                  0.000000   31.750000   clock reconvergence pessimism
                                             31.750000 ^ _1198_/CLK (sky130_fd_sc_hd__dfrtp_2)
                                 -0.667418   31.082582   library recovery time
                                             31.082582   data required time
---------------------------------------------------------------------------------------------
                                             31.082582   data required time
                                             -7.915896   data arrival time
---------------------------------------------------------------------------------------------
                                             23.166687   slack (MET)


Startpoint: i_rst_n (input port clocked by i_clk)
Endpoint: _1260_ (recovery check against rising-edge clock i_clk)
Path Group: asynchronous
Path Type: max

Fanout         Cap        Slew       Delay        Time   Description
---------------------------------------------------------------------------------------------
                      0.150000    0.000000    0.000000   clock i_clk (rise edge)
                                  0.000000    0.000000   clock network delay (ideal)
                                  6.000000    6.000000 ^ input external delay
   203    0.626170    2.804778    1.915896    7.915896 ^ i_rst_n (in)
                                                         i_rst_n (net)
                      2.804778    0.000000    7.915896 ^ _1260_/RESET_B (sky130_fd_sc_hd__dfrtp_2)
                                              7.915896   data arrival time

                      0.150000   32.000000   32.000000   clock i_clk (rise edge)
                                  0.000000   32.000000   clock network delay (ideal)
                                 -0.250000   31.750000   clock uncertainty
                                  0.000000   31.750000   clock reconvergence pessimism
                                             31.750000 ^ _1260_/CLK (sky130_fd_sc_hd__dfrtp_2)
                                 -0.667418   31.082582   library recovery time
                                             31.082582   data required time
---------------------------------------------------------------------------------------------
                                             31.082582   data required time
                                             -7.915896   data arrival time
---------------------------------------------------------------------------------------------
                                             23.166687   slack (MET)


Startpoint: i_rst_n (input port clocked by i_clk)
Endpoint: _1261_ (recovery check against rising-edge clock i_clk)
Path Group: asynchronous
Path Type: max

Fanout         Cap        Slew       Delay        Time   Description
---------------------------------------------------------------------------------------------
                      0.150000    0.000000    0.000000   clock i_clk (rise edge)
                                  0.000000    0.000000   clock network delay (ideal)
                                  6.000000    6.000000 ^ input external delay
   203    0.626170    2.804778    1.915896    7.915896 ^ i_rst_n (in)
                                                         i_rst_n (net)
                      2.804778    0.000000    7.915896 ^ _1261_/RESET_B (sky130_fd_sc_hd__dfrtp_2)
                                              7.915896   data arrival time

                      0.150000   32.000000   32.000000   clock i_clk (rise edge)
                                  0.000000   32.000000   clock network delay (ideal)
                                 -0.250000   31.750000   clock uncertainty
                                  0.000000   31.750000   clock reconvergence pessimism
                                             31.750000 ^ _1261_/CLK (sky130_fd_sc_hd__dfrtp_2)
                                 -0.667418   31.082582   library recovery time
                                             31.082582   data required time
---------------------------------------------------------------------------------------------
                                             31.082582   data required time
                                             -7.915896   data arrival time
---------------------------------------------------------------------------------------------
                                             23.166687   slack (MET)


Startpoint: i_rst_n (input port clocked by i_clk)
Endpoint: _1262_ (recovery check against rising-edge clock i_clk)
Path Group: asynchronous
Path Type: max

Fanout         Cap        Slew       Delay        Time   Description
---------------------------------------------------------------------------------------------
                      0.150000    0.000000    0.000000   clock i_clk (rise edge)
                                  0.000000    0.000000   clock network delay (ideal)
                                  6.000000    6.000000 ^ input external delay
   203    0.626170    2.804778    1.915896    7.915896 ^ i_rst_n (in)
                                                         i_rst_n (net)
                      2.804778    0.000000    7.915896 ^ _1262_/RESET_B (sky130_fd_sc_hd__dfrtp_2)
                                              7.915896   data arrival time

                      0.150000   32.000000   32.000000   clock i_clk (rise edge)
                                  0.000000   32.000000   clock network delay (ideal)
                                 -0.250000   31.750000   clock uncertainty
                                  0.000000   31.750000   clock reconvergence pessimism
                                             31.750000 ^ _1262_/CLK (sky130_fd_sc_hd__dfrtp_2)
                                 -0.667418   31.082582   library recovery time
                                             31.082582   data required time
---------------------------------------------------------------------------------------------
                                             31.082582   data required time
                                             -7.915896   data arrival time
---------------------------------------------------------------------------------------------
                                             23.166687   slack (MET)


Startpoint: i_rst_n (input port clocked by i_clk)
Endpoint: _1263_ (recovery check against rising-edge clock i_clk)
Path Group: asynchronous
Path Type: max

Fanout         Cap        Slew       Delay        Time   Description
---------------------------------------------------------------------------------------------
                      0.150000    0.000000    0.000000   clock i_clk (rise edge)
                                  0.000000    0.000000   clock network delay (ideal)
                                  6.000000    6.000000 ^ input external delay
   203    0.626170    2.804778    1.915896    7.915896 ^ i_rst_n (in)
                                                         i_rst_n (net)
                      2.804778    0.000000    7.915896 ^ _1263_/RESET_B (sky130_fd_sc_hd__dfrtp_2)
                                              7.915896   data arrival time

                      0.150000   32.000000   32.000000   clock i_clk (rise edge)
                                  0.000000   32.000000   clock network delay (ideal)
                                 -0.250000   31.750000   clock uncertainty
                                  0.000000   31.750000   clock reconvergence pessimism
                                             31.750000 ^ _1263_/CLK (sky130_fd_sc_hd__dfrtp_2)
                                 -0.667418   31.082582   library recovery time
                                             31.082582   data required time
---------------------------------------------------------------------------------------------
                                             31.082582   data required time
                                             -7.915896   data arrival time
---------------------------------------------------------------------------------------------
                                             23.166687   slack (MET)


Startpoint: i_rst_n (input port clocked by i_clk)
Endpoint: _1264_ (recovery check against rising-edge clock i_clk)
Path Group: asynchronous
Path Type: max

Fanout         Cap        Slew       Delay        Time   Description
---------------------------------------------------------------------------------------------
                      0.150000    0.000000    0.000000   clock i_clk (rise edge)
                                  0.000000    0.000000   clock network delay (ideal)
                                  6.000000    6.000000 ^ input external delay
   203    0.626170    2.804778    1.915896    7.915896 ^ i_rst_n (in)
                                                         i_rst_n (net)
                      2.804778    0.000000    7.915896 ^ _1264_/RESET_B (sky130_fd_sc_hd__dfrtp_2)
                                              7.915896   data arrival time

                      0.150000   32.000000   32.000000   clock i_clk (rise edge)
                                  0.000000   32.000000   clock network delay (ideal)
                                 -0.250000   31.750000   clock uncertainty
                                  0.000000   31.750000   clock reconvergence pessimism
                                             31.750000 ^ _1264_/CLK (sky130_fd_sc_hd__dfrtp_2)
                                 -0.667418   31.082582   library recovery time
                                             31.082582   data required time
---------------------------------------------------------------------------------------------
                                             31.082582   data required time
                                             -7.915896   data arrival time
---------------------------------------------------------------------------------------------
                                             23.166687   slack (MET)


Startpoint: i_rst_n (input port clocked by i_clk)
Endpoint: _1265_ (recovery check against rising-edge clock i_clk)
Path Group: asynchronous
Path Type: max

Fanout         Cap        Slew       Delay        Time   Description
---------------------------------------------------------------------------------------------
                      0.150000    0.000000    0.000000   clock i_clk (rise edge)
                                  0.000000    0.000000   clock network delay (ideal)
                                  6.000000    6.000000 ^ input external delay
   203    0.626170    2.804778    1.915896    7.915896 ^ i_rst_n (in)
                                                         i_rst_n (net)
                      2.804778    0.000000    7.915896 ^ _1265_/RESET_B (sky130_fd_sc_hd__dfrtp_2)
                                              7.915896   data arrival time

                      0.150000   32.000000   32.000000   clock i_clk (rise edge)
                                  0.000000   32.000000   clock network delay (ideal)
                                 -0.250000   31.750000   clock uncertainty
                                  0.000000   31.750000   clock reconvergence pessimism
                                             31.750000 ^ _1265_/CLK (sky130_fd_sc_hd__dfrtp_2)
                                 -0.667418   31.082582   library recovery time
                                             31.082582   data required time
---------------------------------------------------------------------------------------------
                                             31.082582   data required time
                                             -7.915896   data arrival time
---------------------------------------------------------------------------------------------
                                             23.166687   slack (MET)


Startpoint: i_rst_n (input port clocked by i_clk)
Endpoint: _1266_ (recovery check against rising-edge clock i_clk)
Path Group: asynchronous
Path Type: max

Fanout         Cap        Slew       Delay        Time   Description
---------------------------------------------------------------------------------------------
                      0.150000    0.000000    0.000000   clock i_clk (rise edge)
                                  0.000000    0.000000   clock network delay (ideal)
                                  6.000000    6.000000 ^ input external delay
   203    0.626170    2.804778    1.915896    7.915896 ^ i_rst_n (in)
                                                         i_rst_n (net)
                      2.804778    0.000000    7.915896 ^ _1266_/RESET_B (sky130_fd_sc_hd__dfrtp_2)
                                              7.915896   data arrival time

                      0.150000   32.000000   32.000000   clock i_clk (rise edge)
                                  0.000000   32.000000   clock network delay (ideal)
                                 -0.250000   31.750000   clock uncertainty
                                  0.000000   31.750000   clock reconvergence pessimism
                                             31.750000 ^ _1266_/CLK (sky130_fd_sc_hd__dfrtp_2)
                                 -0.667418   31.082582   library recovery time
                                             31.082582   data required time
---------------------------------------------------------------------------------------------
                                             31.082582   data required time
                                             -7.915896   data arrival time
---------------------------------------------------------------------------------------------
                                             23.166687   slack (MET)


Startpoint: i_rst_n (input port clocked by i_clk)
Endpoint: _1267_ (recovery check against rising-edge clock i_clk)
Path Group: asynchronous
Path Type: max

Fanout         Cap        Slew       Delay        Time   Description
---------------------------------------------------------------------------------------------
                      0.150000    0.000000    0.000000   clock i_clk (rise edge)
                                  0.000000    0.000000   clock network delay (ideal)
                                  6.000000    6.000000 ^ input external delay
   203    0.626170    2.804778    1.915896    7.915896 ^ i_rst_n (in)
                                                         i_rst_n (net)
                      2.804778    0.000000    7.915896 ^ _1267_/RESET_B (sky130_fd_sc_hd__dfrtp_2)
                                              7.915896   data arrival time

                      0.150000   32.000000   32.000000   clock i_clk (rise edge)
                                  0.000000   32.000000   clock network delay (ideal)
                                 -0.250000   31.750000   clock uncertainty
                                  0.000000   31.750000   clock reconvergence pessimism
                                             31.750000 ^ _1267_/CLK (sky130_fd_sc_hd__dfrtp_2)
                                 -0.667418   31.082582   library recovery time
                                             31.082582   data required time
---------------------------------------------------------------------------------------------
                                             31.082582   data required time
                                             -7.915896   data arrival time
---------------------------------------------------------------------------------------------
                                             23.166687   slack (MET)


Startpoint: i_rst_n (input port clocked by i_clk)
Endpoint: _1268_ (recovery check against rising-edge clock i_clk)
Path Group: asynchronous
Path Type: max

Fanout         Cap        Slew       Delay        Time   Description
---------------------------------------------------------------------------------------------
                      0.150000    0.000000    0.000000   clock i_clk (rise edge)
                                  0.000000    0.000000   clock network delay (ideal)
                                  6.000000    6.000000 ^ input external delay
   203    0.626170    2.804778    1.915896    7.915896 ^ i_rst_n (in)
                                                         i_rst_n (net)
                      2.804778    0.000000    7.915896 ^ _1268_/RESET_B (sky130_fd_sc_hd__dfrtp_2)
                                              7.915896   data arrival time

                      0.150000   32.000000   32.000000   clock i_clk (rise edge)
                                  0.000000   32.000000   clock network delay (ideal)
                                 -0.250000   31.750000   clock uncertainty
                                  0.000000   31.750000   clock reconvergence pessimism
                                             31.750000 ^ _1268_/CLK (sky130_fd_sc_hd__dfrtp_2)
                                 -0.667418   31.082582   library recovery time
                                             31.082582   data required time
---------------------------------------------------------------------------------------------
                                             31.082582   data required time
                                             -7.915896   data arrival time
---------------------------------------------------------------------------------------------
                                             23.166687   slack (MET)


Startpoint: i_rst_n (input port clocked by i_clk)
Endpoint: _1269_ (recovery check against rising-edge clock i_clk)
Path Group: asynchronous
Path Type: max

Fanout         Cap        Slew       Delay        Time   Description
---------------------------------------------------------------------------------------------
                      0.150000    0.000000    0.000000   clock i_clk (rise edge)
                                  0.000000    0.000000   clock network delay (ideal)
                                  6.000000    6.000000 ^ input external delay
   203    0.626170    2.804778    1.915896    7.915896 ^ i_rst_n (in)
                                                         i_rst_n (net)
                      2.804778    0.000000    7.915896 ^ _1269_/RESET_B (sky130_fd_sc_hd__dfrtp_2)
                                              7.915896   data arrival time

                      0.150000   32.000000   32.000000   clock i_clk (rise edge)
                                  0.000000   32.000000   clock network delay (ideal)
                                 -0.250000   31.750000   clock uncertainty
                                  0.000000   31.750000   clock reconvergence pessimism
                                             31.750000 ^ _1269_/CLK (sky130_fd_sc_hd__dfrtp_2)
                                 -0.667418   31.082582   library recovery time
                                             31.082582   data required time
---------------------------------------------------------------------------------------------
                                             31.082582   data required time
                                             -7.915896   data arrival time
---------------------------------------------------------------------------------------------
                                             23.166687   slack (MET)


Startpoint: i_rst_n (input port clocked by i_clk)
Endpoint: _1270_ (recovery check against rising-edge clock i_clk)
Path Group: asynchronous
Path Type: max

Fanout         Cap        Slew       Delay        Time   Description
---------------------------------------------------------------------------------------------
                      0.150000    0.000000    0.000000   clock i_clk (rise edge)
                                  0.000000    0.000000   clock network delay (ideal)
                                  6.000000    6.000000 ^ input external delay
   203    0.626170    2.804778    1.915896    7.915896 ^ i_rst_n (in)
                                                         i_rst_n (net)
                      2.804778    0.000000    7.915896 ^ _1270_/RESET_B (sky130_fd_sc_hd__dfrtp_2)
                                              7.915896   data arrival time

                      0.150000   32.000000   32.000000   clock i_clk (rise edge)
                                  0.000000   32.000000   clock network delay (ideal)
                                 -0.250000   31.750000   clock uncertainty
                                  0.000000   31.750000   clock reconvergence pessimism
                                             31.750000 ^ _1270_/CLK (sky130_fd_sc_hd__dfrtp_2)
                                 -0.667418   31.082582   library recovery time
                                             31.082582   data required time
---------------------------------------------------------------------------------------------
                                             31.082582   data required time
                                             -7.915896   data arrival time
---------------------------------------------------------------------------------------------
                                             23.166687   slack (MET)


Startpoint: i_rst_n (input port clocked by i_clk)
Endpoint: _1271_ (recovery check against rising-edge clock i_clk)
Path Group: asynchronous
Path Type: max

Fanout         Cap        Slew       Delay        Time   Description
---------------------------------------------------------------------------------------------
                      0.150000    0.000000    0.000000   clock i_clk (rise edge)
                                  0.000000    0.000000   clock network delay (ideal)
                                  6.000000    6.000000 ^ input external delay
   203    0.626170    2.804778    1.915896    7.915896 ^ i_rst_n (in)
                                                         i_rst_n (net)
                      2.804778    0.000000    7.915896 ^ _1271_/RESET_B (sky130_fd_sc_hd__dfrtp_2)
                                              7.915896   data arrival time

                      0.150000   32.000000   32.000000   clock i_clk (rise edge)
                                  0.000000   32.000000   clock network delay (ideal)
                                 -0.250000   31.750000   clock uncertainty
                                  0.000000   31.750000   clock reconvergence pessimism
                                             31.750000 ^ _1271_/CLK (sky130_fd_sc_hd__dfrtp_2)
                                 -0.667418   31.082582   library recovery time
                                             31.082582   data required time
---------------------------------------------------------------------------------------------
                                             31.082582   data required time
                                             -7.915896   data arrival time
---------------------------------------------------------------------------------------------
                                             23.166687   slack (MET)


Startpoint: i_rst_n (input port clocked by i_clk)
Endpoint: _1272_ (recovery check against rising-edge clock i_clk)
Path Group: asynchronous
Path Type: max

Fanout         Cap        Slew       Delay        Time   Description
---------------------------------------------------------------------------------------------
                      0.150000    0.000000    0.000000   clock i_clk (rise edge)
                                  0.000000    0.000000   clock network delay (ideal)
                                  6.000000    6.000000 ^ input external delay
   203    0.626170    2.804778    1.915896    7.915896 ^ i_rst_n (in)
                                                         i_rst_n (net)
                      2.804778    0.000000    7.915896 ^ _1272_/RESET_B (sky130_fd_sc_hd__dfrtp_2)
                                              7.915896   data arrival time

                      0.150000   32.000000   32.000000   clock i_clk (rise edge)
                                  0.000000   32.000000   clock network delay (ideal)
                                 -0.250000   31.750000   clock uncertainty
                                  0.000000   31.750000   clock reconvergence pessimism
                                             31.750000 ^ _1272_/CLK (sky130_fd_sc_hd__dfrtp_2)
                                 -0.667418   31.082582   library recovery time
                                             31.082582   data required time
---------------------------------------------------------------------------------------------
                                             31.082582   data required time
                                             -7.915896   data arrival time
---------------------------------------------------------------------------------------------
                                             23.166687   slack (MET)


Startpoint: i_rst_n (input port clocked by i_clk)
Endpoint: _1273_ (recovery check against rising-edge clock i_clk)
Path Group: asynchronous
Path Type: max

Fanout         Cap        Slew       Delay        Time   Description
---------------------------------------------------------------------------------------------
                      0.150000    0.000000    0.000000   clock i_clk (rise edge)
                                  0.000000    0.000000   clock network delay (ideal)
                                  6.000000    6.000000 ^ input external delay
   203    0.626170    2.804778    1.915896    7.915896 ^ i_rst_n (in)
                                                         i_rst_n (net)
                      2.804778    0.000000    7.915896 ^ _1273_/RESET_B (sky130_fd_sc_hd__dfrtp_2)
                                              7.915896   data arrival time

                      0.150000   32.000000   32.000000   clock i_clk (rise edge)
                                  0.000000   32.000000   clock network delay (ideal)
                                 -0.250000   31.750000   clock uncertainty
                                  0.000000   31.750000   clock reconvergence pessimism
                                             31.750000 ^ _1273_/CLK (sky130_fd_sc_hd__dfrtp_2)
                                 -0.667418   31.082582   library recovery time
                                             31.082582   data required time
---------------------------------------------------------------------------------------------
                                             31.082582   data required time
                                             -7.915896   data arrival time
---------------------------------------------------------------------------------------------
                                             23.166687   slack (MET)


Startpoint: i_rst_n (input port clocked by i_clk)
Endpoint: _1274_ (recovery check against rising-edge clock i_clk)
Path Group: asynchronous
Path Type: max

Fanout         Cap        Slew       Delay        Time   Description
---------------------------------------------------------------------------------------------
                      0.150000    0.000000    0.000000   clock i_clk (rise edge)
                                  0.000000    0.000000   clock network delay (ideal)
                                  6.000000    6.000000 ^ input external delay
   203    0.626170    2.804778    1.915896    7.915896 ^ i_rst_n (in)
                                                         i_rst_n (net)
                      2.804778    0.000000    7.915896 ^ _1274_/RESET_B (sky130_fd_sc_hd__dfrtp_2)
                                              7.915896   data arrival time

                      0.150000   32.000000   32.000000   clock i_clk (rise edge)
                                  0.000000   32.000000   clock network delay (ideal)
                                 -0.250000   31.750000   clock uncertainty
                                  0.000000   31.750000   clock reconvergence pessimism
                                             31.750000 ^ _1274_/CLK (sky130_fd_sc_hd__dfrtp_2)
                                 -0.667418   31.082582   library recovery time
                                             31.082582   data required time
---------------------------------------------------------------------------------------------
                                             31.082582   data required time
                                             -7.915896   data arrival time
---------------------------------------------------------------------------------------------
                                             23.166687   slack (MET)


Startpoint: i_rst_n (input port clocked by i_clk)
Endpoint: _1275_ (recovery check against rising-edge clock i_clk)
Path Group: asynchronous
Path Type: max

Fanout         Cap        Slew       Delay        Time   Description
---------------------------------------------------------------------------------------------
                      0.150000    0.000000    0.000000   clock i_clk (rise edge)
                                  0.000000    0.000000   clock network delay (ideal)
                                  6.000000    6.000000 ^ input external delay
   203    0.626170    2.804778    1.915896    7.915896 ^ i_rst_n (in)
                                                         i_rst_n (net)
                      2.804778    0.000000    7.915896 ^ _1275_/RESET_B (sky130_fd_sc_hd__dfrtp_2)
                                              7.915896   data arrival time

                      0.150000   32.000000   32.000000   clock i_clk (rise edge)
                                  0.000000   32.000000   clock network delay (ideal)
                                 -0.250000   31.750000   clock uncertainty
                                  0.000000   31.750000   clock reconvergence pessimism
                                             31.750000 ^ _1275_/CLK (sky130_fd_sc_hd__dfrtp_2)
                                 -0.667418   31.082582   library recovery time
                                             31.082582   data required time
---------------------------------------------------------------------------------------------
                                             31.082582   data required time
                                             -7.915896   data arrival time
---------------------------------------------------------------------------------------------
                                             23.166687   slack (MET)


Startpoint: i_rst_n (input port clocked by i_clk)
Endpoint: _1276_ (recovery check against rising-edge clock i_clk)
Path Group: asynchronous
Path Type: max

Fanout         Cap        Slew       Delay        Time   Description
---------------------------------------------------------------------------------------------
                      0.150000    0.000000    0.000000   clock i_clk (rise edge)
                                  0.000000    0.000000   clock network delay (ideal)
                                  6.000000    6.000000 ^ input external delay
   203    0.626170    2.804778    1.915896    7.915896 ^ i_rst_n (in)
                                                         i_rst_n (net)
                      2.804778    0.000000    7.915896 ^ _1276_/RESET_B (sky130_fd_sc_hd__dfrtp_2)
                                              7.915896   data arrival time

                      0.150000   32.000000   32.000000   clock i_clk (rise edge)
                                  0.000000   32.000000   clock network delay (ideal)
                                 -0.250000   31.750000   clock uncertainty
                                  0.000000   31.750000   clock reconvergence pessimism
                                             31.750000 ^ _1276_/CLK (sky130_fd_sc_hd__dfrtp_2)
                                 -0.667418   31.082582   library recovery time
                                             31.082582   data required time
---------------------------------------------------------------------------------------------
                                             31.082582   data required time
                                             -7.915896   data arrival time
---------------------------------------------------------------------------------------------
                                             23.166687   slack (MET)


Startpoint: i_rst_n (input port clocked by i_clk)
Endpoint: _1277_ (recovery check against rising-edge clock i_clk)
Path Group: asynchronous
Path Type: max

Fanout         Cap        Slew       Delay        Time   Description
---------------------------------------------------------------------------------------------
                      0.150000    0.000000    0.000000   clock i_clk (rise edge)
                                  0.000000    0.000000   clock network delay (ideal)
                                  6.000000    6.000000 ^ input external delay
   203    0.626170    2.804778    1.915896    7.915896 ^ i_rst_n (in)
                                                         i_rst_n (net)
                      2.804778    0.000000    7.915896 ^ _1277_/RESET_B (sky130_fd_sc_hd__dfrtp_2)
                                              7.915896   data arrival time

                      0.150000   32.000000   32.000000   clock i_clk (rise edge)
                                  0.000000   32.000000   clock network delay (ideal)
                                 -0.250000   31.750000   clock uncertainty
                                  0.000000   31.750000   clock reconvergence pessimism
                                             31.750000 ^ _1277_/CLK (sky130_fd_sc_hd__dfrtp_2)
                                 -0.667418   31.082582   library recovery time
                                             31.082582   data required time
---------------------------------------------------------------------------------------------
                                             31.082582   data required time
                                             -7.915896   data arrival time
---------------------------------------------------------------------------------------------
                                             23.166687   slack (MET)


Startpoint: i_rst_n (input port clocked by i_clk)
Endpoint: _1278_ (recovery check against rising-edge clock i_clk)
Path Group: asynchronous
Path Type: max

Fanout         Cap        Slew       Delay        Time   Description
---------------------------------------------------------------------------------------------
                      0.150000    0.000000    0.000000   clock i_clk (rise edge)
                                  0.000000    0.000000   clock network delay (ideal)
                                  6.000000    6.000000 ^ input external delay
   203    0.626170    2.804778    1.915896    7.915896 ^ i_rst_n (in)
                                                         i_rst_n (net)
                      2.804778    0.000000    7.915896 ^ _1278_/RESET_B (sky130_fd_sc_hd__dfrtp_2)
                                              7.915896   data arrival time

                      0.150000   32.000000   32.000000   clock i_clk (rise edge)
                                  0.000000   32.000000   clock network delay (ideal)
                                 -0.250000   31.750000   clock uncertainty
                                  0.000000   31.750000   clock reconvergence pessimism
                                             31.750000 ^ _1278_/CLK (sky130_fd_sc_hd__dfrtp_2)
                                 -0.667418   31.082582   library recovery time
                                             31.082582   data required time
---------------------------------------------------------------------------------------------
                                             31.082582   data required time
                                             -7.915896   data arrival time
---------------------------------------------------------------------------------------------
                                             23.166687   slack (MET)


Startpoint: i_rst_n (input port clocked by i_clk)
Endpoint: _1077_ (recovery check against rising-edge clock i_clk)
Path Group: asynchronous
Path Type: max

Fanout         Cap        Slew       Delay        Time   Description
---------------------------------------------------------------------------------------------
                      0.150000    0.000000    0.000000   clock i_clk (rise edge)
                                  0.000000    0.000000   clock network delay (ideal)
                                  6.000000    6.000000 ^ input external delay
   203    0.626170    2.804778    1.915896    7.915896 ^ i_rst_n (in)
                                                         i_rst_n (net)
                      2.804778    0.000000    7.915896 ^ _0848_/C_N (sky130_fd_sc_hd__or3b_2)
     1    0.004002    0.083084    0.533864    8.449759 v _0848_/X (sky130_fd_sc_hd__or3b_2)
                                                         _0470_ (net)
                      0.083084    0.000000    8.449759 v _0849_/C (sky130_fd_sc_hd__nor3_2)
     1    0.003612    0.127906    0.115539    8.565298 ^ _0849_/Y (sky130_fd_sc_hd__nor3_2)
                                                         _0101_ (net)
                      0.127906    0.000000    8.565298 ^ _1077_/RESET_B (sky130_fd_sc_hd__dfrtp_2)
                                              8.565298   data arrival time

                      0.150000   32.000000   32.000000   clock i_clk (rise edge)
                                  0.000000   32.000000   clock network delay (ideal)
                                 -0.250000   31.750000   clock uncertainty
                                  0.000000   31.750000   clock reconvergence pessimism
                                             31.750000 ^ _1077_/CLK (sky130_fd_sc_hd__dfrtp_2)
                                  0.227116   31.977118   library recovery time
                                             31.977118   data required time
---------------------------------------------------------------------------------------------
                                             31.977118   data required time
                                             -8.565298   data arrival time
---------------------------------------------------------------------------------------------
                                             23.411819   slack (MET)


Startpoint: i_rst_n (input port clocked by i_clk)
Endpoint: _1068_ (recovery check against rising-edge clock i_clk)
Path Group: asynchronous
Path Type: max

Fanout         Cap        Slew       Delay        Time   Description
---------------------------------------------------------------------------------------------
                      0.150000    0.000000    0.000000   clock i_clk (rise edge)
                                  0.000000    0.000000   clock network delay (ideal)
                                  6.000000    6.000000 ^ input external delay
   203    0.626170    2.804778    1.915896    7.915896 ^ i_rst_n (in)
                                                         i_rst_n (net)
                      2.804778    0.000000    7.915896 ^ _0840_/B1 (sky130_fd_sc_hd__o21a_2)
     1    0.003420    0.084873    0.360132    8.276028 ^ _0840_/X (sky130_fd_sc_hd__o21a_2)
                                                         _0099_ (net)
                      0.084873    0.000000    8.276028 ^ _1068_/SET_B (sky130_fd_sc_hd__dfstp_2)
                                              8.276028   data arrival time

                      0.150000   32.000000   32.000000   clock i_clk (rise edge)
                                  0.000000   32.000000   clock network delay (ideal)
                                 -0.250000   31.750000   clock uncertainty
                                  0.000000   31.750000   clock reconvergence pessimism
                                             31.750000 ^ _1068_/CLK (sky130_fd_sc_hd__dfstp_2)
                                  0.161946   31.911945   library recovery time
                                             31.911945   data required time
---------------------------------------------------------------------------------------------
                                             31.911945   data required time
                                             -8.276028   data arrival time
---------------------------------------------------------------------------------------------
                                             23.635920   slack (MET)


Startpoint: i_rst_n (input port clocked by i_clk)
Endpoint: _1069_ (recovery check against rising-edge clock i_clk)
Path Group: asynchronous
Path Type: max

Fanout         Cap        Slew       Delay        Time   Description
---------------------------------------------------------------------------------------------
                      0.150000    0.000000    0.000000   clock i_clk (rise edge)
                                  0.000000    0.000000   clock network delay (ideal)
                                  6.000000    6.000000 ^ input external delay
   203    0.626170    2.804778    1.915896    7.915896 ^ i_rst_n (in)
                                                         i_rst_n (net)
                      2.804778    0.000000    7.915896 ^ _0976_/B1 (sky130_fd_sc_hd__o21a_2)
     1    0.003420    0.084873    0.360132    8.276028 ^ _0976_/X (sky130_fd_sc_hd__o21a_2)
                                                         _0100_ (net)
                      0.084873    0.000000    8.276028 ^ _1069_/SET_B (sky130_fd_sc_hd__dfstp_2)
                                              8.276028   data arrival time

                      0.150000   32.000000   32.000000   clock i_clk (rise edge)
                                  0.000000   32.000000   clock network delay (ideal)
                                 -0.250000   31.750000   clock uncertainty
                                  0.000000   31.750000   clock reconvergence pessimism
                                             31.750000 ^ _1069_/CLK (sky130_fd_sc_hd__dfstp_2)
                                  0.161946   31.911945   library recovery time
                                             31.911945   data required time
---------------------------------------------------------------------------------------------
                                             31.911945   data required time
                                             -8.276028   data arrival time
---------------------------------------------------------------------------------------------
                                             23.635920   slack (MET)


Startpoint: i_rst_n (input port clocked by i_clk)
Endpoint: _1142_ (recovery check against rising-edge clock i_clk)
Path Group: asynchronous
Path Type: max

Fanout         Cap        Slew       Delay        Time   Description
---------------------------------------------------------------------------------------------
                      0.150000    0.000000    0.000000   clock i_clk (rise edge)
                                  0.000000    0.000000   clock network delay (ideal)
                                  6.000000    6.000000 ^ input external delay
   203    0.626170    2.804778    1.915896    7.915896 ^ i_rst_n (in)
                                                         i_rst_n (net)
                      2.804778    0.000000    7.915896 ^ _0990_/B1 (sky130_fd_sc_hd__o21a_2)
     1    0.003420    0.084873    0.360132    8.276028 ^ _0990_/X (sky130_fd_sc_hd__o21a_2)
                                                         _0115_ (net)
                      0.084873    0.000000    8.276028 ^ _1142_/SET_B (sky130_fd_sc_hd__dfstp_2)
                                              8.276028   data arrival time

                      0.150000   32.000000   32.000000   clock i_clk (rise edge)
                                  0.000000   32.000000   clock network delay (ideal)
                                 -0.250000   31.750000   clock uncertainty
                                  0.000000   31.750000   clock reconvergence pessimism
                                             31.750000 ^ _1142_/CLK (sky130_fd_sc_hd__dfstp_2)
                                  0.161946   31.911945   library recovery time
                                             31.911945   data required time
---------------------------------------------------------------------------------------------
                                             31.911945   data required time
                                             -8.276028   data arrival time
---------------------------------------------------------------------------------------------
                                             23.635920   slack (MET)


Startpoint: i_rst_n (input port clocked by i_clk)
Endpoint: _1145_ (recovery check against rising-edge clock i_clk)
Path Group: asynchronous
Path Type: max

Fanout         Cap        Slew       Delay        Time   Description
---------------------------------------------------------------------------------------------
                      0.150000    0.000000    0.000000   clock i_clk (rise edge)
                                  0.000000    0.000000   clock network delay (ideal)
                                  6.000000    6.000000 ^ input external delay
   203    0.626170    2.804778    1.915896    7.915896 ^ i_rst_n (in)
                                                         i_rst_n (net)
                      2.804778    0.000000    7.915896 ^ _0993_/B1 (sky130_fd_sc_hd__o21a_2)
     1    0.003420    0.084873    0.360132    8.276028 ^ _0993_/X (sky130_fd_sc_hd__o21a_2)
                                                         _0118_ (net)
                      0.084873    0.000000    8.276028 ^ _1145_/SET_B (sky130_fd_sc_hd__dfstp_2)
                                              8.276028   data arrival time

                      0.150000   32.000000   32.000000   clock i_clk (rise edge)
                                  0.000000   32.000000   clock network delay (ideal)
                                 -0.250000   31.750000   clock uncertainty
                                  0.000000   31.750000   clock reconvergence pessimism
                                             31.750000 ^ _1145_/CLK (sky130_fd_sc_hd__dfstp_2)
                                  0.161946   31.911945   library recovery time
                                             31.911945   data required time
---------------------------------------------------------------------------------------------
                                             31.911945   data required time
                                             -8.276028   data arrival time
---------------------------------------------------------------------------------------------
                                             23.635920   slack (MET)


Startpoint: i_rst_n (input port clocked by i_clk)
Endpoint: _1152_ (recovery check against rising-edge clock i_clk)
Path Group: asynchronous
Path Type: max

Fanout         Cap        Slew       Delay        Time   Description
---------------------------------------------------------------------------------------------
                      0.150000    0.000000    0.000000   clock i_clk (rise edge)
                                  0.000000    0.000000   clock network delay (ideal)
                                  6.000000    6.000000 ^ input external delay
   203    0.626170    2.804778    1.915896    7.915896 ^ i_rst_n (in)
                                                         i_rst_n (net)
                      2.804778    0.000000    7.915896 ^ _1000_/B1 (sky130_fd_sc_hd__o21a_2)
     1    0.003420    0.084873    0.360132    8.276028 ^ _1000_/X (sky130_fd_sc_hd__o21a_2)
                                                         _0125_ (net)
                      0.084873    0.000000    8.276028 ^ _1152_/SET_B (sky130_fd_sc_hd__dfstp_2)
                                              8.276028   data arrival time

                      0.150000   32.000000   32.000000   clock i_clk (rise edge)
                                  0.000000   32.000000   clock network delay (ideal)
                                 -0.250000   31.750000   clock uncertainty
                                  0.000000   31.750000   clock reconvergence pessimism
                                             31.750000 ^ _1152_/CLK (sky130_fd_sc_hd__dfstp_2)
                                  0.161946   31.911945   library recovery time
                                             31.911945   data required time
---------------------------------------------------------------------------------------------
                                             31.911945   data required time
                                             -8.276028   data arrival time
---------------------------------------------------------------------------------------------
                                             23.635920   slack (MET)


Startpoint: i_rst_n (input port clocked by i_clk)
Endpoint: _1156_ (recovery check against rising-edge clock i_clk)
Path Group: asynchronous
Path Type: max

Fanout         Cap        Slew       Delay        Time   Description
---------------------------------------------------------------------------------------------
                      0.150000    0.000000    0.000000   clock i_clk (rise edge)
                                  0.000000    0.000000   clock network delay (ideal)
                                  6.000000    6.000000 ^ input external delay
   203    0.626170    2.804778    1.915896    7.915896 ^ i_rst_n (in)
                                                         i_rst_n (net)
                      2.804778    0.000000    7.915896 ^ _1004_/B1 (sky130_fd_sc_hd__o21a_2)
     1    0.003420    0.084873    0.360132    8.276028 ^ _1004_/X (sky130_fd_sc_hd__o21a_2)
                                                         _0129_ (net)
                      0.084873    0.000000    8.276028 ^ _1156_/SET_B (sky130_fd_sc_hd__dfstp_2)
                                              8.276028   data arrival time

                      0.150000   32.000000   32.000000   clock i_clk (rise edge)
                                  0.000000   32.000000   clock network delay (ideal)
                                 -0.250000   31.750000   clock uncertainty
                                  0.000000   31.750000   clock reconvergence pessimism
                                             31.750000 ^ _1156_/CLK (sky130_fd_sc_hd__dfstp_2)
                                  0.161946   31.911945   library recovery time
                                             31.911945   data required time
---------------------------------------------------------------------------------------------
                                             31.911945   data required time
                                             -8.276028   data arrival time
---------------------------------------------------------------------------------------------
                                             23.635920   slack (MET)


Startpoint: i_rst_n (input port clocked by i_clk)
Endpoint: _1210_ (recovery check against rising-edge clock i_clk)
Path Group: asynchronous
Path Type: max

Fanout         Cap        Slew       Delay        Time   Description
---------------------------------------------------------------------------------------------
                      0.150000    0.000000    0.000000   clock i_clk (rise edge)
                                  0.000000    0.000000   clock network delay (ideal)
                                  6.000000    6.000000 ^ input external delay
   203    0.626170    2.804778    1.915896    7.915896 ^ i_rst_n (in)
                                                         i_rst_n (net)
                      2.804778    0.000000    7.915896 ^ _1018_/B1 (sky130_fd_sc_hd__o21a_2)
     1    0.003420    0.084873    0.360132    8.276028 ^ _1018_/X (sky130_fd_sc_hd__o21a_2)
                                                         _0143_ (net)
                      0.084873    0.000000    8.276028 ^ _1210_/SET_B (sky130_fd_sc_hd__dfstp_2)
                                              8.276028   data arrival time

                      0.150000   32.000000   32.000000   clock i_clk (rise edge)
                                  0.000000   32.000000   clock network delay (ideal)
                                 -0.250000   31.750000   clock uncertainty
                                  0.000000   31.750000   clock reconvergence pessimism
                                             31.750000 ^ _1210_/CLK (sky130_fd_sc_hd__dfstp_2)
                                  0.161946   31.911945   library recovery time
                                             31.911945   data required time
---------------------------------------------------------------------------------------------
                                             31.911945   data required time
                                             -8.276028   data arrival time
---------------------------------------------------------------------------------------------
                                             23.635920   slack (MET)


Startpoint: i_rst_n (input port clocked by i_clk)
Endpoint: _1230_ (recovery check against rising-edge clock i_clk)
Path Group: asynchronous
Path Type: max

Fanout         Cap        Slew       Delay        Time   Description
---------------------------------------------------------------------------------------------
                      0.150000    0.000000    0.000000   clock i_clk (rise edge)
                                  0.000000    0.000000   clock network delay (ideal)
                                  6.000000    6.000000 ^ input external delay
   203    0.626170    2.804778    1.915896    7.915896 ^ i_rst_n (in)
                                                         i_rst_n (net)
                      2.804778    0.000000    7.915896 ^ _1038_/B1 (sky130_fd_sc_hd__o21a_2)
     1    0.003420    0.084873    0.360132    8.276028 ^ _1038_/X (sky130_fd_sc_hd__o21a_2)
                                                         _0163_ (net)
                      0.084873    0.000000    8.276028 ^ _1230_/SET_B (sky130_fd_sc_hd__dfstp_2)
                                              8.276028   data arrival time

                      0.150000   32.000000   32.000000   clock i_clk (rise edge)
                                  0.000000   32.000000   clock network delay (ideal)
                                 -0.250000   31.750000   clock uncertainty
                                  0.000000   31.750000   clock reconvergence pessimism
                                             31.750000 ^ _1230_/CLK (sky130_fd_sc_hd__dfstp_2)
                                  0.161946   31.911945   library recovery time
                                             31.911945   data required time
---------------------------------------------------------------------------------------------
                                             31.911945   data required time
                                             -8.276028   data arrival time
---------------------------------------------------------------------------------------------
                                             23.635920   slack (MET)


Startpoint: i_rst_n (input port clocked by i_clk)
Endpoint: _1252_ (recovery check against rising-edge clock i_clk)
Path Group: asynchronous
Path Type: max

Fanout         Cap        Slew       Delay        Time   Description
---------------------------------------------------------------------------------------------
                      0.150000    0.000000    0.000000   clock i_clk (rise edge)
                                  0.000000    0.000000   clock network delay (ideal)
                                  6.000000    6.000000 ^ input external delay
   203    0.626170    2.804778    1.915896    7.915896 ^ i_rst_n (in)
                                                         i_rst_n (net)
                      2.804778    0.000000    7.915896 ^ _1060_/B1 (sky130_fd_sc_hd__o21a_2)
     1    0.003420    0.084873    0.360132    8.276028 ^ _1060_/X (sky130_fd_sc_hd__o21a_2)
                                                         _0185_ (net)
                      0.084873    0.000000    8.276028 ^ _1252_/SET_B (sky130_fd_sc_hd__dfstp_2)
                                              8.276028   data arrival time

                      0.150000   32.000000   32.000000   clock i_clk (rise edge)
                                  0.000000   32.000000   clock network delay (ideal)
                                 -0.250000   31.750000   clock uncertainty
                                  0.000000   31.750000   clock reconvergence pessimism
                                             31.750000 ^ _1252_/CLK (sky130_fd_sc_hd__dfstp_2)
                                  0.161946   31.911945   library recovery time
                                             31.911945   data required time
---------------------------------------------------------------------------------------------
                                             31.911945   data required time
                                             -8.276028   data arrival time
---------------------------------------------------------------------------------------------
                                             23.635920   slack (MET)


Startpoint: i_rst_n (input port clocked by i_clk)
Endpoint: _1129_ (recovery check against rising-edge clock i_clk)
Path Group: asynchronous
Path Type: max

Fanout         Cap        Slew       Delay        Time   Description
---------------------------------------------------------------------------------------------
                      0.150000    0.000000    0.000000   clock i_clk (rise edge)
                                  0.000000    0.000000   clock network delay (ideal)
                                  6.000000    6.000000 ^ input external delay
   203    0.626170    2.804778    1.915896    7.915896 ^ i_rst_n (in)
                                                         i_rst_n (net)
                      2.804778    0.000000    7.915896 ^ _0977_/B1 (sky130_fd_sc_hd__o21a_2)
     1    0.003612    0.085879    0.362211    8.278107 ^ _0977_/X (sky130_fd_sc_hd__o21a_2)
                                                         _0102_ (net)
                      0.085879    0.000000    8.278107 ^ _1129_/RESET_B (sky130_fd_sc_hd__dfrtp_2)
                                              8.278107   data arrival time

                      0.150000   32.000000   32.000000   clock i_clk (rise edge)
                                  0.000000   32.000000   clock network delay (ideal)
                                 -0.250000   31.750000   clock uncertainty
                                  0.000000   31.750000   clock reconvergence pessimism
                                             31.750000 ^ _1129_/CLK (sky130_fd_sc_hd__dfrtp_2)
                                  0.239433   31.989431   library recovery time
                                             31.989431   data required time
---------------------------------------------------------------------------------------------
                                             31.989431   data required time
                                             -8.278107   data arrival time
---------------------------------------------------------------------------------------------
                                             23.711323   slack (MET)


Startpoint: i_rst_n (input port clocked by i_clk)
Endpoint: _1130_ (recovery check against rising-edge clock i_clk)
Path Group: asynchronous
Path Type: max

Fanout         Cap        Slew       Delay        Time   Description
---------------------------------------------------------------------------------------------
                      0.150000    0.000000    0.000000   clock i_clk (rise edge)
                                  0.000000    0.000000   clock network delay (ideal)
                                  6.000000    6.000000 ^ input external delay
   203    0.626170    2.804778    1.915896    7.915896 ^ i_rst_n (in)
                                                         i_rst_n (net)
                      2.804778    0.000000    7.915896 ^ _0978_/B1 (sky130_fd_sc_hd__o21a_2)
     1    0.003612    0.085879    0.362211    8.278107 ^ _0978_/X (sky130_fd_sc_hd__o21a_2)
                                                         _0103_ (net)
                      0.085879    0.000000    8.278107 ^ _1130_/RESET_B (sky130_fd_sc_hd__dfrtp_2)
                                              8.278107   data arrival time

                      0.150000   32.000000   32.000000   clock i_clk (rise edge)
                                  0.000000   32.000000   clock network delay (ideal)
                                 -0.250000   31.750000   clock uncertainty
                                  0.000000   31.750000   clock reconvergence pessimism
                                             31.750000 ^ _1130_/CLK (sky130_fd_sc_hd__dfrtp_2)
                                  0.239433   31.989431   library recovery time
                                             31.989431   data required time
---------------------------------------------------------------------------------------------
                                             31.989431   data required time
                                             -8.278107   data arrival time
---------------------------------------------------------------------------------------------
                                             23.711323   slack (MET)


Startpoint: i_rst_n (input port clocked by i_clk)
Endpoint: _1131_ (recovery check against rising-edge clock i_clk)
Path Group: asynchronous
Path Type: max

Fanout         Cap        Slew       Delay        Time   Description
---------------------------------------------------------------------------------------------
                      0.150000    0.000000    0.000000   clock i_clk (rise edge)
                                  0.000000    0.000000   clock network delay (ideal)
                                  6.000000    6.000000 ^ input external delay
   203    0.626170    2.804778    1.915896    7.915896 ^ i_rst_n (in)
                                                         i_rst_n (net)
                      2.804778    0.000000    7.915896 ^ _0979_/B1 (sky130_fd_sc_hd__o21a_2)
     1    0.003612    0.085879    0.362211    8.278107 ^ _0979_/X (sky130_fd_sc_hd__o21a_2)
                                                         _0104_ (net)
                      0.085879    0.000000    8.278107 ^ _1131_/RESET_B (sky130_fd_sc_hd__dfrtp_2)
                                              8.278107   data arrival time

                      0.150000   32.000000   32.000000   clock i_clk (rise edge)
                                  0.000000   32.000000   clock network delay (ideal)
                                 -0.250000   31.750000   clock uncertainty
                                  0.000000   31.750000   clock reconvergence pessimism
                                             31.750000 ^ _1131_/CLK (sky130_fd_sc_hd__dfrtp_2)
                                  0.239433   31.989431   library recovery time
                                             31.989431   data required time
---------------------------------------------------------------------------------------------
                                             31.989431   data required time
                                             -8.278107   data arrival time
---------------------------------------------------------------------------------------------
                                             23.711323   slack (MET)


Startpoint: i_rst_n (input port clocked by i_clk)
Endpoint: _1132_ (recovery check against rising-edge clock i_clk)
Path Group: asynchronous
Path Type: max

Fanout         Cap        Slew       Delay        Time   Description
---------------------------------------------------------------------------------------------
                      0.150000    0.000000    0.000000   clock i_clk (rise edge)
                                  0.000000    0.000000   clock network delay (ideal)
                                  6.000000    6.000000 ^ input external delay
   203    0.626170    2.804778    1.915896    7.915896 ^ i_rst_n (in)
                                                         i_rst_n (net)
                      2.804778    0.000000    7.915896 ^ _0980_/B1 (sky130_fd_sc_hd__o21a_2)
     1    0.003612    0.085879    0.362211    8.278107 ^ _0980_/X (sky130_fd_sc_hd__o21a_2)
                                                         _0105_ (net)
                      0.085879    0.000000    8.278107 ^ _1132_/RESET_B (sky130_fd_sc_hd__dfrtp_2)
                                              8.278107   data arrival time

                      0.150000   32.000000   32.000000   clock i_clk (rise edge)
                                  0.000000   32.000000   clock network delay (ideal)
                                 -0.250000   31.750000   clock uncertainty
                                  0.000000   31.750000   clock reconvergence pessimism
                                             31.750000 ^ _1132_/CLK (sky130_fd_sc_hd__dfrtp_2)
                                  0.239433   31.989431   library recovery time
                                             31.989431   data required time
---------------------------------------------------------------------------------------------
                                             31.989431   data required time
                                             -8.278107   data arrival time
---------------------------------------------------------------------------------------------
                                             23.711323   slack (MET)


Startpoint: i_rst_n (input port clocked by i_clk)
Endpoint: _1133_ (recovery check against rising-edge clock i_clk)
Path Group: asynchronous
Path Type: max

Fanout         Cap        Slew       Delay        Time   Description
---------------------------------------------------------------------------------------------
                      0.150000    0.000000    0.000000   clock i_clk (rise edge)
                                  0.000000    0.000000   clock network delay (ideal)
                                  6.000000    6.000000 ^ input external delay
   203    0.626170    2.804778    1.915896    7.915896 ^ i_rst_n (in)
                                                         i_rst_n (net)
                      2.804778    0.000000    7.915896 ^ _0981_/B1 (sky130_fd_sc_hd__o21a_2)
     1    0.003612    0.085879    0.362211    8.278107 ^ _0981_/X (sky130_fd_sc_hd__o21a_2)
                                                         _0106_ (net)
                      0.085879    0.000000    8.278107 ^ _1133_/RESET_B (sky130_fd_sc_hd__dfrtp_2)
                                              8.278107   data arrival time

                      0.150000   32.000000   32.000000   clock i_clk (rise edge)
                                  0.000000   32.000000   clock network delay (ideal)
                                 -0.250000   31.750000   clock uncertainty
                                  0.000000   31.750000   clock reconvergence pessimism
                                             31.750000 ^ _1133_/CLK (sky130_fd_sc_hd__dfrtp_2)
                                  0.239433   31.989431   library recovery time
                                             31.989431   data required time
---------------------------------------------------------------------------------------------
                                             31.989431   data required time
                                             -8.278107   data arrival time
---------------------------------------------------------------------------------------------
                                             23.711323   slack (MET)


Startpoint: i_rst_n (input port clocked by i_clk)
Endpoint: _1134_ (recovery check against rising-edge clock i_clk)
Path Group: asynchronous
Path Type: max

Fanout         Cap        Slew       Delay        Time   Description
---------------------------------------------------------------------------------------------
                      0.150000    0.000000    0.000000   clock i_clk (rise edge)
                                  0.000000    0.000000   clock network delay (ideal)
                                  6.000000    6.000000 ^ input external delay
   203    0.626170    2.804778    1.915896    7.915896 ^ i_rst_n (in)
                                                         i_rst_n (net)
                      2.804778    0.000000    7.915896 ^ _0982_/B1 (sky130_fd_sc_hd__o21a_2)
     1    0.003612    0.085879    0.362211    8.278107 ^ _0982_/X (sky130_fd_sc_hd__o21a_2)
                                                         _0107_ (net)
                      0.085879    0.000000    8.278107 ^ _1134_/RESET_B (sky130_fd_sc_hd__dfrtp_2)
                                              8.278107   data arrival time

                      0.150000   32.000000   32.000000   clock i_clk (rise edge)
                                  0.000000   32.000000   clock network delay (ideal)
                                 -0.250000   31.750000   clock uncertainty
                                  0.000000   31.750000   clock reconvergence pessimism
                                             31.750000 ^ _1134_/CLK (sky130_fd_sc_hd__dfrtp_2)
                                  0.239433   31.989431   library recovery time
                                             31.989431   data required time
---------------------------------------------------------------------------------------------
                                             31.989431   data required time
                                             -8.278107   data arrival time
---------------------------------------------------------------------------------------------
                                             23.711323   slack (MET)


Startpoint: i_rst_n (input port clocked by i_clk)
Endpoint: _1135_ (recovery check against rising-edge clock i_clk)
Path Group: asynchronous
Path Type: max

Fanout         Cap        Slew       Delay        Time   Description
---------------------------------------------------------------------------------------------
                      0.150000    0.000000    0.000000   clock i_clk (rise edge)
                                  0.000000    0.000000   clock network delay (ideal)
                                  6.000000    6.000000 ^ input external delay
   203    0.626170    2.804778    1.915896    7.915896 ^ i_rst_n (in)
                                                         i_rst_n (net)
                      2.804778    0.000000    7.915896 ^ _0983_/B1 (sky130_fd_sc_hd__o21a_2)
     1    0.003612    0.085879    0.362211    8.278107 ^ _0983_/X (sky130_fd_sc_hd__o21a_2)
                                                         _0108_ (net)
                      0.085879    0.000000    8.278107 ^ _1135_/RESET_B (sky130_fd_sc_hd__dfrtp_2)
                                              8.278107   data arrival time

                      0.150000   32.000000   32.000000   clock i_clk (rise edge)
                                  0.000000   32.000000   clock network delay (ideal)
                                 -0.250000   31.750000   clock uncertainty
                                  0.000000   31.750000   clock reconvergence pessimism
                                             31.750000 ^ _1135_/CLK (sky130_fd_sc_hd__dfrtp_2)
                                  0.239433   31.989431   library recovery time
                                             31.989431   data required time
---------------------------------------------------------------------------------------------
                                             31.989431   data required time
                                             -8.278107   data arrival time
---------------------------------------------------------------------------------------------
                                             23.711323   slack (MET)


Startpoint: i_rst_n (input port clocked by i_clk)
Endpoint: _1136_ (recovery check against rising-edge clock i_clk)
Path Group: asynchronous
Path Type: max

Fanout         Cap        Slew       Delay        Time   Description
---------------------------------------------------------------------------------------------
                      0.150000    0.000000    0.000000   clock i_clk (rise edge)
                                  0.000000    0.000000   clock network delay (ideal)
                                  6.000000    6.000000 ^ input external delay
   203    0.626170    2.804778    1.915896    7.915896 ^ i_rst_n (in)
                                                         i_rst_n (net)
                      2.804778    0.000000    7.915896 ^ _0984_/B1 (sky130_fd_sc_hd__o21a_2)
     1    0.003612    0.085879    0.362211    8.278107 ^ _0984_/X (sky130_fd_sc_hd__o21a_2)
                                                         _0109_ (net)
                      0.085879    0.000000    8.278107 ^ _1136_/RESET_B (sky130_fd_sc_hd__dfrtp_2)
                                              8.278107   data arrival time

                      0.150000   32.000000   32.000000   clock i_clk (rise edge)
                                  0.000000   32.000000   clock network delay (ideal)
                                 -0.250000   31.750000   clock uncertainty
                                  0.000000   31.750000   clock reconvergence pessimism
                                             31.750000 ^ _1136_/CLK (sky130_fd_sc_hd__dfrtp_2)
                                  0.239433   31.989431   library recovery time
                                             31.989431   data required time
---------------------------------------------------------------------------------------------
                                             31.989431   data required time
                                             -8.278107   data arrival time
---------------------------------------------------------------------------------------------
                                             23.711323   slack (MET)


Startpoint: i_rst_n (input port clocked by i_clk)
Endpoint: _1137_ (recovery check against rising-edge clock i_clk)
Path Group: asynchronous
Path Type: max

Fanout         Cap        Slew       Delay        Time   Description
---------------------------------------------------------------------------------------------
                      0.150000    0.000000    0.000000   clock i_clk (rise edge)
                                  0.000000    0.000000   clock network delay (ideal)
                                  6.000000    6.000000 ^ input external delay
   203    0.626170    2.804778    1.915896    7.915896 ^ i_rst_n (in)
                                                         i_rst_n (net)
                      2.804778    0.000000    7.915896 ^ _0985_/B1 (sky130_fd_sc_hd__o21a_2)
     1    0.003612    0.085879    0.362211    8.278107 ^ _0985_/X (sky130_fd_sc_hd__o21a_2)
                                                         _0110_ (net)
                      0.085879    0.000000    8.278107 ^ _1137_/RESET_B (sky130_fd_sc_hd__dfrtp_2)
                                              8.278107   data arrival time

                      0.150000   32.000000   32.000000   clock i_clk (rise edge)
                                  0.000000   32.000000   clock network delay (ideal)
                                 -0.250000   31.750000   clock uncertainty
                                  0.000000   31.750000   clock reconvergence pessimism
                                             31.750000 ^ _1137_/CLK (sky130_fd_sc_hd__dfrtp_2)
                                  0.239433   31.989431   library recovery time
                                             31.989431   data required time
---------------------------------------------------------------------------------------------
                                             31.989431   data required time
                                             -8.278107   data arrival time
---------------------------------------------------------------------------------------------
                                             23.711323   slack (MET)


Startpoint: i_rst_n (input port clocked by i_clk)
Endpoint: _1138_ (recovery check against rising-edge clock i_clk)
Path Group: asynchronous
Path Type: max

Fanout         Cap        Slew       Delay        Time   Description
---------------------------------------------------------------------------------------------
                      0.150000    0.000000    0.000000   clock i_clk (rise edge)
                                  0.000000    0.000000   clock network delay (ideal)
                                  6.000000    6.000000 ^ input external delay
   203    0.626170    2.804778    1.915896    7.915896 ^ i_rst_n (in)
                                                         i_rst_n (net)
                      2.804778    0.000000    7.915896 ^ _0986_/B1 (sky130_fd_sc_hd__o21a_2)
     1    0.003612    0.085879    0.362211    8.278107 ^ _0986_/X (sky130_fd_sc_hd__o21a_2)
                                                         _0111_ (net)
                      0.085879    0.000000    8.278107 ^ _1138_/RESET_B (sky130_fd_sc_hd__dfrtp_2)
                                              8.278107   data arrival time

                      0.150000   32.000000   32.000000   clock i_clk (rise edge)
                                  0.000000   32.000000   clock network delay (ideal)
                                 -0.250000   31.750000   clock uncertainty
                                  0.000000   31.750000   clock reconvergence pessimism
                                             31.750000 ^ _1138_/CLK (sky130_fd_sc_hd__dfrtp_2)
                                  0.239433   31.989431   library recovery time
                                             31.989431   data required time
---------------------------------------------------------------------------------------------
                                             31.989431   data required time
                                             -8.278107   data arrival time
---------------------------------------------------------------------------------------------
                                             23.711323   slack (MET)


Startpoint: i_rst_n (input port clocked by i_clk)
Endpoint: _1139_ (recovery check against rising-edge clock i_clk)
Path Group: asynchronous
Path Type: max

Fanout         Cap        Slew       Delay        Time   Description
---------------------------------------------------------------------------------------------
                      0.150000    0.000000    0.000000   clock i_clk (rise edge)
                                  0.000000    0.000000   clock network delay (ideal)
                                  6.000000    6.000000 ^ input external delay
   203    0.626170    2.804778    1.915896    7.915896 ^ i_rst_n (in)
                                                         i_rst_n (net)
                      2.804778    0.000000    7.915896 ^ _0987_/B1 (sky130_fd_sc_hd__o21a_2)
     1    0.003612    0.085879    0.362211    8.278107 ^ _0987_/X (sky130_fd_sc_hd__o21a_2)
                                                         _0112_ (net)
                      0.085879    0.000000    8.278107 ^ _1139_/RESET_B (sky130_fd_sc_hd__dfrtp_2)
                                              8.278107   data arrival time

                      0.150000   32.000000   32.000000   clock i_clk (rise edge)
                                  0.000000   32.000000   clock network delay (ideal)
                                 -0.250000   31.750000   clock uncertainty
                                  0.000000   31.750000   clock reconvergence pessimism
                                             31.750000 ^ _1139_/CLK (sky130_fd_sc_hd__dfrtp_2)
                                  0.239433   31.989431   library recovery time
                                             31.989431   data required time
---------------------------------------------------------------------------------------------
                                             31.989431   data required time
                                             -8.278107   data arrival time
---------------------------------------------------------------------------------------------
                                             23.711323   slack (MET)


Startpoint: i_rst_n (input port clocked by i_clk)
Endpoint: _1140_ (recovery check against rising-edge clock i_clk)
Path Group: asynchronous
Path Type: max

Fanout         Cap        Slew       Delay        Time   Description
---------------------------------------------------------------------------------------------
                      0.150000    0.000000    0.000000   clock i_clk (rise edge)
                                  0.000000    0.000000   clock network delay (ideal)
                                  6.000000    6.000000 ^ input external delay
   203    0.626170    2.804778    1.915896    7.915896 ^ i_rst_n (in)
                                                         i_rst_n (net)
                      2.804778    0.000000    7.915896 ^ _0988_/B1 (sky130_fd_sc_hd__o21a_2)
     1    0.003612    0.085879    0.362211    8.278107 ^ _0988_/X (sky130_fd_sc_hd__o21a_2)
                                                         _0113_ (net)
                      0.085879    0.000000    8.278107 ^ _1140_/RESET_B (sky130_fd_sc_hd__dfrtp_2)
                                              8.278107   data arrival time

                      0.150000   32.000000   32.000000   clock i_clk (rise edge)
                                  0.000000   32.000000   clock network delay (ideal)
                                 -0.250000   31.750000   clock uncertainty
                                  0.000000   31.750000   clock reconvergence pessimism
                                             31.750000 ^ _1140_/CLK (sky130_fd_sc_hd__dfrtp_2)
                                  0.239433   31.989431   library recovery time
                                             31.989431   data required time
---------------------------------------------------------------------------------------------
                                             31.989431   data required time
                                             -8.278107   data arrival time
---------------------------------------------------------------------------------------------
                                             23.711323   slack (MET)


Startpoint: i_rst_n (input port clocked by i_clk)
Endpoint: _1141_ (recovery check against rising-edge clock i_clk)
Path Group: asynchronous
Path Type: max

Fanout         Cap        Slew       Delay        Time   Description
---------------------------------------------------------------------------------------------
                      0.150000    0.000000    0.000000   clock i_clk (rise edge)
                                  0.000000    0.000000   clock network delay (ideal)
                                  6.000000    6.000000 ^ input external delay
   203    0.626170    2.804778    1.915896    7.915896 ^ i_rst_n (in)
                                                         i_rst_n (net)
                      2.804778    0.000000    7.915896 ^ _0989_/B1 (sky130_fd_sc_hd__o21a_2)
     1    0.003612    0.085879    0.362211    8.278107 ^ _0989_/X (sky130_fd_sc_hd__o21a_2)
                                                         _0114_ (net)
                      0.085879    0.000000    8.278107 ^ _1141_/RESET_B (sky130_fd_sc_hd__dfrtp_2)
                                              8.278107   data arrival time

                      0.150000   32.000000   32.000000   clock i_clk (rise edge)
                                  0.000000   32.000000   clock network delay (ideal)
                                 -0.250000   31.750000   clock uncertainty
                                  0.000000   31.750000   clock reconvergence pessimism
                                             31.750000 ^ _1141_/CLK (sky130_fd_sc_hd__dfrtp_2)
                                  0.239433   31.989431   library recovery time
                                             31.989431   data required time
---------------------------------------------------------------------------------------------
                                             31.989431   data required time
                                             -8.278107   data arrival time
---------------------------------------------------------------------------------------------
                                             23.711323   slack (MET)


Startpoint: i_rst_n (input port clocked by i_clk)
Endpoint: _1143_ (recovery check against rising-edge clock i_clk)
Path Group: asynchronous
Path Type: max

Fanout         Cap        Slew       Delay        Time   Description
---------------------------------------------------------------------------------------------
                      0.150000    0.000000    0.000000   clock i_clk (rise edge)
                                  0.000000    0.000000   clock network delay (ideal)
                                  6.000000    6.000000 ^ input external delay
   203    0.626170    2.804778    1.915896    7.915896 ^ i_rst_n (in)
                                                         i_rst_n (net)
                      2.804778    0.000000    7.915896 ^ _0991_/B1 (sky130_fd_sc_hd__o21a_2)
     1    0.003612    0.085879    0.362211    8.278107 ^ _0991_/X (sky130_fd_sc_hd__o21a_2)
                                                         _0116_ (net)
                      0.085879    0.000000    8.278107 ^ _1143_/RESET_B (sky130_fd_sc_hd__dfrtp_2)
                                              8.278107   data arrival time

                      0.150000   32.000000   32.000000   clock i_clk (rise edge)
                                  0.000000   32.000000   clock network delay (ideal)
                                 -0.250000   31.750000   clock uncertainty
                                  0.000000   31.750000   clock reconvergence pessimism
                                             31.750000 ^ _1143_/CLK (sky130_fd_sc_hd__dfrtp_2)
                                  0.239433   31.989431   library recovery time
                                             31.989431   data required time
---------------------------------------------------------------------------------------------
                                             31.989431   data required time
                                             -8.278107   data arrival time
---------------------------------------------------------------------------------------------
                                             23.711323   slack (MET)


Startpoint: i_rst_n (input port clocked by i_clk)
Endpoint: _1144_ (recovery check against rising-edge clock i_clk)
Path Group: asynchronous
Path Type: max

Fanout         Cap        Slew       Delay        Time   Description
---------------------------------------------------------------------------------------------
                      0.150000    0.000000    0.000000   clock i_clk (rise edge)
                                  0.000000    0.000000   clock network delay (ideal)
                                  6.000000    6.000000 ^ input external delay
   203    0.626170    2.804778    1.915896    7.915896 ^ i_rst_n (in)
                                                         i_rst_n (net)
                      2.804778    0.000000    7.915896 ^ _0992_/B1 (sky130_fd_sc_hd__o21a_2)
     1    0.003612    0.085879    0.362211    8.278107 ^ _0992_/X (sky130_fd_sc_hd__o21a_2)
                                                         _0117_ (net)
                      0.085879    0.000000    8.278107 ^ _1144_/RESET_B (sky130_fd_sc_hd__dfrtp_2)
                                              8.278107   data arrival time

                      0.150000   32.000000   32.000000   clock i_clk (rise edge)
                                  0.000000   32.000000   clock network delay (ideal)
                                 -0.250000   31.750000   clock uncertainty
                                  0.000000   31.750000   clock reconvergence pessimism
                                             31.750000 ^ _1144_/CLK (sky130_fd_sc_hd__dfrtp_2)
                                  0.239433   31.989431   library recovery time
                                             31.989431   data required time
---------------------------------------------------------------------------------------------
                                             31.989431   data required time
                                             -8.278107   data arrival time
---------------------------------------------------------------------------------------------
                                             23.711323   slack (MET)


Startpoint: i_rst_n (input port clocked by i_clk)
Endpoint: _1146_ (recovery check against rising-edge clock i_clk)
Path Group: asynchronous
Path Type: max

Fanout         Cap        Slew       Delay        Time   Description
---------------------------------------------------------------------------------------------
                      0.150000    0.000000    0.000000   clock i_clk (rise edge)
                                  0.000000    0.000000   clock network delay (ideal)
                                  6.000000    6.000000 ^ input external delay
   203    0.626170    2.804778    1.915896    7.915896 ^ i_rst_n (in)
                                                         i_rst_n (net)
                      2.804778    0.000000    7.915896 ^ _0994_/B1 (sky130_fd_sc_hd__o21a_2)
     1    0.003612    0.085879    0.362211    8.278107 ^ _0994_/X (sky130_fd_sc_hd__o21a_2)
                                                         _0119_ (net)
                      0.085879    0.000000    8.278107 ^ _1146_/RESET_B (sky130_fd_sc_hd__dfrtp_2)
                                              8.278107   data arrival time

                      0.150000   32.000000   32.000000   clock i_clk (rise edge)
                                  0.000000   32.000000   clock network delay (ideal)
                                 -0.250000   31.750000   clock uncertainty
                                  0.000000   31.750000   clock reconvergence pessimism
                                             31.750000 ^ _1146_/CLK (sky130_fd_sc_hd__dfrtp_2)
                                  0.239433   31.989431   library recovery time
                                             31.989431   data required time
---------------------------------------------------------------------------------------------
                                             31.989431   data required time
                                             -8.278107   data arrival time
---------------------------------------------------------------------------------------------
                                             23.711323   slack (MET)


Startpoint: i_rst_n (input port clocked by i_clk)
Endpoint: _1147_ (recovery check against rising-edge clock i_clk)
Path Group: asynchronous
Path Type: max

Fanout         Cap        Slew       Delay        Time   Description
---------------------------------------------------------------------------------------------
                      0.150000    0.000000    0.000000   clock i_clk (rise edge)
                                  0.000000    0.000000   clock network delay (ideal)
                                  6.000000    6.000000 ^ input external delay
   203    0.626170    2.804778    1.915896    7.915896 ^ i_rst_n (in)
                                                         i_rst_n (net)
                      2.804778    0.000000    7.915896 ^ _0995_/B1 (sky130_fd_sc_hd__o21a_2)
     1    0.003612    0.085879    0.362211    8.278107 ^ _0995_/X (sky130_fd_sc_hd__o21a_2)
                                                         _0120_ (net)
                      0.085879    0.000000    8.278107 ^ _1147_/RESET_B (sky130_fd_sc_hd__dfrtp_2)
                                              8.278107   data arrival time

                      0.150000   32.000000   32.000000   clock i_clk (rise edge)
                                  0.000000   32.000000   clock network delay (ideal)
                                 -0.250000   31.750000   clock uncertainty
                                  0.000000   31.750000   clock reconvergence pessimism
                                             31.750000 ^ _1147_/CLK (sky130_fd_sc_hd__dfrtp_2)
                                  0.239433   31.989431   library recovery time
                                             31.989431   data required time
---------------------------------------------------------------------------------------------
                                             31.989431   data required time
                                             -8.278107   data arrival time
---------------------------------------------------------------------------------------------
                                             23.711323   slack (MET)


Startpoint: i_rst_n (input port clocked by i_clk)
Endpoint: _1148_ (recovery check against rising-edge clock i_clk)
Path Group: asynchronous
Path Type: max

Fanout         Cap        Slew       Delay        Time   Description
---------------------------------------------------------------------------------------------
                      0.150000    0.000000    0.000000   clock i_clk (rise edge)
                                  0.000000    0.000000   clock network delay (ideal)
                                  6.000000    6.000000 ^ input external delay
   203    0.626170    2.804778    1.915896    7.915896 ^ i_rst_n (in)
                                                         i_rst_n (net)
                      2.804778    0.000000    7.915896 ^ _0996_/B1 (sky130_fd_sc_hd__o21a_2)
     1    0.003612    0.085879    0.362211    8.278107 ^ _0996_/X (sky130_fd_sc_hd__o21a_2)
                                                         _0121_ (net)
                      0.085879    0.000000    8.278107 ^ _1148_/RESET_B (sky130_fd_sc_hd__dfrtp_2)
                                              8.278107   data arrival time

                      0.150000   32.000000   32.000000   clock i_clk (rise edge)
                                  0.000000   32.000000   clock network delay (ideal)
                                 -0.250000   31.750000   clock uncertainty
                                  0.000000   31.750000   clock reconvergence pessimism
                                             31.750000 ^ _1148_/CLK (sky130_fd_sc_hd__dfrtp_2)
                                  0.239433   31.989431   library recovery time
                                             31.989431   data required time
---------------------------------------------------------------------------------------------
                                             31.989431   data required time
                                             -8.278107   data arrival time
---------------------------------------------------------------------------------------------
                                             23.711323   slack (MET)


Startpoint: i_rst_n (input port clocked by i_clk)
Endpoint: _1149_ (recovery check against rising-edge clock i_clk)
Path Group: asynchronous
Path Type: max

Fanout         Cap        Slew       Delay        Time   Description
---------------------------------------------------------------------------------------------
                      0.150000    0.000000    0.000000   clock i_clk (rise edge)
                                  0.000000    0.000000   clock network delay (ideal)
                                  6.000000    6.000000 ^ input external delay
   203    0.626170    2.804778    1.915896    7.915896 ^ i_rst_n (in)
                                                         i_rst_n (net)
                      2.804778    0.000000    7.915896 ^ _0997_/B1 (sky130_fd_sc_hd__o21a_2)
     1    0.003612    0.085879    0.362211    8.278107 ^ _0997_/X (sky130_fd_sc_hd__o21a_2)
                                                         _0122_ (net)
                      0.085879    0.000000    8.278107 ^ _1149_/RESET_B (sky130_fd_sc_hd__dfrtp_2)
                                              8.278107   data arrival time

                      0.150000   32.000000   32.000000   clock i_clk (rise edge)
                                  0.000000   32.000000   clock network delay (ideal)
                                 -0.250000   31.750000   clock uncertainty
                                  0.000000   31.750000   clock reconvergence pessimism
                                             31.750000 ^ _1149_/CLK (sky130_fd_sc_hd__dfrtp_2)
                                  0.239433   31.989431   library recovery time
                                             31.989431   data required time
---------------------------------------------------------------------------------------------
                                             31.989431   data required time
                                             -8.278107   data arrival time
---------------------------------------------------------------------------------------------
                                             23.711323   slack (MET)


Startpoint: i_rst_n (input port clocked by i_clk)
Endpoint: _1150_ (recovery check against rising-edge clock i_clk)
Path Group: asynchronous
Path Type: max

Fanout         Cap        Slew       Delay        Time   Description
---------------------------------------------------------------------------------------------
                      0.150000    0.000000    0.000000   clock i_clk (rise edge)
                                  0.000000    0.000000   clock network delay (ideal)
                                  6.000000    6.000000 ^ input external delay
   203    0.626170    2.804778    1.915896    7.915896 ^ i_rst_n (in)
                                                         i_rst_n (net)
                      2.804778    0.000000    7.915896 ^ _0998_/B1 (sky130_fd_sc_hd__o21a_2)
     1    0.003612    0.085879    0.362211    8.278107 ^ _0998_/X (sky130_fd_sc_hd__o21a_2)
                                                         _0123_ (net)
                      0.085879    0.000000    8.278107 ^ _1150_/RESET_B (sky130_fd_sc_hd__dfrtp_2)
                                              8.278107   data arrival time

                      0.150000   32.000000   32.000000   clock i_clk (rise edge)
                                  0.000000   32.000000   clock network delay (ideal)
                                 -0.250000   31.750000   clock uncertainty
                                  0.000000   31.750000   clock reconvergence pessimism
                                             31.750000 ^ _1150_/CLK (sky130_fd_sc_hd__dfrtp_2)
                                  0.239433   31.989431   library recovery time
                                             31.989431   data required time
---------------------------------------------------------------------------------------------
                                             31.989431   data required time
                                             -8.278107   data arrival time
---------------------------------------------------------------------------------------------
                                             23.711323   slack (MET)


Startpoint: i_rst_n (input port clocked by i_clk)
Endpoint: _1151_ (recovery check against rising-edge clock i_clk)
Path Group: asynchronous
Path Type: max

Fanout         Cap        Slew       Delay        Time   Description
---------------------------------------------------------------------------------------------
                      0.150000    0.000000    0.000000   clock i_clk (rise edge)
                                  0.000000    0.000000   clock network delay (ideal)
                                  6.000000    6.000000 ^ input external delay
   203    0.626170    2.804778    1.915896    7.915896 ^ i_rst_n (in)
                                                         i_rst_n (net)
                      2.804778    0.000000    7.915896 ^ _0999_/B1 (sky130_fd_sc_hd__o21a_2)
     1    0.003612    0.085879    0.362211    8.278107 ^ _0999_/X (sky130_fd_sc_hd__o21a_2)
                                                         _0124_ (net)
                      0.085879    0.000000    8.278107 ^ _1151_/RESET_B (sky130_fd_sc_hd__dfrtp_2)
                                              8.278107   data arrival time

                      0.150000   32.000000   32.000000   clock i_clk (rise edge)
                                  0.000000   32.000000   clock network delay (ideal)
                                 -0.250000   31.750000   clock uncertainty
                                  0.000000   31.750000   clock reconvergence pessimism
                                             31.750000 ^ _1151_/CLK (sky130_fd_sc_hd__dfrtp_2)
                                  0.239433   31.989431   library recovery time
                                             31.989431   data required time
---------------------------------------------------------------------------------------------
                                             31.989431   data required time
                                             -8.278107   data arrival time
---------------------------------------------------------------------------------------------
                                             23.711323   slack (MET)


Startpoint: i_rst_n (input port clocked by i_clk)
Endpoint: _1153_ (recovery check against rising-edge clock i_clk)
Path Group: asynchronous
Path Type: max

Fanout         Cap        Slew       Delay        Time   Description
---------------------------------------------------------------------------------------------
                      0.150000    0.000000    0.000000   clock i_clk (rise edge)
                                  0.000000    0.000000   clock network delay (ideal)
                                  6.000000    6.000000 ^ input external delay
   203    0.626170    2.804778    1.915896    7.915896 ^ i_rst_n (in)
                                                         i_rst_n (net)
                      2.804778    0.000000    7.915896 ^ _1001_/B1 (sky130_fd_sc_hd__o21a_2)
     1    0.003612    0.085879    0.362211    8.278107 ^ _1001_/X (sky130_fd_sc_hd__o21a_2)
                                                         _0126_ (net)
                      0.085879    0.000000    8.278107 ^ _1153_/RESET_B (sky130_fd_sc_hd__dfrtp_2)
                                              8.278107   data arrival time

                      0.150000   32.000000   32.000000   clock i_clk (rise edge)
                                  0.000000   32.000000   clock network delay (ideal)
                                 -0.250000   31.750000   clock uncertainty
                                  0.000000   31.750000   clock reconvergence pessimism
                                             31.750000 ^ _1153_/CLK (sky130_fd_sc_hd__dfrtp_2)
                                  0.239433   31.989431   library recovery time
                                             31.989431   data required time
---------------------------------------------------------------------------------------------
                                             31.989431   data required time
                                             -8.278107   data arrival time
---------------------------------------------------------------------------------------------
                                             23.711323   slack (MET)


Startpoint: i_rst_n (input port clocked by i_clk)
Endpoint: _1154_ (recovery check against rising-edge clock i_clk)
Path Group: asynchronous
Path Type: max

Fanout         Cap        Slew       Delay        Time   Description
---------------------------------------------------------------------------------------------
                      0.150000    0.000000    0.000000   clock i_clk (rise edge)
                                  0.000000    0.000000   clock network delay (ideal)
                                  6.000000    6.000000 ^ input external delay
   203    0.626170    2.804778    1.915896    7.915896 ^ i_rst_n (in)
                                                         i_rst_n (net)
                      2.804778    0.000000    7.915896 ^ _1002_/B1 (sky130_fd_sc_hd__o21a_2)
     1    0.003612    0.085879    0.362211    8.278107 ^ _1002_/X (sky130_fd_sc_hd__o21a_2)
                                                         _0127_ (net)
                      0.085879    0.000000    8.278107 ^ _1154_/RESET_B (sky130_fd_sc_hd__dfrtp_2)
                                              8.278107   data arrival time

                      0.150000   32.000000   32.000000   clock i_clk (rise edge)
                                  0.000000   32.000000   clock network delay (ideal)
                                 -0.250000   31.750000   clock uncertainty
                                  0.000000   31.750000   clock reconvergence pessimism
                                             31.750000 ^ _1154_/CLK (sky130_fd_sc_hd__dfrtp_2)
                                  0.239433   31.989431   library recovery time
                                             31.989431   data required time
---------------------------------------------------------------------------------------------
                                             31.989431   data required time
                                             -8.278107   data arrival time
---------------------------------------------------------------------------------------------
                                             23.711323   slack (MET)


Startpoint: i_rst_n (input port clocked by i_clk)
Endpoint: _1155_ (recovery check against rising-edge clock i_clk)
Path Group: asynchronous
Path Type: max

Fanout         Cap        Slew       Delay        Time   Description
---------------------------------------------------------------------------------------------
                      0.150000    0.000000    0.000000   clock i_clk (rise edge)
                                  0.000000    0.000000   clock network delay (ideal)
                                  6.000000    6.000000 ^ input external delay
   203    0.626170    2.804778    1.915896    7.915896 ^ i_rst_n (in)
                                                         i_rst_n (net)
                      2.804778    0.000000    7.915896 ^ _1003_/B1 (sky130_fd_sc_hd__o21a_2)
     1    0.003612    0.085879    0.362211    8.278107 ^ _1003_/X (sky130_fd_sc_hd__o21a_2)
                                                         _0128_ (net)
                      0.085879    0.000000    8.278107 ^ _1155_/RESET_B (sky130_fd_sc_hd__dfrtp_2)
                                              8.278107   data arrival time

                      0.150000   32.000000   32.000000   clock i_clk (rise edge)
                                  0.000000   32.000000   clock network delay (ideal)
                                 -0.250000   31.750000   clock uncertainty
                                  0.000000   31.750000   clock reconvergence pessimism
                                             31.750000 ^ _1155_/CLK (sky130_fd_sc_hd__dfrtp_2)
                                  0.239433   31.989431   library recovery time
                                             31.989431   data required time
---------------------------------------------------------------------------------------------
                                             31.989431   data required time
                                             -8.278107   data arrival time
---------------------------------------------------------------------------------------------
                                             23.711323   slack (MET)


Startpoint: i_rst_n (input port clocked by i_clk)
Endpoint: _1157_ (recovery check against rising-edge clock i_clk)
Path Group: asynchronous
Path Type: max

Fanout         Cap        Slew       Delay        Time   Description
---------------------------------------------------------------------------------------------
                      0.150000    0.000000    0.000000   clock i_clk (rise edge)
                                  0.000000    0.000000   clock network delay (ideal)
                                  6.000000    6.000000 ^ input external delay
   203    0.626170    2.804778    1.915896    7.915896 ^ i_rst_n (in)
                                                         i_rst_n (net)
                      2.804778    0.000000    7.915896 ^ _1005_/B1 (sky130_fd_sc_hd__o21a_2)
     1    0.003612    0.085879    0.362211    8.278107 ^ _1005_/X (sky130_fd_sc_hd__o21a_2)
                                                         _0130_ (net)
                      0.085879    0.000000    8.278107 ^ _1157_/RESET_B (sky130_fd_sc_hd__dfrtp_2)
                                              8.278107   data arrival time

                      0.150000   32.000000   32.000000   clock i_clk (rise edge)
                                  0.000000   32.000000   clock network delay (ideal)
                                 -0.250000   31.750000   clock uncertainty
                                  0.000000   31.750000   clock reconvergence pessimism
                                             31.750000 ^ _1157_/CLK (sky130_fd_sc_hd__dfrtp_2)
                                  0.239433   31.989431   library recovery time
                                             31.989431   data required time
---------------------------------------------------------------------------------------------
                                             31.989431   data required time
                                             -8.278107   data arrival time
---------------------------------------------------------------------------------------------
                                             23.711323   slack (MET)


Startpoint: i_rst_n (input port clocked by i_clk)
Endpoint: _1158_ (recovery check against rising-edge clock i_clk)
Path Group: asynchronous
Path Type: max

Fanout         Cap        Slew       Delay        Time   Description
---------------------------------------------------------------------------------------------
                      0.150000    0.000000    0.000000   clock i_clk (rise edge)
                                  0.000000    0.000000   clock network delay (ideal)
                                  6.000000    6.000000 ^ input external delay
   203    0.626170    2.804778    1.915896    7.915896 ^ i_rst_n (in)
                                                         i_rst_n (net)
                      2.804778    0.000000    7.915896 ^ _1006_/B1 (sky130_fd_sc_hd__o21a_2)
     1    0.003612    0.085879    0.362211    8.278107 ^ _1006_/X (sky130_fd_sc_hd__o21a_2)
                                                         _0131_ (net)
                      0.085879    0.000000    8.278107 ^ _1158_/RESET_B (sky130_fd_sc_hd__dfrtp_2)
                                              8.278107   data arrival time

                      0.150000   32.000000   32.000000   clock i_clk (rise edge)
                                  0.000000   32.000000   clock network delay (ideal)
                                 -0.250000   31.750000   clock uncertainty
                                  0.000000   31.750000   clock reconvergence pessimism
                                             31.750000 ^ _1158_/CLK (sky130_fd_sc_hd__dfrtp_2)
                                  0.239433   31.989431   library recovery time
                                             31.989431   data required time
---------------------------------------------------------------------------------------------
                                             31.989431   data required time
                                             -8.278107   data arrival time
---------------------------------------------------------------------------------------------
                                             23.711323   slack (MET)


Startpoint: i_rst_n (input port clocked by i_clk)
Endpoint: _1199_ (recovery check against rising-edge clock i_clk)
Path Group: asynchronous
Path Type: max

Fanout         Cap        Slew       Delay        Time   Description
---------------------------------------------------------------------------------------------
                      0.150000    0.000000    0.000000   clock i_clk (rise edge)
                                  0.000000    0.000000   clock network delay (ideal)
                                  6.000000    6.000000 ^ input external delay
   203    0.626170    2.804778    1.915896    7.915896 ^ i_rst_n (in)
                                                         i_rst_n (net)
                      2.804778    0.000000    7.915896 ^ _1007_/B1 (sky130_fd_sc_hd__o21a_2)
     1    0.003612    0.085879    0.362211    8.278107 ^ _1007_/X (sky130_fd_sc_hd__o21a_2)
                                                         _0132_ (net)
                      0.085879    0.000000    8.278107 ^ _1199_/RESET_B (sky130_fd_sc_hd__dfrtp_2)
                                              8.278107   data arrival time

                      0.150000   32.000000   32.000000   clock i_clk (rise edge)
                                  0.000000   32.000000   clock network delay (ideal)
                                 -0.250000   31.750000   clock uncertainty
                                  0.000000   31.750000   clock reconvergence pessimism
                                             31.750000 ^ _1199_/CLK (sky130_fd_sc_hd__dfrtp_2)
                                  0.239433   31.989431   library recovery time
                                             31.989431   data required time
---------------------------------------------------------------------------------------------
                                             31.989431   data required time
                                             -8.278107   data arrival time
---------------------------------------------------------------------------------------------
                                             23.711323   slack (MET)


Startpoint: i_rst_n (input port clocked by i_clk)
Endpoint: _1200_ (recovery check against rising-edge clock i_clk)
Path Group: asynchronous
Path Type: max

Fanout         Cap        Slew       Delay        Time   Description
---------------------------------------------------------------------------------------------
                      0.150000    0.000000    0.000000   clock i_clk (rise edge)
                                  0.000000    0.000000   clock network delay (ideal)
                                  6.000000    6.000000 ^ input external delay
   203    0.626170    2.804778    1.915896    7.915896 ^ i_rst_n (in)
                                                         i_rst_n (net)
                      2.804778    0.000000    7.915896 ^ _1008_/B1 (sky130_fd_sc_hd__o21a_2)
     1    0.003612    0.085879    0.362211    8.278107 ^ _1008_/X (sky130_fd_sc_hd__o21a_2)
                                                         _0133_ (net)
                      0.085879    0.000000    8.278107 ^ _1200_/RESET_B (sky130_fd_sc_hd__dfrtp_2)
                                              8.278107   data arrival time

                      0.150000   32.000000   32.000000   clock i_clk (rise edge)
                                  0.000000   32.000000   clock network delay (ideal)
                                 -0.250000   31.750000   clock uncertainty
                                  0.000000   31.750000   clock reconvergence pessimism
                                             31.750000 ^ _1200_/CLK (sky130_fd_sc_hd__dfrtp_2)
                                  0.239433   31.989431   library recovery time
                                             31.989431   data required time
---------------------------------------------------------------------------------------------
                                             31.989431   data required time
                                             -8.278107   data arrival time
---------------------------------------------------------------------------------------------
                                             23.711323   slack (MET)


Startpoint: i_rst_n (input port clocked by i_clk)
Endpoint: _1201_ (recovery check against rising-edge clock i_clk)
Path Group: asynchronous
Path Type: max

Fanout         Cap        Slew       Delay        Time   Description
---------------------------------------------------------------------------------------------
                      0.150000    0.000000    0.000000   clock i_clk (rise edge)
                                  0.000000    0.000000   clock network delay (ideal)
                                  6.000000    6.000000 ^ input external delay
   203    0.626170    2.804778    1.915896    7.915896 ^ i_rst_n (in)
                                                         i_rst_n (net)
                      2.804778    0.000000    7.915896 ^ _1009_/B1 (sky130_fd_sc_hd__o21a_2)
     1    0.003612    0.085879    0.362211    8.278107 ^ _1009_/X (sky130_fd_sc_hd__o21a_2)
                                                         _0134_ (net)
                      0.085879    0.000000    8.278107 ^ _1201_/RESET_B (sky130_fd_sc_hd__dfrtp_2)
                                              8.278107   data arrival time

                      0.150000   32.000000   32.000000   clock i_clk (rise edge)
                                  0.000000   32.000000   clock network delay (ideal)
                                 -0.250000   31.750000   clock uncertainty
                                  0.000000   31.750000   clock reconvergence pessimism
                                             31.750000 ^ _1201_/CLK (sky130_fd_sc_hd__dfrtp_2)
                                  0.239433   31.989431   library recovery time
                                             31.989431   data required time
---------------------------------------------------------------------------------------------
                                             31.989431   data required time
                                             -8.278107   data arrival time
---------------------------------------------------------------------------------------------
                                             23.711323   slack (MET)


Startpoint: i_rst_n (input port clocked by i_clk)
Endpoint: _1202_ (recovery check against rising-edge clock i_clk)
Path Group: asynchronous
Path Type: max

Fanout         Cap        Slew       Delay        Time   Description
---------------------------------------------------------------------------------------------
                      0.150000    0.000000    0.000000   clock i_clk (rise edge)
                                  0.000000    0.000000   clock network delay (ideal)
                                  6.000000    6.000000 ^ input external delay
   203    0.626170    2.804778    1.915896    7.915896 ^ i_rst_n (in)
                                                         i_rst_n (net)
                      2.804778    0.000000    7.915896 ^ _1010_/B1 (sky130_fd_sc_hd__o21a_2)
     1    0.003612    0.085879    0.362211    8.278107 ^ _1010_/X (sky130_fd_sc_hd__o21a_2)
                                                         _0135_ (net)
                      0.085879    0.000000    8.278107 ^ _1202_/RESET_B (sky130_fd_sc_hd__dfrtp_2)
                                              8.278107   data arrival time

                      0.150000   32.000000   32.000000   clock i_clk (rise edge)
                                  0.000000   32.000000   clock network delay (ideal)
                                 -0.250000   31.750000   clock uncertainty
                                  0.000000   31.750000   clock reconvergence pessimism
                                             31.750000 ^ _1202_/CLK (sky130_fd_sc_hd__dfrtp_2)
                                  0.239433   31.989431   library recovery time
                                             31.989431   data required time
---------------------------------------------------------------------------------------------
                                             31.989431   data required time
                                             -8.278107   data arrival time
---------------------------------------------------------------------------------------------
                                             23.711323   slack (MET)


Startpoint: i_rst_n (input port clocked by i_clk)
Endpoint: _1203_ (recovery check against rising-edge clock i_clk)
Path Group: asynchronous
Path Type: max

Fanout         Cap        Slew       Delay        Time   Description
---------------------------------------------------------------------------------------------
                      0.150000    0.000000    0.000000   clock i_clk (rise edge)
                                  0.000000    0.000000   clock network delay (ideal)
                                  6.000000    6.000000 ^ input external delay
   203    0.626170    2.804778    1.915896    7.915896 ^ i_rst_n (in)
                                                         i_rst_n (net)
                      2.804778    0.000000    7.915896 ^ _1011_/B1 (sky130_fd_sc_hd__o21a_2)
     1    0.003612    0.085879    0.362211    8.278107 ^ _1011_/X (sky130_fd_sc_hd__o21a_2)
                                                         _0136_ (net)
                      0.085879    0.000000    8.278107 ^ _1203_/RESET_B (sky130_fd_sc_hd__dfrtp_2)
                                              8.278107   data arrival time

                      0.150000   32.000000   32.000000   clock i_clk (rise edge)
                                  0.000000   32.000000   clock network delay (ideal)
                                 -0.250000   31.750000   clock uncertainty
                                  0.000000   31.750000   clock reconvergence pessimism
                                             31.750000 ^ _1203_/CLK (sky130_fd_sc_hd__dfrtp_2)
                                  0.239433   31.989431   library recovery time
                                             31.989431   data required time
---------------------------------------------------------------------------------------------
                                             31.989431   data required time
                                             -8.278107   data arrival time
---------------------------------------------------------------------------------------------
                                             23.711323   slack (MET)


Startpoint: i_rst_n (input port clocked by i_clk)
Endpoint: _1204_ (recovery check against rising-edge clock i_clk)
Path Group: asynchronous
Path Type: max

Fanout         Cap        Slew       Delay        Time   Description
---------------------------------------------------------------------------------------------
                      0.150000    0.000000    0.000000   clock i_clk (rise edge)
                                  0.000000    0.000000   clock network delay (ideal)
                                  6.000000    6.000000 ^ input external delay
   203    0.626170    2.804778    1.915896    7.915896 ^ i_rst_n (in)
                                                         i_rst_n (net)
                      2.804778    0.000000    7.915896 ^ _1012_/B1 (sky130_fd_sc_hd__o21a_2)
     1    0.003612    0.085879    0.362211    8.278107 ^ _1012_/X (sky130_fd_sc_hd__o21a_2)
                                                         _0137_ (net)
                      0.085879    0.000000    8.278107 ^ _1204_/RESET_B (sky130_fd_sc_hd__dfrtp_2)
                                              8.278107   data arrival time

                      0.150000   32.000000   32.000000   clock i_clk (rise edge)
                                  0.000000   32.000000   clock network delay (ideal)
                                 -0.250000   31.750000   clock uncertainty
                                  0.000000   31.750000   clock reconvergence pessimism
                                             31.750000 ^ _1204_/CLK (sky130_fd_sc_hd__dfrtp_2)
                                  0.239433   31.989431   library recovery time
                                             31.989431   data required time
---------------------------------------------------------------------------------------------
                                             31.989431   data required time
                                             -8.278107   data arrival time
---------------------------------------------------------------------------------------------
                                             23.711323   slack (MET)


Startpoint: i_rst_n (input port clocked by i_clk)
Endpoint: _1205_ (recovery check against rising-edge clock i_clk)
Path Group: asynchronous
Path Type: max

Fanout         Cap        Slew       Delay        Time   Description
---------------------------------------------------------------------------------------------
                      0.150000    0.000000    0.000000   clock i_clk (rise edge)
                                  0.000000    0.000000   clock network delay (ideal)
                                  6.000000    6.000000 ^ input external delay
   203    0.626170    2.804778    1.915896    7.915896 ^ i_rst_n (in)
                                                         i_rst_n (net)
                      2.804778    0.000000    7.915896 ^ _1013_/B1 (sky130_fd_sc_hd__o21a_2)
     1    0.003612    0.085879    0.362211    8.278107 ^ _1013_/X (sky130_fd_sc_hd__o21a_2)
                                                         _0138_ (net)
                      0.085879    0.000000    8.278107 ^ _1205_/RESET_B (sky130_fd_sc_hd__dfrtp_2)
                                              8.278107   data arrival time

                      0.150000   32.000000   32.000000   clock i_clk (rise edge)
                                  0.000000   32.000000   clock network delay (ideal)
                                 -0.250000   31.750000   clock uncertainty
                                  0.000000   31.750000   clock reconvergence pessimism
                                             31.750000 ^ _1205_/CLK (sky130_fd_sc_hd__dfrtp_2)
                                  0.239433   31.989431   library recovery time
                                             31.989431   data required time
---------------------------------------------------------------------------------------------
                                             31.989431   data required time
                                             -8.278107   data arrival time
---------------------------------------------------------------------------------------------
                                             23.711323   slack (MET)


Startpoint: i_rst_n (input port clocked by i_clk)
Endpoint: _1206_ (recovery check against rising-edge clock i_clk)
Path Group: asynchronous
Path Type: max

Fanout         Cap        Slew       Delay        Time   Description
---------------------------------------------------------------------------------------------
                      0.150000    0.000000    0.000000   clock i_clk (rise edge)
                                  0.000000    0.000000   clock network delay (ideal)
                                  6.000000    6.000000 ^ input external delay
   203    0.626170    2.804778    1.915896    7.915896 ^ i_rst_n (in)
                                                         i_rst_n (net)
                      2.804778    0.000000    7.915896 ^ _1014_/B1 (sky130_fd_sc_hd__o21a_2)
     1    0.003612    0.085879    0.362211    8.278107 ^ _1014_/X (sky130_fd_sc_hd__o21a_2)
                                                         _0139_ (net)
                      0.085879    0.000000    8.278107 ^ _1206_/RESET_B (sky130_fd_sc_hd__dfrtp_2)
                                              8.278107   data arrival time

                      0.150000   32.000000   32.000000   clock i_clk (rise edge)
                                  0.000000   32.000000   clock network delay (ideal)
                                 -0.250000   31.750000   clock uncertainty
                                  0.000000   31.750000   clock reconvergence pessimism
                                             31.750000 ^ _1206_/CLK (sky130_fd_sc_hd__dfrtp_2)
                                  0.239433   31.989431   library recovery time
                                             31.989431   data required time
---------------------------------------------------------------------------------------------
                                             31.989431   data required time
                                             -8.278107   data arrival time
---------------------------------------------------------------------------------------------
                                             23.711323   slack (MET)


Startpoint: i_rst_n (input port clocked by i_clk)
Endpoint: _1207_ (recovery check against rising-edge clock i_clk)
Path Group: asynchronous
Path Type: max

Fanout         Cap        Slew       Delay        Time   Description
---------------------------------------------------------------------------------------------
                      0.150000    0.000000    0.000000   clock i_clk (rise edge)
                                  0.000000    0.000000   clock network delay (ideal)
                                  6.000000    6.000000 ^ input external delay
   203    0.626170    2.804778    1.915896    7.915896 ^ i_rst_n (in)
                                                         i_rst_n (net)
                      2.804778    0.000000    7.915896 ^ _1015_/B1 (sky130_fd_sc_hd__o21a_2)
     1    0.003612    0.085879    0.362211    8.278107 ^ _1015_/X (sky130_fd_sc_hd__o21a_2)
                                                         _0140_ (net)
                      0.085879    0.000000    8.278107 ^ _1207_/RESET_B (sky130_fd_sc_hd__dfrtp_2)
                                              8.278107   data arrival time

                      0.150000   32.000000   32.000000   clock i_clk (rise edge)
                                  0.000000   32.000000   clock network delay (ideal)
                                 -0.250000   31.750000   clock uncertainty
                                  0.000000   31.750000   clock reconvergence pessimism
                                             31.750000 ^ _1207_/CLK (sky130_fd_sc_hd__dfrtp_2)
                                  0.239433   31.989431   library recovery time
                                             31.989431   data required time
---------------------------------------------------------------------------------------------
                                             31.989431   data required time
                                             -8.278107   data arrival time
---------------------------------------------------------------------------------------------
                                             23.711323   slack (MET)


Startpoint: i_rst_n (input port clocked by i_clk)
Endpoint: _1208_ (recovery check against rising-edge clock i_clk)
Path Group: asynchronous
Path Type: max

Fanout         Cap        Slew       Delay        Time   Description
---------------------------------------------------------------------------------------------
                      0.150000    0.000000    0.000000   clock i_clk (rise edge)
                                  0.000000    0.000000   clock network delay (ideal)
                                  6.000000    6.000000 ^ input external delay
   203    0.626170    2.804778    1.915896    7.915896 ^ i_rst_n (in)
                                                         i_rst_n (net)
                      2.804778    0.000000    7.915896 ^ _1016_/B1 (sky130_fd_sc_hd__o21a_2)
     1    0.003612    0.085879    0.362211    8.278107 ^ _1016_/X (sky130_fd_sc_hd__o21a_2)
                                                         _0141_ (net)
                      0.085879    0.000000    8.278107 ^ _1208_/RESET_B (sky130_fd_sc_hd__dfrtp_2)
                                              8.278107   data arrival time

                      0.150000   32.000000   32.000000   clock i_clk (rise edge)
                                  0.000000   32.000000   clock network delay (ideal)
                                 -0.250000   31.750000   clock uncertainty
                                  0.000000   31.750000   clock reconvergence pessimism
                                             31.750000 ^ _1208_/CLK (sky130_fd_sc_hd__dfrtp_2)
                                  0.239433   31.989431   library recovery time
                                             31.989431   data required time
---------------------------------------------------------------------------------------------
                                             31.989431   data required time
                                             -8.278107   data arrival time
---------------------------------------------------------------------------------------------
                                             23.711323   slack (MET)


Startpoint: i_rst_n (input port clocked by i_clk)
Endpoint: _1209_ (recovery check against rising-edge clock i_clk)
Path Group: asynchronous
Path Type: max

Fanout         Cap        Slew       Delay        Time   Description
---------------------------------------------------------------------------------------------
                      0.150000    0.000000    0.000000   clock i_clk (rise edge)
                                  0.000000    0.000000   clock network delay (ideal)
                                  6.000000    6.000000 ^ input external delay
   203    0.626170    2.804778    1.915896    7.915896 ^ i_rst_n (in)
                                                         i_rst_n (net)
                      2.804778    0.000000    7.915896 ^ _1017_/B1 (sky130_fd_sc_hd__o21a_2)
     1    0.003612    0.085879    0.362211    8.278107 ^ _1017_/X (sky130_fd_sc_hd__o21a_2)
                                                         _0142_ (net)
                      0.085879    0.000000    8.278107 ^ _1209_/RESET_B (sky130_fd_sc_hd__dfrtp_2)
                                              8.278107   data arrival time

                      0.150000   32.000000   32.000000   clock i_clk (rise edge)
                                  0.000000   32.000000   clock network delay (ideal)
                                 -0.250000   31.750000   clock uncertainty
                                  0.000000   31.750000   clock reconvergence pessimism
                                             31.750000 ^ _1209_/CLK (sky130_fd_sc_hd__dfrtp_2)
                                  0.239433   31.989431   library recovery time
                                             31.989431   data required time
---------------------------------------------------------------------------------------------
                                             31.989431   data required time
                                             -8.278107   data arrival time
---------------------------------------------------------------------------------------------
                                             23.711323   slack (MET)


Startpoint: i_rst_n (input port clocked by i_clk)
Endpoint: _1211_ (recovery check against rising-edge clock i_clk)
Path Group: asynchronous
Path Type: max

Fanout         Cap        Slew       Delay        Time   Description
---------------------------------------------------------------------------------------------
                      0.150000    0.000000    0.000000   clock i_clk (rise edge)
                                  0.000000    0.000000   clock network delay (ideal)
                                  6.000000    6.000000 ^ input external delay
   203    0.626170    2.804778    1.915896    7.915896 ^ i_rst_n (in)
                                                         i_rst_n (net)
                      2.804778    0.000000    7.915896 ^ _1019_/B1 (sky130_fd_sc_hd__o21a_2)
     1    0.003612    0.085879    0.362211    8.278107 ^ _1019_/X (sky130_fd_sc_hd__o21a_2)
                                                         _0144_ (net)
                      0.085879    0.000000    8.278107 ^ _1211_/RESET_B (sky130_fd_sc_hd__dfrtp_2)
                                              8.278107   data arrival time

                      0.150000   32.000000   32.000000   clock i_clk (rise edge)
                                  0.000000   32.000000   clock network delay (ideal)
                                 -0.250000   31.750000   clock uncertainty
                                  0.000000   31.750000   clock reconvergence pessimism
                                             31.750000 ^ _1211_/CLK (sky130_fd_sc_hd__dfrtp_2)
                                  0.239433   31.989431   library recovery time
                                             31.989431   data required time
---------------------------------------------------------------------------------------------
                                             31.989431   data required time
                                             -8.278107   data arrival time
---------------------------------------------------------------------------------------------
                                             23.711323   slack (MET)


Startpoint: i_rst_n (input port clocked by i_clk)
Endpoint: _1212_ (recovery check against rising-edge clock i_clk)
Path Group: asynchronous
Path Type: max

Fanout         Cap        Slew       Delay        Time   Description
---------------------------------------------------------------------------------------------
                      0.150000    0.000000    0.000000   clock i_clk (rise edge)
                                  0.000000    0.000000   clock network delay (ideal)
                                  6.000000    6.000000 ^ input external delay
   203    0.626170    2.804778    1.915896    7.915896 ^ i_rst_n (in)
                                                         i_rst_n (net)
                      2.804778    0.000000    7.915896 ^ _1020_/B1 (sky130_fd_sc_hd__o21a_2)
     1    0.003612    0.085879    0.362211    8.278107 ^ _1020_/X (sky130_fd_sc_hd__o21a_2)
                                                         _0145_ (net)
                      0.085879    0.000000    8.278107 ^ _1212_/RESET_B (sky130_fd_sc_hd__dfrtp_2)
                                              8.278107   data arrival time

                      0.150000   32.000000   32.000000   clock i_clk (rise edge)
                                  0.000000   32.000000   clock network delay (ideal)
                                 -0.250000   31.750000   clock uncertainty
                                  0.000000   31.750000   clock reconvergence pessimism
                                             31.750000 ^ _1212_/CLK (sky130_fd_sc_hd__dfrtp_2)
                                  0.239433   31.989431   library recovery time
                                             31.989431   data required time
---------------------------------------------------------------------------------------------
                                             31.989431   data required time
                                             -8.278107   data arrival time
---------------------------------------------------------------------------------------------
                                             23.711323   slack (MET)


Startpoint: i_rst_n (input port clocked by i_clk)
Endpoint: _1213_ (recovery check against rising-edge clock i_clk)
Path Group: asynchronous
Path Type: max

Fanout         Cap        Slew       Delay        Time   Description
---------------------------------------------------------------------------------------------
                      0.150000    0.000000    0.000000   clock i_clk (rise edge)
                                  0.000000    0.000000   clock network delay (ideal)
                                  6.000000    6.000000 ^ input external delay
   203    0.626170    2.804778    1.915896    7.915896 ^ i_rst_n (in)
                                                         i_rst_n (net)
                      2.804778    0.000000    7.915896 ^ _1021_/B1 (sky130_fd_sc_hd__o21a_2)
     1    0.003612    0.085879    0.362211    8.278107 ^ _1021_/X (sky130_fd_sc_hd__o21a_2)
                                                         _0146_ (net)
                      0.085879    0.000000    8.278107 ^ _1213_/RESET_B (sky130_fd_sc_hd__dfrtp_2)
                                              8.278107   data arrival time

                      0.150000   32.000000   32.000000   clock i_clk (rise edge)
                                  0.000000   32.000000   clock network delay (ideal)
                                 -0.250000   31.750000   clock uncertainty
                                  0.000000   31.750000   clock reconvergence pessimism
                                             31.750000 ^ _1213_/CLK (sky130_fd_sc_hd__dfrtp_2)
                                  0.239433   31.989431   library recovery time
                                             31.989431   data required time
---------------------------------------------------------------------------------------------
                                             31.989431   data required time
                                             -8.278107   data arrival time
---------------------------------------------------------------------------------------------
                                             23.711323   slack (MET)


Startpoint: i_rst_n (input port clocked by i_clk)
Endpoint: _1214_ (recovery check against rising-edge clock i_clk)
Path Group: asynchronous
Path Type: max

Fanout         Cap        Slew       Delay        Time   Description
---------------------------------------------------------------------------------------------
                      0.150000    0.000000    0.000000   clock i_clk (rise edge)
                                  0.000000    0.000000   clock network delay (ideal)
                                  6.000000    6.000000 ^ input external delay
   203    0.626170    2.804778    1.915896    7.915896 ^ i_rst_n (in)
                                                         i_rst_n (net)
                      2.804778    0.000000    7.915896 ^ _1022_/B1 (sky130_fd_sc_hd__o21a_2)
     1    0.003612    0.085879    0.362211    8.278107 ^ _1022_/X (sky130_fd_sc_hd__o21a_2)
                                                         _0147_ (net)
                      0.085879    0.000000    8.278107 ^ _1214_/RESET_B (sky130_fd_sc_hd__dfrtp_2)
                                              8.278107   data arrival time

                      0.150000   32.000000   32.000000   clock i_clk (rise edge)
                                  0.000000   32.000000   clock network delay (ideal)
                                 -0.250000   31.750000   clock uncertainty
                                  0.000000   31.750000   clock reconvergence pessimism
                                             31.750000 ^ _1214_/CLK (sky130_fd_sc_hd__dfrtp_2)
                                  0.239433   31.989431   library recovery time
                                             31.989431   data required time
---------------------------------------------------------------------------------------------
                                             31.989431   data required time
                                             -8.278107   data arrival time
---------------------------------------------------------------------------------------------
                                             23.711323   slack (MET)


Startpoint: i_rst_n (input port clocked by i_clk)
Endpoint: _1215_ (recovery check against rising-edge clock i_clk)
Path Group: asynchronous
Path Type: max

Fanout         Cap        Slew       Delay        Time   Description
---------------------------------------------------------------------------------------------
                      0.150000    0.000000    0.000000   clock i_clk (rise edge)
                                  0.000000    0.000000   clock network delay (ideal)
                                  6.000000    6.000000 ^ input external delay
   203    0.626170    2.804778    1.915896    7.915896 ^ i_rst_n (in)
                                                         i_rst_n (net)
                      2.804778    0.000000    7.915896 ^ _1023_/B1 (sky130_fd_sc_hd__o21a_2)
     1    0.003612    0.085879    0.362211    8.278107 ^ _1023_/X (sky130_fd_sc_hd__o21a_2)
                                                         _0148_ (net)
                      0.085879    0.000000    8.278107 ^ _1215_/RESET_B (sky130_fd_sc_hd__dfrtp_2)
                                              8.278107   data arrival time

                      0.150000   32.000000   32.000000   clock i_clk (rise edge)
                                  0.000000   32.000000   clock network delay (ideal)
                                 -0.250000   31.750000   clock uncertainty
                                  0.000000   31.750000   clock reconvergence pessimism
                                             31.750000 ^ _1215_/CLK (sky130_fd_sc_hd__dfrtp_2)
                                  0.239433   31.989431   library recovery time
                                             31.989431   data required time
---------------------------------------------------------------------------------------------
                                             31.989431   data required time
                                             -8.278107   data arrival time
---------------------------------------------------------------------------------------------
                                             23.711323   slack (MET)


Startpoint: i_rst_n (input port clocked by i_clk)
Endpoint: _1216_ (recovery check against rising-edge clock i_clk)
Path Group: asynchronous
Path Type: max

Fanout         Cap        Slew       Delay        Time   Description
---------------------------------------------------------------------------------------------
                      0.150000    0.000000    0.000000   clock i_clk (rise edge)
                                  0.000000    0.000000   clock network delay (ideal)
                                  6.000000    6.000000 ^ input external delay
   203    0.626170    2.804778    1.915896    7.915896 ^ i_rst_n (in)
                                                         i_rst_n (net)
                      2.804778    0.000000    7.915896 ^ _1024_/B1 (sky130_fd_sc_hd__o21a_2)
     1    0.003612    0.085879    0.362211    8.278107 ^ _1024_/X (sky130_fd_sc_hd__o21a_2)
                                                         _0149_ (net)
                      0.085879    0.000000    8.278107 ^ _1216_/RESET_B (sky130_fd_sc_hd__dfrtp_2)
                                              8.278107   data arrival time

                      0.150000   32.000000   32.000000   clock i_clk (rise edge)
                                  0.000000   32.000000   clock network delay (ideal)
                                 -0.250000   31.750000   clock uncertainty
                                  0.000000   31.750000   clock reconvergence pessimism
                                             31.750000 ^ _1216_/CLK (sky130_fd_sc_hd__dfrtp_2)
                                  0.239433   31.989431   library recovery time
                                             31.989431   data required time
---------------------------------------------------------------------------------------------
                                             31.989431   data required time
                                             -8.278107   data arrival time
---------------------------------------------------------------------------------------------
                                             23.711323   slack (MET)


Startpoint: i_rst_n (input port clocked by i_clk)
Endpoint: _1217_ (recovery check against rising-edge clock i_clk)
Path Group: asynchronous
Path Type: max

Fanout         Cap        Slew       Delay        Time   Description
---------------------------------------------------------------------------------------------
                      0.150000    0.000000    0.000000   clock i_clk (rise edge)
                                  0.000000    0.000000   clock network delay (ideal)
                                  6.000000    6.000000 ^ input external delay
   203    0.626170    2.804778    1.915896    7.915896 ^ i_rst_n (in)
                                                         i_rst_n (net)
                      2.804778    0.000000    7.915896 ^ _1025_/B1 (sky130_fd_sc_hd__o21a_2)
     1    0.003612    0.085879    0.362211    8.278107 ^ _1025_/X (sky130_fd_sc_hd__o21a_2)
                                                         _0150_ (net)
                      0.085879    0.000000    8.278107 ^ _1217_/RESET_B (sky130_fd_sc_hd__dfrtp_2)
                                              8.278107   data arrival time

                      0.150000   32.000000   32.000000   clock i_clk (rise edge)
                                  0.000000   32.000000   clock network delay (ideal)
                                 -0.250000   31.750000   clock uncertainty
                                  0.000000   31.750000   clock reconvergence pessimism
                                             31.750000 ^ _1217_/CLK (sky130_fd_sc_hd__dfrtp_2)
                                  0.239433   31.989431   library recovery time
                                             31.989431   data required time
---------------------------------------------------------------------------------------------
                                             31.989431   data required time
                                             -8.278107   data arrival time
---------------------------------------------------------------------------------------------
                                             23.711323   slack (MET)


Startpoint: i_rst_n (input port clocked by i_clk)
Endpoint: _1218_ (recovery check against rising-edge clock i_clk)
Path Group: asynchronous
Path Type: max

Fanout         Cap        Slew       Delay        Time   Description
---------------------------------------------------------------------------------------------
                      0.150000    0.000000    0.000000   clock i_clk (rise edge)
                                  0.000000    0.000000   clock network delay (ideal)
                                  6.000000    6.000000 ^ input external delay
   203    0.626170    2.804778    1.915896    7.915896 ^ i_rst_n (in)
                                                         i_rst_n (net)
                      2.804778    0.000000    7.915896 ^ _1026_/B1 (sky130_fd_sc_hd__o21a_2)
     1    0.003612    0.085879    0.362211    8.278107 ^ _1026_/X (sky130_fd_sc_hd__o21a_2)
                                                         _0151_ (net)
                      0.085879    0.000000    8.278107 ^ _1218_/RESET_B (sky130_fd_sc_hd__dfrtp_2)
                                              8.278107   data arrival time

                      0.150000   32.000000   32.000000   clock i_clk (rise edge)
                                  0.000000   32.000000   clock network delay (ideal)
                                 -0.250000   31.750000   clock uncertainty
                                  0.000000   31.750000   clock reconvergence pessimism
                                             31.750000 ^ _1218_/CLK (sky130_fd_sc_hd__dfrtp_2)
                                  0.239433   31.989431   library recovery time
                                             31.989431   data required time
---------------------------------------------------------------------------------------------
                                             31.989431   data required time
                                             -8.278107   data arrival time
---------------------------------------------------------------------------------------------
                                             23.711323   slack (MET)


Startpoint: i_rst_n (input port clocked by i_clk)
Endpoint: _1219_ (recovery check against rising-edge clock i_clk)
Path Group: asynchronous
Path Type: max

Fanout         Cap        Slew       Delay        Time   Description
---------------------------------------------------------------------------------------------
                      0.150000    0.000000    0.000000   clock i_clk (rise edge)
                                  0.000000    0.000000   clock network delay (ideal)
                                  6.000000    6.000000 ^ input external delay
   203    0.626170    2.804778    1.915896    7.915896 ^ i_rst_n (in)
                                                         i_rst_n (net)
                      2.804778    0.000000    7.915896 ^ _1027_/B1 (sky130_fd_sc_hd__o21a_2)
     1    0.003612    0.085879    0.362211    8.278107 ^ _1027_/X (sky130_fd_sc_hd__o21a_2)
                                                         _0152_ (net)
                      0.085879    0.000000    8.278107 ^ _1219_/RESET_B (sky130_fd_sc_hd__dfrtp_2)
                                              8.278107   data arrival time

                      0.150000   32.000000   32.000000   clock i_clk (rise edge)
                                  0.000000   32.000000   clock network delay (ideal)
                                 -0.250000   31.750000   clock uncertainty
                                  0.000000   31.750000   clock reconvergence pessimism
                                             31.750000 ^ _1219_/CLK (sky130_fd_sc_hd__dfrtp_2)
                                  0.239433   31.989431   library recovery time
                                             31.989431   data required time
---------------------------------------------------------------------------------------------
                                             31.989431   data required time
                                             -8.278107   data arrival time
---------------------------------------------------------------------------------------------
                                             23.711323   slack (MET)


Startpoint: i_rst_n (input port clocked by i_clk)
Endpoint: _1220_ (recovery check against rising-edge clock i_clk)
Path Group: asynchronous
Path Type: max

Fanout         Cap        Slew       Delay        Time   Description
---------------------------------------------------------------------------------------------
                      0.150000    0.000000    0.000000   clock i_clk (rise edge)
                                  0.000000    0.000000   clock network delay (ideal)
                                  6.000000    6.000000 ^ input external delay
   203    0.626170    2.804778    1.915896    7.915896 ^ i_rst_n (in)
                                                         i_rst_n (net)
                      2.804778    0.000000    7.915896 ^ _1028_/B1 (sky130_fd_sc_hd__o21a_2)
     1    0.003612    0.085879    0.362211    8.278107 ^ _1028_/X (sky130_fd_sc_hd__o21a_2)
                                                         _0153_ (net)
                      0.085879    0.000000    8.278107 ^ _1220_/RESET_B (sky130_fd_sc_hd__dfrtp_2)
                                              8.278107   data arrival time

                      0.150000   32.000000   32.000000   clock i_clk (rise edge)
                                  0.000000   32.000000   clock network delay (ideal)
                                 -0.250000   31.750000   clock uncertainty
                                  0.000000   31.750000   clock reconvergence pessimism
                                             31.750000 ^ _1220_/CLK (sky130_fd_sc_hd__dfrtp_2)
                                  0.239433   31.989431   library recovery time
                                             31.989431   data required time
---------------------------------------------------------------------------------------------
                                             31.989431   data required time
                                             -8.278107   data arrival time
---------------------------------------------------------------------------------------------
                                             23.711323   slack (MET)


Startpoint: i_rst_n (input port clocked by i_clk)
Endpoint: _1221_ (recovery check against rising-edge clock i_clk)
Path Group: asynchronous
Path Type: max

Fanout         Cap        Slew       Delay        Time   Description
---------------------------------------------------------------------------------------------
                      0.150000    0.000000    0.000000   clock i_clk (rise edge)
                                  0.000000    0.000000   clock network delay (ideal)
                                  6.000000    6.000000 ^ input external delay
   203    0.626170    2.804778    1.915896    7.915896 ^ i_rst_n (in)
                                                         i_rst_n (net)
                      2.804778    0.000000    7.915896 ^ _1029_/B1 (sky130_fd_sc_hd__o21a_2)
     1    0.003612    0.085879    0.362211    8.278107 ^ _1029_/X (sky130_fd_sc_hd__o21a_2)
                                                         _0154_ (net)
                      0.085879    0.000000    8.278107 ^ _1221_/RESET_B (sky130_fd_sc_hd__dfrtp_2)
                                              8.278107   data arrival time

                      0.150000   32.000000   32.000000   clock i_clk (rise edge)
                                  0.000000   32.000000   clock network delay (ideal)
                                 -0.250000   31.750000   clock uncertainty
                                  0.000000   31.750000   clock reconvergence pessimism
                                             31.750000 ^ _1221_/CLK (sky130_fd_sc_hd__dfrtp_2)
                                  0.239433   31.989431   library recovery time
                                             31.989431   data required time
---------------------------------------------------------------------------------------------
                                             31.989431   data required time
                                             -8.278107   data arrival time
---------------------------------------------------------------------------------------------
                                             23.711323   slack (MET)


Startpoint: i_rst_n (input port clocked by i_clk)
Endpoint: _1222_ (recovery check against rising-edge clock i_clk)
Path Group: asynchronous
Path Type: max

Fanout         Cap        Slew       Delay        Time   Description
---------------------------------------------------------------------------------------------
                      0.150000    0.000000    0.000000   clock i_clk (rise edge)
                                  0.000000    0.000000   clock network delay (ideal)
                                  6.000000    6.000000 ^ input external delay
   203    0.626170    2.804778    1.915896    7.915896 ^ i_rst_n (in)
                                                         i_rst_n (net)
                      2.804778    0.000000    7.915896 ^ _1030_/B1 (sky130_fd_sc_hd__o21a_2)
     1    0.003612    0.085879    0.362211    8.278107 ^ _1030_/X (sky130_fd_sc_hd__o21a_2)
                                                         _0155_ (net)
                      0.085879    0.000000    8.278107 ^ _1222_/RESET_B (sky130_fd_sc_hd__dfrtp_2)
                                              8.278107   data arrival time

                      0.150000   32.000000   32.000000   clock i_clk (rise edge)
                                  0.000000   32.000000   clock network delay (ideal)
                                 -0.250000   31.750000   clock uncertainty
                                  0.000000   31.750000   clock reconvergence pessimism
                                             31.750000 ^ _1222_/CLK (sky130_fd_sc_hd__dfrtp_2)
                                  0.239433   31.989431   library recovery time
                                             31.989431   data required time
---------------------------------------------------------------------------------------------
                                             31.989431   data required time
                                             -8.278107   data arrival time
---------------------------------------------------------------------------------------------
                                             23.711323   slack (MET)


Startpoint: i_rst_n (input port clocked by i_clk)
Endpoint: _1223_ (recovery check against rising-edge clock i_clk)
Path Group: asynchronous
Path Type: max

Fanout         Cap        Slew       Delay        Time   Description
---------------------------------------------------------------------------------------------
                      0.150000    0.000000    0.000000   clock i_clk (rise edge)
                                  0.000000    0.000000   clock network delay (ideal)
                                  6.000000    6.000000 ^ input external delay
   203    0.626170    2.804778    1.915896    7.915896 ^ i_rst_n (in)
                                                         i_rst_n (net)
                      2.804778    0.000000    7.915896 ^ _1031_/B1 (sky130_fd_sc_hd__o21a_2)
     1    0.003612    0.085879    0.362211    8.278107 ^ _1031_/X (sky130_fd_sc_hd__o21a_2)
                                                         _0156_ (net)
                      0.085879    0.000000    8.278107 ^ _1223_/RESET_B (sky130_fd_sc_hd__dfrtp_2)
                                              8.278107   data arrival time

                      0.150000   32.000000   32.000000   clock i_clk (rise edge)
                                  0.000000   32.000000   clock network delay (ideal)
                                 -0.250000   31.750000   clock uncertainty
                                  0.000000   31.750000   clock reconvergence pessimism
                                             31.750000 ^ _1223_/CLK (sky130_fd_sc_hd__dfrtp_2)
                                  0.239433   31.989431   library recovery time
                                             31.989431   data required time
---------------------------------------------------------------------------------------------
                                             31.989431   data required time
                                             -8.278107   data arrival time
---------------------------------------------------------------------------------------------
                                             23.711323   slack (MET)


Startpoint: i_rst_n (input port clocked by i_clk)
Endpoint: _1224_ (recovery check against rising-edge clock i_clk)
Path Group: asynchronous
Path Type: max

Fanout         Cap        Slew       Delay        Time   Description
---------------------------------------------------------------------------------------------
                      0.150000    0.000000    0.000000   clock i_clk (rise edge)
                                  0.000000    0.000000   clock network delay (ideal)
                                  6.000000    6.000000 ^ input external delay
   203    0.626170    2.804778    1.915896    7.915896 ^ i_rst_n (in)
                                                         i_rst_n (net)
                      2.804778    0.000000    7.915896 ^ _1032_/B1 (sky130_fd_sc_hd__o21a_2)
     1    0.003612    0.085879    0.362211    8.278107 ^ _1032_/X (sky130_fd_sc_hd__o21a_2)
                                                         _0157_ (net)
                      0.085879    0.000000    8.278107 ^ _1224_/RESET_B (sky130_fd_sc_hd__dfrtp_2)
                                              8.278107   data arrival time

                      0.150000   32.000000   32.000000   clock i_clk (rise edge)
                                  0.000000   32.000000   clock network delay (ideal)
                                 -0.250000   31.750000   clock uncertainty
                                  0.000000   31.750000   clock reconvergence pessimism
                                             31.750000 ^ _1224_/CLK (sky130_fd_sc_hd__dfrtp_2)
                                  0.239433   31.989431   library recovery time
                                             31.989431   data required time
---------------------------------------------------------------------------------------------
                                             31.989431   data required time
                                             -8.278107   data arrival time
---------------------------------------------------------------------------------------------
                                             23.711323   slack (MET)


Startpoint: i_rst_n (input port clocked by i_clk)
Endpoint: _1225_ (recovery check against rising-edge clock i_clk)
Path Group: asynchronous
Path Type: max

Fanout         Cap        Slew       Delay        Time   Description
---------------------------------------------------------------------------------------------
                      0.150000    0.000000    0.000000   clock i_clk (rise edge)
                                  0.000000    0.000000   clock network delay (ideal)
                                  6.000000    6.000000 ^ input external delay
   203    0.626170    2.804778    1.915896    7.915896 ^ i_rst_n (in)
                                                         i_rst_n (net)
                      2.804778    0.000000    7.915896 ^ _1033_/B1 (sky130_fd_sc_hd__o21a_2)
     1    0.003612    0.085879    0.362211    8.278107 ^ _1033_/X (sky130_fd_sc_hd__o21a_2)
                                                         _0158_ (net)
                      0.085879    0.000000    8.278107 ^ _1225_/RESET_B (sky130_fd_sc_hd__dfrtp_2)
                                              8.278107   data arrival time

                      0.150000   32.000000   32.000000   clock i_clk (rise edge)
                                  0.000000   32.000000   clock network delay (ideal)
                                 -0.250000   31.750000   clock uncertainty
                                  0.000000   31.750000   clock reconvergence pessimism
                                             31.750000 ^ _1225_/CLK (sky130_fd_sc_hd__dfrtp_2)
                                  0.239433   31.989431   library recovery time
                                             31.989431   data required time
---------------------------------------------------------------------------------------------
                                             31.989431   data required time
                                             -8.278107   data arrival time
---------------------------------------------------------------------------------------------
                                             23.711323   slack (MET)


Startpoint: i_rst_n (input port clocked by i_clk)
Endpoint: _1226_ (recovery check against rising-edge clock i_clk)
Path Group: asynchronous
Path Type: max

Fanout         Cap        Slew       Delay        Time   Description
---------------------------------------------------------------------------------------------
                      0.150000    0.000000    0.000000   clock i_clk (rise edge)
                                  0.000000    0.000000   clock network delay (ideal)
                                  6.000000    6.000000 ^ input external delay
   203    0.626170    2.804778    1.915896    7.915896 ^ i_rst_n (in)
                                                         i_rst_n (net)
                      2.804778    0.000000    7.915896 ^ _1034_/B1 (sky130_fd_sc_hd__o21a_2)
     1    0.003612    0.085879    0.362211    8.278107 ^ _1034_/X (sky130_fd_sc_hd__o21a_2)
                                                         _0159_ (net)
                      0.085879    0.000000    8.278107 ^ _1226_/RESET_B (sky130_fd_sc_hd__dfrtp_2)
                                              8.278107   data arrival time

                      0.150000   32.000000   32.000000   clock i_clk (rise edge)
                                  0.000000   32.000000   clock network delay (ideal)
                                 -0.250000   31.750000   clock uncertainty
                                  0.000000   31.750000   clock reconvergence pessimism
                                             31.750000 ^ _1226_/CLK (sky130_fd_sc_hd__dfrtp_2)
                                  0.239433   31.989431   library recovery time
                                             31.989431   data required time
---------------------------------------------------------------------------------------------
                                             31.989431   data required time
                                             -8.278107   data arrival time
---------------------------------------------------------------------------------------------
                                             23.711323   slack (MET)


Startpoint: i_rst_n (input port clocked by i_clk)
Endpoint: _1227_ (recovery check against rising-edge clock i_clk)
Path Group: asynchronous
Path Type: max

Fanout         Cap        Slew       Delay        Time   Description
---------------------------------------------------------------------------------------------
                      0.150000    0.000000    0.000000   clock i_clk (rise edge)
                                  0.000000    0.000000   clock network delay (ideal)
                                  6.000000    6.000000 ^ input external delay
   203    0.626170    2.804778    1.915896    7.915896 ^ i_rst_n (in)
                                                         i_rst_n (net)
                      2.804778    0.000000    7.915896 ^ _1035_/B1 (sky130_fd_sc_hd__o21a_2)
     1    0.003612    0.085879    0.362211    8.278107 ^ _1035_/X (sky130_fd_sc_hd__o21a_2)
                                                         _0160_ (net)
                      0.085879    0.000000    8.278107 ^ _1227_/RESET_B (sky130_fd_sc_hd__dfrtp_2)
                                              8.278107   data arrival time

                      0.150000   32.000000   32.000000   clock i_clk (rise edge)
                                  0.000000   32.000000   clock network delay (ideal)
                                 -0.250000   31.750000   clock uncertainty
                                  0.000000   31.750000   clock reconvergence pessimism
                                             31.750000 ^ _1227_/CLK (sky130_fd_sc_hd__dfrtp_2)
                                  0.239433   31.989431   library recovery time
                                             31.989431   data required time
---------------------------------------------------------------------------------------------
                                             31.989431   data required time
                                             -8.278107   data arrival time
---------------------------------------------------------------------------------------------
                                             23.711323   slack (MET)


Startpoint: i_rst_n (input port clocked by i_clk)
Endpoint: _1228_ (recovery check against rising-edge clock i_clk)
Path Group: asynchronous
Path Type: max

Fanout         Cap        Slew       Delay        Time   Description
---------------------------------------------------------------------------------------------
                      0.150000    0.000000    0.000000   clock i_clk (rise edge)
                                  0.000000    0.000000   clock network delay (ideal)
                                  6.000000    6.000000 ^ input external delay
   203    0.626170    2.804778    1.915896    7.915896 ^ i_rst_n (in)
                                                         i_rst_n (net)
                      2.804778    0.000000    7.915896 ^ _1036_/B1 (sky130_fd_sc_hd__o21a_2)
     1    0.003612    0.085879    0.362211    8.278107 ^ _1036_/X (sky130_fd_sc_hd__o21a_2)
                                                         _0161_ (net)
                      0.085879    0.000000    8.278107 ^ _1228_/RESET_B (sky130_fd_sc_hd__dfrtp_2)
                                              8.278107   data arrival time

                      0.150000   32.000000   32.000000   clock i_clk (rise edge)
                                  0.000000   32.000000   clock network delay (ideal)
                                 -0.250000   31.750000   clock uncertainty
                                  0.000000   31.750000   clock reconvergence pessimism
                                             31.750000 ^ _1228_/CLK (sky130_fd_sc_hd__dfrtp_2)
                                  0.239433   31.989431   library recovery time
                                             31.989431   data required time
---------------------------------------------------------------------------------------------
                                             31.989431   data required time
                                             -8.278107   data arrival time
---------------------------------------------------------------------------------------------
                                             23.711323   slack (MET)


Startpoint: i_rst_n (input port clocked by i_clk)
Endpoint: _1229_ (recovery check against rising-edge clock i_clk)
Path Group: asynchronous
Path Type: max

Fanout         Cap        Slew       Delay        Time   Description
---------------------------------------------------------------------------------------------
                      0.150000    0.000000    0.000000   clock i_clk (rise edge)
                                  0.000000    0.000000   clock network delay (ideal)
                                  6.000000    6.000000 ^ input external delay
   203    0.626170    2.804778    1.915896    7.915896 ^ i_rst_n (in)
                                                         i_rst_n (net)
                      2.804778    0.000000    7.915896 ^ _1037_/B1 (sky130_fd_sc_hd__o21a_2)
     1    0.003612    0.085879    0.362211    8.278107 ^ _1037_/X (sky130_fd_sc_hd__o21a_2)
                                                         _0162_ (net)
                      0.085879    0.000000    8.278107 ^ _1229_/RESET_B (sky130_fd_sc_hd__dfrtp_2)
                                              8.278107   data arrival time

                      0.150000   32.000000   32.000000   clock i_clk (rise edge)
                                  0.000000   32.000000   clock network delay (ideal)
                                 -0.250000   31.750000   clock uncertainty
                                  0.000000   31.750000   clock reconvergence pessimism
                                             31.750000 ^ _1229_/CLK (sky130_fd_sc_hd__dfrtp_2)
                                  0.239433   31.989431   library recovery time
                                             31.989431   data required time
---------------------------------------------------------------------------------------------
                                             31.989431   data required time
                                             -8.278107   data arrival time
---------------------------------------------------------------------------------------------
                                             23.711323   slack (MET)


Startpoint: i_rst_n (input port clocked by i_clk)
Endpoint: _1231_ (recovery check against rising-edge clock i_clk)
Path Group: asynchronous
Path Type: max

Fanout         Cap        Slew       Delay        Time   Description
---------------------------------------------------------------------------------------------
                      0.150000    0.000000    0.000000   clock i_clk (rise edge)
                                  0.000000    0.000000   clock network delay (ideal)
                                  6.000000    6.000000 ^ input external delay
   203    0.626170    2.804778    1.915896    7.915896 ^ i_rst_n (in)
                                                         i_rst_n (net)
                      2.804778    0.000000    7.915896 ^ _1039_/B1 (sky130_fd_sc_hd__o21a_2)
     1    0.003612    0.085879    0.362211    8.278107 ^ _1039_/X (sky130_fd_sc_hd__o21a_2)
                                                         _0164_ (net)
                      0.085879    0.000000    8.278107 ^ _1231_/RESET_B (sky130_fd_sc_hd__dfrtp_2)
                                              8.278107   data arrival time

                      0.150000   32.000000   32.000000   clock i_clk (rise edge)
                                  0.000000   32.000000   clock network delay (ideal)
                                 -0.250000   31.750000   clock uncertainty
                                  0.000000   31.750000   clock reconvergence pessimism
                                             31.750000 ^ _1231_/CLK (sky130_fd_sc_hd__dfrtp_2)
                                  0.239433   31.989431   library recovery time
                                             31.989431   data required time
---------------------------------------------------------------------------------------------
                                             31.989431   data required time
                                             -8.278107   data arrival time
---------------------------------------------------------------------------------------------
                                             23.711323   slack (MET)


Startpoint: i_rst_n (input port clocked by i_clk)
Endpoint: _1232_ (recovery check against rising-edge clock i_clk)
Path Group: asynchronous
Path Type: max

Fanout         Cap        Slew       Delay        Time   Description
---------------------------------------------------------------------------------------------
                      0.150000    0.000000    0.000000   clock i_clk (rise edge)
                                  0.000000    0.000000   clock network delay (ideal)
                                  6.000000    6.000000 ^ input external delay
   203    0.626170    2.804778    1.915896    7.915896 ^ i_rst_n (in)
                                                         i_rst_n (net)
                      2.804778    0.000000    7.915896 ^ _1040_/B1 (sky130_fd_sc_hd__o21a_2)
     1    0.003612    0.085879    0.362211    8.278107 ^ _1040_/X (sky130_fd_sc_hd__o21a_2)
                                                         _0165_ (net)
                      0.085879    0.000000    8.278107 ^ _1232_/RESET_B (sky130_fd_sc_hd__dfrtp_2)
                                              8.278107   data arrival time

                      0.150000   32.000000   32.000000   clock i_clk (rise edge)
                                  0.000000   32.000000   clock network delay (ideal)
                                 -0.250000   31.750000   clock uncertainty
                                  0.000000   31.750000   clock reconvergence pessimism
                                             31.750000 ^ _1232_/CLK (sky130_fd_sc_hd__dfrtp_2)
                                  0.239433   31.989431   library recovery time
                                             31.989431   data required time
---------------------------------------------------------------------------------------------
                                             31.989431   data required time
                                             -8.278107   data arrival time
---------------------------------------------------------------------------------------------
                                             23.711323   slack (MET)


Startpoint: i_rst_n (input port clocked by i_clk)
Endpoint: _1233_ (recovery check against rising-edge clock i_clk)
Path Group: asynchronous
Path Type: max

Fanout         Cap        Slew       Delay        Time   Description
---------------------------------------------------------------------------------------------
                      0.150000    0.000000    0.000000   clock i_clk (rise edge)
                                  0.000000    0.000000   clock network delay (ideal)
                                  6.000000    6.000000 ^ input external delay
   203    0.626170    2.804778    1.915896    7.915896 ^ i_rst_n (in)
                                                         i_rst_n (net)
                      2.804778    0.000000    7.915896 ^ _1041_/B1 (sky130_fd_sc_hd__o21a_2)
     1    0.003612    0.085879    0.362211    8.278107 ^ _1041_/X (sky130_fd_sc_hd__o21a_2)
                                                         _0166_ (net)
                      0.085879    0.000000    8.278107 ^ _1233_/RESET_B (sky130_fd_sc_hd__dfrtp_2)
                                              8.278107   data arrival time

                      0.150000   32.000000   32.000000   clock i_clk (rise edge)
                                  0.000000   32.000000   clock network delay (ideal)
                                 -0.250000   31.750000   clock uncertainty
                                  0.000000   31.750000   clock reconvergence pessimism
                                             31.750000 ^ _1233_/CLK (sky130_fd_sc_hd__dfrtp_2)
                                  0.239433   31.989431   library recovery time
                                             31.989431   data required time
---------------------------------------------------------------------------------------------
                                             31.989431   data required time
                                             -8.278107   data arrival time
---------------------------------------------------------------------------------------------
                                             23.711323   slack (MET)


Startpoint: i_rst_n (input port clocked by i_clk)
Endpoint: _1234_ (recovery check against rising-edge clock i_clk)
Path Group: asynchronous
Path Type: max

Fanout         Cap        Slew       Delay        Time   Description
---------------------------------------------------------------------------------------------
                      0.150000    0.000000    0.000000   clock i_clk (rise edge)
                                  0.000000    0.000000   clock network delay (ideal)
                                  6.000000    6.000000 ^ input external delay
   203    0.626170    2.804778    1.915896    7.915896 ^ i_rst_n (in)
                                                         i_rst_n (net)
                      2.804778    0.000000    7.915896 ^ _1042_/B1 (sky130_fd_sc_hd__o21a_2)
     1    0.003612    0.085879    0.362211    8.278107 ^ _1042_/X (sky130_fd_sc_hd__o21a_2)
                                                         _0167_ (net)
                      0.085879    0.000000    8.278107 ^ _1234_/RESET_B (sky130_fd_sc_hd__dfrtp_2)
                                              8.278107   data arrival time

                      0.150000   32.000000   32.000000   clock i_clk (rise edge)
                                  0.000000   32.000000   clock network delay (ideal)
                                 -0.250000   31.750000   clock uncertainty
                                  0.000000   31.750000   clock reconvergence pessimism
                                             31.750000 ^ _1234_/CLK (sky130_fd_sc_hd__dfrtp_2)
                                  0.239433   31.989431   library recovery time
                                             31.989431   data required time
---------------------------------------------------------------------------------------------
                                             31.989431   data required time
                                             -8.278107   data arrival time
---------------------------------------------------------------------------------------------
                                             23.711323   slack (MET)


Startpoint: i_rst_n (input port clocked by i_clk)
Endpoint: _1235_ (recovery check against rising-edge clock i_clk)
Path Group: asynchronous
Path Type: max

Fanout         Cap        Slew       Delay        Time   Description
---------------------------------------------------------------------------------------------
                      0.150000    0.000000    0.000000   clock i_clk (rise edge)
                                  0.000000    0.000000   clock network delay (ideal)
                                  6.000000    6.000000 ^ input external delay
   203    0.626170    2.804778    1.915896    7.915896 ^ i_rst_n (in)
                                                         i_rst_n (net)
                      2.804778    0.000000    7.915896 ^ _1043_/B1 (sky130_fd_sc_hd__o21a_2)
     1    0.003612    0.085879    0.362211    8.278107 ^ _1043_/X (sky130_fd_sc_hd__o21a_2)
                                                         _0168_ (net)
                      0.085879    0.000000    8.278107 ^ _1235_/RESET_B (sky130_fd_sc_hd__dfrtp_2)
                                              8.278107   data arrival time

                      0.150000   32.000000   32.000000   clock i_clk (rise edge)
                                  0.000000   32.000000   clock network delay (ideal)
                                 -0.250000   31.750000   clock uncertainty
                                  0.000000   31.750000   clock reconvergence pessimism
                                             31.750000 ^ _1235_/CLK (sky130_fd_sc_hd__dfrtp_2)
                                  0.239433   31.989431   library recovery time
                                             31.989431   data required time
---------------------------------------------------------------------------------------------
                                             31.989431   data required time
                                             -8.278107   data arrival time
---------------------------------------------------------------------------------------------
                                             23.711323   slack (MET)


Startpoint: i_rst_n (input port clocked by i_clk)
Endpoint: _1236_ (recovery check against rising-edge clock i_clk)
Path Group: asynchronous
Path Type: max

Fanout         Cap        Slew       Delay        Time   Description
---------------------------------------------------------------------------------------------
                      0.150000    0.000000    0.000000   clock i_clk (rise edge)
                                  0.000000    0.000000   clock network delay (ideal)
                                  6.000000    6.000000 ^ input external delay
   203    0.626170    2.804778    1.915896    7.915896 ^ i_rst_n (in)
                                                         i_rst_n (net)
                      2.804778    0.000000    7.915896 ^ _1044_/B1 (sky130_fd_sc_hd__o21a_2)
     1    0.003612    0.085879    0.362211    8.278107 ^ _1044_/X (sky130_fd_sc_hd__o21a_2)
                                                         _0169_ (net)
                      0.085879    0.000000    8.278107 ^ _1236_/RESET_B (sky130_fd_sc_hd__dfrtp_2)
                                              8.278107   data arrival time

                      0.150000   32.000000   32.000000   clock i_clk (rise edge)
                                  0.000000   32.000000   clock network delay (ideal)
                                 -0.250000   31.750000   clock uncertainty
                                  0.000000   31.750000   clock reconvergence pessimism
                                             31.750000 ^ _1236_/CLK (sky130_fd_sc_hd__dfrtp_2)
                                  0.239433   31.989431   library recovery time
                                             31.989431   data required time
---------------------------------------------------------------------------------------------
                                             31.989431   data required time
                                             -8.278107   data arrival time
---------------------------------------------------------------------------------------------
                                             23.711323   slack (MET)


Startpoint: i_rst_n (input port clocked by i_clk)
Endpoint: _1237_ (recovery check against rising-edge clock i_clk)
Path Group: asynchronous
Path Type: max

Fanout         Cap        Slew       Delay        Time   Description
---------------------------------------------------------------------------------------------
                      0.150000    0.000000    0.000000   clock i_clk (rise edge)
                                  0.000000    0.000000   clock network delay (ideal)
                                  6.000000    6.000000 ^ input external delay
   203    0.626170    2.804778    1.915896    7.915896 ^ i_rst_n (in)
                                                         i_rst_n (net)
                      2.804778    0.000000    7.915896 ^ _1045_/B1 (sky130_fd_sc_hd__o21a_2)
     1    0.003612    0.085879    0.362211    8.278107 ^ _1045_/X (sky130_fd_sc_hd__o21a_2)
                                                         _0170_ (net)
                      0.085879    0.000000    8.278107 ^ _1237_/RESET_B (sky130_fd_sc_hd__dfrtp_2)
                                              8.278107   data arrival time

                      0.150000   32.000000   32.000000   clock i_clk (rise edge)
                                  0.000000   32.000000   clock network delay (ideal)
                                 -0.250000   31.750000   clock uncertainty
                                  0.000000   31.750000   clock reconvergence pessimism
                                             31.750000 ^ _1237_/CLK (sky130_fd_sc_hd__dfrtp_2)
                                  0.239433   31.989431   library recovery time
                                             31.989431   data required time
---------------------------------------------------------------------------------------------
                                             31.989431   data required time
                                             -8.278107   data arrival time
---------------------------------------------------------------------------------------------
                                             23.711323   slack (MET)


Startpoint: i_rst_n (input port clocked by i_clk)
Endpoint: _1238_ (recovery check against rising-edge clock i_clk)
Path Group: asynchronous
Path Type: max

Fanout         Cap        Slew       Delay        Time   Description
---------------------------------------------------------------------------------------------
                      0.150000    0.000000    0.000000   clock i_clk (rise edge)
                                  0.000000    0.000000   clock network delay (ideal)
                                  6.000000    6.000000 ^ input external delay
   203    0.626170    2.804778    1.915896    7.915896 ^ i_rst_n (in)
                                                         i_rst_n (net)
                      2.804778    0.000000    7.915896 ^ _1046_/B1 (sky130_fd_sc_hd__o21a_2)
     1    0.003612    0.085879    0.362211    8.278107 ^ _1046_/X (sky130_fd_sc_hd__o21a_2)
                                                         _0171_ (net)
                      0.085879    0.000000    8.278107 ^ _1238_/RESET_B (sky130_fd_sc_hd__dfrtp_2)
                                              8.278107   data arrival time

                      0.150000   32.000000   32.000000   clock i_clk (rise edge)
                                  0.000000   32.000000   clock network delay (ideal)
                                 -0.250000   31.750000   clock uncertainty
                                  0.000000   31.750000   clock reconvergence pessimism
                                             31.750000 ^ _1238_/CLK (sky130_fd_sc_hd__dfrtp_2)
                                  0.239433   31.989431   library recovery time
                                             31.989431   data required time
---------------------------------------------------------------------------------------------
                                             31.989431   data required time
                                             -8.278107   data arrival time
---------------------------------------------------------------------------------------------
                                             23.711323   slack (MET)


Startpoint: i_rst_n (input port clocked by i_clk)
Endpoint: _1239_ (recovery check against rising-edge clock i_clk)
Path Group: asynchronous
Path Type: max

Fanout         Cap        Slew       Delay        Time   Description
---------------------------------------------------------------------------------------------
                      0.150000    0.000000    0.000000   clock i_clk (rise edge)
                                  0.000000    0.000000   clock network delay (ideal)
                                  6.000000    6.000000 ^ input external delay
   203    0.626170    2.804778    1.915896    7.915896 ^ i_rst_n (in)
                                                         i_rst_n (net)
                      2.804778    0.000000    7.915896 ^ _1047_/B1 (sky130_fd_sc_hd__o21a_2)
     1    0.003612    0.085879    0.362211    8.278107 ^ _1047_/X (sky130_fd_sc_hd__o21a_2)
                                                         _0172_ (net)
                      0.085879    0.000000    8.278107 ^ _1239_/RESET_B (sky130_fd_sc_hd__dfrtp_2)
                                              8.278107   data arrival time

                      0.150000   32.000000   32.000000   clock i_clk (rise edge)
                                  0.000000   32.000000   clock network delay (ideal)
                                 -0.250000   31.750000   clock uncertainty
                                  0.000000   31.750000   clock reconvergence pessimism
                                             31.750000 ^ _1239_/CLK (sky130_fd_sc_hd__dfrtp_2)
                                  0.239433   31.989431   library recovery time
                                             31.989431   data required time
---------------------------------------------------------------------------------------------
                                             31.989431   data required time
                                             -8.278107   data arrival time
---------------------------------------------------------------------------------------------
                                             23.711323   slack (MET)


Startpoint: i_rst_n (input port clocked by i_clk)
Endpoint: _1240_ (recovery check against rising-edge clock i_clk)
Path Group: asynchronous
Path Type: max

Fanout         Cap        Slew       Delay        Time   Description
---------------------------------------------------------------------------------------------
                      0.150000    0.000000    0.000000   clock i_clk (rise edge)
                                  0.000000    0.000000   clock network delay (ideal)
                                  6.000000    6.000000 ^ input external delay
   203    0.626170    2.804778    1.915896    7.915896 ^ i_rst_n (in)
                                                         i_rst_n (net)
                      2.804778    0.000000    7.915896 ^ _1048_/B1 (sky130_fd_sc_hd__o21a_2)
     1    0.003612    0.085879    0.362211    8.278107 ^ _1048_/X (sky130_fd_sc_hd__o21a_2)
                                                         _0173_ (net)
                      0.085879    0.000000    8.278107 ^ _1240_/RESET_B (sky130_fd_sc_hd__dfrtp_2)
                                              8.278107   data arrival time

                      0.150000   32.000000   32.000000   clock i_clk (rise edge)
                                  0.000000   32.000000   clock network delay (ideal)
                                 -0.250000   31.750000   clock uncertainty
                                  0.000000   31.750000   clock reconvergence pessimism
                                             31.750000 ^ _1240_/CLK (sky130_fd_sc_hd__dfrtp_2)
                                  0.239433   31.989431   library recovery time
                                             31.989431   data required time
---------------------------------------------------------------------------------------------
                                             31.989431   data required time
                                             -8.278107   data arrival time
---------------------------------------------------------------------------------------------
                                             23.711323   slack (MET)


Startpoint: i_rst_n (input port clocked by i_clk)
Endpoint: _1241_ (recovery check against rising-edge clock i_clk)
Path Group: asynchronous
Path Type: max

Fanout         Cap        Slew       Delay        Time   Description
---------------------------------------------------------------------------------------------
                      0.150000    0.000000    0.000000   clock i_clk (rise edge)
                                  0.000000    0.000000   clock network delay (ideal)
                                  6.000000    6.000000 ^ input external delay
   203    0.626170    2.804778    1.915896    7.915896 ^ i_rst_n (in)
                                                         i_rst_n (net)
                      2.804778    0.000000    7.915896 ^ _1049_/B1 (sky130_fd_sc_hd__o21a_2)
     1    0.003612    0.085879    0.362211    8.278107 ^ _1049_/X (sky130_fd_sc_hd__o21a_2)
                                                         _0174_ (net)
                      0.085879    0.000000    8.278107 ^ _1241_/RESET_B (sky130_fd_sc_hd__dfrtp_2)
                                              8.278107   data arrival time

                      0.150000   32.000000   32.000000   clock i_clk (rise edge)
                                  0.000000   32.000000   clock network delay (ideal)
                                 -0.250000   31.750000   clock uncertainty
                                  0.000000   31.750000   clock reconvergence pessimism
                                             31.750000 ^ _1241_/CLK (sky130_fd_sc_hd__dfrtp_2)
                                  0.239433   31.989431   library recovery time
                                             31.989431   data required time
---------------------------------------------------------------------------------------------
                                             31.989431   data required time
                                             -8.278107   data arrival time
---------------------------------------------------------------------------------------------
                                             23.711323   slack (MET)


Startpoint: i_rst_n (input port clocked by i_clk)
Endpoint: _1242_ (recovery check against rising-edge clock i_clk)
Path Group: asynchronous
Path Type: max

Fanout         Cap        Slew       Delay        Time   Description
---------------------------------------------------------------------------------------------
                      0.150000    0.000000    0.000000   clock i_clk (rise edge)
                                  0.000000    0.000000   clock network delay (ideal)
                                  6.000000    6.000000 ^ input external delay
   203    0.626170    2.804778    1.915896    7.915896 ^ i_rst_n (in)
                                                         i_rst_n (net)
                      2.804778    0.000000    7.915896 ^ _1050_/B1 (sky130_fd_sc_hd__o21a_2)
     1    0.003612    0.085879    0.362211    8.278107 ^ _1050_/X (sky130_fd_sc_hd__o21a_2)
                                                         _0175_ (net)
                      0.085879    0.000000    8.278107 ^ _1242_/RESET_B (sky130_fd_sc_hd__dfrtp_2)
                                              8.278107   data arrival time

                      0.150000   32.000000   32.000000   clock i_clk (rise edge)
                                  0.000000   32.000000   clock network delay (ideal)
                                 -0.250000   31.750000   clock uncertainty
                                  0.000000   31.750000   clock reconvergence pessimism
                                             31.750000 ^ _1242_/CLK (sky130_fd_sc_hd__dfrtp_2)
                                  0.239433   31.989431   library recovery time
                                             31.989431   data required time
---------------------------------------------------------------------------------------------
                                             31.989431   data required time
                                             -8.278107   data arrival time
---------------------------------------------------------------------------------------------
                                             23.711323   slack (MET)


Startpoint: i_rst_n (input port clocked by i_clk)
Endpoint: _1243_ (recovery check against rising-edge clock i_clk)
Path Group: asynchronous
Path Type: max

Fanout         Cap        Slew       Delay        Time   Description
---------------------------------------------------------------------------------------------
                      0.150000    0.000000    0.000000   clock i_clk (rise edge)
                                  0.000000    0.000000   clock network delay (ideal)
                                  6.000000    6.000000 ^ input external delay
   203    0.626170    2.804778    1.915896    7.915896 ^ i_rst_n (in)
                                                         i_rst_n (net)
                      2.804778    0.000000    7.915896 ^ _1051_/B1 (sky130_fd_sc_hd__o21a_2)
     1    0.003612    0.085879    0.362211    8.278107 ^ _1051_/X (sky130_fd_sc_hd__o21a_2)
                                                         _0176_ (net)
                      0.085879    0.000000    8.278107 ^ _1243_/RESET_B (sky130_fd_sc_hd__dfrtp_2)
                                              8.278107   data arrival time

                      0.150000   32.000000   32.000000   clock i_clk (rise edge)
                                  0.000000   32.000000   clock network delay (ideal)
                                 -0.250000   31.750000   clock uncertainty
                                  0.000000   31.750000   clock reconvergence pessimism
                                             31.750000 ^ _1243_/CLK (sky130_fd_sc_hd__dfrtp_2)
                                  0.239433   31.989431   library recovery time
                                             31.989431   data required time
---------------------------------------------------------------------------------------------
                                             31.989431   data required time
                                             -8.278107   data arrival time
---------------------------------------------------------------------------------------------
                                             23.711323   slack (MET)


Startpoint: i_rst_n (input port clocked by i_clk)
Endpoint: _1244_ (recovery check against rising-edge clock i_clk)
Path Group: asynchronous
Path Type: max

Fanout         Cap        Slew       Delay        Time   Description
---------------------------------------------------------------------------------------------
                      0.150000    0.000000    0.000000   clock i_clk (rise edge)
                                  0.000000    0.000000   clock network delay (ideal)
                                  6.000000    6.000000 ^ input external delay
   203    0.626170    2.804778    1.915896    7.915896 ^ i_rst_n (in)
                                                         i_rst_n (net)
                      2.804778    0.000000    7.915896 ^ _1052_/B1 (sky130_fd_sc_hd__o21a_2)
     1    0.003612    0.085879    0.362211    8.278107 ^ _1052_/X (sky130_fd_sc_hd__o21a_2)
                                                         _0177_ (net)
                      0.085879    0.000000    8.278107 ^ _1244_/RESET_B (sky130_fd_sc_hd__dfrtp_2)
                                              8.278107   data arrival time

                      0.150000   32.000000   32.000000   clock i_clk (rise edge)
                                  0.000000   32.000000   clock network delay (ideal)
                                 -0.250000   31.750000   clock uncertainty
                                  0.000000   31.750000   clock reconvergence pessimism
                                             31.750000 ^ _1244_/CLK (sky130_fd_sc_hd__dfrtp_2)
                                  0.239433   31.989431   library recovery time
                                             31.989431   data required time
---------------------------------------------------------------------------------------------
                                             31.989431   data required time
                                             -8.278107   data arrival time
---------------------------------------------------------------------------------------------
                                             23.711323   slack (MET)


Startpoint: i_rst_n (input port clocked by i_clk)
Endpoint: _1245_ (recovery check against rising-edge clock i_clk)
Path Group: asynchronous
Path Type: max

Fanout         Cap        Slew       Delay        Time   Description
---------------------------------------------------------------------------------------------
                      0.150000    0.000000    0.000000   clock i_clk (rise edge)
                                  0.000000    0.000000   clock network delay (ideal)
                                  6.000000    6.000000 ^ input external delay
   203    0.626170    2.804778    1.915896    7.915896 ^ i_rst_n (in)
                                                         i_rst_n (net)
                      2.804778    0.000000    7.915896 ^ _1053_/B1 (sky130_fd_sc_hd__o21a_2)
     1    0.003612    0.085879    0.362211    8.278107 ^ _1053_/X (sky130_fd_sc_hd__o21a_2)
                                                         _0178_ (net)
                      0.085879    0.000000    8.278107 ^ _1245_/RESET_B (sky130_fd_sc_hd__dfrtp_2)
                                              8.278107   data arrival time

                      0.150000   32.000000   32.000000   clock i_clk (rise edge)
                                  0.000000   32.000000   clock network delay (ideal)
                                 -0.250000   31.750000   clock uncertainty
                                  0.000000   31.750000   clock reconvergence pessimism
                                             31.750000 ^ _1245_/CLK (sky130_fd_sc_hd__dfrtp_2)
                                  0.239433   31.989431   library recovery time
                                             31.989431   data required time
---------------------------------------------------------------------------------------------
                                             31.989431   data required time
                                             -8.278107   data arrival time
---------------------------------------------------------------------------------------------
                                             23.711323   slack (MET)


Startpoint: i_rst_n (input port clocked by i_clk)
Endpoint: _1246_ (recovery check against rising-edge clock i_clk)
Path Group: asynchronous
Path Type: max

Fanout         Cap        Slew       Delay        Time   Description
---------------------------------------------------------------------------------------------
                      0.150000    0.000000    0.000000   clock i_clk (rise edge)
                                  0.000000    0.000000   clock network delay (ideal)
                                  6.000000    6.000000 ^ input external delay
   203    0.626170    2.804778    1.915896    7.915896 ^ i_rst_n (in)
                                                         i_rst_n (net)
                      2.804778    0.000000    7.915896 ^ _1054_/B1 (sky130_fd_sc_hd__o21a_2)
     1    0.003612    0.085879    0.362211    8.278107 ^ _1054_/X (sky130_fd_sc_hd__o21a_2)
                                                         _0179_ (net)
                      0.085879    0.000000    8.278107 ^ _1246_/RESET_B (sky130_fd_sc_hd__dfrtp_2)
                                              8.278107   data arrival time

                      0.150000   32.000000   32.000000   clock i_clk (rise edge)
                                  0.000000   32.000000   clock network delay (ideal)
                                 -0.250000   31.750000   clock uncertainty
                                  0.000000   31.750000   clock reconvergence pessimism
                                             31.750000 ^ _1246_/CLK (sky130_fd_sc_hd__dfrtp_2)
                                  0.239433   31.989431   library recovery time
                                             31.989431   data required time
---------------------------------------------------------------------------------------------
                                             31.989431   data required time
                                             -8.278107   data arrival time
---------------------------------------------------------------------------------------------
                                             23.711323   slack (MET)


Startpoint: i_rst_n (input port clocked by i_clk)
Endpoint: _1247_ (recovery check against rising-edge clock i_clk)
Path Group: asynchronous
Path Type: max

Fanout         Cap        Slew       Delay        Time   Description
---------------------------------------------------------------------------------------------
                      0.150000    0.000000    0.000000   clock i_clk (rise edge)
                                  0.000000    0.000000   clock network delay (ideal)
                                  6.000000    6.000000 ^ input external delay
   203    0.626170    2.804778    1.915896    7.915896 ^ i_rst_n (in)
                                                         i_rst_n (net)
                      2.804778    0.000000    7.915896 ^ _1055_/B1 (sky130_fd_sc_hd__o21a_2)
     1    0.003612    0.085879    0.362211    8.278107 ^ _1055_/X (sky130_fd_sc_hd__o21a_2)
                                                         _0180_ (net)
                      0.085879    0.000000    8.278107 ^ _1247_/RESET_B (sky130_fd_sc_hd__dfrtp_2)
                                              8.278107   data arrival time

                      0.150000   32.000000   32.000000   clock i_clk (rise edge)
                                  0.000000   32.000000   clock network delay (ideal)
                                 -0.250000   31.750000   clock uncertainty
                                  0.000000   31.750000   clock reconvergence pessimism
                                             31.750000 ^ _1247_/CLK (sky130_fd_sc_hd__dfrtp_2)
                                  0.239433   31.989431   library recovery time
                                             31.989431   data required time
---------------------------------------------------------------------------------------------
                                             31.989431   data required time
                                             -8.278107   data arrival time
---------------------------------------------------------------------------------------------
                                             23.711323   slack (MET)


Startpoint: i_rst_n (input port clocked by i_clk)
Endpoint: _1248_ (recovery check against rising-edge clock i_clk)
Path Group: asynchronous
Path Type: max

Fanout         Cap        Slew       Delay        Time   Description
---------------------------------------------------------------------------------------------
                      0.150000    0.000000    0.000000   clock i_clk (rise edge)
                                  0.000000    0.000000   clock network delay (ideal)
                                  6.000000    6.000000 ^ input external delay
   203    0.626170    2.804778    1.915896    7.915896 ^ i_rst_n (in)
                                                         i_rst_n (net)
                      2.804778    0.000000    7.915896 ^ _1056_/B1 (sky130_fd_sc_hd__o21a_2)
     1    0.003612    0.085879    0.362211    8.278107 ^ _1056_/X (sky130_fd_sc_hd__o21a_2)
                                                         _0181_ (net)
                      0.085879    0.000000    8.278107 ^ _1248_/RESET_B (sky130_fd_sc_hd__dfrtp_2)
                                              8.278107   data arrival time

                      0.150000   32.000000   32.000000   clock i_clk (rise edge)
                                  0.000000   32.000000   clock network delay (ideal)
                                 -0.250000   31.750000   clock uncertainty
                                  0.000000   31.750000   clock reconvergence pessimism
                                             31.750000 ^ _1248_/CLK (sky130_fd_sc_hd__dfrtp_2)
                                  0.239433   31.989431   library recovery time
                                             31.989431   data required time
---------------------------------------------------------------------------------------------
                                             31.989431   data required time
                                             -8.278107   data arrival time
---------------------------------------------------------------------------------------------
                                             23.711323   slack (MET)


Startpoint: i_rst_n (input port clocked by i_clk)
Endpoint: _1249_ (recovery check against rising-edge clock i_clk)
Path Group: asynchronous
Path Type: max

Fanout         Cap        Slew       Delay        Time   Description
---------------------------------------------------------------------------------------------
                      0.150000    0.000000    0.000000   clock i_clk (rise edge)
                                  0.000000    0.000000   clock network delay (ideal)
                                  6.000000    6.000000 ^ input external delay
   203    0.626170    2.804778    1.915896    7.915896 ^ i_rst_n (in)
                                                         i_rst_n (net)
                      2.804778    0.000000    7.915896 ^ _1057_/B1 (sky130_fd_sc_hd__o21a_2)
     1    0.003612    0.085879    0.362211    8.278107 ^ _1057_/X (sky130_fd_sc_hd__o21a_2)
                                                         _0182_ (net)
                      0.085879    0.000000    8.278107 ^ _1249_/RESET_B (sky130_fd_sc_hd__dfrtp_2)
                                              8.278107   data arrival time

                      0.150000   32.000000   32.000000   clock i_clk (rise edge)
                                  0.000000   32.000000   clock network delay (ideal)
                                 -0.250000   31.750000   clock uncertainty
                                  0.000000   31.750000   clock reconvergence pessimism
                                             31.750000 ^ _1249_/CLK (sky130_fd_sc_hd__dfrtp_2)
                                  0.239433   31.989431   library recovery time
                                             31.989431   data required time
---------------------------------------------------------------------------------------------
                                             31.989431   data required time
                                             -8.278107   data arrival time
---------------------------------------------------------------------------------------------
                                             23.711323   slack (MET)


Startpoint: i_rst_n (input port clocked by i_clk)
Endpoint: _1250_ (recovery check against rising-edge clock i_clk)
Path Group: asynchronous
Path Type: max

Fanout         Cap        Slew       Delay        Time   Description
---------------------------------------------------------------------------------------------
                      0.150000    0.000000    0.000000   clock i_clk (rise edge)
                                  0.000000    0.000000   clock network delay (ideal)
                                  6.000000    6.000000 ^ input external delay
   203    0.626170    2.804778    1.915896    7.915896 ^ i_rst_n (in)
                                                         i_rst_n (net)
                      2.804778    0.000000    7.915896 ^ _1058_/B1 (sky130_fd_sc_hd__o21a_2)
     1    0.003612    0.085879    0.362211    8.278107 ^ _1058_/X (sky130_fd_sc_hd__o21a_2)
                                                         _0183_ (net)
                      0.085879    0.000000    8.278107 ^ _1250_/RESET_B (sky130_fd_sc_hd__dfrtp_2)
                                              8.278107   data arrival time

                      0.150000   32.000000   32.000000   clock i_clk (rise edge)
                                  0.000000   32.000000   clock network delay (ideal)
                                 -0.250000   31.750000   clock uncertainty
                                  0.000000   31.750000   clock reconvergence pessimism
                                             31.750000 ^ _1250_/CLK (sky130_fd_sc_hd__dfrtp_2)
                                  0.239433   31.989431   library recovery time
                                             31.989431   data required time
---------------------------------------------------------------------------------------------
                                             31.989431   data required time
                                             -8.278107   data arrival time
---------------------------------------------------------------------------------------------
                                             23.711323   slack (MET)


Startpoint: i_rst_n (input port clocked by i_clk)
Endpoint: _1251_ (recovery check against rising-edge clock i_clk)
Path Group: asynchronous
Path Type: max

Fanout         Cap        Slew       Delay        Time   Description
---------------------------------------------------------------------------------------------
                      0.150000    0.000000    0.000000   clock i_clk (rise edge)
                                  0.000000    0.000000   clock network delay (ideal)
                                  6.000000    6.000000 ^ input external delay
   203    0.626170    2.804778    1.915896    7.915896 ^ i_rst_n (in)
                                                         i_rst_n (net)
                      2.804778    0.000000    7.915896 ^ _1059_/B1 (sky130_fd_sc_hd__o21a_2)
     1    0.003612    0.085879    0.362211    8.278107 ^ _1059_/X (sky130_fd_sc_hd__o21a_2)
                                                         _0184_ (net)
                      0.085879    0.000000    8.278107 ^ _1251_/RESET_B (sky130_fd_sc_hd__dfrtp_2)
                                              8.278107   data arrival time

                      0.150000   32.000000   32.000000   clock i_clk (rise edge)
                                  0.000000   32.000000   clock network delay (ideal)
                                 -0.250000   31.750000   clock uncertainty
                                  0.000000   31.750000   clock reconvergence pessimism
                                             31.750000 ^ _1251_/CLK (sky130_fd_sc_hd__dfrtp_2)
                                  0.239433   31.989431   library recovery time
                                             31.989431   data required time
---------------------------------------------------------------------------------------------
                                             31.989431   data required time
                                             -8.278107   data arrival time
---------------------------------------------------------------------------------------------
                                             23.711323   slack (MET)


Startpoint: i_rst_n (input port clocked by i_clk)
Endpoint: _1253_ (recovery check against rising-edge clock i_clk)
Path Group: asynchronous
Path Type: max

Fanout         Cap        Slew       Delay        Time   Description
---------------------------------------------------------------------------------------------
                      0.150000    0.000000    0.000000   clock i_clk (rise edge)
                                  0.000000    0.000000   clock network delay (ideal)
                                  6.000000    6.000000 ^ input external delay
   203    0.626170    2.804778    1.915896    7.915896 ^ i_rst_n (in)
                                                         i_rst_n (net)
                      2.804778    0.000000    7.915896 ^ _1061_/B1 (sky130_fd_sc_hd__o21a_2)
     1    0.003612    0.085879    0.362211    8.278107 ^ _1061_/X (sky130_fd_sc_hd__o21a_2)
                                                         _0186_ (net)
                      0.085879    0.000000    8.278107 ^ _1253_/RESET_B (sky130_fd_sc_hd__dfrtp_2)
                                              8.278107   data arrival time

                      0.150000   32.000000   32.000000   clock i_clk (rise edge)
                                  0.000000   32.000000   clock network delay (ideal)
                                 -0.250000   31.750000   clock uncertainty
                                  0.000000   31.750000   clock reconvergence pessimism
                                             31.750000 ^ _1253_/CLK (sky130_fd_sc_hd__dfrtp_2)
                                  0.239433   31.989431   library recovery time
                                             31.989431   data required time
---------------------------------------------------------------------------------------------
                                             31.989431   data required time
                                             -8.278107   data arrival time
---------------------------------------------------------------------------------------------
                                             23.711323   slack (MET)


Startpoint: i_rst_n (input port clocked by i_clk)
Endpoint: _1254_ (recovery check against rising-edge clock i_clk)
Path Group: asynchronous
Path Type: max

Fanout         Cap        Slew       Delay        Time   Description
---------------------------------------------------------------------------------------------
                      0.150000    0.000000    0.000000   clock i_clk (rise edge)
                                  0.000000    0.000000   clock network delay (ideal)
                                  6.000000    6.000000 ^ input external delay
   203    0.626170    2.804778    1.915896    7.915896 ^ i_rst_n (in)
                                                         i_rst_n (net)
                      2.804778    0.000000    7.915896 ^ _1062_/B1 (sky130_fd_sc_hd__o21a_2)
     1    0.003612    0.085879    0.362211    8.278107 ^ _1062_/X (sky130_fd_sc_hd__o21a_2)
                                                         _0187_ (net)
                      0.085879    0.000000    8.278107 ^ _1254_/RESET_B (sky130_fd_sc_hd__dfrtp_2)
                                              8.278107   data arrival time

                      0.150000   32.000000   32.000000   clock i_clk (rise edge)
                                  0.000000   32.000000   clock network delay (ideal)
                                 -0.250000   31.750000   clock uncertainty
                                  0.000000   31.750000   clock reconvergence pessimism
                                             31.750000 ^ _1254_/CLK (sky130_fd_sc_hd__dfrtp_2)
                                  0.239433   31.989431   library recovery time
                                             31.989431   data required time
---------------------------------------------------------------------------------------------
                                             31.989431   data required time
                                             -8.278107   data arrival time
---------------------------------------------------------------------------------------------
                                             23.711323   slack (MET)


Startpoint: i_rst_n (input port clocked by i_clk)
Endpoint: _1255_ (recovery check against rising-edge clock i_clk)
Path Group: asynchronous
Path Type: max

Fanout         Cap        Slew       Delay        Time   Description
---------------------------------------------------------------------------------------------
                      0.150000    0.000000    0.000000   clock i_clk (rise edge)
                                  0.000000    0.000000   clock network delay (ideal)
                                  6.000000    6.000000 ^ input external delay
   203    0.626170    2.804778    1.915896    7.915896 ^ i_rst_n (in)
                                                         i_rst_n (net)
                      2.804778    0.000000    7.915896 ^ _1063_/B1 (sky130_fd_sc_hd__o21a_2)
     1    0.003612    0.085879    0.362211    8.278107 ^ _1063_/X (sky130_fd_sc_hd__o21a_2)
                                                         _0188_ (net)
                      0.085879    0.000000    8.278107 ^ _1255_/RESET_B (sky130_fd_sc_hd__dfrtp_2)
                                              8.278107   data arrival time

                      0.150000   32.000000   32.000000   clock i_clk (rise edge)
                                  0.000000   32.000000   clock network delay (ideal)
                                 -0.250000   31.750000   clock uncertainty
                                  0.000000   31.750000   clock reconvergence pessimism
                                             31.750000 ^ _1255_/CLK (sky130_fd_sc_hd__dfrtp_2)
                                  0.239433   31.989431   library recovery time
                                             31.989431   data required time
---------------------------------------------------------------------------------------------
                                             31.989431   data required time
                                             -8.278107   data arrival time
---------------------------------------------------------------------------------------------
                                             23.711323   slack (MET)


Startpoint: i_rst_n (input port clocked by i_clk)
Endpoint: _1256_ (recovery check against rising-edge clock i_clk)
Path Group: asynchronous
Path Type: max

Fanout         Cap        Slew       Delay        Time   Description
---------------------------------------------------------------------------------------------
                      0.150000    0.000000    0.000000   clock i_clk (rise edge)
                                  0.000000    0.000000   clock network delay (ideal)
                                  6.000000    6.000000 ^ input external delay
   203    0.626170    2.804778    1.915896    7.915896 ^ i_rst_n (in)
                                                         i_rst_n (net)
                      2.804778    0.000000    7.915896 ^ _1064_/B1 (sky130_fd_sc_hd__o21a_2)
     1    0.003612    0.085879    0.362211    8.278107 ^ _1064_/X (sky130_fd_sc_hd__o21a_2)
                                                         _0189_ (net)
                      0.085879    0.000000    8.278107 ^ _1256_/RESET_B (sky130_fd_sc_hd__dfrtp_2)
                                              8.278107   data arrival time

                      0.150000   32.000000   32.000000   clock i_clk (rise edge)
                                  0.000000   32.000000   clock network delay (ideal)
                                 -0.250000   31.750000   clock uncertainty
                                  0.000000   31.750000   clock reconvergence pessimism
                                             31.750000 ^ _1256_/CLK (sky130_fd_sc_hd__dfrtp_2)
                                  0.239433   31.989431   library recovery time
                                             31.989431   data required time
---------------------------------------------------------------------------------------------
                                             31.989431   data required time
                                             -8.278107   data arrival time
---------------------------------------------------------------------------------------------
                                             23.711323   slack (MET)


Startpoint: i_rst_n (input port clocked by i_clk)
Endpoint: _1257_ (recovery check against rising-edge clock i_clk)
Path Group: asynchronous
Path Type: max

Fanout         Cap        Slew       Delay        Time   Description
---------------------------------------------------------------------------------------------
                      0.150000    0.000000    0.000000   clock i_clk (rise edge)
                                  0.000000    0.000000   clock network delay (ideal)
                                  6.000000    6.000000 ^ input external delay
   203    0.626170    2.804778    1.915896    7.915896 ^ i_rst_n (in)
                                                         i_rst_n (net)
                      2.804778    0.000000    7.915896 ^ _1065_/B1 (sky130_fd_sc_hd__o21a_2)
     1    0.003612    0.085879    0.362211    8.278107 ^ _1065_/X (sky130_fd_sc_hd__o21a_2)
                                                         _0190_ (net)
                      0.085879    0.000000    8.278107 ^ _1257_/RESET_B (sky130_fd_sc_hd__dfrtp_2)
                                              8.278107   data arrival time

                      0.150000   32.000000   32.000000   clock i_clk (rise edge)
                                  0.000000   32.000000   clock network delay (ideal)
                                 -0.250000   31.750000   clock uncertainty
                                  0.000000   31.750000   clock reconvergence pessimism
                                             31.750000 ^ _1257_/CLK (sky130_fd_sc_hd__dfrtp_2)
                                  0.239433   31.989431   library recovery time
                                             31.989431   data required time
---------------------------------------------------------------------------------------------
                                             31.989431   data required time
                                             -8.278107   data arrival time
---------------------------------------------------------------------------------------------
                                             23.711323   slack (MET)


Startpoint: i_rst_n (input port clocked by i_clk)
Endpoint: _1258_ (recovery check against rising-edge clock i_clk)
Path Group: asynchronous
Path Type: max

Fanout         Cap        Slew       Delay        Time   Description
---------------------------------------------------------------------------------------------
                      0.150000    0.000000    0.000000   clock i_clk (rise edge)
                                  0.000000    0.000000   clock network delay (ideal)
                                  6.000000    6.000000 ^ input external delay
   203    0.626170    2.804778    1.915896    7.915896 ^ i_rst_n (in)
                                                         i_rst_n (net)
                      2.804778    0.000000    7.915896 ^ _1066_/B1 (sky130_fd_sc_hd__o21a_2)
     1    0.003612    0.085879    0.362211    8.278107 ^ _1066_/X (sky130_fd_sc_hd__o21a_2)
                                                         _0191_ (net)
                      0.085879    0.000000    8.278107 ^ _1258_/RESET_B (sky130_fd_sc_hd__dfrtp_2)
                                              8.278107   data arrival time

                      0.150000   32.000000   32.000000   clock i_clk (rise edge)
                                  0.000000   32.000000   clock network delay (ideal)
                                 -0.250000   31.750000   clock uncertainty
                                  0.000000   31.750000   clock reconvergence pessimism
                                             31.750000 ^ _1258_/CLK (sky130_fd_sc_hd__dfrtp_2)
                                  0.239433   31.989431   library recovery time
                                             31.989431   data required time
---------------------------------------------------------------------------------------------
                                             31.989431   data required time
                                             -8.278107   data arrival time
---------------------------------------------------------------------------------------------
                                             23.711323   slack (MET)


Startpoint: i_rst_n (input port clocked by i_clk)
Endpoint: _1259_ (recovery check against rising-edge clock i_clk)
Path Group: asynchronous
Path Type: max

Fanout         Cap        Slew       Delay        Time   Description
---------------------------------------------------------------------------------------------
                      0.150000    0.000000    0.000000   clock i_clk (rise edge)
                                  0.000000    0.000000   clock network delay (ideal)
                                  6.000000    6.000000 ^ input external delay
   203    0.626170    2.804778    1.915896    7.915896 ^ i_rst_n (in)
                                                         i_rst_n (net)
                      2.804778    0.000000    7.915896 ^ _1067_/B1 (sky130_fd_sc_hd__o21a_2)
     1    0.003612    0.085879    0.362211    8.278107 ^ _1067_/X (sky130_fd_sc_hd__o21a_2)
                                                         _0192_ (net)
                      0.085879    0.000000    8.278107 ^ _1259_/RESET_B (sky130_fd_sc_hd__dfrtp_2)
                                              8.278107   data arrival time

                      0.150000   32.000000   32.000000   clock i_clk (rise edge)
                                  0.000000   32.000000   clock network delay (ideal)
                                 -0.250000   31.750000   clock uncertainty
                                  0.000000   31.750000   clock reconvergence pessimism
                                             31.750000 ^ _1259_/CLK (sky130_fd_sc_hd__dfrtp_2)
                                  0.239433   31.989431   library recovery time
                                             31.989431   data required time
---------------------------------------------------------------------------------------------
                                             31.989431   data required time
                                             -8.278107   data arrival time
---------------------------------------------------------------------------------------------
                                             23.711323   slack (MET)


Startpoint: i_rst_n (input port clocked by i_clk)
Endpoint: _1097_ (recovery check against rising-edge clock i_clk)
Path Group: asynchronous
Path Type: max

Fanout         Cap        Slew       Delay        Time   Description
---------------------------------------------------------------------------------------------
                      0.150000    0.000000    0.000000   clock i_clk (rise edge)
                                  0.000000    0.000000   clock network delay (ideal)
                                  6.000000    6.000000 ^ input external delay
   203    0.626170    2.804778    1.915896    7.915896 ^ i_rst_n (in)
                                                         i_rst_n (net)
                      2.804778    0.000000    7.915896 ^ _1097_/SET_B (sky130_fd_sc_hd__dfstp_2)
                                              7.915896   data arrival time

                      0.150000   32.000000   32.000000   clock i_clk (rise edge)
                                  0.000000   32.000000   clock network delay (ideal)
                                 -0.250000   31.750000   clock uncertainty
                                  0.000000   31.750000   clock reconvergence pessimism
                                             31.750000 ^ _1097_/CLK (sky130_fd_sc_hd__dfstp_2)
                                  0.164589   31.914589   library recovery time
                                             31.914589   data required time
---------------------------------------------------------------------------------------------
                                             31.914589   data required time
                                             -7.915896   data arrival time
---------------------------------------------------------------------------------------------
                                             23.998693   slack (MET)


Startpoint: i_rst_n (input port clocked by i_clk)
Endpoint: _1159_ (recovery check against rising-edge clock i_clk)
Path Group: asynchronous
Path Type: max

Fanout         Cap        Slew       Delay        Time   Description
---------------------------------------------------------------------------------------------
                      0.150000    0.000000    0.000000   clock i_clk (rise edge)
                                  0.000000    0.000000   clock network delay (ideal)
                                  6.000000    6.000000 ^ input external delay
   203    0.626170    2.804778    1.915896    7.915896 ^ i_rst_n (in)
                                                         i_rst_n (net)
                      2.804778    0.000000    7.915896 ^ _1159_/SET_B (sky130_fd_sc_hd__dfstp_2)
                                              7.915896   data arrival time

                      0.150000   32.000000   32.000000   clock i_clk (rise edge)
                                  0.000000   32.000000   clock network delay (ideal)
                                 -0.250000   31.750000   clock uncertainty
                                  0.000000   31.750000   clock reconvergence pessimism
                                             31.750000 ^ _1159_/CLK (sky130_fd_sc_hd__dfstp_2)
                                  0.164589   31.914589   library recovery time
                                             31.914589   data required time
---------------------------------------------------------------------------------------------
                                             31.914589   data required time
                                             -7.915896   data arrival time
---------------------------------------------------------------------------------------------
                                             23.998693   slack (MET)


Startpoint: i_rst_n (input port clocked by i_clk)
Endpoint: _1169_ (recovery check against rising-edge clock i_clk)
Path Group: asynchronous
Path Type: max

Fanout         Cap        Slew       Delay        Time   Description
---------------------------------------------------------------------------------------------
                      0.150000    0.000000    0.000000   clock i_clk (rise edge)
                                  0.000000    0.000000   clock network delay (ideal)
                                  6.000000    6.000000 ^ input external delay
   203    0.626170    2.804778    1.915896    7.915896 ^ i_rst_n (in)
                                                         i_rst_n (net)
                      2.804778    0.000000    7.915896 ^ _1169_/SET_B (sky130_fd_sc_hd__dfstp_2)
                                              7.915896   data arrival time

                      0.150000   32.000000   32.000000   clock i_clk (rise edge)
                                  0.000000   32.000000   clock network delay (ideal)
                                 -0.250000   31.750000   clock uncertainty
                                  0.000000   31.750000   clock reconvergence pessimism
                                             31.750000 ^ _1169_/CLK (sky130_fd_sc_hd__dfstp_2)
                                  0.164589   31.914589   library recovery time
                                             31.914589   data required time
---------------------------------------------------------------------------------------------
                                             31.914589   data required time
                                             -7.915896   data arrival time
---------------------------------------------------------------------------------------------
                                             23.998693   slack (MET)


Startpoint: i_rst_n (input port clocked by i_clk)
Endpoint: _1171_ (recovery check against rising-edge clock i_clk)
Path Group: asynchronous
Path Type: max

Fanout         Cap        Slew       Delay        Time   Description
---------------------------------------------------------------------------------------------
                      0.150000    0.000000    0.000000   clock i_clk (rise edge)
                                  0.000000    0.000000   clock network delay (ideal)
                                  6.000000    6.000000 ^ input external delay
   203    0.626170    2.804778    1.915896    7.915896 ^ i_rst_n (in)
                                                         i_rst_n (net)
                      2.804778    0.000000    7.915896 ^ _1171_/SET_B (sky130_fd_sc_hd__dfstp_2)
                                              7.915896   data arrival time

                      0.150000   32.000000   32.000000   clock i_clk (rise edge)
                                  0.000000   32.000000   clock network delay (ideal)
                                 -0.250000   31.750000   clock uncertainty
                                  0.000000   31.750000   clock reconvergence pessimism
                                             31.750000 ^ _1171_/CLK (sky130_fd_sc_hd__dfstp_2)
                                  0.164589   31.914589   library recovery time
                                             31.914589   data required time
---------------------------------------------------------------------------------------------
                                             31.914589   data required time
                                             -7.915896   data arrival time
---------------------------------------------------------------------------------------------
                                             23.998693   slack (MET)


Startpoint: i_rst_n (input port clocked by i_clk)
Endpoint: _1196_ (recovery check against rising-edge clock i_clk)
Path Group: asynchronous
Path Type: max

Fanout         Cap        Slew       Delay        Time   Description
---------------------------------------------------------------------------------------------
                      0.150000    0.000000    0.000000   clock i_clk (rise edge)
                                  0.000000    0.000000   clock network delay (ideal)
                                  6.000000    6.000000 ^ input external delay
   203    0.626170    2.804778    1.915896    7.915896 ^ i_rst_n (in)
                                                         i_rst_n (net)
                      2.804778    0.000000    7.915896 ^ _1196_/SET_B (sky130_fd_sc_hd__dfstp_2)
                                              7.915896   data arrival time

                      0.150000   32.000000   32.000000   clock i_clk (rise edge)
                                  0.000000   32.000000   clock network delay (ideal)
                                 -0.250000   31.750000   clock uncertainty
                                  0.000000   31.750000   clock reconvergence pessimism
                                             31.750000 ^ _1196_/CLK (sky130_fd_sc_hd__dfstp_2)
                                  0.164589   31.914589   library recovery time
                                             31.914589   data required time
---------------------------------------------------------------------------------------------
                                             31.914589   data required time
                                             -7.915896   data arrival time
---------------------------------------------------------------------------------------------
                                             23.998693   slack (MET)


Startpoint: i_clk_div_lsb[2] (input port clocked by i_clk)
Endpoint: _1209_ (rising edge-triggered flip-flop clocked by i_clk)
Path Group: i_clk
Path Type: max

Fanout         Cap        Slew       Delay        Time   Description
---------------------------------------------------------------------------------------------
                      0.150000    0.000000    0.000000   clock i_clk (rise edge)
                                  0.000000    0.000000   clock network delay (ideal)
                                  6.000000    6.000000 v input external delay
     4    0.016636    0.039143    0.026777    6.026777 v i_clk_div_lsb[2] (in)
                                                         i_clk_div_lsb[2] (net)
                      0.039143    0.000000    6.026777 v _0624_/A2 (sky130_fd_sc_hd__a2111o_2)
     4    0.017793    0.106232    0.517100    6.543877 v _0624_/X (sky130_fd_sc_hd__a2111o_2)
                                                         _0342_ (net)
                      0.106232    0.000000    6.543877 v _0628_/C (sky130_fd_sc_hd__or3_2)
     3    0.009840    0.102940    0.463078    7.006955 v _0628_/X (sky130_fd_sc_hd__or3_2)
                                                         _0344_ (net)
                      0.102940    0.000000    7.006955 v _0631_/B (sky130_fd_sc_hd__or2_2)
     2    0.012381    0.084192    0.332202    7.339157 v _0631_/X (sky130_fd_sc_hd__or2_2)
                                                         _0346_ (net)
                      0.084192    0.000000    7.339157 v _0634_/B (sky130_fd_sc_hd__xnor2_2)
     1    0.001949    0.039800    0.132929    7.472086 v _0634_/Y (sky130_fd_sc_hd__xnor2_2)
                                                         _0098_ (net)
                      0.039800    0.000000    7.472086 v _1209_/D (sky130_fd_sc_hd__dfrtp_2)
                                              7.472086   data arrival time

                      0.150000   32.000000   32.000000   clock i_clk (rise edge)
                                  0.000000   32.000000   clock network delay (ideal)
                                 -0.250000   31.750000   clock uncertainty
                                  0.000000   31.750000   clock reconvergence pessimism
                                             31.750000 ^ _1209_/CLK (sky130_fd_sc_hd__dfrtp_2)
                                 -0.088939   31.661060   library setup time
                                             31.661060   data required time
---------------------------------------------------------------------------------------------
                                             31.661060   data required time
                                             -7.472086   data arrival time
---------------------------------------------------------------------------------------------
                                             24.188974   slack (MET)


Startpoint: i_clk_div_lsb[2] (input port clocked by i_clk)
Endpoint: _1208_ (rising edge-triggered flip-flop clocked by i_clk)
Path Group: i_clk
Path Type: max

Fanout         Cap        Slew       Delay        Time   Description
---------------------------------------------------------------------------------------------
                      0.150000    0.000000    0.000000   clock i_clk (rise edge)
                                  0.000000    0.000000   clock network delay (ideal)
                                  6.000000    6.000000 v input external delay
     4    0.016636    0.039143    0.026777    6.026777 v i_clk_div_lsb[2] (in)
                                                         i_clk_div_lsb[2] (net)
                      0.039143    0.000000    6.026777 v _0624_/A2 (sky130_fd_sc_hd__a2111o_2)
     4    0.017793    0.106232    0.517100    6.543877 v _0624_/X (sky130_fd_sc_hd__a2111o_2)
                                                         _0342_ (net)
                      0.106232    0.000000    6.543877 v _0628_/C (sky130_fd_sc_hd__or3_2)
     3    0.009840    0.102940    0.463078    7.006955 v _0628_/X (sky130_fd_sc_hd__or3_2)
                                                         _0344_ (net)
                      0.102940    0.000000    7.006955 v _0631_/B (sky130_fd_sc_hd__or2_2)
     2    0.012381    0.084192    0.332202    7.339157 v _0631_/X (sky130_fd_sc_hd__or2_2)
                                                         _0346_ (net)
                      0.084192    0.000000    7.339157 v _0633_/A (sky130_fd_sc_hd__nand2_2)
     1    0.002005    0.033094    0.058787    7.397944 ^ _0633_/Y (sky130_fd_sc_hd__nand2_2)
                                                         _0097_ (net)
                      0.033094    0.000000    7.397944 ^ _1208_/D (sky130_fd_sc_hd__dfrtp_2)
                                              7.397944   data arrival time

                      0.150000   32.000000   32.000000   clock i_clk (rise edge)
                                  0.000000   32.000000   clock network delay (ideal)
                                 -0.250000   31.750000   clock uncertainty
                                  0.000000   31.750000   clock reconvergence pessimism
                                             31.750000 ^ _1208_/CLK (sky130_fd_sc_hd__dfrtp_2)
                                 -0.044767   31.705231   library setup time
                                             31.705231   data required time
---------------------------------------------------------------------------------------------
                                             31.705231   data required time
                                             -7.397944   data arrival time
---------------------------------------------------------------------------------------------
                                             24.307287   slack (MET)


Startpoint: i_slave_addr_reg[1] (input port clocked by i_clk)
Endpoint: _1179_ (rising edge-triggered flip-flop clocked by i_clk)
Path Group: i_clk
Path Type: max

Fanout         Cap        Slew       Delay        Time   Description
---------------------------------------------------------------------------------------------
                      0.150000    0.000000    0.000000   clock i_clk (rise edge)
                                  0.000000    0.000000   clock network delay (ideal)
                                  6.000000    6.000000 v input external delay
     3    0.007524    0.019518    0.012153    6.012153 v i_slave_addr_reg[1] (in)
                                                         i_slave_addr_reg[1] (net)
                      0.019518    0.000000    6.012153 v _0687_/A (sky130_fd_sc_hd__or2_2)
     1    0.002201    0.052083    0.273740    6.285892 v _0687_/X (sky130_fd_sc_hd__or2_2)
                                                         _0366_ (net)
                      0.052083    0.000000    6.285892 v _0698_/A2 (sky130_fd_sc_hd__a221o_2)
     1    0.001261    0.046331    0.365109    6.651001 v _0698_/X (sky130_fd_sc_hd__a221o_2)
                                                         _0377_ (net)
                      0.046331    0.000000    6.651001 v _0699_/D (sky130_fd_sc_hd__or4_2)
     1    0.001949    0.094092    0.521733    7.172734 v _0699_/X (sky130_fd_sc_hd__or4_2)
                                                         _0034_ (net)
                      0.094092    0.000000    7.172734 v _1179_/D (sky130_fd_sc_hd__dfrtp_2)
                                              7.172734   data arrival time

                      0.150000   32.000000   32.000000   clock i_clk (rise edge)
                                  0.000000   32.000000   clock network delay (ideal)
                                 -0.250000   31.750000   clock uncertainty
                                  0.000000   31.750000   clock reconvergence pessimism
                                             31.750000 ^ _1179_/CLK (sky130_fd_sc_hd__dfrtp_2)
                                 -0.112617   31.637383   library setup time
                                             31.637383   data required time
---------------------------------------------------------------------------------------------
                                             31.637383   data required time
                                             -7.172734   data arrival time
---------------------------------------------------------------------------------------------
                                             24.464647   slack (MET)


Startpoint: i_clk_div_lsb[2] (input port clocked by i_clk)
Endpoint: _1207_ (rising edge-triggered flip-flop clocked by i_clk)
Path Group: i_clk
Path Type: max

Fanout         Cap        Slew       Delay        Time   Description
---------------------------------------------------------------------------------------------
                      0.150000    0.000000    0.000000   clock i_clk (rise edge)
                                  0.000000    0.000000   clock network delay (ideal)
                                  6.000000    6.000000 v input external delay
     4    0.016636    0.039143    0.026777    6.026777 v i_clk_div_lsb[2] (in)
                                                         i_clk_div_lsb[2] (net)
                      0.039143    0.000000    6.026777 v _0624_/A2 (sky130_fd_sc_hd__a2111o_2)
     4    0.017793    0.106232    0.517100    6.543877 v _0624_/X (sky130_fd_sc_hd__a2111o_2)
                                                         _0342_ (net)
                      0.106232    0.000000    6.543877 v _0628_/C (sky130_fd_sc_hd__or3_2)
     3    0.009840    0.102940    0.463078    7.006955 v _0628_/X (sky130_fd_sc_hd__or3_2)
                                                         _0344_ (net)
                      0.102940    0.000000    7.006955 v _0630_/A (sky130_fd_sc_hd__nand2_2)
     1    0.002005    0.037115    0.065478    7.072433 ^ _0630_/Y (sky130_fd_sc_hd__nand2_2)
                                                         _0096_ (net)
                      0.037115    0.000000    7.072433 ^ _1207_/D (sky130_fd_sc_hd__dfrtp_2)
                                              7.072433   data arrival time

                      0.150000   32.000000   32.000000   clock i_clk (rise edge)
                                  0.000000   32.000000   clock network delay (ideal)
                                 -0.250000   31.750000   clock uncertainty
                                  0.000000   31.750000   clock reconvergence pessimism
                                             31.750000 ^ _1207_/CLK (sky130_fd_sc_hd__dfrtp_2)
                                 -0.045685   31.704315   library setup time
                                             31.704315   data required time
---------------------------------------------------------------------------------------------
                                             31.704315   data required time
                                             -7.072433   data arrival time
---------------------------------------------------------------------------------------------
                                             24.631882   slack (MET)


Startpoint: _1097_ (rising edge-triggered flip-flop clocked by i_clk)
Endpoint: io_sda (output port clocked by i_clk)
Path Group: i_clk
Path Type: max

Fanout         Cap        Slew       Delay        Time   Description
---------------------------------------------------------------------------------------------
                      0.150000    0.000000    0.000000   clock i_clk (rise edge)
                                  0.000000    0.000000   clock network delay (ideal)
                      0.150000    0.000000    0.000000 ^ _1097_/CLK (sky130_fd_sc_hd__dfstp_2)
     2    0.003688    0.024033    0.392599    0.392599 v _1097_/Q (sky130_fd_sc_hd__dfstp_2)
                                                         u_i2c_master_controller.cntrl_fsm.byte_rx_fsm.o_rx_ack_sda (net)
                      0.024033    0.000000    0.392599 v _0610_/D (sky130_fd_sc_hd__and4_2)
     1    0.003755    0.043668    0.219103    0.611702 v _0610_/X (sky130_fd_sc_hd__and4_2)
                                                         _0530_ (net)
                      0.043668    0.000000    0.611702 v _1290_/TE_B (sky130_fd_sc_hd__ebufn_2)
     2    0.040838    0.480262    0.394474    1.006176 ^ _1290_/Z (sky130_fd_sc_hd__ebufn_2)
                                                         io_sda (net)
                      0.480262    0.000000    1.006176 ^ io_sda (inout)
                                              1.006176   data arrival time

                      0.150000   32.000000   32.000000   clock i_clk (rise edge)
                                  0.000000   32.000000   clock network delay (ideal)
                                 -0.250000   31.750000   clock uncertainty
                                  0.000000   31.750000   clock reconvergence pessimism
                                 -6.000000   25.749998   output external delay
                                             25.749998   data required time
---------------------------------------------------------------------------------------------
                                             25.749998   data required time
                                             -1.006176   data arrival time
---------------------------------------------------------------------------------------------
                                             24.743824   slack (MET)


Startpoint: _1210_ (rising edge-triggered flip-flop clocked by i_clk)
Endpoint: io_scl (output port clocked by i_clk)
Path Group: i_clk
Path Type: max

Fanout         Cap        Slew       Delay        Time   Description
---------------------------------------------------------------------------------------------
                      0.150000    0.000000    0.000000   clock i_clk (rise edge)
                                  0.000000    0.000000   clock network delay (ideal)
                      0.150000    0.000000    0.000000 ^ _1210_/CLK (sky130_fd_sc_hd__dfstp_2)
     1    0.002015    0.020093    0.387100    0.387100 v _1210_/Q (sky130_fd_sc_hd__dfstp_2)
                                                         u_i2c_master_controller.i2cbus_cntrl_fsm.o_i2c_master_scl (net)
                      0.020093    0.000000    0.387100 v _0975_/A (sky130_fd_sc_hd__buf_1)
     1    0.003755    0.032573    0.081394    0.468494 v _0975_/X (sky130_fd_sc_hd__buf_1)
                                                         _0529_ (net)
                      0.032573    0.000000    0.468494 v _1289_/TE_B (sky130_fd_sc_hd__ebufn_2)
     2    0.040838    0.480459    0.389366    0.857860 ^ _1289_/Z (sky130_fd_sc_hd__ebufn_2)
                                                         io_scl (net)
                      0.480459    0.000000    0.857860 ^ io_scl (inout)
                                              0.857860   data arrival time

                      0.150000   32.000000   32.000000   clock i_clk (rise edge)
                                  0.000000   32.000000   clock network delay (ideal)
                                 -0.250000   31.750000   clock uncertainty
                                  0.000000   31.750000   clock reconvergence pessimism
                                 -6.000000   25.749998   output external delay
                                             25.749998   data required time
---------------------------------------------------------------------------------------------
                                             25.749998   data required time
                                             -0.857860   data arrival time
---------------------------------------------------------------------------------------------
                                             24.892139   slack (MET)


Startpoint: i_clk_div_lsb[2] (input port clocked by i_clk)
Endpoint: _1206_ (rising edge-triggered flip-flop clocked by i_clk)
Path Group: i_clk
Path Type: max

Fanout         Cap        Slew       Delay        Time   Description
---------------------------------------------------------------------------------------------
                      0.150000    0.000000    0.000000   clock i_clk (rise edge)
                                  0.000000    0.000000   clock network delay (ideal)
                                  6.000000    6.000000 v input external delay
     4    0.016636    0.039143    0.026777    6.026777 v i_clk_div_lsb[2] (in)
                                                         i_clk_div_lsb[2] (net)
                      0.039143    0.000000    6.026777 v _0624_/A2 (sky130_fd_sc_hd__a2111o_2)
     4    0.017793    0.106232    0.517100    6.543877 v _0624_/X (sky130_fd_sc_hd__a2111o_2)
                                                         _0342_ (net)
                      0.106232    0.000000    6.543877 v _0627_/B (sky130_fd_sc_hd__xnor2_2)
     1    0.001949    0.039966    0.142196    6.686073 v _0627_/Y (sky130_fd_sc_hd__xnor2_2)
                                                         _0095_ (net)
                      0.039966    0.000000    6.686073 v _1206_/D (sky130_fd_sc_hd__dfrtp_2)
                                              6.686073   data arrival time

                      0.150000   32.000000   32.000000   clock i_clk (rise edge)
                                  0.000000   32.000000   clock network delay (ideal)
                                 -0.250000   31.750000   clock uncertainty
                                  0.000000   31.750000   clock reconvergence pessimism
                                             31.750000 ^ _1206_/CLK (sky130_fd_sc_hd__dfrtp_2)
                                 -0.089011   31.660990   library setup time
                                             31.660990   data required time
---------------------------------------------------------------------------------------------
                                             31.660990   data required time
                                             -6.686073   data arrival time
---------------------------------------------------------------------------------------------
                                             24.974916   slack (MET)


Startpoint: i_clk_div_lsb[2] (input port clocked by i_clk)
Endpoint: _1205_ (rising edge-triggered flip-flop clocked by i_clk)
Path Group: i_clk
Path Type: max

Fanout         Cap        Slew       Delay        Time   Description
---------------------------------------------------------------------------------------------
                      0.150000    0.000000    0.000000   clock i_clk (rise edge)
                                  0.000000    0.000000   clock network delay (ideal)
                                  6.000000    6.000000 v input external delay
     4    0.016636    0.039143    0.026777    6.026777 v i_clk_div_lsb[2] (in)
                                                         i_clk_div_lsb[2] (net)
                      0.039143    0.000000    6.026777 v _0624_/A2 (sky130_fd_sc_hd__a2111o_2)
     4    0.017793    0.106232    0.517100    6.543877 v _0624_/X (sky130_fd_sc_hd__a2111o_2)
                                                         _0342_ (net)
                      0.106232    0.000000    6.543877 v _0626_/A (sky130_fd_sc_hd__nand2_2)
     1    0.002005    0.037821    0.066652    6.610529 ^ _0626_/Y (sky130_fd_sc_hd__nand2_2)
                                                         _0094_ (net)
                      0.037821    0.000000    6.610529 ^ _1205_/D (sky130_fd_sc_hd__dfrtp_2)
                                              6.610529   data arrival time

                      0.150000   32.000000   32.000000   clock i_clk (rise edge)
                                  0.000000   32.000000   clock network delay (ideal)
                                 -0.250000   31.750000   clock uncertainty
                                  0.000000   31.750000   clock reconvergence pessimism
                                             31.750000 ^ _1205_/CLK (sky130_fd_sc_hd__dfrtp_2)
                                 -0.045846   31.704151   library setup time
                                             31.704151   data required time
---------------------------------------------------------------------------------------------
                                             31.704151   data required time
                                             -6.610529   data arrival time
---------------------------------------------------------------------------------------------
                                             25.093622   slack (MET)


Startpoint: _1094_ (rising edge-triggered flip-flop clocked by i_clk)
Endpoint: o_cmd_status_reg[6] (output port clocked by i_clk)
Path Group: i_clk
Path Type: max

Fanout         Cap        Slew       Delay        Time   Description
---------------------------------------------------------------------------------------------
                      0.150000    0.000000    0.000000   clock i_clk (rise edge)
                                  0.000000    0.000000   clock network delay (ideal)
                      0.150000    0.000000    0.000000 ^ _1094_/CLK (sky130_fd_sc_hd__dfrtp_2)
     3    0.006149    0.049078    0.430176    0.430176 v _1094_/Q (sky130_fd_sc_hd__dfrtp_2)
                                                         u_i2c_master_controller.cntrl_fsm.tx_done_reg (net)
                      0.049078    0.000000    0.430176 v _1287_/A (sky130_fd_sc_hd__buf_2)
     1    0.033442    0.087187    0.180843    0.611019 v _1287_/X (sky130_fd_sc_hd__buf_2)
                                                         o_cmd_status_reg[6] (net)
                      0.087187    0.000000    0.611019 v o_cmd_status_reg[6] (out)
                                              0.611019   data arrival time

                      0.150000   32.000000   32.000000   clock i_clk (rise edge)
                                  0.000000   32.000000   clock network delay (ideal)
                                 -0.250000   31.750000   clock uncertainty
                                  0.000000   31.750000   clock reconvergence pessimism
                                 -6.000000   25.749998   output external delay
                                             25.749998   data required time
---------------------------------------------------------------------------------------------
                                             25.749998   data required time
                                             -0.611019   data arrival time
---------------------------------------------------------------------------------------------
                                             25.138979   slack (MET)


Startpoint: _1092_ (rising edge-triggered flip-flop clocked by i_clk)
Endpoint: o_cmd_status_reg[4] (output port clocked by i_clk)
Path Group: i_clk
Path Type: max

Fanout         Cap        Slew       Delay        Time   Description
---------------------------------------------------------------------------------------------
                      0.150000    0.000000    0.000000   clock i_clk (rise edge)
                                  0.000000    0.000000   clock network delay (ideal)
                      0.150000    0.000000    0.000000 ^ _1092_/CLK (sky130_fd_sc_hd__dfrtp_2)
     3    0.006098    0.048949    0.429987    0.429987 v _1092_/Q (sky130_fd_sc_hd__dfrtp_2)
                                                         u_i2c_master_controller.cntrl_fsm.tx_err_reg (net)
                      0.048949    0.000000    0.429987 v _1285_/A (sky130_fd_sc_hd__buf_2)
     1    0.033442    0.087188    0.180788    0.610774 v _1285_/X (sky130_fd_sc_hd__buf_2)
                                                         o_cmd_status_reg[4] (net)
                      0.087188    0.000000    0.610774 v o_cmd_status_reg[4] (out)
                                              0.610774   data arrival time

                      0.150000   32.000000   32.000000   clock i_clk (rise edge)
                                  0.000000   32.000000   clock network delay (ideal)
                                 -0.250000   31.750000   clock uncertainty
                                  0.000000   31.750000   clock reconvergence pessimism
                                 -6.000000   25.749998   output external delay
                                             25.749998   data required time
---------------------------------------------------------------------------------------------
                                             25.749998   data required time
                                             -0.610774   data arrival time
---------------------------------------------------------------------------------------------
                                             25.139225   slack (MET)


Startpoint: _1093_ (rising edge-triggered flip-flop clocked by i_clk)
Endpoint: o_cmd_status_reg[5] (output port clocked by i_clk)
Path Group: i_clk
Path Type: max

Fanout         Cap        Slew       Delay        Time   Description
---------------------------------------------------------------------------------------------
                      0.150000    0.000000    0.000000   clock i_clk (rise edge)
                                  0.000000    0.000000   clock network delay (ideal)
                      0.150000    0.000000    0.000000 ^ _1093_/CLK (sky130_fd_sc_hd__dfrtp_2)
     3    0.006081    0.048906    0.429924    0.429924 v _1093_/Q (sky130_fd_sc_hd__dfrtp_2)
                                                         u_i2c_master_controller.cntrl_fsm.rx_done_reg (net)
                      0.048906    0.000000    0.429924 v _1286_/A (sky130_fd_sc_hd__buf_2)
     1    0.033442    0.087188    0.180769    0.610693 v _1286_/X (sky130_fd_sc_hd__buf_2)
                                                         o_cmd_status_reg[5] (net)
                      0.087188    0.000000    0.610693 v o_cmd_status_reg[5] (out)
                                              0.610693   data arrival time

                      0.150000   32.000000   32.000000   clock i_clk (rise edge)
                                  0.000000   32.000000   clock network delay (ideal)
                                 -0.250000   31.750000   clock uncertainty
                                  0.000000   31.750000   clock reconvergence pessimism
                                 -6.000000   25.749998   output external delay
                                             25.749998   data required time
---------------------------------------------------------------------------------------------
                                             25.749998   data required time
                                             -0.610693   data arrival time
---------------------------------------------------------------------------------------------
                                             25.139307   slack (MET)


Startpoint: _1091_ (rising edge-triggered flip-flop clocked by i_clk)
Endpoint: o_cmd_status_reg[3] (output port clocked by i_clk)
Path Group: i_clk
Path Type: max

Fanout         Cap        Slew       Delay        Time   Description
---------------------------------------------------------------------------------------------
                      0.150000    0.000000    0.000000   clock i_clk (rise edge)
                                  0.000000    0.000000   clock network delay (ideal)
                      0.150000    0.000000    0.000000 ^ _1091_/CLK (sky130_fd_sc_hd__dfrtp_2)
     3    0.006021    0.048754    0.429702    0.429702 v _1091_/Q (sky130_fd_sc_hd__dfrtp_2)
                                                         u_i2c_master_controller.cntrl_fsm.rx_err_reg (net)
                      0.048754    0.000000    0.429702 v _1284_/A (sky130_fd_sc_hd__buf_2)
     1    0.033442    0.087189    0.180704    0.610405 v _1284_/X (sky130_fd_sc_hd__buf_2)
                                                         o_cmd_status_reg[3] (net)
                      0.087189    0.000000    0.610405 v o_cmd_status_reg[3] (out)
                                              0.610405   data arrival time

                      0.150000   32.000000   32.000000   clock i_clk (rise edge)
                                  0.000000   32.000000   clock network delay (ideal)
                                 -0.250000   31.750000   clock uncertainty
                                  0.000000   31.750000   clock reconvergence pessimism
                                 -6.000000   25.749998   output external delay
                                             25.749998   data required time
---------------------------------------------------------------------------------------------
                                             25.749998   data required time
                                             -0.610405   data arrival time
---------------------------------------------------------------------------------------------
                                             25.139593   slack (MET)


Startpoint: _1090_ (rising edge-triggered flip-flop clocked by i_clk)
Endpoint: o_cmd_status_reg[2] (output port clocked by i_clk)
Path Group: i_clk
Path Type: max

Fanout         Cap        Slew       Delay        Time   Description
---------------------------------------------------------------------------------------------
                      0.150000    0.000000    0.000000   clock i_clk (rise edge)
                                  0.000000    0.000000   clock network delay (ideal)
                      0.150000    0.000000    0.000000 ^ _1090_/CLK (sky130_fd_sc_hd__dfrtp_2)
     3    0.005412    0.047212    0.427446    0.427446 v _1090_/Q (sky130_fd_sc_hd__dfrtp_2)
                                                         u_i2c_master_controller.cntrl_fsm.abort_ack_reg (net)
                      0.047212    0.000000    0.427446 v _1283_/A (sky130_fd_sc_hd__buf_2)
     1    0.033442    0.087200    0.180039    0.607485 v _1283_/X (sky130_fd_sc_hd__buf_2)
                                                         o_cmd_status_reg[2] (net)
                      0.087200    0.000000    0.607485 v o_cmd_status_reg[2] (out)
                                              0.607485   data arrival time

                      0.150000   32.000000   32.000000   clock i_clk (rise edge)
                                  0.000000   32.000000   clock network delay (ideal)
                                 -0.250000   31.750000   clock uncertainty
                                  0.000000   31.750000   clock reconvergence pessimism
                                 -6.000000   25.749998   output external delay
                                             25.749998   data required time
---------------------------------------------------------------------------------------------
                                             25.749998   data required time
                                             -0.607485   data arrival time
---------------------------------------------------------------------------------------------
                                             25.142513   slack (MET)


Startpoint: _1107_ (rising edge-triggered flip-flop clocked by i_clk)
Endpoint: o_cmd_status_reg[7] (output port clocked by i_clk)
Path Group: i_clk
Path Type: max

Fanout         Cap        Slew       Delay        Time   Description
---------------------------------------------------------------------------------------------
                      0.150000    0.000000    0.000000   clock i_clk (rise edge)
                                  0.000000    0.000000   clock network delay (ideal)
                      0.150000    0.000000    0.000000 ^ _1107_/CLK (sky130_fd_sc_hd__dfrtp_2)
     3    0.004575    0.045094    0.424345    0.424345 v _1107_/Q (sky130_fd_sc_hd__dfrtp_2)
                                                         u_i2c_master_controller.cntrl_fsm.cntrl_fsm.o_i2c_busy (net)
                      0.045094    0.000000    0.424345 v _1288_/A (sky130_fd_sc_hd__buf_2)
     1    0.033442    0.087214    0.179126    0.603471 v _1288_/X (sky130_fd_sc_hd__buf_2)
                                                         o_cmd_status_reg[7] (net)
                      0.087214    0.000000    0.603471 v o_cmd_status_reg[7] (out)
                                              0.603471   data arrival time

                      0.150000   32.000000   32.000000   clock i_clk (rise edge)
                                  0.000000   32.000000   clock network delay (ideal)
                                 -0.250000   31.750000   clock uncertainty
                                  0.000000   31.750000   clock reconvergence pessimism
                                 -6.000000   25.749998   output external delay
                                             25.749998   data required time
---------------------------------------------------------------------------------------------
                                             25.749998   data required time
                                             -0.603471   data arrival time
---------------------------------------------------------------------------------------------
                                             25.146528   slack (MET)


Startpoint: i_transmit_data[1] (input port clocked by i_clk)
Endpoint: _1112_ (rising edge-triggered flip-flop clocked by i_clk)
Path Group: i_clk
Path Type: max

Fanout         Cap        Slew       Delay        Time   Description
---------------------------------------------------------------------------------------------
                      0.150000    0.000000    0.000000   clock i_clk (rise edge)
                                  0.000000    0.000000   clock network delay (ideal)
                                  6.000000    6.000000 v input external delay
     1    0.001805    0.006578    0.002735    6.002735 v i_transmit_data[1] (in)
                                                         i_transmit_data[1] (net)
                      0.006578    0.000000    6.002735 v _0905_/A1 (sky130_fd_sc_hd__mux2_1)
     1    0.002145    0.052864    0.272397    6.275132 v _0905_/X (sky130_fd_sc_hd__mux2_1)
                                                         _0492_ (net)
                      0.052864    0.000000    6.275132 v _0906_/B2 (sky130_fd_sc_hd__a22o_2)
     1    0.001949    0.037070    0.215824    6.490955 v _0906_/X (sky130_fd_sc_hd__a22o_2)
                                                         _0235_ (net)
                      0.037070    0.000000    6.490955 v _1112_/D (sky130_fd_sc_hd__dfrtp_2)
                                              6.490955   data arrival time

                      0.150000   32.000000   32.000000   clock i_clk (rise edge)
                                  0.000000   32.000000   clock network delay (ideal)
                                 -0.250000   31.750000   clock uncertainty
                                  0.000000   31.750000   clock reconvergence pessimism
                                             31.750000 ^ _1112_/CLK (sky130_fd_sc_hd__dfrtp_2)
                                 -0.087748   31.662251   library setup time
                                             31.662251   data required time
---------------------------------------------------------------------------------------------
                                             31.662251   data required time
                                             -6.490955   data arrival time
---------------------------------------------------------------------------------------------
                                             25.171295   slack (MET)


Startpoint: i_transmit_data[2] (input port clocked by i_clk)
Endpoint: _1113_ (rising edge-triggered flip-flop clocked by i_clk)
Path Group: i_clk
Path Type: max

Fanout         Cap        Slew       Delay        Time   Description
---------------------------------------------------------------------------------------------
                      0.150000    0.000000    0.000000   clock i_clk (rise edge)
                                  0.000000    0.000000   clock network delay (ideal)
                                  6.000000    6.000000 v input external delay
     1    0.001805    0.006578    0.002735    6.002735 v i_transmit_data[2] (in)
                                                         i_transmit_data[2] (net)
                      0.006578    0.000000    6.002735 v _0907_/A1 (sky130_fd_sc_hd__mux2_1)
     1    0.002145    0.052864    0.272397    6.275132 v _0907_/X (sky130_fd_sc_hd__mux2_1)
                                                         _0493_ (net)
                      0.052864    0.000000    6.275132 v _0908_/B2 (sky130_fd_sc_hd__a22o_2)
     1    0.001949    0.037070    0.215824    6.490955 v _0908_/X (sky130_fd_sc_hd__a22o_2)
                                                         _0236_ (net)
                      0.037070    0.000000    6.490955 v _1113_/D (sky130_fd_sc_hd__dfrtp_2)
                                              6.490955   data arrival time

                      0.150000   32.000000   32.000000   clock i_clk (rise edge)
                                  0.000000   32.000000   clock network delay (ideal)
                                 -0.250000   31.750000   clock uncertainty
                                  0.000000   31.750000   clock reconvergence pessimism
                                             31.750000 ^ _1113_/CLK (sky130_fd_sc_hd__dfrtp_2)
                                 -0.087748   31.662251   library setup time
                                             31.662251   data required time
---------------------------------------------------------------------------------------------
                                             31.662251   data required time
                                             -6.490955   data arrival time
---------------------------------------------------------------------------------------------
                                             25.171295   slack (MET)


Startpoint: i_transmit_data[3] (input port clocked by i_clk)
Endpoint: _1114_ (rising edge-triggered flip-flop clocked by i_clk)
Path Group: i_clk
Path Type: max

Fanout         Cap        Slew       Delay        Time   Description
---------------------------------------------------------------------------------------------
                      0.150000    0.000000    0.000000   clock i_clk (rise edge)
                                  0.000000    0.000000   clock network delay (ideal)
                                  6.000000    6.000000 v input external delay
     1    0.001805    0.006578    0.002735    6.002735 v i_transmit_data[3] (in)
                                                         i_transmit_data[3] (net)
                      0.006578    0.000000    6.002735 v _0909_/A1 (sky130_fd_sc_hd__mux2_1)
     1    0.002145    0.052864    0.272397    6.275132 v _0909_/X (sky130_fd_sc_hd__mux2_1)
                                                         _0494_ (net)
                      0.052864    0.000000    6.275132 v _0910_/B2 (sky130_fd_sc_hd__a22o_2)
     1    0.001949    0.037070    0.215824    6.490955 v _0910_/X (sky130_fd_sc_hd__a22o_2)
                                                         _0237_ (net)
                      0.037070    0.000000    6.490955 v _1114_/D (sky130_fd_sc_hd__dfrtp_2)
                                              6.490955   data arrival time

                      0.150000   32.000000   32.000000   clock i_clk (rise edge)
                                  0.000000   32.000000   clock network delay (ideal)
                                 -0.250000   31.750000   clock uncertainty
                                  0.000000   31.750000   clock reconvergence pessimism
                                             31.750000 ^ _1114_/CLK (sky130_fd_sc_hd__dfrtp_2)
                                 -0.087748   31.662251   library setup time
                                             31.662251   data required time
---------------------------------------------------------------------------------------------
                                             31.662251   data required time
                                             -6.490955   data arrival time
---------------------------------------------------------------------------------------------
                                             25.171295   slack (MET)


Startpoint: _1077_ (rising edge-triggered flip-flop clocked by i_clk)
Endpoint: o_int_n (output port clocked by i_clk)
Path Group: i_clk
Path Type: max

Fanout         Cap        Slew       Delay        Time   Description
---------------------------------------------------------------------------------------------
                      0.150000    0.000000    0.000000   clock i_clk (rise edge)
                                  0.000000    0.000000   clock network delay (ideal)
                      0.150000    0.000000    0.000000 ^ _1077_/CLK (sky130_fd_sc_hd__dfrtp_2)
     2    0.005735    0.048030    0.428642    0.428642 v _1077_/Q (sky130_fd_sc_hd__dfrtp_2)
                                                         u_i2c_master_controller.cntrl_fsm.o_int_out (net)
                      0.048030    0.000000    0.428642 v _0540_/A (sky130_fd_sc_hd__inv_2)
     1    0.033442    0.157091    0.138203    0.566845 ^ _0540_/Y (sky130_fd_sc_hd__inv_2)
                                                         o_int_n (net)
                      0.157091    0.000000    0.566845 ^ o_int_n (out)
                                              0.566845   data arrival time

                      0.150000   32.000000   32.000000   clock i_clk (rise edge)
                                  0.000000   32.000000   clock network delay (ideal)
                                 -0.250000   31.750000   clock uncertainty
                                  0.000000   31.750000   clock reconvergence pessimism
                                 -6.000000   25.749998   output external delay
                                             25.749998   data required time
---------------------------------------------------------------------------------------------
                                             25.749998   data required time
                                             -0.566845   data arrival time
---------------------------------------------------------------------------------------------
                                             25.183153   slack (MET)


Startpoint: i_transmit_data[4] (input port clocked by i_clk)
Endpoint: _1115_ (rising edge-triggered flip-flop clocked by i_clk)
Path Group: i_clk
Path Type: max

Fanout         Cap        Slew       Delay        Time   Description
---------------------------------------------------------------------------------------------
                      0.150000    0.000000    0.000000   clock i_clk (rise edge)
                                  0.000000    0.000000   clock network delay (ideal)
                                  6.000000    6.000000 v input external delay
     1    0.001805    0.006578    0.002735    6.002735 v i_transmit_data[4] (in)
                                                         i_transmit_data[4] (net)
                      0.006578    0.000000    6.002735 v _0911_/A1 (sky130_fd_sc_hd__mux2_1)
     1    0.002212    0.053250    0.273025    6.275760 v _0911_/X (sky130_fd_sc_hd__mux2_1)
                                                         _0495_ (net)
                      0.053250    0.000000    6.275760 v _0912_/B2 (sky130_fd_sc_hd__o22a_2)
     1    0.001949    0.033514    0.170685    6.446445 v _0912_/X (sky130_fd_sc_hd__o22a_2)
                                                         _0238_ (net)
                      0.033514    0.000000    6.446445 v _1115_/D (sky130_fd_sc_hd__dfrtp_2)
                                              6.446445   data arrival time

                      0.150000   32.000000   32.000000   clock i_clk (rise edge)
                                  0.000000   32.000000   clock network delay (ideal)
                                 -0.250000   31.750000   clock uncertainty
                                  0.000000   31.750000   clock reconvergence pessimism
                                             31.750000 ^ _1115_/CLK (sky130_fd_sc_hd__dfrtp_2)
                                 -0.086197   31.663803   library setup time
                                             31.663803   data required time
---------------------------------------------------------------------------------------------
                                             31.663803   data required time
                                             -6.446445   data arrival time
---------------------------------------------------------------------------------------------
                                             25.217358   slack (MET)


Startpoint: i_transmit_data[5] (input port clocked by i_clk)
Endpoint: _1116_ (rising edge-triggered flip-flop clocked by i_clk)
Path Group: i_clk
Path Type: max

Fanout         Cap        Slew       Delay        Time   Description
---------------------------------------------------------------------------------------------
                      0.150000    0.000000    0.000000   clock i_clk (rise edge)
                                  0.000000    0.000000   clock network delay (ideal)
                                  6.000000    6.000000 v input external delay
     1    0.001805    0.006578    0.002735    6.002735 v i_transmit_data[5] (in)
                                                         i_transmit_data[5] (net)
                      0.006578    0.000000    6.002735 v _0913_/A1 (sky130_fd_sc_hd__mux2_1)
     1    0.002212    0.053250    0.273025    6.275760 v _0913_/X (sky130_fd_sc_hd__mux2_1)
                                                         _0496_ (net)
                      0.053250    0.000000    6.275760 v _0914_/B2 (sky130_fd_sc_hd__o22a_2)
     1    0.001949    0.033514    0.170685    6.446445 v _0914_/X (sky130_fd_sc_hd__o22a_2)
                                                         _0239_ (net)
                      0.033514    0.000000    6.446445 v _1116_/D (sky130_fd_sc_hd__dfrtp_2)
                                              6.446445   data arrival time

                      0.150000   32.000000   32.000000   clock i_clk (rise edge)
                                  0.000000   32.000000   clock network delay (ideal)
                                 -0.250000   31.750000   clock uncertainty
                                  0.000000   31.750000   clock reconvergence pessimism
                                             31.750000 ^ _1116_/CLK (sky130_fd_sc_hd__dfrtp_2)
                                 -0.086197   31.663803   library setup time
                                             31.663803   data required time
---------------------------------------------------------------------------------------------
                                             31.663803   data required time
                                             -6.446445   data arrival time
---------------------------------------------------------------------------------------------
                                             25.217358   slack (MET)


Startpoint: i_transmit_data[6] (input port clocked by i_clk)
Endpoint: _1117_ (rising edge-triggered flip-flop clocked by i_clk)
Path Group: i_clk
Path Type: max

Fanout         Cap        Slew       Delay        Time   Description
---------------------------------------------------------------------------------------------
                      0.150000    0.000000    0.000000   clock i_clk (rise edge)
                                  0.000000    0.000000   clock network delay (ideal)
                                  6.000000    6.000000 v input external delay
     1    0.001805    0.006578    0.002735    6.002735 v i_transmit_data[6] (in)
                                                         i_transmit_data[6] (net)
                      0.006578    0.000000    6.002735 v _0915_/A1 (sky130_fd_sc_hd__mux2_1)
     1    0.002212    0.053250    0.273025    6.275760 v _0915_/X (sky130_fd_sc_hd__mux2_1)
                                                         _0497_ (net)
                      0.053250    0.000000    6.275760 v _0916_/B2 (sky130_fd_sc_hd__o22a_2)
     1    0.001949    0.033514    0.170685    6.446445 v _0916_/X (sky130_fd_sc_hd__o22a_2)
                                                         _0240_ (net)
                      0.033514    0.000000    6.446445 v _1117_/D (sky130_fd_sc_hd__dfrtp_2)
                                              6.446445   data arrival time

                      0.150000   32.000000   32.000000   clock i_clk (rise edge)
                                  0.000000   32.000000   clock network delay (ideal)
                                 -0.250000   31.750000   clock uncertainty
                                  0.000000   31.750000   clock reconvergence pessimism
                                             31.750000 ^ _1117_/CLK (sky130_fd_sc_hd__dfrtp_2)
                                 -0.086197   31.663803   library setup time
                                             31.663803   data required time
---------------------------------------------------------------------------------------------
                                             31.663803   data required time
                                             -6.446445   data arrival time
---------------------------------------------------------------------------------------------
                                             25.217358   slack (MET)


Startpoint: i_transmit_data[7] (input port clocked by i_clk)
Endpoint: _1118_ (rising edge-triggered flip-flop clocked by i_clk)
Path Group: i_clk
Path Type: max

Fanout         Cap        Slew       Delay        Time   Description
---------------------------------------------------------------------------------------------
                      0.150000    0.000000    0.000000   clock i_clk (rise edge)
                                  0.000000    0.000000   clock network delay (ideal)
                                  6.000000    6.000000 v input external delay
     1    0.001805    0.006578    0.002735    6.002735 v i_transmit_data[7] (in)
                                                         i_transmit_data[7] (net)
                      0.006578    0.000000    6.002735 v _0917_/A1 (sky130_fd_sc_hd__mux2_1)
     1    0.002212    0.053250    0.273025    6.275760 v _0917_/X (sky130_fd_sc_hd__mux2_1)
                                                         _0498_ (net)
                      0.053250    0.000000    6.275760 v _0918_/B2 (sky130_fd_sc_hd__o22a_2)
     1    0.001949    0.033514    0.170685    6.446445 v _0918_/X (sky130_fd_sc_hd__o22a_2)
                                                         _0241_ (net)
                      0.033514    0.000000    6.446445 v _1118_/D (sky130_fd_sc_hd__dfrtp_2)
                                              6.446445   data arrival time

                      0.150000   32.000000   32.000000   clock i_clk (rise edge)
                                  0.000000   32.000000   clock network delay (ideal)
                                 -0.250000   31.750000   clock uncertainty
                                  0.000000   31.750000   clock reconvergence pessimism
                                             31.750000 ^ _1118_/CLK (sky130_fd_sc_hd__dfrtp_2)
                                 -0.086197   31.663803   library setup time
                                             31.663803   data required time
---------------------------------------------------------------------------------------------
                                             31.663803   data required time
                                             -6.446445   data arrival time
---------------------------------------------------------------------------------------------
                                             25.217358   slack (MET)


Startpoint: _1186_ (rising edge-triggered flip-flop clocked by i_clk)
Endpoint: o_transmit_data_request (output port clocked by i_clk)
Path Group: i_clk
Path Type: max

Fanout         Cap        Slew       Delay        Time   Description
---------------------------------------------------------------------------------------------
                      0.150000    0.000000    0.000000   clock i_clk (rise edge)
                                  0.000000    0.000000   clock network delay (ideal)
                      0.150000    0.000000    0.000000 ^ _1186_/CLK (sky130_fd_sc_hd__dfrtp_2)
     4    0.039227    0.122306    0.517828    0.517828 v _1186_/Q (sky130_fd_sc_hd__dfrtp_2)
                                                         o_transmit_data_request (net)
                      0.122306    0.000000    0.517828 v o_transmit_data_request (out)
                                              0.517828   data arrival time

                      0.150000   32.000000   32.000000   clock i_clk (rise edge)
                                  0.000000   32.000000   clock network delay (ideal)
                                 -0.250000   31.750000   clock uncertainty
                                  0.000000   31.750000   clock reconvergence pessimism
                                 -6.000000   25.749998   output external delay
                                             25.749998   data required time
---------------------------------------------------------------------------------------------
                                             25.749998   data required time
                                             -0.517828   data arrival time
---------------------------------------------------------------------------------------------
                                             25.232170   slack (MET)


Startpoint: i_transmit_data[0] (input port clocked by i_clk)
Endpoint: _1111_ (rising edge-triggered flip-flop clocked by i_clk)
Path Group: i_clk
Path Type: max

Fanout         Cap        Slew       Delay        Time   Description
---------------------------------------------------------------------------------------------
                      0.150000    0.000000    0.000000   clock i_clk (rise edge)
                                  0.000000    0.000000   clock network delay (ideal)
                                  6.000000    6.000000 v input external delay
     1    0.002204    0.007527    0.003406    6.003406 v i_transmit_data[0] (in)
                                                         i_transmit_data[0] (net)
                      0.007527    0.000000    6.003406 v _0901_/B1 (sky130_fd_sc_hd__a221o_2)
     1    0.002329    0.050880    0.309995    6.313400 v _0901_/X (sky130_fd_sc_hd__a221o_2)
                                                         _0489_ (net)
                      0.050880    0.000000    6.313400 v _0902_/B1 (sky130_fd_sc_hd__o21a_2)
     1    0.001949    0.031403    0.108153    6.421554 v _0902_/X (sky130_fd_sc_hd__o21a_2)
                                                         _0234_ (net)
                      0.031403    0.000000    6.421554 v _1111_/D (sky130_fd_sc_hd__dfrtp_2)
                                              6.421554   data arrival time

                      0.150000   32.000000   32.000000   clock i_clk (rise edge)
                                  0.000000   32.000000   clock network delay (ideal)
                                 -0.250000   31.750000   clock uncertainty
                                  0.000000   31.750000   clock reconvergence pessimism
                                             31.750000 ^ _1111_/CLK (sky130_fd_sc_hd__dfrtp_2)
                                 -0.085277   31.664722   library setup time
                                             31.664722   data required time
---------------------------------------------------------------------------------------------
                                             31.664722   data required time
                                             -6.421554   data arrival time
---------------------------------------------------------------------------------------------
                                             25.243170   slack (MET)


Startpoint: _1191_ (rising edge-triggered flip-flop clocked by i_clk)
Endpoint: o_received_data_valid (output port clocked by i_clk)
Path Group: i_clk
Path Type: max

Fanout         Cap        Slew       Delay        Time   Description
---------------------------------------------------------------------------------------------
                      0.150000    0.000000    0.000000   clock i_clk (rise edge)
                                  0.000000    0.000000   clock network delay (ideal)
                      0.150000    0.000000    0.000000 ^ _1191_/CLK (sky130_fd_sc_hd__dfrtp_2)
     1    0.033442    0.110070    0.504914    0.504914 v _1191_/Q (sky130_fd_sc_hd__dfrtp_2)
                                                         o_received_data_valid (net)
                      0.110070    0.000000    0.504914 v o_received_data_valid (out)
                                              0.504914   data arrival time

                      0.150000   32.000000   32.000000   clock i_clk (rise edge)
                                  0.000000   32.000000   clock network delay (ideal)
                                 -0.250000   31.750000   clock uncertainty
                                  0.000000   31.750000   clock reconvergence pessimism
                                 -6.000000   25.749998   output external delay
                                             25.749998   data required time
---------------------------------------------------------------------------------------------
                                             25.749998   data required time
                                             -0.504914   data arrival time
---------------------------------------------------------------------------------------------
                                             25.245085   slack (MET)


Startpoint: _1192_ (rising edge-triggered flip-flop clocked by i_clk)
Endpoint: o_start_ack (output port clocked by i_clk)
Path Group: i_clk
Path Type: max

Fanout         Cap        Slew       Delay        Time   Description
---------------------------------------------------------------------------------------------
                      0.150000    0.000000    0.000000   clock i_clk (rise edge)
                                  0.000000    0.000000   clock network delay (ideal)
                      0.150000    0.000000    0.000000 ^ _1192_/CLK (sky130_fd_sc_hd__dfrtp_2)
     1    0.033442    0.110070    0.504914    0.504914 v _1192_/Q (sky130_fd_sc_hd__dfrtp_2)
                                                         o_start_ack (net)
                      0.110070    0.000000    0.504914 v o_start_ack (out)
                                              0.504914   data arrival time

                      0.150000   32.000000   32.000000   clock i_clk (rise edge)
                                  0.000000   32.000000   clock network delay (ideal)
                                 -0.250000   31.750000   clock uncertainty
                                  0.000000   31.750000   clock reconvergence pessimism
                                 -6.000000   25.749998   output external delay
                                             25.749998   data required time
---------------------------------------------------------------------------------------------
                                             25.749998   data required time
                                             -0.504914   data arrival time
---------------------------------------------------------------------------------------------
                                             25.245085   slack (MET)


Startpoint: i_clk_div_lsb[2] (input port clocked by i_clk)
Endpoint: _1204_ (rising edge-triggered flip-flop clocked by i_clk)
Path Group: i_clk
Path Type: max

Fanout         Cap        Slew       Delay        Time   Description
---------------------------------------------------------------------------------------------
                      0.150000    0.000000    0.000000   clock i_clk (rise edge)
                                  0.000000    0.000000   clock network delay (ideal)
                                  6.000000    6.000000 v input external delay
     4    0.016636    0.039143    0.026777    6.026777 v i_clk_div_lsb[2] (in)
                                                         i_clk_div_lsb[2] (net)
                      0.039143    0.000000    6.026777 v _0620_/A2 (sky130_fd_sc_hd__a21o_2)
     3    0.016438    0.067305    0.243008    6.269785 v _0620_/X (sky130_fd_sc_hd__a21o_2)
                                                         _0340_ (net)
                      0.067305    0.000000    6.269785 v _0623_/B (sky130_fd_sc_hd__xnor2_2)
     1    0.001949    0.039673    0.125830    6.395615 v _0623_/Y (sky130_fd_sc_hd__xnor2_2)
                                                         _0093_ (net)
                      0.039673    0.000000    6.395615 v _1204_/D (sky130_fd_sc_hd__dfrtp_2)
                                              6.395615   data arrival time

                      0.150000   32.000000   32.000000   clock i_clk (rise edge)
                                  0.000000   32.000000   clock network delay (ideal)
                                 -0.250000   31.750000   clock uncertainty
                                  0.000000   31.750000   clock reconvergence pessimism
                                             31.750000 ^ _1204_/CLK (sky130_fd_sc_hd__dfrtp_2)
                                 -0.088883   31.661118   library setup time
                                             31.661118   data required time
---------------------------------------------------------------------------------------------
                                             31.661118   data required time
                                             -6.395615   data arrival time
---------------------------------------------------------------------------------------------
                                             25.265503   slack (MET)


Startpoint: _1098_ (rising edge-triggered flip-flop clocked by i_clk)
Endpoint: o_receive_data[0] (output port clocked by i_clk)
Path Group: i_clk
Path Type: max

Fanout         Cap        Slew       Delay        Time   Description
---------------------------------------------------------------------------------------------
                      0.150000    0.000000    0.000000   clock i_clk (rise edge)
                                  0.000000    0.000000   clock network delay (ideal)
                      0.150000    0.000000    0.000000 ^ _1098_/CLK (sky130_fd_sc_hd__dfxtp_2)
     2    0.035406    0.184880    0.457543    0.457543 ^ _1098_/Q (sky130_fd_sc_hd__dfxtp_2)
                                                         o_receive_data[0] (net)
                      0.184880    0.000000    0.457543 ^ o_receive_data[0] (out)
                                              0.457543   data arrival time

                      0.150000   32.000000   32.000000   clock i_clk (rise edge)
                                  0.000000   32.000000   clock network delay (ideal)
                                 -0.250000   31.750000   clock uncertainty
                                  0.000000   31.750000   clock reconvergence pessimism
                                 -6.000000   25.749998   output external delay
                                             25.749998   data required time
---------------------------------------------------------------------------------------------
                                             25.749998   data required time
                                             -0.457543   data arrival time
---------------------------------------------------------------------------------------------
                                             25.292456   slack (MET)


Startpoint: _1099_ (rising edge-triggered flip-flop clocked by i_clk)
Endpoint: o_receive_data[1] (output port clocked by i_clk)
Path Group: i_clk
Path Type: max

Fanout         Cap        Slew       Delay        Time   Description
---------------------------------------------------------------------------------------------
                      0.150000    0.000000    0.000000   clock i_clk (rise edge)
                                  0.000000    0.000000   clock network delay (ideal)
                      0.150000    0.000000    0.000000 ^ _1099_/CLK (sky130_fd_sc_hd__dfxtp_2)
     2    0.035406    0.184880    0.457543    0.457543 ^ _1099_/Q (sky130_fd_sc_hd__dfxtp_2)
                                                         o_receive_data[1] (net)
                      0.184880    0.000000    0.457543 ^ o_receive_data[1] (out)
                                              0.457543   data arrival time

                      0.150000   32.000000   32.000000   clock i_clk (rise edge)
                                  0.000000   32.000000   clock network delay (ideal)
                                 -0.250000   31.750000   clock uncertainty
                                  0.000000   31.750000   clock reconvergence pessimism
                                 -6.000000   25.749998   output external delay
                                             25.749998   data required time
---------------------------------------------------------------------------------------------
                                             25.749998   data required time
                                             -0.457543   data arrival time
---------------------------------------------------------------------------------------------
                                             25.292456   slack (MET)


Startpoint: _1100_ (rising edge-triggered flip-flop clocked by i_clk)
Endpoint: o_receive_data[2] (output port clocked by i_clk)
Path Group: i_clk
Path Type: max

Fanout         Cap        Slew       Delay        Time   Description
---------------------------------------------------------------------------------------------
                      0.150000    0.000000    0.000000   clock i_clk (rise edge)
                                  0.000000    0.000000   clock network delay (ideal)
                      0.150000    0.000000    0.000000 ^ _1100_/CLK (sky130_fd_sc_hd__dfxtp_2)
     2    0.035406    0.184880    0.457543    0.457543 ^ _1100_/Q (sky130_fd_sc_hd__dfxtp_2)
                                                         o_receive_data[2] (net)
                      0.184880    0.000000    0.457543 ^ o_receive_data[2] (out)
                                              0.457543   data arrival time

                      0.150000   32.000000   32.000000   clock i_clk (rise edge)
                                  0.000000   32.000000   clock network delay (ideal)
                                 -0.250000   31.750000   clock uncertainty
                                  0.000000   31.750000   clock reconvergence pessimism
                                 -6.000000   25.749998   output external delay
                                             25.749998   data required time
---------------------------------------------------------------------------------------------
                                             25.749998   data required time
                                             -0.457543   data arrival time
---------------------------------------------------------------------------------------------
                                             25.292456   slack (MET)


Startpoint: _1101_ (rising edge-triggered flip-flop clocked by i_clk)
Endpoint: o_receive_data[3] (output port clocked by i_clk)
Path Group: i_clk
Path Type: max

Fanout         Cap        Slew       Delay        Time   Description
---------------------------------------------------------------------------------------------
                      0.150000    0.000000    0.000000   clock i_clk (rise edge)
                                  0.000000    0.000000   clock network delay (ideal)
                      0.150000    0.000000    0.000000 ^ _1101_/CLK (sky130_fd_sc_hd__dfxtp_2)
     2    0.035406    0.184880    0.457543    0.457543 ^ _1101_/Q (sky130_fd_sc_hd__dfxtp_2)
                                                         o_receive_data[3] (net)
                      0.184880    0.000000    0.457543 ^ o_receive_data[3] (out)
                                              0.457543   data arrival time

                      0.150000   32.000000   32.000000   clock i_clk (rise edge)
                                  0.000000   32.000000   clock network delay (ideal)
                                 -0.250000   31.750000   clock uncertainty
                                  0.000000   31.750000   clock reconvergence pessimism
                                 -6.000000   25.749998   output external delay
                                             25.749998   data required time
---------------------------------------------------------------------------------------------
                                             25.749998   data required time
                                             -0.457543   data arrival time
---------------------------------------------------------------------------------------------
                                             25.292456   slack (MET)


Startpoint: _1102_ (rising edge-triggered flip-flop clocked by i_clk)
Endpoint: o_receive_data[4] (output port clocked by i_clk)
Path Group: i_clk
Path Type: max

Fanout         Cap        Slew       Delay        Time   Description
---------------------------------------------------------------------------------------------
                      0.150000    0.000000    0.000000   clock i_clk (rise edge)
                                  0.000000    0.000000   clock network delay (ideal)
                      0.150000    0.000000    0.000000 ^ _1102_/CLK (sky130_fd_sc_hd__dfxtp_2)
     2    0.035406    0.184880    0.457543    0.457543 ^ _1102_/Q (sky130_fd_sc_hd__dfxtp_2)
                                                         o_receive_data[4] (net)
                      0.184880    0.000000    0.457543 ^ o_receive_data[4] (out)
                                              0.457543   data arrival time

                      0.150000   32.000000   32.000000   clock i_clk (rise edge)
                                  0.000000   32.000000   clock network delay (ideal)
                                 -0.250000   31.750000   clock uncertainty
                                  0.000000   31.750000   clock reconvergence pessimism
                                 -6.000000   25.749998   output external delay
                                             25.749998   data required time
---------------------------------------------------------------------------------------------
                                             25.749998   data required time
                                             -0.457543   data arrival time
---------------------------------------------------------------------------------------------
                                             25.292456   slack (MET)


Startpoint: _1103_ (rising edge-triggered flip-flop clocked by i_clk)
Endpoint: o_receive_data[5] (output port clocked by i_clk)
Path Group: i_clk
Path Type: max

Fanout         Cap        Slew       Delay        Time   Description
---------------------------------------------------------------------------------------------
                      0.150000    0.000000    0.000000   clock i_clk (rise edge)
                                  0.000000    0.000000   clock network delay (ideal)
                      0.150000    0.000000    0.000000 ^ _1103_/CLK (sky130_fd_sc_hd__dfxtp_2)
     2    0.035406    0.184880    0.457543    0.457543 ^ _1103_/Q (sky130_fd_sc_hd__dfxtp_2)
                                                         o_receive_data[5] (net)
                      0.184880    0.000000    0.457543 ^ o_receive_data[5] (out)
                                              0.457543   data arrival time

                      0.150000   32.000000   32.000000   clock i_clk (rise edge)
                                  0.000000   32.000000   clock network delay (ideal)
                                 -0.250000   31.750000   clock uncertainty
                                  0.000000   31.750000   clock reconvergence pessimism
                                 -6.000000   25.749998   output external delay
                                             25.749998   data required time
---------------------------------------------------------------------------------------------
                                             25.749998   data required time
                                             -0.457543   data arrival time
---------------------------------------------------------------------------------------------
                                             25.292456   slack (MET)


Startpoint: _1104_ (rising edge-triggered flip-flop clocked by i_clk)
Endpoint: o_receive_data[6] (output port clocked by i_clk)
Path Group: i_clk
Path Type: max

Fanout         Cap        Slew       Delay        Time   Description
---------------------------------------------------------------------------------------------
                      0.150000    0.000000    0.000000   clock i_clk (rise edge)
                                  0.000000    0.000000   clock network delay (ideal)
                      0.150000    0.000000    0.000000 ^ _1104_/CLK (sky130_fd_sc_hd__dfxtp_2)
     2    0.035406    0.184880    0.457543    0.457543 ^ _1104_/Q (sky130_fd_sc_hd__dfxtp_2)
                                                         o_receive_data[6] (net)
                      0.184880    0.000000    0.457543 ^ o_receive_data[6] (out)
                                              0.457543   data arrival time

                      0.150000   32.000000   32.000000   clock i_clk (rise edge)
                                  0.000000   32.000000   clock network delay (ideal)
                                 -0.250000   31.750000   clock uncertainty
                                  0.000000   31.750000   clock reconvergence pessimism
                                 -6.000000   25.749998   output external delay
                                             25.749998   data required time
---------------------------------------------------------------------------------------------
                                             25.749998   data required time
                                             -0.457543   data arrival time
---------------------------------------------------------------------------------------------
                                             25.292456   slack (MET)


Startpoint: _1105_ (rising edge-triggered flip-flop clocked by i_clk)
Endpoint: o_receive_data[7] (output port clocked by i_clk)
Path Group: i_clk
Path Type: max

Fanout         Cap        Slew       Delay        Time   Description
---------------------------------------------------------------------------------------------
                      0.150000    0.000000    0.000000   clock i_clk (rise edge)
                                  0.000000    0.000000   clock network delay (ideal)
                      0.150000    0.000000    0.000000 ^ _1105_/CLK (sky130_fd_sc_hd__dfxtp_2)
     2    0.035406    0.184880    0.457543    0.457543 ^ _1105_/Q (sky130_fd_sc_hd__dfxtp_2)
                                                         o_receive_data[7] (net)
                      0.184880    0.000000    0.457543 ^ o_receive_data[7] (out)
                                              0.457543   data arrival time

                      0.150000   32.000000   32.000000   clock i_clk (rise edge)
                                  0.000000   32.000000   clock network delay (ideal)
                                 -0.250000   31.750000   clock uncertainty
                                  0.000000   31.750000   clock reconvergence pessimism
                                 -6.000000   25.749998   output external delay
                                             25.749998   data required time
---------------------------------------------------------------------------------------------
                                             25.749998   data required time
                                             -0.457543   data arrival time
---------------------------------------------------------------------------------------------
                                             25.292456   slack (MET)


Startpoint: i_slave_addr_reg[2] (input port clocked by i_clk)
Endpoint: _1072_ (rising edge-triggered flip-flop clocked by i_clk)
Path Group: i_clk
Path Type: max

Fanout         Cap        Slew       Delay        Time   Description
---------------------------------------------------------------------------------------------
                      0.150000    0.000000    0.000000   clock i_clk (rise edge)
                                  0.000000    0.000000   clock network delay (ideal)
                                  6.000000    6.000000 v input external delay
     2    0.010389    0.025730    0.016792    6.016792 v i_slave_addr_reg[2] (in)
                                                         i_slave_addr_reg[2] (net)
                      0.025730    0.000000    6.016792 v _0843_/A1 (sky130_fd_sc_hd__mux2_1)
     1    0.001949    0.051640    0.274306    6.291098 v _0843_/X (sky130_fd_sc_hd__mux2_1)
                                                         _0195_ (net)
                      0.051640    0.000000    6.291098 v _1072_/D (sky130_fd_sc_hd__dfrtp_2)
                                              6.291098   data arrival time

                      0.150000   32.000000   32.000000   clock i_clk (rise edge)
                                  0.000000   32.000000   clock network delay (ideal)
                                 -0.250000   31.750000   clock uncertainty
                                  0.000000   31.750000   clock reconvergence pessimism
                                             31.750000 ^ _1072_/CLK (sky130_fd_sc_hd__dfrtp_2)
                                 -0.094102   31.655899   library setup time
                                             31.655899   data required time
---------------------------------------------------------------------------------------------
                                             31.655899   data required time
                                             -6.291098   data arrival time
---------------------------------------------------------------------------------------------
                                             25.364801   slack (MET)


Startpoint: i_slave_addr_reg[3] (input port clocked by i_clk)
Endpoint: _1073_ (rising edge-triggered flip-flop clocked by i_clk)
Path Group: i_clk
Path Type: max

Fanout         Cap        Slew       Delay        Time   Description
---------------------------------------------------------------------------------------------
                      0.150000    0.000000    0.000000   clock i_clk (rise edge)
                                  0.000000    0.000000   clock network delay (ideal)
                                  6.000000    6.000000 v input external delay
     2    0.010389    0.025730    0.016792    6.016792 v i_slave_addr_reg[3] (in)
                                                         i_slave_addr_reg[3] (net)
                      0.025730    0.000000    6.016792 v _0844_/A1 (sky130_fd_sc_hd__mux2_1)
     1    0.001949    0.051640    0.274306    6.291098 v _0844_/X (sky130_fd_sc_hd__mux2_1)
                                                         _0196_ (net)
                      0.051640    0.000000    6.291098 v _1073_/D (sky130_fd_sc_hd__dfrtp_2)
                                              6.291098   data arrival time

                      0.150000   32.000000   32.000000   clock i_clk (rise edge)
                                  0.000000   32.000000   clock network delay (ideal)
                                 -0.250000   31.750000   clock uncertainty
                                  0.000000   31.750000   clock reconvergence pessimism
                                             31.750000 ^ _1073_/CLK (sky130_fd_sc_hd__dfrtp_2)
                                 -0.094102   31.655899   library setup time
                                             31.655899   data required time
---------------------------------------------------------------------------------------------
                                             31.655899   data required time
                                             -6.291098   data arrival time
---------------------------------------------------------------------------------------------
                                             25.364801   slack (MET)


Startpoint: i_slave_addr_reg[4] (input port clocked by i_clk)
Endpoint: _1074_ (rising edge-triggered flip-flop clocked by i_clk)
Path Group: i_clk
Path Type: max

Fanout         Cap        Slew       Delay        Time   Description
---------------------------------------------------------------------------------------------
                      0.150000    0.000000    0.000000   clock i_clk (rise edge)
                                  0.000000    0.000000   clock network delay (ideal)
                                  6.000000    6.000000 v input external delay
     2    0.010389    0.025730    0.016792    6.016792 v i_slave_addr_reg[4] (in)
                                                         i_slave_addr_reg[4] (net)
                      0.025730    0.000000    6.016792 v _0845_/A1 (sky130_fd_sc_hd__mux2_1)
     1    0.001949    0.051640    0.274306    6.291098 v _0845_/X (sky130_fd_sc_hd__mux2_1)
                                                         _0197_ (net)
                      0.051640    0.000000    6.291098 v _1074_/D (sky130_fd_sc_hd__dfrtp_2)
                                              6.291098   data arrival time

                      0.150000   32.000000   32.000000   clock i_clk (rise edge)
                                  0.000000   32.000000   clock network delay (ideal)
                                 -0.250000   31.750000   clock uncertainty
                                  0.000000   31.750000   clock reconvergence pessimism
                                             31.750000 ^ _1074_/CLK (sky130_fd_sc_hd__dfrtp_2)
                                 -0.094102   31.655899   library setup time
                                             31.655899   data required time
---------------------------------------------------------------------------------------------
                                             31.655899   data required time
                                             -6.291098   data arrival time
---------------------------------------------------------------------------------------------
                                             25.364801   slack (MET)


Startpoint: i_clk_div_lsb[1] (input port clocked by i_clk)
Endpoint: _1203_ (rising edge-triggered flip-flop clocked by i_clk)
Path Group: i_clk
Path Type: max

Fanout         Cap        Slew       Delay        Time   Description
---------------------------------------------------------------------------------------------
                      0.150000    0.000000    0.000000   clock i_clk (rise edge)
                                  0.000000    0.000000   clock network delay (ideal)
                                  6.000000    6.000000 ^ input external delay
     4    0.019020    0.093079    0.062424    6.062424 ^ i_clk_div_lsb[1] (in)
                                                         i_clk_div_lsb[1] (net)
                      0.093079    0.000000    6.062424 ^ _0620_/A1 (sky130_fd_sc_hd__a21o_2)
     3    0.017684    0.099122    0.177562    6.239986 ^ _0620_/X (sky130_fd_sc_hd__a21o_2)
                                                         _0340_ (net)
                      0.099122    0.000000    6.239986 ^ _0622_/B1 (sky130_fd_sc_hd__o21ai_2)
     1    0.001949    0.034927    0.054921    6.294908 v _0622_/Y (sky130_fd_sc_hd__o21ai_2)
                                                         _0092_ (net)
                      0.034927    0.000000    6.294908 v _1203_/D (sky130_fd_sc_hd__dfrtp_2)
                                              6.294908   data arrival time

                      0.150000   32.000000   32.000000   clock i_clk (rise edge)
                                  0.000000   32.000000   clock network delay (ideal)
                                 -0.250000   31.750000   clock uncertainty
                                  0.000000   31.750000   clock reconvergence pessimism
                                             31.750000 ^ _1203_/CLK (sky130_fd_sc_hd__dfrtp_2)
                                 -0.086813   31.663185   library setup time
                                             31.663185   data required time
---------------------------------------------------------------------------------------------
                                             31.663185   data required time
                                             -6.294908   data arrival time
---------------------------------------------------------------------------------------------
                                             25.368277   slack (MET)


Startpoint: i_slave_addr_reg[0] (input port clocked by i_clk)
Endpoint: _1070_ (rising edge-triggered flip-flop clocked by i_clk)
Path Group: i_clk
Path Type: max

Fanout         Cap        Slew       Delay        Time   Description
---------------------------------------------------------------------------------------------
                      0.150000    0.000000    0.000000   clock i_clk (rise edge)
                                  0.000000    0.000000   clock network delay (ideal)
                                  6.000000    6.000000 v input external delay
     3    0.007524    0.019518    0.012153    6.012153 v i_slave_addr_reg[0] (in)
                                                         i_slave_addr_reg[0] (net)
                      0.019518    0.000000    6.012153 v _0841_/A1 (sky130_fd_sc_hd__mux2_1)
     1    0.001949    0.051640    0.272940    6.285093 v _0841_/X (sky130_fd_sc_hd__mux2_1)
                                                         _0193_ (net)
                      0.051640    0.000000    6.285093 v _1070_/D (sky130_fd_sc_hd__dfrtp_2)
                                              6.285093   data arrival time

                      0.150000   32.000000   32.000000   clock i_clk (rise edge)
                                  0.000000   32.000000   clock network delay (ideal)
                                 -0.250000   31.750000   clock uncertainty
                                  0.000000   31.750000   clock reconvergence pessimism
                                             31.750000 ^ _1070_/CLK (sky130_fd_sc_hd__dfrtp_2)
                                 -0.094102   31.655899   library setup time
                                             31.655899   data required time
---------------------------------------------------------------------------------------------
                                             31.655899   data required time
                                             -6.285093   data arrival time
---------------------------------------------------------------------------------------------
                                             25.370806   slack (MET)


Startpoint: i_slave_addr_reg[1] (input port clocked by i_clk)
Endpoint: _1071_ (rising edge-triggered flip-flop clocked by i_clk)
Path Group: i_clk
Path Type: max

Fanout         Cap        Slew       Delay        Time   Description
---------------------------------------------------------------------------------------------
                      0.150000    0.000000    0.000000   clock i_clk (rise edge)
                                  0.000000    0.000000   clock network delay (ideal)
                                  6.000000    6.000000 v input external delay
     3    0.007524    0.019518    0.012153    6.012153 v i_slave_addr_reg[1] (in)
                                                         i_slave_addr_reg[1] (net)
                      0.019518    0.000000    6.012153 v _0842_/A1 (sky130_fd_sc_hd__mux2_1)
     1    0.001949    0.051640    0.272940    6.285093 v _0842_/X (sky130_fd_sc_hd__mux2_1)
                                                         _0194_ (net)
                      0.051640    0.000000    6.285093 v _1071_/D (sky130_fd_sc_hd__dfrtp_2)
                                              6.285093   data arrival time

                      0.150000   32.000000   32.000000   clock i_clk (rise edge)
                                  0.000000   32.000000   clock network delay (ideal)
                                 -0.250000   31.750000   clock uncertainty
                                  0.000000   31.750000   clock reconvergence pessimism
                                             31.750000 ^ _1071_/CLK (sky130_fd_sc_hd__dfrtp_2)
                                 -0.094102   31.655899   library setup time
                                             31.655899   data required time
---------------------------------------------------------------------------------------------
                                             31.655899   data required time
                                             -6.285093   data arrival time
---------------------------------------------------------------------------------------------
                                             25.370806   slack (MET)


Startpoint: i_slave_addr_reg[5] (input port clocked by i_clk)
Endpoint: _1075_ (rising edge-triggered flip-flop clocked by i_clk)
Path Group: i_clk
Path Type: max

Fanout         Cap        Slew       Delay        Time   Description
---------------------------------------------------------------------------------------------
                      0.150000    0.000000    0.000000   clock i_clk (rise edge)
                                  0.000000    0.000000   clock network delay (ideal)
                                  6.000000    6.000000 v input external delay
     3    0.007524    0.019518    0.012153    6.012153 v i_slave_addr_reg[5] (in)
                                                         i_slave_addr_reg[5] (net)
                      0.019518    0.000000    6.012153 v _0846_/A1 (sky130_fd_sc_hd__mux2_1)
     1    0.001949    0.051640    0.272940    6.285093 v _0846_/X (sky130_fd_sc_hd__mux2_1)
                                                         _0198_ (net)
                      0.051640    0.000000    6.285093 v _1075_/D (sky130_fd_sc_hd__dfrtp_2)
                                              6.285093   data arrival time

                      0.150000   32.000000   32.000000   clock i_clk (rise edge)
                                  0.000000   32.000000   clock network delay (ideal)
                                 -0.250000   31.750000   clock uncertainty
                                  0.000000   31.750000   clock reconvergence pessimism
                                             31.750000 ^ _1075_/CLK (sky130_fd_sc_hd__dfrtp_2)
                                 -0.094102   31.655899   library setup time
                                             31.655899   data required time
---------------------------------------------------------------------------------------------
                                             31.655899   data required time
                                             -6.285093   data arrival time
---------------------------------------------------------------------------------------------
                                             25.370806   slack (MET)


Startpoint: i_slave_addr_reg[6] (input port clocked by i_clk)
Endpoint: _1076_ (rising edge-triggered flip-flop clocked by i_clk)
Path Group: i_clk
Path Type: max

Fanout         Cap        Slew       Delay        Time   Description
---------------------------------------------------------------------------------------------
                      0.150000    0.000000    0.000000   clock i_clk (rise edge)
                                  0.000000    0.000000   clock network delay (ideal)
                                  6.000000    6.000000 v input external delay
     3    0.007524    0.019518    0.012153    6.012153 v i_slave_addr_reg[6] (in)
                                                         i_slave_addr_reg[6] (net)
                      0.019518    0.000000    6.012153 v _0847_/A1 (sky130_fd_sc_hd__mux2_1)
     1    0.001949    0.051640    0.272940    6.285093 v _0847_/X (sky130_fd_sc_hd__mux2_1)
                                                         _0199_ (net)
                      0.051640    0.000000    6.285093 v _1076_/D (sky130_fd_sc_hd__dfrtp_2)
                                              6.285093   data arrival time

                      0.150000   32.000000   32.000000   clock i_clk (rise edge)
                                  0.000000   32.000000   clock network delay (ideal)
                                 -0.250000   31.750000   clock uncertainty
                                  0.000000   31.750000   clock reconvergence pessimism
                                             31.750000 ^ _1076_/CLK (sky130_fd_sc_hd__dfrtp_2)
                                 -0.094102   31.655899   library setup time
                                             31.655899   data required time
---------------------------------------------------------------------------------------------
                                             31.655899   data required time
                                             -6.285093   data arrival time
---------------------------------------------------------------------------------------------
                                             25.370806   slack (MET)


Startpoint: i_mode_reg[6] (input port clocked by i_clk)
Endpoint: _1078_ (rising edge-triggered flip-flop clocked by i_clk)
Path Group: i_clk
Path Type: max

Fanout         Cap        Slew       Delay        Time   Description
---------------------------------------------------------------------------------------------
                      0.150000    0.000000    0.000000   clock i_clk (rise edge)
                                  0.000000    0.000000   clock network delay (ideal)
                                  6.000000    6.000000 v input external delay
     1    0.001805    0.006578    0.002735    6.002735 v i_mode_reg[6] (in)
                                                         i_mode_reg[6] (net)
                      0.006578    0.000000    6.002735 v _0850_/A1 (sky130_fd_sc_hd__mux2_1)
     1    0.001949    0.051640    0.270559    6.273294 v _0850_/X (sky130_fd_sc_hd__mux2_1)
                                                         _0201_ (net)
                      0.051640    0.000000    6.273294 v _1078_/D (sky130_fd_sc_hd__dfrtp_2)
                                              6.273294   data arrival time

                      0.150000   32.000000   32.000000   clock i_clk (rise edge)
                                  0.000000   32.000000   clock network delay (ideal)
                                 -0.250000   31.750000   clock uncertainty
                                  0.000000   31.750000   clock reconvergence pessimism
                                             31.750000 ^ _1078_/CLK (sky130_fd_sc_hd__dfrtp_2)
                                 -0.094102   31.655899   library setup time
                                             31.655899   data required time
---------------------------------------------------------------------------------------------
                                             31.655899   data required time
                                             -6.273294   data arrival time
---------------------------------------------------------------------------------------------
                                             25.382605   slack (MET)


Startpoint: i_mode_reg[7] (input port clocked by i_clk)
Endpoint: _1079_ (rising edge-triggered flip-flop clocked by i_clk)
Path Group: i_clk
Path Type: max

Fanout         Cap        Slew       Delay        Time   Description
---------------------------------------------------------------------------------------------
                      0.150000    0.000000    0.000000   clock i_clk (rise edge)
                                  0.000000    0.000000   clock network delay (ideal)
                                  6.000000    6.000000 v input external delay
     1    0.001805    0.006578    0.002735    6.002735 v i_mode_reg[7] (in)
                                                         i_mode_reg[7] (net)
                      0.006578    0.000000    6.002735 v _0851_/A1 (sky130_fd_sc_hd__mux2_1)
     1    0.001949    0.051640    0.270559    6.273294 v _0851_/X (sky130_fd_sc_hd__mux2_1)
                                                         _0202_ (net)
                      0.051640    0.000000    6.273294 v _1079_/D (sky130_fd_sc_hd__dfrtp_2)
                                              6.273294   data arrival time

                      0.150000   32.000000   32.000000   clock i_clk (rise edge)
                                  0.000000   32.000000   clock network delay (ideal)
                                 -0.250000   31.750000   clock uncertainty
                                  0.000000   31.750000   clock reconvergence pessimism
                                             31.750000 ^ _1079_/CLK (sky130_fd_sc_hd__dfrtp_2)
                                 -0.094102   31.655899   library setup time
                                             31.655899   data required time
---------------------------------------------------------------------------------------------
                                             31.655899   data required time
                                             -6.273294   data arrival time
---------------------------------------------------------------------------------------------
                                             25.382605   slack (MET)


Startpoint: i_mode_reg[5] (input port clocked by i_clk)
Endpoint: _1080_ (rising edge-triggered flip-flop clocked by i_clk)
Path Group: i_clk
Path Type: max

Fanout         Cap        Slew       Delay        Time   Description
---------------------------------------------------------------------------------------------
                      0.150000    0.000000    0.000000   clock i_clk (rise edge)
                                  0.000000    0.000000   clock network delay (ideal)
                                  6.000000    6.000000 v input external delay
     1    0.001805    0.006578    0.002735    6.002735 v i_mode_reg[5] (in)
                                                         i_mode_reg[5] (net)
                      0.006578    0.000000    6.002735 v _0852_/A1 (sky130_fd_sc_hd__mux2_1)
     1    0.001949    0.051640    0.270559    6.273294 v _0852_/X (sky130_fd_sc_hd__mux2_1)
                                                         _0203_ (net)
                      0.051640    0.000000    6.273294 v _1080_/D (sky130_fd_sc_hd__dfrtp_2)
                                              6.273294   data arrival time

                      0.150000   32.000000   32.000000   clock i_clk (rise edge)
                                  0.000000   32.000000   clock network delay (ideal)
                                 -0.250000   31.750000   clock uncertainty
                                  0.000000   31.750000   clock reconvergence pessimism
                                             31.750000 ^ _1080_/CLK (sky130_fd_sc_hd__dfrtp_2)
                                 -0.094102   31.655899   library setup time
                                             31.655899   data required time
---------------------------------------------------------------------------------------------
                                             31.655899   data required time
                                             -6.273294   data arrival time
---------------------------------------------------------------------------------------------
                                             25.382605   slack (MET)


Startpoint: i_mode_reg[3] (input port clocked by i_clk)
Endpoint: _1081_ (rising edge-triggered flip-flop clocked by i_clk)
Path Group: i_clk
Path Type: max

Fanout         Cap        Slew       Delay        Time   Description
---------------------------------------------------------------------------------------------
                      0.150000    0.000000    0.000000   clock i_clk (rise edge)
                                  0.000000    0.000000   clock network delay (ideal)
                                  6.000000    6.000000 v input external delay
     1    0.001805    0.006578    0.002735    6.002735 v i_mode_reg[3] (in)
                                                         i_mode_reg[3] (net)
                      0.006578    0.000000    6.002735 v _0853_/A1 (sky130_fd_sc_hd__mux2_1)
     1    0.001949    0.051640    0.270559    6.273294 v _0853_/X (sky130_fd_sc_hd__mux2_1)
                                                         _0204_ (net)
                      0.051640    0.000000    6.273294 v _1081_/D (sky130_fd_sc_hd__dfrtp_2)
                                              6.273294   data arrival time

                      0.150000   32.000000   32.000000   clock i_clk (rise edge)
                                  0.000000   32.000000   clock network delay (ideal)
                                 -0.250000   31.750000   clock uncertainty
                                  0.000000   31.750000   clock reconvergence pessimism
                                             31.750000 ^ _1081_/CLK (sky130_fd_sc_hd__dfrtp_2)
                                 -0.094102   31.655899   library setup time
                                             31.655899   data required time
---------------------------------------------------------------------------------------------
                                             31.655899   data required time
                                             -6.273294   data arrival time
---------------------------------------------------------------------------------------------
                                             25.382605   slack (MET)


Startpoint: i_byte_cnt_reg[0] (input port clocked by i_clk)
Endpoint: _1082_ (rising edge-triggered flip-flop clocked by i_clk)
Path Group: i_clk
Path Type: max

Fanout         Cap        Slew       Delay        Time   Description
---------------------------------------------------------------------------------------------
                      0.150000    0.000000    0.000000   clock i_clk (rise edge)
                                  0.000000    0.000000   clock network delay (ideal)
                                  6.000000    6.000000 v input external delay
     1    0.001805    0.006578    0.002735    6.002735 v i_byte_cnt_reg[0] (in)
                                                         i_byte_cnt_reg[0] (net)
                      0.006578    0.000000    6.002735 v _0854_/A1 (sky130_fd_sc_hd__mux2_1)
     1    0.001949    0.051640    0.270559    6.273294 v _0854_/X (sky130_fd_sc_hd__mux2_1)
                                                         _0205_ (net)
                      0.051640    0.000000    6.273294 v _1082_/D (sky130_fd_sc_hd__dfrtp_2)
                                              6.273294   data arrival time

                      0.150000   32.000000   32.000000   clock i_clk (rise edge)
                                  0.000000   32.000000   clock network delay (ideal)
                                 -0.250000   31.750000   clock uncertainty
                                  0.000000   31.750000   clock reconvergence pessimism
                                             31.750000 ^ _1082_/CLK (sky130_fd_sc_hd__dfrtp_2)
                                 -0.094102   31.655899   library setup time
                                             31.655899   data required time
---------------------------------------------------------------------------------------------
                                             31.655899   data required time
                                             -6.273294   data arrival time
---------------------------------------------------------------------------------------------
                                             25.382605   slack (MET)


Startpoint: i_byte_cnt_reg[1] (input port clocked by i_clk)
Endpoint: _1083_ (rising edge-triggered flip-flop clocked by i_clk)
Path Group: i_clk
Path Type: max

Fanout         Cap        Slew       Delay        Time   Description
---------------------------------------------------------------------------------------------
                      0.150000    0.000000    0.000000   clock i_clk (rise edge)
                                  0.000000    0.000000   clock network delay (ideal)
                                  6.000000    6.000000 v input external delay
     1    0.001805    0.006578    0.002735    6.002735 v i_byte_cnt_reg[1] (in)
                                                         i_byte_cnt_reg[1] (net)
                      0.006578    0.000000    6.002735 v _0855_/A1 (sky130_fd_sc_hd__mux2_1)
     1    0.001949    0.051640    0.270559    6.273294 v _0855_/X (sky130_fd_sc_hd__mux2_1)
                                                         _0206_ (net)
                      0.051640    0.000000    6.273294 v _1083_/D (sky130_fd_sc_hd__dfrtp_2)
                                              6.273294   data arrival time

                      0.150000   32.000000   32.000000   clock i_clk (rise edge)
                                  0.000000   32.000000   clock network delay (ideal)
                                 -0.250000   31.750000   clock uncertainty
                                  0.000000   31.750000   clock reconvergence pessimism
                                             31.750000 ^ _1083_/CLK (sky130_fd_sc_hd__dfrtp_2)
                                 -0.094102   31.655899   library setup time
                                             31.655899   data required time
---------------------------------------------------------------------------------------------
                                             31.655899   data required time
                                             -6.273294   data arrival time
---------------------------------------------------------------------------------------------
                                             25.382605   slack (MET)


Startpoint: i_byte_cnt_reg[2] (input port clocked by i_clk)
Endpoint: _1084_ (rising edge-triggered flip-flop clocked by i_clk)
Path Group: i_clk
Path Type: max

Fanout         Cap        Slew       Delay        Time   Description
---------------------------------------------------------------------------------------------
                      0.150000    0.000000    0.000000   clock i_clk (rise edge)
                                  0.000000    0.000000   clock network delay (ideal)
                                  6.000000    6.000000 v input external delay
     1    0.001805    0.006578    0.002735    6.002735 v i_byte_cnt_reg[2] (in)
                                                         i_byte_cnt_reg[2] (net)
                      0.006578    0.000000    6.002735 v _0856_/A1 (sky130_fd_sc_hd__mux2_1)
     1    0.001949    0.051640    0.270559    6.273294 v _0856_/X (sky130_fd_sc_hd__mux2_1)
                                                         _0207_ (net)
                      0.051640    0.000000    6.273294 v _1084_/D (sky130_fd_sc_hd__dfrtp_2)
                                              6.273294   data arrival time

                      0.150000   32.000000   32.000000   clock i_clk (rise edge)
                                  0.000000   32.000000   clock network delay (ideal)
                                 -0.250000   31.750000   clock uncertainty
                                  0.000000   31.750000   clock reconvergence pessimism
                                             31.750000 ^ _1084_/CLK (sky130_fd_sc_hd__dfrtp_2)
                                 -0.094102   31.655899   library setup time
                                             31.655899   data required time
---------------------------------------------------------------------------------------------
                                             31.655899   data required time
                                             -6.273294   data arrival time
---------------------------------------------------------------------------------------------
                                             25.382605   slack (MET)


Startpoint: i_byte_cnt_reg[3] (input port clocked by i_clk)
Endpoint: _1085_ (rising edge-triggered flip-flop clocked by i_clk)
Path Group: i_clk
Path Type: max

Fanout         Cap        Slew       Delay        Time   Description
---------------------------------------------------------------------------------------------
                      0.150000    0.000000    0.000000   clock i_clk (rise edge)
                                  0.000000    0.000000   clock network delay (ideal)
                                  6.000000    6.000000 v input external delay
     1    0.001805    0.006578    0.002735    6.002735 v i_byte_cnt_reg[3] (in)
                                                         i_byte_cnt_reg[3] (net)
                      0.006578    0.000000    6.002735 v _0857_/A1 (sky130_fd_sc_hd__mux2_1)
     1    0.001949    0.051640    0.270559    6.273294 v _0857_/X (sky130_fd_sc_hd__mux2_1)
                                                         _0208_ (net)
                      0.051640    0.000000    6.273294 v _1085_/D (sky130_fd_sc_hd__dfrtp_2)
                                              6.273294   data arrival time

                      0.150000   32.000000   32.000000   clock i_clk (rise edge)
                                  0.000000   32.000000   clock network delay (ideal)
                                 -0.250000   31.750000   clock uncertainty
                                  0.000000   31.750000   clock reconvergence pessimism
                                             31.750000 ^ _1085_/CLK (sky130_fd_sc_hd__dfrtp_2)
                                 -0.094102   31.655899   library setup time
                                             31.655899   data required time
---------------------------------------------------------------------------------------------
                                             31.655899   data required time
                                             -6.273294   data arrival time
---------------------------------------------------------------------------------------------
                                             25.382605   slack (MET)


Startpoint: i_byte_cnt_reg[4] (input port clocked by i_clk)
Endpoint: _1086_ (rising edge-triggered flip-flop clocked by i_clk)
Path Group: i_clk
Path Type: max

Fanout         Cap        Slew       Delay        Time   Description
---------------------------------------------------------------------------------------------
                      0.150000    0.000000    0.000000   clock i_clk (rise edge)
                                  0.000000    0.000000   clock network delay (ideal)
                                  6.000000    6.000000 v input external delay
     1    0.001805    0.006578    0.002735    6.002735 v i_byte_cnt_reg[4] (in)
                                                         i_byte_cnt_reg[4] (net)
                      0.006578    0.000000    6.002735 v _0858_/A1 (sky130_fd_sc_hd__mux2_1)
     1    0.001949    0.051640    0.270559    6.273294 v _0858_/X (sky130_fd_sc_hd__mux2_1)
                                                         _0209_ (net)
                      0.051640    0.000000    6.273294 v _1086_/D (sky130_fd_sc_hd__dfrtp_2)
                                              6.273294   data arrival time

                      0.150000   32.000000   32.000000   clock i_clk (rise edge)
                                  0.000000   32.000000   clock network delay (ideal)
                                 -0.250000   31.750000   clock uncertainty
                                  0.000000   31.750000   clock reconvergence pessimism
                                             31.750000 ^ _1086_/CLK (sky130_fd_sc_hd__dfrtp_2)
                                 -0.094102   31.655899   library setup time
                                             31.655899   data required time
---------------------------------------------------------------------------------------------
                                             31.655899   data required time
                                             -6.273294   data arrival time
---------------------------------------------------------------------------------------------
                                             25.382605   slack (MET)


Startpoint: i_byte_cnt_reg[5] (input port clocked by i_clk)
Endpoint: _1087_ (rising edge-triggered flip-flop clocked by i_clk)
Path Group: i_clk
Path Type: max

Fanout         Cap        Slew       Delay        Time   Description
---------------------------------------------------------------------------------------------
                      0.150000    0.000000    0.000000   clock i_clk (rise edge)
                                  0.000000    0.000000   clock network delay (ideal)
                                  6.000000    6.000000 v input external delay
     1    0.001805    0.006578    0.002735    6.002735 v i_byte_cnt_reg[5] (in)
                                                         i_byte_cnt_reg[5] (net)
                      0.006578    0.000000    6.002735 v _0859_/A1 (sky130_fd_sc_hd__mux2_1)
     1    0.001949    0.051640    0.270559    6.273294 v _0859_/X (sky130_fd_sc_hd__mux2_1)
                                                         _0210_ (net)
                      0.051640    0.000000    6.273294 v _1087_/D (sky130_fd_sc_hd__dfrtp_2)
                                              6.273294   data arrival time

                      0.150000   32.000000   32.000000   clock i_clk (rise edge)
                                  0.000000   32.000000   clock network delay (ideal)
                                 -0.250000   31.750000   clock uncertainty
                                  0.000000   31.750000   clock reconvergence pessimism
                                             31.750000 ^ _1087_/CLK (sky130_fd_sc_hd__dfrtp_2)
                                 -0.094102   31.655899   library setup time
                                             31.655899   data required time
---------------------------------------------------------------------------------------------
                                             31.655899   data required time
                                             -6.273294   data arrival time
---------------------------------------------------------------------------------------------
                                             25.382605   slack (MET)


Startpoint: i_byte_cnt_reg[6] (input port clocked by i_clk)
Endpoint: _1088_ (rising edge-triggered flip-flop clocked by i_clk)
Path Group: i_clk
Path Type: max

Fanout         Cap        Slew       Delay        Time   Description
---------------------------------------------------------------------------------------------
                      0.150000    0.000000    0.000000   clock i_clk (rise edge)
                                  0.000000    0.000000   clock network delay (ideal)
                                  6.000000    6.000000 v input external delay
     1    0.001805    0.006578    0.002735    6.002735 v i_byte_cnt_reg[6] (in)
                                                         i_byte_cnt_reg[6] (net)
                      0.006578    0.000000    6.002735 v _0860_/A1 (sky130_fd_sc_hd__mux2_1)
     1    0.001949    0.051640    0.270559    6.273294 v _0860_/X (sky130_fd_sc_hd__mux2_1)
                                                         _0211_ (net)
                      0.051640    0.000000    6.273294 v _1088_/D (sky130_fd_sc_hd__dfrtp_2)
                                              6.273294   data arrival time

                      0.150000   32.000000   32.000000   clock i_clk (rise edge)
                                  0.000000   32.000000   clock network delay (ideal)
                                 -0.250000   31.750000   clock uncertainty
                                  0.000000   31.750000   clock reconvergence pessimism
                                             31.750000 ^ _1088_/CLK (sky130_fd_sc_hd__dfrtp_2)
                                 -0.094102   31.655899   library setup time
                                             31.655899   data required time
---------------------------------------------------------------------------------------------
                                             31.655899   data required time
                                             -6.273294   data arrival time
---------------------------------------------------------------------------------------------
                                             25.382605   slack (MET)


Startpoint: i_byte_cnt_reg[7] (input port clocked by i_clk)
Endpoint: _1089_ (rising edge-triggered flip-flop clocked by i_clk)
Path Group: i_clk
Path Type: max

Fanout         Cap        Slew       Delay        Time   Description
---------------------------------------------------------------------------------------------
                      0.150000    0.000000    0.000000   clock i_clk (rise edge)
                                  0.000000    0.000000   clock network delay (ideal)
                                  6.000000    6.000000 v input external delay
     1    0.001805    0.006578    0.002735    6.002735 v i_byte_cnt_reg[7] (in)
                                                         i_byte_cnt_reg[7] (net)
                      0.006578    0.000000    6.002735 v _0861_/A1 (sky130_fd_sc_hd__mux2_1)
     1    0.001949    0.051640    0.270559    6.273294 v _0861_/X (sky130_fd_sc_hd__mux2_1)
                                                         _0212_ (net)
                      0.051640    0.000000    6.273294 v _1089_/D (sky130_fd_sc_hd__dfrtp_2)
                                              6.273294   data arrival time

                      0.150000   32.000000   32.000000   clock i_clk (rise edge)
                                  0.000000   32.000000   clock network delay (ideal)
                                 -0.250000   31.750000   clock uncertainty
                                  0.000000   31.750000   clock reconvergence pessimism
                                             31.750000 ^ _1089_/CLK (sky130_fd_sc_hd__dfrtp_2)
                                 -0.094102   31.655899   library setup time
                                             31.655899   data required time
---------------------------------------------------------------------------------------------
                                             31.655899   data required time
                                             -6.273294   data arrival time
---------------------------------------------------------------------------------------------
                                             25.382605   slack (MET)


Startpoint: i_config_reg[3] (input port clocked by i_clk)
Endpoint: _1095_ (rising edge-triggered flip-flop clocked by i_clk)
Path Group: i_clk
Path Type: max

Fanout         Cap        Slew       Delay        Time   Description
---------------------------------------------------------------------------------------------
                      0.150000    0.000000    0.000000   clock i_clk (rise edge)
                                  0.000000    0.000000   clock network delay (ideal)
                                  6.000000    6.000000 v input external delay
     1    0.001805    0.006578    0.002735    6.002735 v i_config_reg[3] (in)
                                                         i_config_reg[3] (net)
                      0.006578    0.000000    6.002735 v _0873_/A1 (sky130_fd_sc_hd__mux2_1)
     1    0.001949    0.051640    0.270559    6.273294 v _0873_/X (sky130_fd_sc_hd__mux2_1)
                                                         _0218_ (net)
                      0.051640    0.000000    6.273294 v _1095_/D (sky130_fd_sc_hd__dfrtp_2)
                                              6.273294   data arrival time

                      0.150000   32.000000   32.000000   clock i_clk (rise edge)
                                  0.000000   32.000000   clock network delay (ideal)
                                 -0.250000   31.750000   clock uncertainty
                                  0.000000   31.750000   clock reconvergence pessimism
                                             31.750000 ^ _1095_/CLK (sky130_fd_sc_hd__dfrtp_2)
                                 -0.094102   31.655899   library setup time
                                             31.655899   data required time
---------------------------------------------------------------------------------------------
                                             31.655899   data required time
                                             -6.273294   data arrival time
---------------------------------------------------------------------------------------------
                                             25.382605   slack (MET)


Startpoint: i_config_reg[2] (input port clocked by i_clk)
Endpoint: _1096_ (rising edge-triggered flip-flop clocked by i_clk)
Path Group: i_clk
Path Type: max

Fanout         Cap        Slew       Delay        Time   Description
---------------------------------------------------------------------------------------------
                      0.150000    0.000000    0.000000   clock i_clk (rise edge)
                                  0.000000    0.000000   clock network delay (ideal)
                                  6.000000    6.000000 v input external delay
     1    0.001805    0.006578    0.002735    6.002735 v i_config_reg[2] (in)
                                                         i_config_reg[2] (net)
                      0.006578    0.000000    6.002735 v _0874_/A1 (sky130_fd_sc_hd__mux2_1)
     1    0.001949    0.051640    0.270559    6.273294 v _0874_/X (sky130_fd_sc_hd__mux2_1)
                                                         _0219_ (net)
                      0.051640    0.000000    6.273294 v _1096_/D (sky130_fd_sc_hd__dfrtp_2)
                                              6.273294   data arrival time

                      0.150000   32.000000   32.000000   clock i_clk (rise edge)
                                  0.000000   32.000000   clock network delay (ideal)
                                 -0.250000   31.750000   clock uncertainty
                                  0.000000   31.750000   clock reconvergence pessimism
                                             31.750000 ^ _1096_/CLK (sky130_fd_sc_hd__dfrtp_2)
                                 -0.094102   31.655899   library setup time
                                             31.655899   data required time
---------------------------------------------------------------------------------------------
                                             31.655899   data required time
                                             -6.273294   data arrival time
---------------------------------------------------------------------------------------------
                                             25.382605   slack (MET)


Startpoint: i_clk_div_lsb[1] (input port clocked by i_clk)
Endpoint: _1202_ (rising edge-triggered flip-flop clocked by i_clk)
Path Group: i_clk
Path Type: max

Fanout         Cap        Slew       Delay        Time   Description
---------------------------------------------------------------------------------------------
                      0.150000    0.000000    0.000000   clock i_clk (rise edge)
                                  0.000000    0.000000   clock network delay (ideal)
                                  6.000000    6.000000 v input external delay
     4    0.017507    0.041000    0.028157    6.028157 v i_clk_div_lsb[1] (in)
                                                         i_clk_div_lsb[1] (net)
                      0.041000    0.000000    6.028157 v _0619_/A (sky130_fd_sc_hd__xor2_2)
     1    0.001949    0.039391    0.155971    6.184128 v _0619_/X (sky130_fd_sc_hd__xor2_2)
                                                         _0091_ (net)
                      0.039391    0.000000    6.184128 v _1202_/D (sky130_fd_sc_hd__dfrtp_2)
                                              6.184128   data arrival time

                      0.150000   32.000000   32.000000   clock i_clk (rise edge)
                                  0.000000   32.000000   clock network delay (ideal)
                                 -0.250000   31.750000   clock uncertainty
                                  0.000000   31.750000   clock reconvergence pessimism
                                             31.750000 ^ _1202_/CLK (sky130_fd_sc_hd__dfrtp_2)
                                 -0.088760   31.661238   library setup time
                                             31.661238   data required time
---------------------------------------------------------------------------------------------
                                             31.661238   data required time
                                             -6.184128   data arrival time
---------------------------------------------------------------------------------------------
                                             25.477112   slack (MET)


Startpoint: io_sda (input port clocked by i_clk)
Endpoint: _1256_ (rising edge-triggered flip-flop clocked by i_clk)
Path Group: i_clk
Path Type: max

Fanout         Cap        Slew       Delay        Time   Description
---------------------------------------------------------------------------------------------
                      0.150000    0.000000    0.000000   clock i_clk (rise edge)
                                  0.000000    0.000000   clock network delay (ideal)
                                  6.000000    6.000000 ^ input external delay
     1    0.040838    0.190887    0.130350    6.130350 ^ io_sda (inout)
                                                         io_sda (net)
                      0.480262    0.000000    6.130350 ^ _0573_/A (sky130_fd_sc_hd__inv_2)
     1    0.001949    0.061331    0.036926    6.167275 v _0573_/Y (sky130_fd_sc_hd__inv_2)
                                                         _0044_ (net)
                      0.061331    0.000000    6.167275 v _1256_/D (sky130_fd_sc_hd__dfrtp_2)
                                              6.167275   data arrival time

                      0.150000   32.000000   32.000000   clock i_clk (rise edge)
                                  0.000000   32.000000   clock network delay (ideal)
                                 -0.250000   31.750000   clock uncertainty
                                  0.000000   31.750000   clock reconvergence pessimism
                                             31.750000 ^ _1256_/CLK (sky130_fd_sc_hd__dfrtp_2)
                                 -0.098329   31.651670   library setup time
                                             31.651670   data required time
---------------------------------------------------------------------------------------------
                                             31.651670   data required time
                                             -6.167275   data arrival time
---------------------------------------------------------------------------------------------
                                             25.484396   slack (MET)


Startpoint: io_scl (input port clocked by i_clk)
Endpoint: _1259_ (rising edge-triggered flip-flop clocked by i_clk)
Path Group: i_clk
Path Type: max

Fanout         Cap        Slew       Delay        Time   Description
---------------------------------------------------------------------------------------------
                      0.150000    0.000000    0.000000   clock i_clk (rise edge)
                                  0.000000    0.000000   clock network delay (ideal)
                                  6.000000    6.000000 ^ input external delay
     1    0.040838    0.190887    0.130350    6.130350 ^ io_scl (inout)
                                                         io_scl (net)
                      0.480459    0.000000    6.130350 ^ _0574_/A (sky130_fd_sc_hd__inv_2)
     1    0.001949    0.061348    0.036924    6.167274 v _0574_/Y (sky130_fd_sc_hd__inv_2)
                                                         _0043_ (net)
                      0.061348    0.000000    6.167274 v _1259_/D (sky130_fd_sc_hd__dfrtp_2)
                                              6.167274   data arrival time

                      0.150000   32.000000   32.000000   clock i_clk (rise edge)
                                  0.000000   32.000000   clock network delay (ideal)
                                 -0.250000   31.750000   clock uncertainty
                                  0.000000   31.750000   clock reconvergence pessimism
                                             31.750000 ^ _1259_/CLK (sky130_fd_sc_hd__dfrtp_2)
                                 -0.098336   31.651663   library setup time
                                             31.651663   data required time
---------------------------------------------------------------------------------------------
                                             31.651663   data required time
                                             -6.167274   data arrival time
---------------------------------------------------------------------------------------------
                                             25.484390   slack (MET)


Startpoint: i_clk_div_lsb[1] (input port clocked by i_clk)
Endpoint: _1201_ (rising edge-triggered flip-flop clocked by i_clk)
Path Group: i_clk
Path Type: max

Fanout         Cap        Slew       Delay        Time   Description
---------------------------------------------------------------------------------------------
                      0.150000    0.000000    0.000000   clock i_clk (rise edge)
                                  0.000000    0.000000   clock network delay (ideal)
                                  6.000000    6.000000 ^ input external delay
     4    0.019020    0.093079    0.062424    6.062424 ^ i_clk_div_lsb[1] (in)
                                                         i_clk_div_lsb[1] (net)
                      0.093079    0.000000    6.062424 ^ _0541_/A (sky130_fd_sc_hd__inv_2)
     2    0.006543    0.031035    0.044524    6.106947 v _0541_/Y (sky130_fd_sc_hd__inv_2)
                                                         _0090_ (net)
                      0.031035    0.000000    6.106947 v _1201_/D (sky130_fd_sc_hd__dfrtp_2)
                                              6.106947   data arrival time

                      0.150000   32.000000   32.000000   clock i_clk (rise edge)
                                  0.000000   32.000000   clock network delay (ideal)
                                 -0.250000   31.750000   clock uncertainty
                                  0.000000   31.750000   clock reconvergence pessimism
                                             31.750000 ^ _1201_/CLK (sky130_fd_sc_hd__dfrtp_2)
                                 -0.085116   31.664883   library setup time
                                             31.664883   data required time
---------------------------------------------------------------------------------------------
                                             31.664883   data required time
                                             -6.106947   data arrival time
---------------------------------------------------------------------------------------------
                                             25.557936   slack (MET)


Startpoint: i_config_reg[1] (input port clocked by i_clk)
Endpoint: _1183_ (rising edge-triggered flip-flop clocked by i_clk)
Path Group: i_clk
Path Type: max

Fanout         Cap        Slew       Delay        Time   Description
---------------------------------------------------------------------------------------------
                      0.150000    0.000000    0.000000   clock i_clk (rise edge)
                                  0.000000    0.000000   clock network delay (ideal)
                                  6.000000    6.000000 v input external delay
     2    0.003435    0.010456    0.005475    6.005475 v i_config_reg[1] (in)
                                                         i_config_reg[1] (net)
                      0.010456    0.000000    6.005475 v _1183_/D (sky130_fd_sc_hd__dfrtp_2)
                                              6.005475   data arrival time

                      0.150000   32.000000   32.000000   clock i_clk (rise edge)
                                  0.000000   32.000000   clock network delay (ideal)
                                 -0.250000   31.750000   clock uncertainty
                                  0.000000   31.750000   clock reconvergence pessimism
                                             31.750000 ^ _1183_/CLK (sky130_fd_sc_hd__dfrtp_2)
                                 -0.076141   31.673857   library setup time
                                             31.673857   data required time
---------------------------------------------------------------------------------------------
                                             31.673857   data required time
                                             -6.005475   data arrival time
---------------------------------------------------------------------------------------------
                                             25.668383   slack (MET)


Startpoint: i_config_reg[4] (input port clocked by i_clk)
Endpoint: _1176_ (rising edge-triggered flip-flop clocked by i_clk)
Path Group: i_clk
Path Type: max

Fanout         Cap        Slew       Delay        Time   Description
---------------------------------------------------------------------------------------------
                      0.150000    0.000000    0.000000   clock i_clk (rise edge)
                                  0.000000    0.000000   clock network delay (ideal)
                                  6.000000    6.000000 v input external delay
     1    0.001949    0.006921    0.002977    6.002977 v i_config_reg[4] (in)
                                                         i_config_reg[4] (net)
                      0.006921    0.000000    6.002977 v _1176_/D (sky130_fd_sc_hd__dfrtp_2)
                                              6.002977   data arrival time

                      0.150000   32.000000   32.000000   clock i_clk (rise edge)
                                  0.000000   32.000000   clock network delay (ideal)
                                 -0.250000   31.750000   clock uncertainty
                                  0.000000   31.750000   clock reconvergence pessimism
                                             31.750000 ^ _1176_/CLK (sky130_fd_sc_hd__dfrtp_2)
                                 -0.074599   31.675400   library setup time
                                             31.675400   data required time
---------------------------------------------------------------------------------------------
                                             31.675400   data required time
                                             -6.002977   data arrival time
---------------------------------------------------------------------------------------------
                                             25.672421   slack (MET)


Startpoint: i_config_reg[0] (input port clocked by i_clk)
Endpoint: _1184_ (rising edge-triggered flip-flop clocked by i_clk)
Path Group: i_clk
Path Type: max

Fanout         Cap        Slew       Delay        Time   Description
---------------------------------------------------------------------------------------------
                      0.150000    0.000000    0.000000   clock i_clk (rise edge)
                                  0.000000    0.000000   clock network delay (ideal)
                                  6.000000    6.000000 v input external delay
     1    0.001949    0.006921    0.002977    6.002977 v i_config_reg[0] (in)
                                                         i_config_reg[0] (net)
                      0.006921    0.000000    6.002977 v _1184_/D (sky130_fd_sc_hd__dfrtp_2)
                                              6.002977   data arrival time

                      0.150000   32.000000   32.000000   clock i_clk (rise edge)
                                  0.000000   32.000000   clock network delay (ideal)
                                 -0.250000   31.750000   clock uncertainty
                                  0.000000   31.750000   clock reconvergence pessimism
                                             31.750000 ^ _1184_/CLK (sky130_fd_sc_hd__dfrtp_2)
                                 -0.074599   31.675400   library setup time
                                             31.675400   data required time
---------------------------------------------------------------------------------------------
                                             31.675400   data required time
                                             -6.002977   data arrival time
---------------------------------------------------------------------------------------------
                                             25.672421   slack (MET)


Startpoint: i_config_reg[5] (input port clocked by i_clk)
Endpoint: _1261_ (rising edge-triggered flip-flop clocked by i_clk)
Path Group: i_clk
Path Type: max

Fanout         Cap        Slew       Delay        Time   Description
---------------------------------------------------------------------------------------------
                      0.150000    0.000000    0.000000   clock i_clk (rise edge)
                                  0.000000    0.000000   clock network delay (ideal)
                                  6.000000    6.000000 v input external delay
     1    0.001949    0.006921    0.002977    6.002977 v i_config_reg[5] (in)
                                                         i_config_reg[5] (net)
                      0.006921    0.000000    6.002977 v _1261_/D (sky130_fd_sc_hd__dfrtp_2)
                                              6.002977   data arrival time

                      0.150000   32.000000   32.000000   clock i_clk (rise edge)
                                  0.000000   32.000000   clock network delay (ideal)
                                 -0.250000   31.750000   clock uncertainty
                                  0.000000   31.750000   clock reconvergence pessimism
                                             31.750000 ^ _1261_/CLK (sky130_fd_sc_hd__dfrtp_2)
                                 -0.074599   31.675400   library setup time
                                             31.675400   data required time
---------------------------------------------------------------------------------------------
                                             31.675400   data required time
                                             -6.002977   data arrival time
---------------------------------------------------------------------------------------------
                                             25.672421   slack (MET)


Startpoint: _1215_ (rising edge-triggered flip-flop clocked by i_clk)
Endpoint: _1216_ (rising edge-triggered flip-flop clocked by i_clk)
Path Group: i_clk
Path Type: max

Fanout         Cap        Slew       Delay        Time   Description
---------------------------------------------------------------------------------------------
                      0.150000    0.000000    0.000000   clock i_clk (rise edge)
                                  0.000000    0.000000   clock network delay (ideal)
                      0.150000    0.000000    0.000000 ^ _1215_/CLK (sky130_fd_sc_hd__dfrtp_2)
     5    0.011607    0.062893    0.450394    0.450394 v _1215_/Q (sky130_fd_sc_hd__dfrtp_2)
                                                         u_i2c_master_controller.i2cbus_cntrl_fsm.start_gen.delay_gen.count[2] (net)
                      0.062893    0.000000    0.450394 v _0702_/A (sky130_fd_sc_hd__or4b_2)
     1    0.001435    0.091400    0.646710    1.097104 v _0702_/X (sky130_fd_sc_hd__or4b_2)
                                                         _0380_ (net)
                      0.091400    0.000000    1.097104 v _0704_/B (sky130_fd_sc_hd__or4b_2)
     2    0.006285    0.116589    0.665238    1.762342 v _0704_/X (sky130_fd_sc_hd__or4b_2)
                                                         _0382_ (net)
                      0.116589    0.000000    1.762342 v _0744_/A2 (sky130_fd_sc_hd__o31a_2)
     4    0.005660    0.059751    0.355225    2.117568 v _0744_/X (sky130_fd_sc_hd__o31a_2)
                                                         _0407_ (net)
                      0.059751    0.000000    2.117568 v _0752_/C (sky130_fd_sc_hd__and3b_2)
     1    0.001949    0.035686    0.203326    2.320893 v _0752_/X (sky130_fd_sc_hd__and3b_2)
                                                         _0063_ (net)
                      0.035686    0.000000    2.320893 v _1216_/D (sky130_fd_sc_hd__dfrtp_2)
                                              2.320893   data arrival time

                      0.150000   32.000000   32.000000   clock i_clk (rise edge)
                                  0.000000   32.000000   clock network delay (ideal)
                                 -0.250000   31.750000   clock uncertainty
                                  0.000000   31.750000   clock reconvergence pessimism
                                             31.750000 ^ _1216_/CLK (sky130_fd_sc_hd__dfrtp_2)
                                 -0.087144   31.662855   library setup time
                                             31.662855   data required time
---------------------------------------------------------------------------------------------
                                             31.662855   data required time
                                             -2.320893   data arrival time
---------------------------------------------------------------------------------------------
                                             29.341961   slack (MET)


Startpoint: _1237_ (rising edge-triggered flip-flop clocked by i_clk)
Endpoint: _1238_ (rising edge-triggered flip-flop clocked by i_clk)
Path Group: i_clk
Path Type: max

Fanout         Cap        Slew       Delay        Time   Description
---------------------------------------------------------------------------------------------
                      0.150000    0.000000    0.000000   clock i_clk (rise edge)
                                  0.000000    0.000000   clock network delay (ideal)
                      0.150000    0.000000    0.000000 ^ _1237_/CLK (sky130_fd_sc_hd__dfrtp_2)
     5    0.011607    0.062893    0.450394    0.450394 v _1237_/Q (sky130_fd_sc_hd__dfrtp_2)
                                                         u_i2c_master_controller.i2cbus_cntrl_fsm.stop_gen.delay_gen.count[2] (net)
                      0.062893    0.000000    0.450394 v _0712_/A (sky130_fd_sc_hd__or4b_2)
     1    0.001435    0.091400    0.646710    1.097104 v _0712_/X (sky130_fd_sc_hd__or4b_2)
                                                         _0389_ (net)
                      0.091400    0.000000    1.097104 v _0714_/B (sky130_fd_sc_hd__or4b_2)
     2    0.006285    0.116589    0.665238    1.762342 v _0714_/X (sky130_fd_sc_hd__or4b_2)
                                                         _0391_ (net)
                      0.116589    0.000000    1.762342 v _0788_/A2 (sky130_fd_sc_hd__o31a_2)
     4    0.005660    0.059751    0.355225    2.117568 v _0788_/X (sky130_fd_sc_hd__o31a_2)
                                                         _0435_ (net)
                      0.059751    0.000000    2.117568 v _0796_/C (sky130_fd_sc_hd__and3b_2)
     1    0.001949    0.035686    0.203326    2.320893 v _0796_/X (sky130_fd_sc_hd__and3b_2)
                                                         _0082_ (net)
                      0.035686    0.000000    2.320893 v _1238_/D (sky130_fd_sc_hd__dfrtp_2)
                                              2.320893   data arrival time

                      0.150000   32.000000   32.000000   clock i_clk (rise edge)
                                  0.000000   32.000000   clock network delay (ideal)
                                 -0.250000   31.750000   clock uncertainty
                                  0.000000   31.750000   clock reconvergence pessimism
                                             31.750000 ^ _1238_/CLK (sky130_fd_sc_hd__dfrtp_2)
                                 -0.087144   31.662855   library setup time
                                             31.662855   data required time
---------------------------------------------------------------------------------------------
                                             31.662855   data required time
                                             -2.320893   data arrival time
---------------------------------------------------------------------------------------------
                                             29.341961   slack (MET)


Startpoint: _1215_ (rising edge-triggered flip-flop clocked by i_clk)
Endpoint: _1214_ (rising edge-triggered flip-flop clocked by i_clk)
Path Group: i_clk
Path Type: max

Fanout         Cap        Slew       Delay        Time   Description
---------------------------------------------------------------------------------------------
                      0.150000    0.000000    0.000000   clock i_clk (rise edge)
                                  0.000000    0.000000   clock network delay (ideal)
                      0.150000    0.000000    0.000000 ^ _1215_/CLK (sky130_fd_sc_hd__dfrtp_2)
     5    0.011607    0.062893    0.450394    0.450394 v _1215_/Q (sky130_fd_sc_hd__dfrtp_2)
                                                         u_i2c_master_controller.i2cbus_cntrl_fsm.start_gen.delay_gen.count[2] (net)
                      0.062893    0.000000    0.450394 v _0702_/A (sky130_fd_sc_hd__or4b_2)
     1    0.001435    0.091400    0.646710    1.097104 v _0702_/X (sky130_fd_sc_hd__or4b_2)
                                                         _0380_ (net)
                      0.091400    0.000000    1.097104 v _0704_/B (sky130_fd_sc_hd__or4b_2)
     2    0.006285    0.116589    0.665238    1.762342 v _0704_/X (sky130_fd_sc_hd__or4b_2)
                                                         _0382_ (net)
                      0.116589    0.000000    1.762342 v _0744_/A2 (sky130_fd_sc_hd__o31a_2)
     4    0.005660    0.059751    0.355225    2.117568 v _0744_/X (sky130_fd_sc_hd__o31a_2)
                                                         _0407_ (net)
                      0.059751    0.000000    2.117568 v _0747_/A (sky130_fd_sc_hd__and3_2)
     1    0.001949    0.035263    0.169087    2.286655 v _0747_/X (sky130_fd_sc_hd__and3_2)
                                                         _0061_ (net)
                      0.035263    0.000000    2.286655 v _1214_/D (sky130_fd_sc_hd__dfrtp_2)
                                              2.286655   data arrival time

                      0.150000   32.000000   32.000000   clock i_clk (rise edge)
                                  0.000000   32.000000   clock network delay (ideal)
                                 -0.250000   31.750000   clock uncertainty
                                  0.000000   31.750000   clock reconvergence pessimism
                                             31.750000 ^ _1214_/CLK (sky130_fd_sc_hd__dfrtp_2)
                                 -0.086960   31.663040   library setup time
                                             31.663040   data required time
---------------------------------------------------------------------------------------------
                                             31.663040   data required time
                                             -2.286655   data arrival time
---------------------------------------------------------------------------------------------
                                             29.376385   slack (MET)


Startpoint: _1215_ (rising edge-triggered flip-flop clocked by i_clk)
Endpoint: _1217_ (rising edge-triggered flip-flop clocked by i_clk)
Path Group: i_clk
Path Type: max

Fanout         Cap        Slew       Delay        Time   Description
---------------------------------------------------------------------------------------------
                      0.150000    0.000000    0.000000   clock i_clk (rise edge)
                                  0.000000    0.000000   clock network delay (ideal)
                      0.150000    0.000000    0.000000 ^ _1215_/CLK (sky130_fd_sc_hd__dfrtp_2)
     5    0.011607    0.062893    0.450394    0.450394 v _1215_/Q (sky130_fd_sc_hd__dfrtp_2)
                                                         u_i2c_master_controller.i2cbus_cntrl_fsm.start_gen.delay_gen.count[2] (net)
                      0.062893    0.000000    0.450394 v _0702_/A (sky130_fd_sc_hd__or4b_2)
     1    0.001435    0.091400    0.646710    1.097104 v _0702_/X (sky130_fd_sc_hd__or4b_2)
                                                         _0380_ (net)
                      0.091400    0.000000    1.097104 v _0704_/B (sky130_fd_sc_hd__or4b_2)
     2    0.006285    0.116589    0.665238    1.762342 v _0704_/X (sky130_fd_sc_hd__or4b_2)
                                                         _0382_ (net)
                      0.116589    0.000000    1.762342 v _0744_/A2 (sky130_fd_sc_hd__o31a_2)
     4    0.005660    0.059751    0.355225    2.117568 v _0744_/X (sky130_fd_sc_hd__o31a_2)
                                                         _0407_ (net)
                      0.059751    0.000000    2.117568 v _0755_/A (sky130_fd_sc_hd__and3_2)
     1    0.001949    0.035249    0.169087    2.286655 v _0755_/X (sky130_fd_sc_hd__and3_2)
                                                         _0064_ (net)
                      0.035249    0.000000    2.286655 v _1217_/D (sky130_fd_sc_hd__dfrtp_2)
                                              2.286655   data arrival time

                      0.150000   32.000000   32.000000   clock i_clk (rise edge)
                                  0.000000   32.000000   clock network delay (ideal)
                                 -0.250000   31.750000   clock uncertainty
                                  0.000000   31.750000   clock reconvergence pessimism
                                             31.750000 ^ _1217_/CLK (sky130_fd_sc_hd__dfrtp_2)
                                 -0.086954   31.663046   library setup time
                                             31.663046   data required time
---------------------------------------------------------------------------------------------
                                             31.663046   data required time
                                             -2.286655   data arrival time
---------------------------------------------------------------------------------------------
                                             29.376392   slack (MET)


Startpoint: _1215_ (rising edge-triggered flip-flop clocked by i_clk)
Endpoint: _1219_ (rising edge-triggered flip-flop clocked by i_clk)
Path Group: i_clk
Path Type: max

Fanout         Cap        Slew       Delay        Time   Description
---------------------------------------------------------------------------------------------
                      0.150000    0.000000    0.000000   clock i_clk (rise edge)
                                  0.000000    0.000000   clock network delay (ideal)
                      0.150000    0.000000    0.000000 ^ _1215_/CLK (sky130_fd_sc_hd__dfrtp_2)
     5    0.011607    0.062893    0.450394    0.450394 v _1215_/Q (sky130_fd_sc_hd__dfrtp_2)
                                                         u_i2c_master_controller.i2cbus_cntrl_fsm.start_gen.delay_gen.count[2] (net)
                      0.062893    0.000000    0.450394 v _0702_/A (sky130_fd_sc_hd__or4b_2)
     1    0.001435    0.091400    0.646710    1.097104 v _0702_/X (sky130_fd_sc_hd__or4b_2)
                                                         _0380_ (net)
                      0.091400    0.000000    1.097104 v _0704_/B (sky130_fd_sc_hd__or4b_2)
     2    0.006285    0.116589    0.665238    1.762342 v _0704_/X (sky130_fd_sc_hd__or4b_2)
                                                         _0382_ (net)
                      0.116589    0.000000    1.762342 v _0744_/A2 (sky130_fd_sc_hd__o31a_2)
     4    0.005660    0.059751    0.355225    2.117568 v _0744_/X (sky130_fd_sc_hd__o31a_2)
                                                         _0407_ (net)
                      0.059751    0.000000    2.117568 v _0760_/A (sky130_fd_sc_hd__and3_2)
     1    0.001949    0.035249    0.169087    2.286655 v _0760_/X (sky130_fd_sc_hd__and3_2)
                                                         _0066_ (net)
                      0.035249    0.000000    2.286655 v _1219_/D (sky130_fd_sc_hd__dfrtp_2)
                                              2.286655   data arrival time

                      0.150000   32.000000   32.000000   clock i_clk (rise edge)
                                  0.000000   32.000000   clock network delay (ideal)
                                 -0.250000   31.750000   clock uncertainty
                                  0.000000   31.750000   clock reconvergence pessimism
                                             31.750000 ^ _1219_/CLK (sky130_fd_sc_hd__dfrtp_2)
                                 -0.086954   31.663046   library setup time
                                             31.663046   data required time
---------------------------------------------------------------------------------------------
                                             31.663046   data required time
                                             -2.286655   data arrival time
---------------------------------------------------------------------------------------------
                                             29.376392   slack (MET)


Startpoint: _1237_ (rising edge-triggered flip-flop clocked by i_clk)
Endpoint: _1236_ (rising edge-triggered flip-flop clocked by i_clk)
Path Group: i_clk
Path Type: max

Fanout         Cap        Slew       Delay        Time   Description
---------------------------------------------------------------------------------------------
                      0.150000    0.000000    0.000000   clock i_clk (rise edge)
                                  0.000000    0.000000   clock network delay (ideal)
                      0.150000    0.000000    0.000000 ^ _1237_/CLK (sky130_fd_sc_hd__dfrtp_2)
     5    0.011607    0.062893    0.450394    0.450394 v _1237_/Q (sky130_fd_sc_hd__dfrtp_2)
                                                         u_i2c_master_controller.i2cbus_cntrl_fsm.stop_gen.delay_gen.count[2] (net)
                      0.062893    0.000000    0.450394 v _0712_/A (sky130_fd_sc_hd__or4b_2)
     1    0.001435    0.091400    0.646710    1.097104 v _0712_/X (sky130_fd_sc_hd__or4b_2)
                                                         _0389_ (net)
                      0.091400    0.000000    1.097104 v _0714_/B (sky130_fd_sc_hd__or4b_2)
     2    0.006285    0.116589    0.665238    1.762342 v _0714_/X (sky130_fd_sc_hd__or4b_2)
                                                         _0391_ (net)
                      0.116589    0.000000    1.762342 v _0788_/A2 (sky130_fd_sc_hd__o31a_2)
     4    0.005660    0.059751    0.355225    2.117568 v _0788_/X (sky130_fd_sc_hd__o31a_2)
                                                         _0435_ (net)
                      0.059751    0.000000    2.117568 v _0791_/A (sky130_fd_sc_hd__and3_2)
     1    0.001949    0.035263    0.169087    2.286655 v _0791_/X (sky130_fd_sc_hd__and3_2)
                                                         _0080_ (net)
                      0.035263    0.000000    2.286655 v _1236_/D (sky130_fd_sc_hd__dfrtp_2)
                                              2.286655   data arrival time

                      0.150000   32.000000   32.000000   clock i_clk (rise edge)
                                  0.000000   32.000000   clock network delay (ideal)
                                 -0.250000   31.750000   clock uncertainty
                                  0.000000   31.750000   clock reconvergence pessimism
                                             31.750000 ^ _1236_/CLK (sky130_fd_sc_hd__dfrtp_2)
                                 -0.086960   31.663040   library setup time
                                             31.663040   data required time
---------------------------------------------------------------------------------------------
                                             31.663040   data required time
                                             -2.286655   data arrival time
---------------------------------------------------------------------------------------------
                                             29.376385   slack (MET)


Startpoint: _1237_ (rising edge-triggered flip-flop clocked by i_clk)
Endpoint: _1239_ (rising edge-triggered flip-flop clocked by i_clk)
Path Group: i_clk
Path Type: max

Fanout         Cap        Slew       Delay        Time   Description
---------------------------------------------------------------------------------------------
                      0.150000    0.000000    0.000000   clock i_clk (rise edge)
                                  0.000000    0.000000   clock network delay (ideal)
                      0.150000    0.000000    0.000000 ^ _1237_/CLK (sky130_fd_sc_hd__dfrtp_2)
     5    0.011607    0.062893    0.450394    0.450394 v _1237_/Q (sky130_fd_sc_hd__dfrtp_2)
                                                         u_i2c_master_controller.i2cbus_cntrl_fsm.stop_gen.delay_gen.count[2] (net)
                      0.062893    0.000000    0.450394 v _0712_/A (sky130_fd_sc_hd__or4b_2)
     1    0.001435    0.091400    0.646710    1.097104 v _0712_/X (sky130_fd_sc_hd__or4b_2)
                                                         _0389_ (net)
                      0.091400    0.000000    1.097104 v _0714_/B (sky130_fd_sc_hd__or4b_2)
     2    0.006285    0.116589    0.665238    1.762342 v _0714_/X (sky130_fd_sc_hd__or4b_2)
                                                         _0391_ (net)
                      0.116589    0.000000    1.762342 v _0788_/A2 (sky130_fd_sc_hd__o31a_2)
     4    0.005660    0.059751    0.355225    2.117568 v _0788_/X (sky130_fd_sc_hd__o31a_2)
                                                         _0435_ (net)
                      0.059751    0.000000    2.117568 v _0799_/A (sky130_fd_sc_hd__and3_2)
     1    0.001949    0.035249    0.169087    2.286655 v _0799_/X (sky130_fd_sc_hd__and3_2)
                                                         _0083_ (net)
                      0.035249    0.000000    2.286655 v _1239_/D (sky130_fd_sc_hd__dfrtp_2)
                                              2.286655   data arrival time

                      0.150000   32.000000   32.000000   clock i_clk (rise edge)
                                  0.000000   32.000000   clock network delay (ideal)
                                 -0.250000   31.750000   clock uncertainty
                                  0.000000   31.750000   clock reconvergence pessimism
                                             31.750000 ^ _1239_/CLK (sky130_fd_sc_hd__dfrtp_2)
                                 -0.086954   31.663046   library setup time
                                             31.663046   data required time
---------------------------------------------------------------------------------------------
                                             31.663046   data required time
                                             -2.286655   data arrival time
---------------------------------------------------------------------------------------------
                                             29.376392   slack (MET)


Startpoint: _1237_ (rising edge-triggered flip-flop clocked by i_clk)
Endpoint: _1241_ (rising edge-triggered flip-flop clocked by i_clk)
Path Group: i_clk
Path Type: max

Fanout         Cap        Slew       Delay        Time   Description
---------------------------------------------------------------------------------------------
                      0.150000    0.000000    0.000000   clock i_clk (rise edge)
                                  0.000000    0.000000   clock network delay (ideal)
                      0.150000    0.000000    0.000000 ^ _1237_/CLK (sky130_fd_sc_hd__dfrtp_2)
     5    0.011607    0.062893    0.450394    0.450394 v _1237_/Q (sky130_fd_sc_hd__dfrtp_2)
                                                         u_i2c_master_controller.i2cbus_cntrl_fsm.stop_gen.delay_gen.count[2] (net)
                      0.062893    0.000000    0.450394 v _0712_/A (sky130_fd_sc_hd__or4b_2)
     1    0.001435    0.091400    0.646710    1.097104 v _0712_/X (sky130_fd_sc_hd__or4b_2)
                                                         _0389_ (net)
                      0.091400    0.000000    1.097104 v _0714_/B (sky130_fd_sc_hd__or4b_2)
     2    0.006285    0.116589    0.665238    1.762342 v _0714_/X (sky130_fd_sc_hd__or4b_2)
                                                         _0391_ (net)
                      0.116589    0.000000    1.762342 v _0788_/A2 (sky130_fd_sc_hd__o31a_2)
     4    0.005660    0.059751    0.355225    2.117568 v _0788_/X (sky130_fd_sc_hd__o31a_2)
                                                         _0435_ (net)
                      0.059751    0.000000    2.117568 v _0804_/A (sky130_fd_sc_hd__and3_2)
     1    0.001949    0.035249    0.169087    2.286655 v _0804_/X (sky130_fd_sc_hd__and3_2)
                                                         _0085_ (net)
                      0.035249    0.000000    2.286655 v _1241_/D (sky130_fd_sc_hd__dfrtp_2)
                                              2.286655   data arrival time

                      0.150000   32.000000   32.000000   clock i_clk (rise edge)
                                  0.000000   32.000000   clock network delay (ideal)
                                 -0.250000   31.750000   clock uncertainty
                                  0.000000   31.750000   clock reconvergence pessimism
                                             31.750000 ^ _1241_/CLK (sky130_fd_sc_hd__dfrtp_2)
                                 -0.086954   31.663046   library setup time
                                             31.663046   data required time
---------------------------------------------------------------------------------------------
                                             31.663046   data required time
                                             -2.286655   data arrival time
---------------------------------------------------------------------------------------------
                                             29.376392   slack (MET)


Startpoint: _1215_ (rising edge-triggered flip-flop clocked by i_clk)
Endpoint: _1213_ (rising edge-triggered flip-flop clocked by i_clk)
Path Group: i_clk
Path Type: max

Fanout         Cap        Slew       Delay        Time   Description
---------------------------------------------------------------------------------------------
                      0.150000    0.000000    0.000000   clock i_clk (rise edge)
                                  0.000000    0.000000   clock network delay (ideal)
                      0.150000    0.000000    0.000000 ^ _1215_/CLK (sky130_fd_sc_hd__dfrtp_2)
     5    0.011607    0.062893    0.450394    0.450394 v _1215_/Q (sky130_fd_sc_hd__dfrtp_2)
                                                         u_i2c_master_controller.i2cbus_cntrl_fsm.start_gen.delay_gen.count[2] (net)
                      0.062893    0.000000    0.450394 v _0702_/A (sky130_fd_sc_hd__or4b_2)
     1    0.001435    0.091400    0.646710    1.097104 v _0702_/X (sky130_fd_sc_hd__or4b_2)
                                                         _0380_ (net)
                      0.091400    0.000000    1.097104 v _0704_/B (sky130_fd_sc_hd__or4b_2)
     2    0.006285    0.116589    0.665238    1.762342 v _0704_/X (sky130_fd_sc_hd__or4b_2)
                                                         _0382_ (net)
                      0.116589    0.000000    1.762342 v _0708_/B (sky130_fd_sc_hd__nor3_2)
     2    0.006725    0.174988    0.208619    1.970961 ^ _0708_/Y (sky130_fd_sc_hd__nor3_2)
                                                         _0070_ (net)
                      0.174988    0.000000    1.970961 ^ _0743_/A2 (sky130_fd_sc_hd__o21ai_2)
     1    0.001949    0.034154    0.059398    2.030360 v _0743_/Y (sky130_fd_sc_hd__o21ai_2)
                                                         _0054_ (net)
                      0.034154    0.000000    2.030360 v _1213_/D (sky130_fd_sc_hd__dfrtp_2)
                                              2.030360   data arrival time

                      0.150000   32.000000   32.000000   clock i_clk (rise edge)
                                  0.000000   32.000000   clock network delay (ideal)
                                 -0.250000   31.750000   clock uncertainty
                                  0.000000   31.750000   clock reconvergence pessimism
                                             31.750000 ^ _1213_/CLK (sky130_fd_sc_hd__dfrtp_2)
                                 -0.086476   31.663523   library setup time
                                             31.663523   data required time
---------------------------------------------------------------------------------------------
                                             31.663523   data required time
                                             -2.030360   data arrival time
---------------------------------------------------------------------------------------------
                                             29.633163   slack (MET)


Startpoint: _1237_ (rising edge-triggered flip-flop clocked by i_clk)
Endpoint: _1235_ (rising edge-triggered flip-flop clocked by i_clk)
Path Group: i_clk
Path Type: max

Fanout         Cap        Slew       Delay        Time   Description
---------------------------------------------------------------------------------------------
                      0.150000    0.000000    0.000000   clock i_clk (rise edge)
                                  0.000000    0.000000   clock network delay (ideal)
                      0.150000    0.000000    0.000000 ^ _1237_/CLK (sky130_fd_sc_hd__dfrtp_2)
     5    0.011607    0.062893    0.450394    0.450394 v _1237_/Q (sky130_fd_sc_hd__dfrtp_2)
                                                         u_i2c_master_controller.i2cbus_cntrl_fsm.stop_gen.delay_gen.count[2] (net)
                      0.062893    0.000000    0.450394 v _0712_/A (sky130_fd_sc_hd__or4b_2)
     1    0.001435    0.091400    0.646710    1.097104 v _0712_/X (sky130_fd_sc_hd__or4b_2)
                                                         _0389_ (net)
                      0.091400    0.000000    1.097104 v _0714_/B (sky130_fd_sc_hd__or4b_2)
     2    0.006285    0.116589    0.665238    1.762342 v _0714_/X (sky130_fd_sc_hd__or4b_2)
                                                         _0391_ (net)
                      0.116589    0.000000    1.762342 v _0718_/B (sky130_fd_sc_hd__nor3_2)
     2    0.006725    0.174914    0.208619    1.970961 ^ _0718_/Y (sky130_fd_sc_hd__nor3_2)
                                                         _0089_ (net)
                      0.174914    0.000000    1.970961 ^ _0787_/A2 (sky130_fd_sc_hd__o21ai_2)
     1    0.001949    0.034145    0.059392    2.030354 v _0787_/Y (sky130_fd_sc_hd__o21ai_2)
                                                         _0073_ (net)
                      0.034145    0.000000    2.030354 v _1235_/D (sky130_fd_sc_hd__dfrtp_2)
                                              2.030354   data arrival time

                      0.150000   32.000000   32.000000   clock i_clk (rise edge)
                                  0.000000   32.000000   clock network delay (ideal)
                                 -0.250000   31.750000   clock uncertainty
                                  0.000000   31.750000   clock reconvergence pessimism
                                             31.750000 ^ _1235_/CLK (sky130_fd_sc_hd__dfrtp_2)
                                 -0.086473   31.663527   library setup time
                                             31.663527   data required time
---------------------------------------------------------------------------------------------
                                             31.663527   data required time
                                             -2.030354   data arrival time
---------------------------------------------------------------------------------------------
                                             29.633171   slack (MET)


Startpoint: _1215_ (rising edge-triggered flip-flop clocked by i_clk)
Endpoint: _1229_ (rising edge-triggered flip-flop clocked by i_clk)
Path Group: i_clk
Path Type: max

Fanout         Cap        Slew       Delay        Time   Description
---------------------------------------------------------------------------------------------
                      0.150000    0.000000    0.000000   clock i_clk (rise edge)
                                  0.000000    0.000000   clock network delay (ideal)
                      0.150000    0.000000    0.000000 ^ _1215_/CLK (sky130_fd_sc_hd__dfrtp_2)
     5    0.011607    0.062893    0.450394    0.450394 v _1215_/Q (sky130_fd_sc_hd__dfrtp_2)
                                                         u_i2c_master_controller.i2cbus_cntrl_fsm.start_gen.delay_gen.count[2] (net)
                      0.062893    0.000000    0.450394 v _0702_/A (sky130_fd_sc_hd__or4b_2)
     1    0.001435    0.091400    0.646710    1.097104 v _0702_/X (sky130_fd_sc_hd__or4b_2)
                                                         _0380_ (net)
                      0.091400    0.000000    1.097104 v _0704_/B (sky130_fd_sc_hd__or4b_2)
     2    0.006285    0.116589    0.665238    1.762342 v _0704_/X (sky130_fd_sc_hd__or4b_2)
                                                         _0382_ (net)
                      0.116589    0.000000    1.762342 v _0708_/B (sky130_fd_sc_hd__nor3_2)
     2    0.006725    0.174988    0.208619    1.970961 ^ _0708_/Y (sky130_fd_sc_hd__nor3_2)
                                                         _0070_ (net)
                      0.174988    0.000000    1.970961 ^ _1229_/D (sky130_fd_sc_hd__dfrtp_2)
                                              1.970961   data arrival time

                      0.150000   32.000000   32.000000   clock i_clk (rise edge)
                                  0.000000   32.000000   clock network delay (ideal)
                                 -0.250000   31.750000   clock uncertainty
                                  0.000000   31.750000   clock reconvergence pessimism
                                             31.750000 ^ _1229_/CLK (sky130_fd_sc_hd__dfrtp_2)
                                 -0.077160   31.672838   library setup time
                                             31.672838   data required time
---------------------------------------------------------------------------------------------
                                             31.672838   data required time
                                             -1.970961   data arrival time
---------------------------------------------------------------------------------------------
                                             29.701876   slack (MET)


Startpoint: _1237_ (rising edge-triggered flip-flop clocked by i_clk)
Endpoint: _1251_ (rising edge-triggered flip-flop clocked by i_clk)
Path Group: i_clk
Path Type: max

Fanout         Cap        Slew       Delay        Time   Description
---------------------------------------------------------------------------------------------
                      0.150000    0.000000    0.000000   clock i_clk (rise edge)
                                  0.000000    0.000000   clock network delay (ideal)
                      0.150000    0.000000    0.000000 ^ _1237_/CLK (sky130_fd_sc_hd__dfrtp_2)
     5    0.011607    0.062893    0.450394    0.450394 v _1237_/Q (sky130_fd_sc_hd__dfrtp_2)
                                                         u_i2c_master_controller.i2cbus_cntrl_fsm.stop_gen.delay_gen.count[2] (net)
                      0.062893    0.000000    0.450394 v _0712_/A (sky130_fd_sc_hd__or4b_2)
     1    0.001435    0.091400    0.646710    1.097104 v _0712_/X (sky130_fd_sc_hd__or4b_2)
                                                         _0389_ (net)
                      0.091400    0.000000    1.097104 v _0714_/B (sky130_fd_sc_hd__or4b_2)
     2    0.006285    0.116589    0.665238    1.762342 v _0714_/X (sky130_fd_sc_hd__or4b_2)
                                                         _0391_ (net)
                      0.116589    0.000000    1.762342 v _0718_/B (sky130_fd_sc_hd__nor3_2)
     2    0.006725    0.174914    0.208619    1.970961 ^ _0718_/Y (sky130_fd_sc_hd__nor3_2)
                                                         _0089_ (net)
                      0.174914    0.000000    1.970961 ^ _1251_/D (sky130_fd_sc_hd__dfrtp_2)
                                              1.970961   data arrival time

                      0.150000   32.000000   32.000000   clock i_clk (rise edge)
                                  0.000000   32.000000   clock network delay (ideal)
                                 -0.250000   31.750000   clock uncertainty
                                  0.000000   31.750000   clock reconvergence pessimism
                                             31.750000 ^ _1251_/CLK (sky130_fd_sc_hd__dfrtp_2)
                                 -0.077143   31.672855   library setup time
                                             31.672855   data required time
---------------------------------------------------------------------------------------------
                                             31.672855   data required time
                                             -1.970961   data arrival time
---------------------------------------------------------------------------------------------
                                             29.701893   slack (MET)


Startpoint: _1186_ (rising edge-triggered flip-flop clocked by i_clk)
Endpoint: _1126_ (rising edge-triggered flip-flop clocked by i_clk)
Path Group: i_clk
Path Type: max

Fanout         Cap        Slew       Delay        Time   Description
---------------------------------------------------------------------------------------------
                      0.150000    0.000000    0.000000   clock i_clk (rise edge)
                                  0.000000    0.000000   clock network delay (ideal)
                      0.150000    0.000000    0.000000 ^ _1186_/CLK (sky130_fd_sc_hd__dfrtp_2)
     4    0.039227    0.122306    0.517828    0.517828 v _1186_/Q (sky130_fd_sc_hd__dfrtp_2)
                                                         o_transmit_data_request (net)
                      0.122306    0.000000    0.517828 v _0939_/A2 (sky130_fd_sc_hd__o2111a_2)
     6    0.012050    0.064531    0.305038    0.822865 v _0939_/X (sky130_fd_sc_hd__o2111a_2)
                                                         _0516_ (net)
                      0.064531    0.000000    0.822865 v _0949_/D (sky130_fd_sc_hd__and4_2)
     5    0.013395    0.065809    0.270521    1.093387 v _0949_/X (sky130_fd_sc_hd__and4_2)
                                                         _0523_ (net)
                      0.065809    0.000000    1.093387 v _0951_/B (sky130_fd_sc_hd__or2_2)
     1    0.001475    0.049372    0.265347    1.358734 v _0951_/X (sky130_fd_sc_hd__or2_2)
                                                         _0524_ (net)
                      0.049372    0.000000    1.358734 v _0953_/B (sky130_fd_sc_hd__and3_2)
     1    0.001949    0.035287    0.184799    1.543533 v _0953_/X (sky130_fd_sc_hd__and3_2)
                                                         _0249_ (net)
                      0.035287    0.000000    1.543533 v _1126_/D (sky130_fd_sc_hd__dfrtp_2)
                                              1.543533   data arrival time

                      0.150000   32.000000   32.000000   clock i_clk (rise edge)
                                  0.000000   32.000000   clock network delay (ideal)
                                 -0.250000   31.750000   clock uncertainty
                                  0.000000   31.750000   clock reconvergence pessimism
                                             31.750000 ^ _1126_/CLK (sky130_fd_sc_hd__dfrtp_2)
                                 -0.086970   31.663029   library setup time
                                             31.663029   data required time
---------------------------------------------------------------------------------------------
                                             31.663029   data required time
                                             -1.543533   data arrival time
---------------------------------------------------------------------------------------------
                                             30.119495   slack (MET)


Startpoint: _1131_ (rising edge-triggered flip-flop clocked by i_clk)
Endpoint: _1138_ (rising edge-triggered flip-flop clocked by i_clk)
Path Group: i_clk
Path Type: max

Fanout         Cap        Slew       Delay        Time   Description
---------------------------------------------------------------------------------------------
                      0.150000    0.000000    0.000000   clock i_clk (rise edge)
                                  0.000000    0.000000   clock network delay (ideal)
                      0.150000    0.000000    0.000000 ^ _1131_/CLK (sky130_fd_sc_hd__dfrtp_2)
     6    0.022460    0.086556    0.478188    0.478188 v _1131_/Q (sky130_fd_sc_hd__dfrtp_2)
                                                         u_i2c_master_controller.i2cbus_cntrl_fsm.scl_gen.count[0] (net)
                      0.086556    0.000000    0.478188 v _0579_/D (sky130_fd_sc_hd__and4_2)
     6    0.018066    0.075047    0.291858    0.770046 v _0579_/X (sky130_fd_sc_hd__and4_2)
                                                         _0320_ (net)
                      0.075047    0.000000    0.770046 v _0581_/D (sky130_fd_sc_hd__and4_2)
     7    0.026190    0.090896    0.305057    1.075103 v _0581_/X (sky130_fd_sc_hd__and4_2)
                                                         _0322_ (net)
                      0.090896    0.000000    1.075103 v _0587_/A3 (sky130_fd_sc_hd__a311o_2)
     1    0.004136    0.059177    0.401048    1.476151 v _0587_/X (sky130_fd_sc_hd__a311o_2)
                                                         _0327_ (net)
                      0.059177    0.000000    1.476151 v _0588_/B (sky130_fd_sc_hd__nor2_2)
     1    0.002005    0.054173    0.068386    1.544536 ^ _0588_/Y (sky130_fd_sc_hd__nor2_2)
                                                         _0261_ (net)
                      0.054173    0.000000    1.544536 ^ _1138_/D (sky130_fd_sc_hd__dfrtp_2)
                                              1.544536   data arrival time

                      0.150000   32.000000   32.000000   clock i_clk (rise edge)
                                  0.000000   32.000000   clock network delay (ideal)
                                 -0.250000   31.750000   clock uncertainty
                                  0.000000   31.750000   clock reconvergence pessimism
                                             31.750000 ^ _1138_/CLK (sky130_fd_sc_hd__dfrtp_2)
                                 -0.049579   31.700420   library setup time
                                             31.700420   data required time
---------------------------------------------------------------------------------------------
                                             31.700420   data required time
                                             -1.544536   data arrival time
---------------------------------------------------------------------------------------------
                                             30.155886   slack (MET)


Startpoint: _1186_ (rising edge-triggered flip-flop clocked by i_clk)
Endpoint: _1122_ (rising edge-triggered flip-flop clocked by i_clk)
Path Group: i_clk
Path Type: max

Fanout         Cap        Slew       Delay        Time   Description
---------------------------------------------------------------------------------------------
                      0.150000    0.000000    0.000000   clock i_clk (rise edge)
                                  0.000000    0.000000   clock network delay (ideal)
                      0.150000    0.000000    0.000000 ^ _1186_/CLK (sky130_fd_sc_hd__dfrtp_2)
     4    0.039227    0.122306    0.517828    0.517828 v _1186_/Q (sky130_fd_sc_hd__dfrtp_2)
                                                         o_transmit_data_request (net)
                      0.122306    0.000000    0.517828 v _0932_/B (sky130_fd_sc_hd__or2_2)
     4    0.009198    0.074928    0.325998    0.843826 v _0932_/X (sky130_fd_sc_hd__or2_2)
                                                         _0511_ (net)
                      0.074928    0.000000    0.843826 v _0937_/C (sky130_fd_sc_hd__and3_2)
     2    0.002692    0.037655    0.213896    1.057722 v _0937_/X (sky130_fd_sc_hd__and3_2)
                                                         _0515_ (net)
                      0.037655    0.000000    1.057722 v _0940_/B (sky130_fd_sc_hd__or2_2)
     1    0.001470    0.049431    0.255669    1.313391 v _0940_/X (sky130_fd_sc_hd__or2_2)
                                                         _0517_ (net)
                      0.049431    0.000000    1.313391 v _0941_/B (sky130_fd_sc_hd__and3b_2)
     1    0.001949    0.035687    0.184839    1.498229 v _0941_/X (sky130_fd_sc_hd__and3b_2)
                                                         _0245_ (net)
                      0.035687    0.000000    1.498229 v _1122_/D (sky130_fd_sc_hd__dfrtp_2)
                                              1.498229   data arrival time

                      0.150000   32.000000   32.000000   clock i_clk (rise edge)
                                  0.000000   32.000000   clock network delay (ideal)
                                 -0.250000   31.750000   clock uncertainty
                                  0.000000   31.750000   clock reconvergence pessimism
                                             31.750000 ^ _1122_/CLK (sky130_fd_sc_hd__dfrtp_2)
                                 -0.087145   31.662855   library setup time
                                             31.662855   data required time
---------------------------------------------------------------------------------------------
                                             31.662855   data required time
                                             -1.498229   data arrival time
---------------------------------------------------------------------------------------------
                                             30.164625   slack (MET)


Startpoint: _1186_ (rising edge-triggered flip-flop clocked by i_clk)
Endpoint: _1125_ (rising edge-triggered flip-flop clocked by i_clk)
Path Group: i_clk
Path Type: max

Fanout         Cap        Slew       Delay        Time   Description
---------------------------------------------------------------------------------------------
                      0.150000    0.000000    0.000000   clock i_clk (rise edge)
                                  0.000000    0.000000   clock network delay (ideal)
                      0.150000    0.000000    0.000000 ^ _1186_/CLK (sky130_fd_sc_hd__dfrtp_2)
     4    0.039227    0.122306    0.517828    0.517828 v _1186_/Q (sky130_fd_sc_hd__dfrtp_2)
                                                         o_transmit_data_request (net)
                      0.122306    0.000000    0.517828 v _0939_/A2 (sky130_fd_sc_hd__o2111a_2)
     6    0.012050    0.064531    0.305038    0.822865 v _0939_/X (sky130_fd_sc_hd__o2111a_2)
                                                         _0516_ (net)
                      0.064531    0.000000    0.822865 v _0946_/C (sky130_fd_sc_hd__and3_2)
     2    0.002692    0.037690    0.209190    1.032055 v _0946_/X (sky130_fd_sc_hd__and3_2)
                                                         _0521_ (net)
                      0.037690    0.000000    1.032055 v _0948_/B (sky130_fd_sc_hd__or2_2)
     1    0.001448    0.049347    0.255533    1.287588 v _0948_/X (sky130_fd_sc_hd__or2_2)
                                                         _0522_ (net)
                      0.049347    0.000000    1.287588 v _0950_/C (sky130_fd_sc_hd__and3b_2)
     1    0.001949    0.035691    0.198680    1.486269 v _0950_/X (sky130_fd_sc_hd__and3b_2)
                                                         _0248_ (net)
                      0.035691    0.000000    1.486269 v _1125_/D (sky130_fd_sc_hd__dfrtp_2)
                                              1.486269   data arrival time

                      0.150000   32.000000   32.000000   clock i_clk (rise edge)
                                  0.000000   32.000000   clock network delay (ideal)
                                 -0.250000   31.750000   clock uncertainty
                                  0.000000   31.750000   clock reconvergence pessimism
                                             31.750000 ^ _1125_/CLK (sky130_fd_sc_hd__dfrtp_2)
                                 -0.087147   31.662851   library setup time
                                             31.662851   data required time
---------------------------------------------------------------------------------------------
                                             31.662851   data required time
                                             -1.486269   data arrival time
---------------------------------------------------------------------------------------------
                                             30.176584   slack (MET)


Startpoint: _1131_ (rising edge-triggered flip-flop clocked by i_clk)
Endpoint: _1139_ (rising edge-triggered flip-flop clocked by i_clk)
Path Group: i_clk
Path Type: max

Fanout         Cap        Slew       Delay        Time   Description
---------------------------------------------------------------------------------------------
                      0.150000    0.000000    0.000000   clock i_clk (rise edge)
                                  0.000000    0.000000   clock network delay (ideal)
                      0.150000    0.000000    0.000000 ^ _1131_/CLK (sky130_fd_sc_hd__dfrtp_2)
     6    0.022460    0.086556    0.478188    0.478188 v _1131_/Q (sky130_fd_sc_hd__dfrtp_2)
                                                         u_i2c_master_controller.i2cbus_cntrl_fsm.scl_gen.count[0] (net)
                      0.086556    0.000000    0.478188 v _0579_/D (sky130_fd_sc_hd__and4_2)
     6    0.018066    0.075047    0.291858    0.770046 v _0579_/X (sky130_fd_sc_hd__and4_2)
                                                         _0320_ (net)
                      0.075047    0.000000    0.770046 v _0581_/D (sky130_fd_sc_hd__and4_2)
     7    0.026190    0.090896    0.305057    1.075103 v _0581_/X (sky130_fd_sc_hd__and4_2)
                                                         _0322_ (net)
                      0.090896    0.000000    1.075103 v _0582_/A3 (sky130_fd_sc_hd__a31o_2)
     1    0.001404    0.033119    0.248045    1.323148 v _0582_/X (sky130_fd_sc_hd__a31o_2)
                                                         _0323_ (net)
                      0.033119    0.000000    1.323148 v _0585_/A (sky130_fd_sc_hd__and3_2)
     1    0.001949    0.035236    0.157823    1.480971 v _0585_/X (sky130_fd_sc_hd__and3_2)
                                                         _0262_ (net)
                      0.035236    0.000000    1.480971 v _1139_/D (sky130_fd_sc_hd__dfrtp_2)
                                              1.480971   data arrival time

                      0.150000   32.000000   32.000000   clock i_clk (rise edge)
                                  0.000000   32.000000   clock network delay (ideal)
                                 -0.250000   31.750000   clock uncertainty
                                  0.000000   31.750000   clock reconvergence pessimism
                                             31.750000 ^ _1139_/CLK (sky130_fd_sc_hd__dfrtp_2)
                                 -0.086948   31.663050   library setup time
                                             31.663050   data required time
---------------------------------------------------------------------------------------------
                                             31.663050   data required time
                                             -1.480971   data arrival time
---------------------------------------------------------------------------------------------
                                             30.182079   slack (MET)


Startpoint: _1186_ (rising edge-triggered flip-flop clocked by i_clk)
Endpoint: _1127_ (rising edge-triggered flip-flop clocked by i_clk)
Path Group: i_clk
Path Type: max

Fanout         Cap        Slew       Delay        Time   Description
---------------------------------------------------------------------------------------------
                      0.150000    0.000000    0.000000   clock i_clk (rise edge)
                                  0.000000    0.000000   clock network delay (ideal)
                      0.150000    0.000000    0.000000 ^ _1186_/CLK (sky130_fd_sc_hd__dfrtp_2)
     4    0.039227    0.122306    0.517828    0.517828 v _1186_/Q (sky130_fd_sc_hd__dfrtp_2)
                                                         o_transmit_data_request (net)
                      0.122306    0.000000    0.517828 v _0939_/A2 (sky130_fd_sc_hd__o2111a_2)
     6    0.012050    0.064531    0.305038    0.822865 v _0939_/X (sky130_fd_sc_hd__o2111a_2)
                                                         _0516_ (net)
                      0.064531    0.000000    0.822865 v _0949_/D (sky130_fd_sc_hd__and4_2)
     5    0.013395    0.065809    0.270521    1.093387 v _0949_/X (sky130_fd_sc_hd__and4_2)
                                                         _0523_ (net)
                      0.065809    0.000000    1.093387 v _0954_/A2 (sky130_fd_sc_hd__a21o_2)
     1    0.001475    0.029901    0.204305    1.297692 v _0954_/X (sky130_fd_sc_hd__a21o_2)
                                                         _0526_ (net)
                      0.029901    0.000000    1.297692 v _0956_/B (sky130_fd_sc_hd__and3_2)
     1    0.001949    0.035260    0.176215    1.473907 v _0956_/X (sky130_fd_sc_hd__and3_2)
                                                         _0250_ (net)
                      0.035260    0.000000    1.473907 v _1127_/D (sky130_fd_sc_hd__dfrtp_2)
                                              1.473907   data arrival time

                      0.150000   32.000000   32.000000   clock i_clk (rise edge)
                                  0.000000   32.000000   clock network delay (ideal)
                                 -0.250000   31.750000   clock uncertainty
                                  0.000000   31.750000   clock reconvergence pessimism
                                             31.750000 ^ _1127_/CLK (sky130_fd_sc_hd__dfrtp_2)
                                 -0.086959   31.663040   library setup time
                                             31.663040   data required time
---------------------------------------------------------------------------------------------
                                             31.663040   data required time
                                             -1.473907   data arrival time
---------------------------------------------------------------------------------------------
                                             30.189133   slack (MET)


Startpoint: _1161_ (rising edge-triggered flip-flop clocked by i_clk)
Endpoint: _1163_ (rising edge-triggered flip-flop clocked by i_clk)
Path Group: i_clk
Path Type: max

Fanout         Cap        Slew       Delay        Time   Description
---------------------------------------------------------------------------------------------
                      0.150000    0.000000    0.000000   clock i_clk (rise edge)
                                  0.000000    0.000000   clock network delay (ideal)
                      0.150000    0.000000    0.000000 ^ _1161_/CLK (sky130_fd_sc_hd__dfrtp_2)
     8    0.022310    0.086235    0.477823    0.477823 v _1161_/Q (sky130_fd_sc_hd__dfrtp_2)
                                                         u_i2c_master_controller.cntrl_fsm.cntrl_fsm.state[2] (net)
                      0.086235    0.000000    0.477823 v _0660_/A (sky130_fd_sc_hd__or2_2)
     4    0.009198    0.074759    0.332184    0.810007 v _0660_/X (sky130_fd_sc_hd__or2_2)
                                                         _0356_ (net)
                      0.074759    0.000000    0.810007 v _0671_/A2 (sky130_fd_sc_hd__a31o_2)
     1    0.001455    0.033334    0.228497    1.038503 v _0671_/X (sky130_fd_sc_hd__a31o_2)
                                                         _0360_ (net)
                      0.033334    0.000000    1.038503 v _0672_/C (sky130_fd_sc_hd__and3_2)
     2    0.004144    0.042182    0.202741    1.241245 v _0672_/X (sky130_fd_sc_hd__and3_2)
                                                         _0041_ (net)
                      0.042182    0.000000    1.241245 v _0673_/B1 (sky130_fd_sc_hd__a21o_2)
     1    0.001949    0.031493    0.174150    1.415395 v _0673_/X (sky130_fd_sc_hd__a21o_2)
                                                         _0011_ (net)
                      0.031493    0.000000    1.415395 v _1163_/D (sky130_fd_sc_hd__dfrtp_2)
                                              1.415395   data arrival time

                      0.150000   32.000000   32.000000   clock i_clk (rise edge)
                                  0.000000   32.000000   clock network delay (ideal)
                                 -0.250000   31.750000   clock uncertainty
                                  0.000000   31.750000   clock reconvergence pessimism
                                             31.750000 ^ _1163_/CLK (sky130_fd_sc_hd__dfrtp_2)
                                 -0.085316   31.664684   library setup time
                                             31.664684   data required time
---------------------------------------------------------------------------------------------
                                             31.664684   data required time
                                             -1.415395   data arrival time
---------------------------------------------------------------------------------------------
                                             30.249290   slack (MET)


Startpoint: _1161_ (rising edge-triggered flip-flop clocked by i_clk)
Endpoint: _1168_ (rising edge-triggered flip-flop clocked by i_clk)
Path Group: i_clk
Path Type: max

Fanout         Cap        Slew       Delay        Time   Description
---------------------------------------------------------------------------------------------
                      0.150000    0.000000    0.000000   clock i_clk (rise edge)
                                  0.000000    0.000000   clock network delay (ideal)
                      0.150000    0.000000    0.000000 ^ _1161_/CLK (sky130_fd_sc_hd__dfrtp_2)
     8    0.022310    0.086235    0.477823    0.477823 v _1161_/Q (sky130_fd_sc_hd__dfrtp_2)
                                                         u_i2c_master_controller.cntrl_fsm.cntrl_fsm.state[2] (net)
                      0.086235    0.000000    0.477823 v _0660_/A (sky130_fd_sc_hd__or2_2)
     4    0.009198    0.074759    0.332184    0.810007 v _0660_/X (sky130_fd_sc_hd__or2_2)
                                                         _0356_ (net)
                      0.074759    0.000000    0.810007 v _0662_/C (sky130_fd_sc_hd__and4_2)
     1    0.002243    0.038688    0.224325    1.034331 v _0662_/X (sky130_fd_sc_hd__and4_2)
                                                         _0358_ (net)
                      0.038688    0.000000    1.034331 v _0663_/A2 (sky130_fd_sc_hd__o21a_2)
     2    0.004144    0.038425    0.189803    1.224134 v _0663_/X (sky130_fd_sc_hd__o21a_2)
                                                         _0042_ (net)
                      0.038425    0.000000    1.224134 v _0664_/B1 (sky130_fd_sc_hd__a21o_2)
     1    0.001949    0.031507    0.172989    1.397123 v _0664_/X (sky130_fd_sc_hd__a21o_2)
                                                         _0016_ (net)
                      0.031507    0.000000    1.397123 v _1168_/D (sky130_fd_sc_hd__dfrtp_2)
                                              1.397123   data arrival time

                      0.150000   32.000000   32.000000   clock i_clk (rise edge)
                                  0.000000   32.000000   clock network delay (ideal)
                                 -0.250000   31.750000   clock uncertainty
                                  0.000000   31.750000   clock reconvergence pessimism
                                             31.750000 ^ _1168_/CLK (sky130_fd_sc_hd__dfrtp_2)
                                 -0.085322   31.664677   library setup time
                                             31.664677   data required time
---------------------------------------------------------------------------------------------
                                             31.664677   data required time
                                             -1.397123   data arrival time
---------------------------------------------------------------------------------------------
                                             30.267555   slack (MET)


Startpoint: _1213_ (rising edge-triggered flip-flop clocked by i_clk)
Endpoint: _1224_ (rising edge-triggered flip-flop clocked by i_clk)
Path Group: i_clk
Path Type: max

Fanout         Cap        Slew       Delay        Time   Description
---------------------------------------------------------------------------------------------
                      0.150000    0.000000    0.000000   clock i_clk (rise edge)
                                  0.000000    0.000000   clock network delay (ideal)
                      0.150000    0.000000    0.000000 ^ _1213_/CLK (sky130_fd_sc_hd__dfrtp_2)
     7    0.017493    0.075921    0.466100    0.466100 v _1213_/Q (sky130_fd_sc_hd__dfrtp_2)
                                                         u_i2c_master_controller.i2cbus_cntrl_fsm.start_gen.delay_gen.count[0] (net)
                      0.075921    0.000000    0.466100 v _0750_/B (sky130_fd_sc_hd__and4_2)
     9    0.019275    0.077394    0.262778    0.728878 v _0750_/X (sky130_fd_sc_hd__and4_2)
                                                         _0411_ (net)
                      0.077394    0.000000    0.728878 v _0765_/B (sky130_fd_sc_hd__and3_2)
     5    0.016918    0.071496    0.246454    0.975331 v _0765_/X (sky130_fd_sc_hd__and3_2)
                                                         _0421_ (net)
                      0.071496    0.000000    0.975331 v _0770_/C (sky130_fd_sc_hd__and3_2)
     2    0.006245    0.047574    0.226869    1.202200 v _0770_/X (sky130_fd_sc_hd__and3_2)
                                                         _0424_ (net)
                      0.047574    0.000000    1.202200 v _0775_/A2 (sky130_fd_sc_hd__o21a_2)
     1    0.001949    0.031328    0.182498    1.384699 v _0775_/X (sky130_fd_sc_hd__o21a_2)
                                                         _0056_ (net)
                      0.031328    0.000000    1.384699 v _1224_/D (sky130_fd_sc_hd__dfrtp_2)
                                              1.384699   data arrival time

                      0.150000   32.000000   32.000000   clock i_clk (rise edge)
                                  0.000000   32.000000   clock network delay (ideal)
                                 -0.250000   31.750000   clock uncertainty
                                  0.000000   31.750000   clock reconvergence pessimism
                                             31.750000 ^ _1224_/CLK (sky130_fd_sc_hd__dfrtp_2)
                                 -0.085244   31.664755   library setup time
                                             31.664755   data required time
---------------------------------------------------------------------------------------------
                                             31.664755   data required time
                                             -1.384699   data arrival time
---------------------------------------------------------------------------------------------
                                             30.280056   slack (MET)


Startpoint: _1235_ (rising edge-triggered flip-flop clocked by i_clk)
Endpoint: _1246_ (rising edge-triggered flip-flop clocked by i_clk)
Path Group: i_clk
Path Type: max

Fanout         Cap        Slew       Delay        Time   Description
---------------------------------------------------------------------------------------------
                      0.150000    0.000000    0.000000   clock i_clk (rise edge)
                                  0.000000    0.000000   clock network delay (ideal)
                      0.150000    0.000000    0.000000 ^ _1235_/CLK (sky130_fd_sc_hd__dfrtp_2)
     7    0.017493    0.075921    0.466100    0.466100 v _1235_/Q (sky130_fd_sc_hd__dfrtp_2)
                                                         u_i2c_master_controller.i2cbus_cntrl_fsm.stop_gen.delay_gen.count[0] (net)
                      0.075921    0.000000    0.466100 v _0794_/B (sky130_fd_sc_hd__and4_2)
     9    0.019275    0.077394    0.262778    0.728878 v _0794_/X (sky130_fd_sc_hd__and4_2)
                                                         _0439_ (net)
                      0.077394    0.000000    0.728878 v _0809_/B (sky130_fd_sc_hd__and3_2)
     5    0.016918    0.071496    0.246454    0.975331 v _0809_/X (sky130_fd_sc_hd__and3_2)
                                                         _0449_ (net)
                      0.071496    0.000000    0.975331 v _0814_/C (sky130_fd_sc_hd__and3_2)
     2    0.006245    0.047574    0.226869    1.202200 v _0814_/X (sky130_fd_sc_hd__and3_2)
                                                         _0452_ (net)
                      0.047574    0.000000    1.202200 v _0819_/A2 (sky130_fd_sc_hd__o21a_2)
     1    0.001949    0.031328    0.182498    1.384699 v _0819_/X (sky130_fd_sc_hd__o21a_2)
                                                         _0075_ (net)
                      0.031328    0.000000    1.384699 v _1246_/D (sky130_fd_sc_hd__dfrtp_2)
                                              1.384699   data arrival time

                      0.150000   32.000000   32.000000   clock i_clk (rise edge)
                                  0.000000   32.000000   clock network delay (ideal)
                                 -0.250000   31.750000   clock uncertainty
                                  0.000000   31.750000   clock reconvergence pessimism
                                             31.750000 ^ _1246_/CLK (sky130_fd_sc_hd__dfrtp_2)
                                 -0.085244   31.664755   library setup time
                                             31.664755   data required time
---------------------------------------------------------------------------------------------
                                             31.664755   data required time
                                             -1.384699   data arrival time
---------------------------------------------------------------------------------------------
                                             30.280056   slack (MET)


Startpoint: _1213_ (rising edge-triggered flip-flop clocked by i_clk)
Endpoint: _1225_ (rising edge-triggered flip-flop clocked by i_clk)
Path Group: i_clk
Path Type: max

Fanout         Cap        Slew       Delay        Time   Description
---------------------------------------------------------------------------------------------
                      0.150000    0.000000    0.000000   clock i_clk (rise edge)
                                  0.000000    0.000000   clock network delay (ideal)
                      0.150000    0.000000    0.000000 ^ _1213_/CLK (sky130_fd_sc_hd__dfrtp_2)
     7    0.017493    0.075921    0.466100    0.466100 v _1213_/Q (sky130_fd_sc_hd__dfrtp_2)
                                                         u_i2c_master_controller.i2cbus_cntrl_fsm.start_gen.delay_gen.count[0] (net)
                      0.075921    0.000000    0.466100 v _0750_/B (sky130_fd_sc_hd__and4_2)
     9    0.019275    0.077394    0.262778    0.728878 v _0750_/X (sky130_fd_sc_hd__and4_2)
                                                         _0411_ (net)
                      0.077394    0.000000    0.728878 v _0773_/A (sky130_fd_sc_hd__and3_2)
     3    0.009672    0.055608    0.205333    0.934210 v _0773_/X (sky130_fd_sc_hd__and3_2)
                                                         _0426_ (net)
                      0.055608    0.000000    0.934210 v _0776_/B (sky130_fd_sc_hd__or2_2)
     1    0.001475    0.049484    0.261443    1.195653 v _0776_/X (sky130_fd_sc_hd__or2_2)
                                                         _0428_ (net)
                      0.049484    0.000000    1.195653 v _0778_/B (sky130_fd_sc_hd__and3_2)
     1    0.001949    0.035275    0.184849    1.380502 v _0778_/X (sky130_fd_sc_hd__and3_2)
                                                         _0057_ (net)
                      0.035275    0.000000    1.380502 v _1225_/D (sky130_fd_sc_hd__dfrtp_2)
                                              1.380502   data arrival time

                      0.150000   32.000000   32.000000   clock i_clk (rise edge)
                                  0.000000   32.000000   clock network delay (ideal)
                                 -0.250000   31.750000   clock uncertainty
                                  0.000000   31.750000   clock reconvergence pessimism
                                             31.750000 ^ _1225_/CLK (sky130_fd_sc_hd__dfrtp_2)
                                 -0.086965   31.663033   library setup time
                                             31.663033   data required time
---------------------------------------------------------------------------------------------
                                             31.663033   data required time
                                             -1.380502   data arrival time
---------------------------------------------------------------------------------------------
                                             30.282530   slack (MET)


Startpoint: _1235_ (rising edge-triggered flip-flop clocked by i_clk)
Endpoint: _1247_ (rising edge-triggered flip-flop clocked by i_clk)
Path Group: i_clk
Path Type: max

Fanout         Cap        Slew       Delay        Time   Description
---------------------------------------------------------------------------------------------
                      0.150000    0.000000    0.000000   clock i_clk (rise edge)
                                  0.000000    0.000000   clock network delay (ideal)
                      0.150000    0.000000    0.000000 ^ _1235_/CLK (sky130_fd_sc_hd__dfrtp_2)
     7    0.017493    0.075921    0.466100    0.466100 v _1235_/Q (sky130_fd_sc_hd__dfrtp_2)
                                                         u_i2c_master_controller.i2cbus_cntrl_fsm.stop_gen.delay_gen.count[0] (net)
                      0.075921    0.000000    0.466100 v _0794_/B (sky130_fd_sc_hd__and4_2)
     9    0.019275    0.077394    0.262778    0.728878 v _0794_/X (sky130_fd_sc_hd__and4_2)
                                                         _0439_ (net)
                      0.077394    0.000000    0.728878 v _0817_/A (sky130_fd_sc_hd__and3_2)
     3    0.009672    0.055608    0.205333    0.934210 v _0817_/X (sky130_fd_sc_hd__and3_2)
                                                         _0454_ (net)
                      0.055608    0.000000    0.934210 v _0820_/B (sky130_fd_sc_hd__or2_2)
     1    0.001475    0.049484    0.261443    1.195653 v _0820_/X (sky130_fd_sc_hd__or2_2)
                                                         _0456_ (net)
                      0.049484    0.000000    1.195653 v _0822_/B (sky130_fd_sc_hd__and3_2)
     1    0.001949    0.035275    0.184849    1.380502 v _0822_/X (sky130_fd_sc_hd__and3_2)
                                                         _0076_ (net)
                      0.035275    0.000000    1.380502 v _1247_/D (sky130_fd_sc_hd__dfrtp_2)
                                              1.380502   data arrival time

                      0.150000   32.000000   32.000000   clock i_clk (rise edge)
                                  0.000000   32.000000   clock network delay (ideal)
                                 -0.250000   31.750000   clock uncertainty
                                  0.000000   31.750000   clock reconvergence pessimism
                                             31.750000 ^ _1247_/CLK (sky130_fd_sc_hd__dfrtp_2)
                                 -0.086965   31.663033   library setup time
                                             31.663033   data required time
---------------------------------------------------------------------------------------------
                                             31.663033   data required time
                                             -1.380502   data arrival time
---------------------------------------------------------------------------------------------
                                             30.282530   slack (MET)


Startpoint: _1114_ (rising edge-triggered flip-flop clocked by i_clk)
Endpoint: _1196_ (rising edge-triggered flip-flop clocked by i_clk)
Path Group: i_clk
Path Type: max

Fanout         Cap        Slew       Delay        Time   Description
---------------------------------------------------------------------------------------------
                      0.150000    0.000000    0.000000   clock i_clk (rise edge)
                                  0.000000    0.000000   clock network delay (ideal)
                      0.150000    0.000000    0.000000 ^ _1114_/CLK (sky130_fd_sc_hd__dfrtp_2)
     2    0.004473    0.044835    0.423967    0.423967 v _1114_/Q (sky130_fd_sc_hd__dfrtp_2)
                                                         u_i2c_master_controller.cntrl_fsm.byte_tx_fsm.i_tx_data[3] (net)
                      0.044835    0.000000    0.423967 v _0834_/A2 (sky130_fd_sc_hd__a22o_2)
     1    0.002067    0.037444    0.244273    0.668240 v _0834_/X (sky130_fd_sc_hd__a22o_2)
                                                         _0466_ (net)
                      0.037444    0.000000    0.668240 v _0835_/C1 (sky130_fd_sc_hd__a221o_2)
     1    0.001539    0.047786    0.279557    0.947796 v _0835_/X (sky130_fd_sc_hd__a221o_2)
                                                         _0467_ (net)
                      0.047786    0.000000    0.947796 v _0838_/B (sky130_fd_sc_hd__or3_2)
     1    0.002233    0.073411    0.435095    1.382892 v _0838_/X (sky130_fd_sc_hd__or3_2)
                                                         _0281_ (net)
                      0.073411    0.000000    1.382892 v _1196_/D (sky130_fd_sc_hd__dfstp_2)
                                              1.382892   data arrival time

                      0.150000   32.000000   32.000000   clock i_clk (rise edge)
                                  0.000000   32.000000   clock network delay (ideal)
                                 -0.250000   31.750000   clock uncertainty
                                  0.000000   31.750000   clock reconvergence pessimism
                                             31.750000 ^ _1196_/CLK (sky130_fd_sc_hd__dfstp_2)
                                 -0.057759   31.692240   library setup time
                                             31.692240   data required time
---------------------------------------------------------------------------------------------
                                             31.692240   data required time
                                             -1.382892   data arrival time
---------------------------------------------------------------------------------------------
                                             30.309349   slack (MET)


Startpoint: _1094_ (rising edge-triggered flip-flop clocked by i_clk)
Endpoint: _1077_ (rising edge-triggered flip-flop clocked by i_clk)
Path Group: i_clk
Path Type: max

Fanout         Cap        Slew       Delay        Time   Description
---------------------------------------------------------------------------------------------
                      0.150000    0.000000    0.000000   clock i_clk (rise edge)
                                  0.000000    0.000000   clock network delay (ideal)
                      0.150000    0.000000    0.000000 ^ _1094_/CLK (sky130_fd_sc_hd__dfrtp_2)
     3    0.006149    0.049078    0.430176    0.430176 v _1094_/Q (sky130_fd_sc_hd__dfrtp_2)
                                                         u_i2c_master_controller.cntrl_fsm.tx_done_reg (net)
                      0.049078    0.000000    0.430176 v _0607_/A1 (sky130_fd_sc_hd__o21ba_2)
     1    0.002120    0.033064    0.201342    0.631518 v _0607_/X (sky130_fd_sc_hd__o21ba_2)
                                                         _0337_ (net)
                      0.033064    0.000000    0.631518 v _0608_/A3 (sky130_fd_sc_hd__o32a_2)
     1    0.001288    0.048008    0.299991    0.931508 v _0608_/X (sky130_fd_sc_hd__o32a_2)
                                                         _0338_ (net)
                      0.048008    0.000000    0.931508 v _0609_/C (sky130_fd_sc_hd__or3_2)
     1    0.001949    0.072029    0.394853    1.326361 v _0609_/X (sky130_fd_sc_hd__or3_2)
                                                         _0200_ (net)
                      0.072029    0.000000    1.326361 v _1077_/D (sky130_fd_sc_hd__dfrtp_2)
                                              1.326361   data arrival time

                      0.150000   32.000000   32.000000   clock i_clk (rise edge)
                                  0.000000   32.000000   clock network delay (ideal)
                                 -0.250000   31.750000   clock uncertainty
                                  0.000000   31.750000   clock reconvergence pessimism
                                             31.750000 ^ _1077_/CLK (sky130_fd_sc_hd__dfrtp_2)
                                 -0.102995   31.647005   library setup time
                                             31.647005   data required time
---------------------------------------------------------------------------------------------
                                             31.647005   data required time
                                             -1.326361   data arrival time
---------------------------------------------------------------------------------------------
                                             30.320642   slack (MET)


Startpoint: _1161_ (rising edge-triggered flip-flop clocked by i_clk)
Endpoint: _1160_ (rising edge-triggered flip-flop clocked by i_clk)
Path Group: i_clk
Path Type: max

Fanout         Cap        Slew       Delay        Time   Description
---------------------------------------------------------------------------------------------
                      0.150000    0.000000    0.000000   clock i_clk (rise edge)
                                  0.000000    0.000000   clock network delay (ideal)
                      0.150000    0.000000    0.000000 ^ _1161_/CLK (sky130_fd_sc_hd__dfrtp_2)
     8    0.022310    0.086235    0.477823    0.477823 v _1161_/Q (sky130_fd_sc_hd__dfrtp_2)
                                                         u_i2c_master_controller.cntrl_fsm.cntrl_fsm.state[2] (net)
                      0.086235    0.000000    0.477823 v _0660_/A (sky130_fd_sc_hd__or2_2)
     4    0.009198    0.074759    0.332184    0.810007 v _0660_/X (sky130_fd_sc_hd__or2_2)
                                                         _0356_ (net)
                      0.074759    0.000000    0.810007 v _0678_/B (sky130_fd_sc_hd__or2_2)
     6    0.015640    0.091424    0.330606    1.140613 v _0678_/X (sky130_fd_sc_hd__or2_2)
                                                         _0363_ (net)
                      0.091424    0.000000    1.140613 v _0679_/A2 (sky130_fd_sc_hd__a21oi_2)
     1    0.004740    0.101487    0.155446    1.296059 ^ _0679_/Y (sky130_fd_sc_hd__a21oi_2)
                                                         _0364_ (net)
                      0.101487    0.000000    1.296059 ^ _0680_/B (sky130_fd_sc_hd__nor2_2)
     1    0.001949    0.047141    0.034956    1.331015 v _0680_/Y (sky130_fd_sc_hd__nor2_2)
                                                         _0008_ (net)
                      0.047141    0.000000    1.331015 v _1160_/D (sky130_fd_sc_hd__dfrtp_2)
                                              1.331015   data arrival time

                      0.150000   32.000000   32.000000   clock i_clk (rise edge)
                                  0.000000   32.000000   clock network delay (ideal)
                                 -0.250000   31.750000   clock uncertainty
                                  0.000000   31.750000   clock reconvergence pessimism
                                             31.750000 ^ _1160_/CLK (sky130_fd_sc_hd__dfrtp_2)
                                 -0.092140   31.657860   library setup time
                                             31.657860   data required time
---------------------------------------------------------------------------------------------
                                             31.657860   data required time
                                             -1.331015   data arrival time
---------------------------------------------------------------------------------------------
                                             30.326845   slack (MET)


Startpoint: _1186_ (rising edge-triggered flip-flop clocked by i_clk)
Endpoint: _1120_ (rising edge-triggered flip-flop clocked by i_clk)
Path Group: i_clk
Path Type: max

Fanout         Cap        Slew       Delay        Time   Description
---------------------------------------------------------------------------------------------
                      0.150000    0.000000    0.000000   clock i_clk (rise edge)
                                  0.000000    0.000000   clock network delay (ideal)
                      0.150000    0.000000    0.000000 ^ _1186_/CLK (sky130_fd_sc_hd__dfrtp_2)
     4    0.039227    0.122306    0.517828    0.517828 v _1186_/Q (sky130_fd_sc_hd__dfrtp_2)
                                                         o_transmit_data_request (net)
                      0.122306    0.000000    0.517828 v _0932_/B (sky130_fd_sc_hd__or2_2)
     4    0.009198    0.074928    0.325998    0.843826 v _0932_/X (sky130_fd_sc_hd__or2_2)
                                                         _0511_ (net)
                      0.074928    0.000000    0.843826 v _0933_/B (sky130_fd_sc_hd__or2_2)
     1    0.001475    0.049378    0.268837    1.112662 v _0933_/X (sky130_fd_sc_hd__or2_2)
                                                         _0512_ (net)
                      0.049378    0.000000    1.112662 v _0935_/B (sky130_fd_sc_hd__and3_2)
     1    0.001949    0.035288    0.184802    1.297464 v _0935_/X (sky130_fd_sc_hd__and3_2)
                                                         _0243_ (net)
                      0.035288    0.000000    1.297464 v _1120_/D (sky130_fd_sc_hd__dfrtp_2)
                                              1.297464   data arrival time

                      0.150000   32.000000   32.000000   clock i_clk (rise edge)
                                  0.000000   32.000000   clock network delay (ideal)
                                 -0.250000   31.750000   clock uncertainty
                                  0.000000   31.750000   clock reconvergence pessimism
                                             31.750000 ^ _1120_/CLK (sky130_fd_sc_hd__dfrtp_2)
                                 -0.086971   31.663029   library setup time
                                             31.663029   data required time
---------------------------------------------------------------------------------------------
                                             31.663029   data required time
                                             -1.297464   data arrival time
---------------------------------------------------------------------------------------------
                                             30.365562   slack (MET)


Startpoint: _1186_ (rising edge-triggered flip-flop clocked by i_clk)
Endpoint: _1123_ (rising edge-triggered flip-flop clocked by i_clk)
Path Group: i_clk
Path Type: max

Fanout         Cap        Slew       Delay        Time   Description
---------------------------------------------------------------------------------------------
                      0.150000    0.000000    0.000000   clock i_clk (rise edge)
                                  0.000000    0.000000   clock network delay (ideal)
                      0.150000    0.000000    0.000000 ^ _1186_/CLK (sky130_fd_sc_hd__dfrtp_2)
     4    0.039227    0.122306    0.517828    0.517828 v _1186_/Q (sky130_fd_sc_hd__dfrtp_2)
                                                         o_transmit_data_request (net)
                      0.122306    0.000000    0.517828 v _0939_/A2 (sky130_fd_sc_hd__o2111a_2)
     6    0.012050    0.064531    0.305038    0.822865 v _0939_/X (sky130_fd_sc_hd__o2111a_2)
                                                         _0516_ (net)
                      0.064531    0.000000    0.822865 v _0943_/B (sky130_fd_sc_hd__or2_2)
     1    0.001455    0.049303    0.264730    1.087595 v _0943_/X (sky130_fd_sc_hd__or2_2)
                                                         _0519_ (net)
                      0.049303    0.000000    1.087595 v _0944_/C (sky130_fd_sc_hd__and3_2)
     1    0.001949    0.035249    0.198677    1.286272 v _0944_/X (sky130_fd_sc_hd__and3_2)
                                                         _0246_ (net)
                      0.035249    0.000000    1.286272 v _1123_/D (sky130_fd_sc_hd__dfrtp_2)
                                              1.286272   data arrival time

                      0.150000   32.000000   32.000000   clock i_clk (rise edge)
                                  0.000000   32.000000   clock network delay (ideal)
                                 -0.250000   31.750000   clock uncertainty
                                  0.000000   31.750000   clock reconvergence pessimism
                                             31.750000 ^ _1123_/CLK (sky130_fd_sc_hd__dfrtp_2)
                                 -0.086954   31.663046   library setup time
                                             31.663046   data required time
---------------------------------------------------------------------------------------------
                                             31.663046   data required time
                                             -1.286272   data arrival time
---------------------------------------------------------------------------------------------
                                             30.376776   slack (MET)


Startpoint: _1213_ (rising edge-triggered flip-flop clocked by i_clk)
Endpoint: _1223_ (rising edge-triggered flip-flop clocked by i_clk)
Path Group: i_clk
Path Type: max

Fanout         Cap        Slew       Delay        Time   Description
---------------------------------------------------------------------------------------------
                      0.150000    0.000000    0.000000   clock i_clk (rise edge)
                                  0.000000    0.000000   clock network delay (ideal)
                      0.150000    0.000000    0.000000 ^ _1213_/CLK (sky130_fd_sc_hd__dfrtp_2)
     7    0.017493    0.075921    0.466100    0.466100 v _1213_/Q (sky130_fd_sc_hd__dfrtp_2)
                                                         u_i2c_master_controller.i2cbus_cntrl_fsm.start_gen.delay_gen.count[0] (net)
                      0.075921    0.000000    0.466100 v _0750_/B (sky130_fd_sc_hd__and4_2)
     9    0.019275    0.077394    0.262778    0.728878 v _0750_/X (sky130_fd_sc_hd__and4_2)
                                                         _0411_ (net)
                      0.077394    0.000000    0.728878 v _0765_/B (sky130_fd_sc_hd__and3_2)
     5    0.016918    0.071496    0.246454    0.975331 v _0765_/X (sky130_fd_sc_hd__and3_2)
                                                         _0421_ (net)
                      0.071496    0.000000    0.975331 v _0770_/C (sky130_fd_sc_hd__and3_2)
     2    0.006245    0.047574    0.226869    1.202200 v _0770_/X (sky130_fd_sc_hd__and3_2)
                                                         _0424_ (net)
                      0.047574    0.000000    1.202200 v _0771_/C (sky130_fd_sc_hd__nor3_2)
     1    0.002005    0.104197    0.085009    1.287210 ^ _0771_/Y (sky130_fd_sc_hd__nor3_2)
                                                         _0055_ (net)
                      0.104197    0.000000    1.287210 ^ _1223_/D (sky130_fd_sc_hd__dfrtp_2)
                                              1.287210   data arrival time

                      0.150000   32.000000   32.000000   clock i_clk (rise edge)
                                  0.000000   32.000000   clock network delay (ideal)
                                 -0.250000   31.750000   clock uncertainty
                                  0.000000   31.750000   clock reconvergence pessimism
                                             31.750000 ^ _1223_/CLK (sky130_fd_sc_hd__dfrtp_2)
                                 -0.060999   31.688999   library setup time
                                             31.688999   data required time
---------------------------------------------------------------------------------------------
                                             31.688999   data required time
                                             -1.287210   data arrival time
---------------------------------------------------------------------------------------------
                                             30.401791   slack (MET)


Startpoint: _1235_ (rising edge-triggered flip-flop clocked by i_clk)
Endpoint: _1245_ (rising edge-triggered flip-flop clocked by i_clk)
Path Group: i_clk
Path Type: max

Fanout         Cap        Slew       Delay        Time   Description
---------------------------------------------------------------------------------------------
                      0.150000    0.000000    0.000000   clock i_clk (rise edge)
                                  0.000000    0.000000   clock network delay (ideal)
                      0.150000    0.000000    0.000000 ^ _1235_/CLK (sky130_fd_sc_hd__dfrtp_2)
     7    0.017493    0.075921    0.466100    0.466100 v _1235_/Q (sky130_fd_sc_hd__dfrtp_2)
                                                         u_i2c_master_controller.i2cbus_cntrl_fsm.stop_gen.delay_gen.count[0] (net)
                      0.075921    0.000000    0.466100 v _0794_/B (sky130_fd_sc_hd__and4_2)
     9    0.019275    0.077394    0.262778    0.728878 v _0794_/X (sky130_fd_sc_hd__and4_2)
                                                         _0439_ (net)
                      0.077394    0.000000    0.728878 v _0809_/B (sky130_fd_sc_hd__and3_2)
     5    0.016918    0.071496    0.246454    0.975331 v _0809_/X (sky130_fd_sc_hd__and3_2)
                                                         _0449_ (net)
                      0.071496    0.000000    0.975331 v _0814_/C (sky130_fd_sc_hd__and3_2)
     2    0.006245    0.047574    0.226869    1.202200 v _0814_/X (sky130_fd_sc_hd__and3_2)
                                                         _0452_ (net)
                      0.047574    0.000000    1.202200 v _0815_/C (sky130_fd_sc_hd__nor3_2)
     1    0.002005    0.104197    0.085009    1.287210 ^ _0815_/Y (sky130_fd_sc_hd__nor3_2)
                                                         _0074_ (net)
                      0.104197    0.000000    1.287210 ^ _1245_/D (sky130_fd_sc_hd__dfrtp_2)
                                              1.287210   data arrival time

                      0.150000   32.000000   32.000000   clock i_clk (rise edge)
                                  0.000000   32.000000   clock network delay (ideal)
                                 -0.250000   31.750000   clock uncertainty
                                  0.000000   31.750000   clock reconvergence pessimism
                                             31.750000 ^ _1245_/CLK (sky130_fd_sc_hd__dfrtp_2)
                                 -0.060999   31.688999   library setup time
                                             31.688999   data required time
---------------------------------------------------------------------------------------------
                                             31.688999   data required time
                                             -1.287210   data arrival time
---------------------------------------------------------------------------------------------
                                             30.401791   slack (MET)


Startpoint: _1131_ (rising edge-triggered flip-flop clocked by i_clk)
Endpoint: _1137_ (rising edge-triggered flip-flop clocked by i_clk)
Path Group: i_clk
Path Type: max

Fanout         Cap        Slew       Delay        Time   Description
---------------------------------------------------------------------------------------------
                      0.150000    0.000000    0.000000   clock i_clk (rise edge)
                                  0.000000    0.000000   clock network delay (ideal)
                      0.150000    0.000000    0.000000 ^ _1131_/CLK (sky130_fd_sc_hd__dfrtp_2)
     6    0.024757    0.134356    0.454180    0.454180 ^ _1131_/Q (sky130_fd_sc_hd__dfrtp_2)
                                                         u_i2c_master_controller.i2cbus_cntrl_fsm.scl_gen.count[0] (net)
                      0.134356    0.000000    0.454180 ^ _0579_/D (sky130_fd_sc_hd__and4_2)
     6    0.019992    0.132977    0.311770    0.765950 ^ _0579_/X (sky130_fd_sc_hd__and4_2)
                                                         _0320_ (net)
                      0.132977    0.000000    0.765950 ^ _0581_/D (sky130_fd_sc_hd__and4_2)
     7    0.029088    0.174380    0.347763    1.113713 ^ _0581_/X (sky130_fd_sc_hd__and4_2)
                                                         _0322_ (net)
                      0.174380    0.000000    1.113713 ^ _0589_/A2 (sky130_fd_sc_hd__o21ai_2)
     1    0.004119    0.074131    0.069653    1.183366 v _0589_/Y (sky130_fd_sc_hd__o21ai_2)
                                                         _0328_ (net)
                      0.074131    0.000000    1.183366 v _0590_/B1 (sky130_fd_sc_hd__a21oi_2)
     1    0.002005    0.072724    0.096631    1.279998 ^ _0590_/Y (sky130_fd_sc_hd__a21oi_2)
                                                         _0260_ (net)
                      0.072724    0.000000    1.279998 ^ _1137_/D (sky130_fd_sc_hd__dfrtp_2)
                                              1.279998   data arrival time

                      0.150000   32.000000   32.000000   clock i_clk (rise edge)
                                  0.000000   32.000000   clock network delay (ideal)
                                 -0.250000   31.750000   clock uncertainty
                                  0.000000   31.750000   clock reconvergence pessimism
                                             31.750000 ^ _1137_/CLK (sky130_fd_sc_hd__dfrtp_2)
                                 -0.053814   31.696186   library setup time
                                             31.696186   data required time
---------------------------------------------------------------------------------------------
                                             31.696186   data required time
                                             -1.279998   data arrival time
---------------------------------------------------------------------------------------------
                                             30.416189   slack (MET)


Startpoint: _1161_ (rising edge-triggered flip-flop clocked by i_clk)
Endpoint: _1186_ (rising edge-triggered flip-flop clocked by i_clk)
Path Group: i_clk
Path Type: max

Fanout         Cap        Slew       Delay        Time   Description
---------------------------------------------------------------------------------------------
                      0.150000    0.000000    0.000000   clock i_clk (rise edge)
                                  0.000000    0.000000   clock network delay (ideal)
                      0.150000    0.000000    0.000000 ^ _1161_/CLK (sky130_fd_sc_hd__dfrtp_2)
     8    0.022310    0.086235    0.477823    0.477823 v _1161_/Q (sky130_fd_sc_hd__dfrtp_2)
                                                         u_i2c_master_controller.cntrl_fsm.cntrl_fsm.state[2] (net)
                      0.086235    0.000000    0.477823 v _0660_/A (sky130_fd_sc_hd__or2_2)
     4    0.009198    0.074759    0.332184    0.810007 v _0660_/X (sky130_fd_sc_hd__or2_2)
                                                         _0356_ (net)
                      0.074759    0.000000    0.810007 v _0671_/A2 (sky130_fd_sc_hd__a31o_2)
     1    0.001455    0.033334    0.228497    1.038503 v _0671_/X (sky130_fd_sc_hd__a31o_2)
                                                         _0360_ (net)
                      0.033334    0.000000    1.038503 v _0672_/C (sky130_fd_sc_hd__and3_2)
     2    0.004144    0.042182    0.202741    1.241245 v _0672_/X (sky130_fd_sc_hd__and3_2)
                                                         _0041_ (net)
                      0.042182    0.000000    1.241245 v _1186_/D (sky130_fd_sc_hd__dfrtp_2)
                                              1.241245   data arrival time

                      0.150000   32.000000   32.000000   clock i_clk (rise edge)
                                  0.000000   32.000000   clock network delay (ideal)
                                 -0.250000   31.750000   clock uncertainty
                                  0.000000   31.750000   clock reconvergence pessimism
                                             31.750000 ^ _1186_/CLK (sky130_fd_sc_hd__dfrtp_2)
                                 -0.089978   31.660023   library setup time
                                             31.660023   data required time
---------------------------------------------------------------------------------------------
                                             31.660023   data required time
                                             -1.241245   data arrival time
---------------------------------------------------------------------------------------------
                                             30.418779   slack (MET)


Startpoint: _1219_ (rising edge-triggered flip-flop clocked by i_clk)
Endpoint: _1228_ (rising edge-triggered flip-flop clocked by i_clk)
Path Group: i_clk
Path Type: max

Fanout         Cap        Slew       Delay        Time   Description
---------------------------------------------------------------------------------------------
                      0.150000    0.000000    0.000000   clock i_clk (rise edge)
                                  0.000000    0.000000   clock network delay (ideal)
                      0.150000    0.000000    0.000000 ^ _1219_/CLK (sky130_fd_sc_hd__dfrtp_2)
     5    0.013025    0.066354    0.455226    0.455226 v _1219_/Q (sky130_fd_sc_hd__dfrtp_2)
                                                         u_i2c_master_controller.i2cbus_cntrl_fsm.start_gen.delay_gen.count[6] (net)
                      0.066354    0.000000    0.455226 v _0761_/C (sky130_fd_sc_hd__and4_2)
     5    0.011243    0.061256    0.255389    0.710615 v _0761_/X (sky130_fd_sc_hd__and4_2)
                                                         _0418_ (net)
                      0.061256    0.000000    0.710615 v _0780_/B (sky130_fd_sc_hd__and4_2)
     5    0.017734    0.074597    0.252652    0.963267 v _0780_/X (sky130_fd_sc_hd__and4_2)
                                                         _0431_ (net)
                      0.074597    0.000000    0.963267 v _0785_/A3 (sky130_fd_sc_hd__a31o_2)
     1    0.004136    0.041536    0.255047    1.218315 v _0785_/X (sky130_fd_sc_hd__a31o_2)
                                                         _0434_ (net)
                      0.041536    0.000000    1.218315 v _0786_/B (sky130_fd_sc_hd__nor2_2)
     1    0.002005    0.054134    0.061688    1.280003 ^ _0786_/Y (sky130_fd_sc_hd__nor2_2)
                                                         _0060_ (net)
                      0.054134    0.000000    1.280003 ^ _1228_/D (sky130_fd_sc_hd__dfrtp_2)
                                              1.280003   data arrival time

                      0.150000   32.000000   32.000000   clock i_clk (rise edge)
                                  0.000000   32.000000   clock network delay (ideal)
                                 -0.250000   31.750000   clock uncertainty
                                  0.000000   31.750000   clock reconvergence pessimism
                                             31.750000 ^ _1228_/CLK (sky130_fd_sc_hd__dfrtp_2)
                                 -0.049571   31.700428   library setup time
                                             31.700428   data required time
---------------------------------------------------------------------------------------------
                                             31.700428   data required time
                                             -1.280003   data arrival time
---------------------------------------------------------------------------------------------
                                             30.420424   slack (MET)


Startpoint: _1186_ (rising edge-triggered flip-flop clocked by i_clk)
Endpoint: _1121_ (rising edge-triggered flip-flop clocked by i_clk)
Path Group: i_clk
Path Type: max

Fanout         Cap        Slew       Delay        Time   Description
---------------------------------------------------------------------------------------------
                      0.150000    0.000000    0.000000   clock i_clk (rise edge)
                                  0.000000    0.000000   clock network delay (ideal)
                      0.150000    0.000000    0.000000 ^ _1186_/CLK (sky130_fd_sc_hd__dfrtp_2)
     4    0.039227    0.122306    0.517828    0.517828 v _1186_/Q (sky130_fd_sc_hd__dfrtp_2)
                                                         o_transmit_data_request (net)
                      0.122306    0.000000    0.517828 v _0932_/B (sky130_fd_sc_hd__or2_2)
     4    0.009198    0.074928    0.325998    0.843826 v _0932_/X (sky130_fd_sc_hd__or2_2)
                                                         _0511_ (net)
                      0.074928    0.000000    0.843826 v _0936_/A2 (sky130_fd_sc_hd__a21o_2)
     1    0.001448    0.029804    0.207702    1.051528 v _0936_/X (sky130_fd_sc_hd__a21o_2)
                                                         _0514_ (net)
                      0.029804    0.000000    1.051528 v _0938_/C (sky130_fd_sc_hd__and3b_2)
     1    0.001949    0.035800    0.190242    1.241769 v _0938_/X (sky130_fd_sc_hd__and3b_2)
                                                         _0244_ (net)
                      0.035800    0.000000    1.241769 v _1121_/D (sky130_fd_sc_hd__dfrtp_2)
                                              1.241769   data arrival time

                      0.150000   32.000000   32.000000   clock i_clk (rise edge)
                                  0.000000   32.000000   clock network delay (ideal)
                                 -0.250000   31.750000   clock uncertainty
                                  0.000000   31.750000   clock reconvergence pessimism
                                             31.750000 ^ _1121_/CLK (sky130_fd_sc_hd__dfrtp_2)
                                 -0.087194   31.662806   library setup time
                                             31.662806   data required time
---------------------------------------------------------------------------------------------
                                             31.662806   data required time
                                             -1.241769   data arrival time
---------------------------------------------------------------------------------------------
                                             30.421036   slack (MET)


Startpoint: _1235_ (rising edge-triggered flip-flop clocked by i_clk)
Endpoint: _1250_ (rising edge-triggered flip-flop clocked by i_clk)
Path Group: i_clk
Path Type: max

Fanout         Cap        Slew       Delay        Time   Description
---------------------------------------------------------------------------------------------
                      0.150000    0.000000    0.000000   clock i_clk (rise edge)
                                  0.000000    0.000000   clock network delay (ideal)
                      0.150000    0.000000    0.000000 ^ _1235_/CLK (sky130_fd_sc_hd__dfrtp_2)
     7    0.017493    0.075921    0.466100    0.466100 v _1235_/Q (sky130_fd_sc_hd__dfrtp_2)
                                                         u_i2c_master_controller.i2cbus_cntrl_fsm.stop_gen.delay_gen.count[0] (net)
                      0.075921    0.000000    0.466100 v _0794_/B (sky130_fd_sc_hd__and4_2)
     9    0.019275    0.077394    0.262778    0.728878 v _0794_/X (sky130_fd_sc_hd__and4_2)
                                                         _0439_ (net)
                      0.077394    0.000000    0.728878 v _0824_/A (sky130_fd_sc_hd__and4_2)
     5    0.017734    0.074597    0.230479    0.959356 v _0824_/X (sky130_fd_sc_hd__and4_2)
                                                         _0459_ (net)
                      0.074597    0.000000    0.959356 v _0829_/A3 (sky130_fd_sc_hd__a31o_2)
     1    0.004136    0.041536    0.255047    1.214404 v _0829_/X (sky130_fd_sc_hd__a31o_2)
                                                         _0462_ (net)
                      0.041536    0.000000    1.214404 v _0830_/B (sky130_fd_sc_hd__nor2_2)
     1    0.002005    0.054134    0.061688    1.276092 ^ _0830_/Y (sky130_fd_sc_hd__nor2_2)
                                                         _0079_ (net)
                      0.054134    0.000000    1.276092 ^ _1250_/D (sky130_fd_sc_hd__dfrtp_2)
                                              1.276092   data arrival time

                      0.150000   32.000000   32.000000   clock i_clk (rise edge)
                                  0.000000   32.000000   clock network delay (ideal)
                                 -0.250000   31.750000   clock uncertainty
                                  0.000000   31.750000   clock reconvergence pessimism
                                             31.750000 ^ _1250_/CLK (sky130_fd_sc_hd__dfrtp_2)
                                 -0.049571   31.700428   library setup time
                                             31.700428   data required time
---------------------------------------------------------------------------------------------
                                             31.700428   data required time
                                             -1.276092   data arrival time
---------------------------------------------------------------------------------------------
                                             30.424335   slack (MET)


Startpoint: _1161_ (rising edge-triggered flip-flop clocked by i_clk)
Endpoint: _1193_ (rising edge-triggered flip-flop clocked by i_clk)
Path Group: i_clk
Path Type: max

Fanout         Cap        Slew       Delay        Time   Description
---------------------------------------------------------------------------------------------
                      0.150000    0.000000    0.000000   clock i_clk (rise edge)
                                  0.000000    0.000000   clock network delay (ideal)
                      0.150000    0.000000    0.000000 ^ _1161_/CLK (sky130_fd_sc_hd__dfrtp_2)
     8    0.022310    0.086235    0.477823    0.477823 v _1161_/Q (sky130_fd_sc_hd__dfrtp_2)
                                                         u_i2c_master_controller.cntrl_fsm.cntrl_fsm.state[2] (net)
                      0.086235    0.000000    0.477823 v _0660_/A (sky130_fd_sc_hd__or2_2)
     4    0.009198    0.074759    0.332184    0.810007 v _0660_/X (sky130_fd_sc_hd__or2_2)
                                                         _0356_ (net)
                      0.074759    0.000000    0.810007 v _0662_/C (sky130_fd_sc_hd__and4_2)
     1    0.002243    0.038688    0.224325    1.034331 v _0662_/X (sky130_fd_sc_hd__and4_2)
                                                         _0358_ (net)
                      0.038688    0.000000    1.034331 v _0663_/A2 (sky130_fd_sc_hd__o21a_2)
     2    0.004144    0.038425    0.189803    1.224134 v _0663_/X (sky130_fd_sc_hd__o21a_2)
                                                         _0042_ (net)
                      0.038425    0.000000    1.224134 v _1193_/D (sky130_fd_sc_hd__dfrtp_2)
                                              1.224134   data arrival time

                      0.150000   32.000000   32.000000   clock i_clk (rise edge)
                                  0.000000   32.000000   clock network delay (ideal)
                                 -0.250000   31.750000   clock uncertainty
                                  0.000000   31.750000   clock reconvergence pessimism
                                             31.750000 ^ _1193_/CLK (sky130_fd_sc_hd__dfrtp_2)
                                 -0.088339   31.661661   library setup time
                                             31.661661   data required time
---------------------------------------------------------------------------------------------
                                             31.661661   data required time
                                             -1.224134   data arrival time
---------------------------------------------------------------------------------------------
                                             30.437527   slack (MET)


Startpoint: _1186_ (rising edge-triggered flip-flop clocked by i_clk)
Endpoint: _1124_ (rising edge-triggered flip-flop clocked by i_clk)
Path Group: i_clk
Path Type: max

Fanout         Cap        Slew       Delay        Time   Description
---------------------------------------------------------------------------------------------
                      0.150000    0.000000    0.000000   clock i_clk (rise edge)
                                  0.000000    0.000000   clock network delay (ideal)
                      0.150000    0.000000    0.000000 ^ _1186_/CLK (sky130_fd_sc_hd__dfrtp_2)
     4    0.039227    0.122306    0.517828    0.517828 v _1186_/Q (sky130_fd_sc_hd__dfrtp_2)
                                                         o_transmit_data_request (net)
                      0.122306    0.000000    0.517828 v _0939_/A2 (sky130_fd_sc_hd__o2111a_2)
     6    0.012050    0.064531    0.305038    0.822865 v _0939_/X (sky130_fd_sc_hd__o2111a_2)
                                                         _0516_ (net)
                      0.064531    0.000000    0.822865 v _0945_/A2 (sky130_fd_sc_hd__a21o_2)
     1    0.001448    0.029806    0.203661    1.026526 v _0945_/X (sky130_fd_sc_hd__a21o_2)
                                                         _0520_ (net)
                      0.029806    0.000000    1.026526 v _0947_/C (sky130_fd_sc_hd__and3b_2)
     1    0.001949    0.035800    0.190242    1.216769 v _0947_/X (sky130_fd_sc_hd__and3b_2)
                                                         _0247_ (net)
                      0.035800    0.000000    1.216769 v _1124_/D (sky130_fd_sc_hd__dfrtp_2)
                                              1.216769   data arrival time

                      0.150000   32.000000   32.000000   clock i_clk (rise edge)
                                  0.000000   32.000000   clock network delay (ideal)
                                 -0.250000   31.750000   clock uncertainty
                                  0.000000   31.750000   clock reconvergence pessimism
                                             31.750000 ^ _1124_/CLK (sky130_fd_sc_hd__dfrtp_2)
                                 -0.087194   31.662806   library setup time
                                             31.662806   data required time
---------------------------------------------------------------------------------------------
                                             31.662806   data required time
                                             -1.216769   data arrival time
---------------------------------------------------------------------------------------------
                                             30.446035   slack (MET)


Startpoint: _1213_ (rising edge-triggered flip-flop clocked by i_clk)
Endpoint: _1227_ (rising edge-triggered flip-flop clocked by i_clk)
Path Group: i_clk
Path Type: max

Fanout         Cap        Slew       Delay        Time   Description
---------------------------------------------------------------------------------------------
                      0.150000    0.000000    0.000000   clock i_clk (rise edge)
                                  0.000000    0.000000   clock network delay (ideal)
                      0.150000    0.000000    0.000000 ^ _1213_/CLK (sky130_fd_sc_hd__dfrtp_2)
     7    0.019169    0.110229    0.434990    0.434990 ^ _1213_/Q (sky130_fd_sc_hd__dfrtp_2)
                                                         u_i2c_master_controller.i2cbus_cntrl_fsm.start_gen.delay_gen.count[0] (net)
                      0.110229    0.000000    0.434990 ^ _0750_/B (sky130_fd_sc_hd__and4_2)
     9    0.020706    0.136274    0.301881    0.736870 ^ _0750_/X (sky130_fd_sc_hd__and4_2)
                                                         _0411_ (net)
                      0.136274    0.000000    0.736870 ^ _0780_/A (sky130_fd_sc_hd__and4_2)
     5    0.019810    0.132148    0.297352    1.034222 ^ _0780_/X (sky130_fd_sc_hd__and4_2)
                                                         _0431_ (net)
                      0.132148    0.000000    1.034222 ^ _0782_/A2 (sky130_fd_sc_hd__a21oi_2)
     1    0.002329    0.053557    0.066080    1.100302 v _0782_/Y (sky130_fd_sc_hd__a21oi_2)
                                                         _0432_ (net)
                      0.053557    0.000000    1.100302 v _0783_/B1 (sky130_fd_sc_hd__o21a_2)
     1    0.001949    0.031356    0.109335    1.209637 v _0783_/X (sky130_fd_sc_hd__o21a_2)
                                                         _0059_ (net)
                      0.031356    0.000000    1.209637 v _1227_/D (sky130_fd_sc_hd__dfrtp_2)
                                              1.209637   data arrival time

                      0.150000   32.000000   32.000000   clock i_clk (rise edge)
                                  0.000000   32.000000   clock network delay (ideal)
                                 -0.250000   31.750000   clock uncertainty
                                  0.000000   31.750000   clock reconvergence pessimism
                                             31.750000 ^ _1227_/CLK (sky130_fd_sc_hd__dfrtp_2)
                                 -0.085256   31.664745   library setup time
                                             31.664745   data required time
---------------------------------------------------------------------------------------------
                                             31.664745   data required time
                                             -1.209637   data arrival time
---------------------------------------------------------------------------------------------
                                             30.455107   slack (MET)


Startpoint: _1235_ (rising edge-triggered flip-flop clocked by i_clk)
Endpoint: _1249_ (rising edge-triggered flip-flop clocked by i_clk)
Path Group: i_clk
Path Type: max

Fanout         Cap        Slew       Delay        Time   Description
---------------------------------------------------------------------------------------------
                      0.150000    0.000000    0.000000   clock i_clk (rise edge)
                                  0.000000    0.000000   clock network delay (ideal)
                      0.150000    0.000000    0.000000 ^ _1235_/CLK (sky130_fd_sc_hd__dfrtp_2)
     7    0.019169    0.110229    0.434990    0.434990 ^ _1235_/Q (sky130_fd_sc_hd__dfrtp_2)
                                                         u_i2c_master_controller.i2cbus_cntrl_fsm.stop_gen.delay_gen.count[0] (net)
                      0.110229    0.000000    0.434990 ^ _0794_/B (sky130_fd_sc_hd__and4_2)
     9    0.020706    0.136274    0.301881    0.736870 ^ _0794_/X (sky130_fd_sc_hd__and4_2)
                                                         _0439_ (net)
                      0.136274    0.000000    0.736870 ^ _0824_/A (sky130_fd_sc_hd__and4_2)
     5    0.019810    0.132148    0.297352    1.034222 ^ _0824_/X (sky130_fd_sc_hd__and4_2)
                                                         _0459_ (net)
                      0.132148    0.000000    1.034222 ^ _0826_/A2 (sky130_fd_sc_hd__a21oi_2)
     1    0.002329    0.053557    0.066080    1.100302 v _0826_/Y (sky130_fd_sc_hd__a21oi_2)
                                                         _0460_ (net)
                      0.053557    0.000000    1.100302 v _0827_/B1 (sky130_fd_sc_hd__o21a_2)
     1    0.001949    0.031356    0.109335    1.209637 v _0827_/X (sky130_fd_sc_hd__o21a_2)
                                                         _0078_ (net)
                      0.031356    0.000000    1.209637 v _1249_/D (sky130_fd_sc_hd__dfrtp_2)
                                              1.209637   data arrival time

                      0.150000   32.000000   32.000000   clock i_clk (rise edge)
                                  0.000000   32.000000   clock network delay (ideal)
                                 -0.250000   31.750000   clock uncertainty
                                  0.000000   31.750000   clock reconvergence pessimism
                                             31.750000 ^ _1249_/CLK (sky130_fd_sc_hd__dfrtp_2)
                                 -0.085256   31.664745   library setup time
                                             31.664745   data required time
---------------------------------------------------------------------------------------------
                                             31.664745   data required time
                                             -1.209637   data arrival time
---------------------------------------------------------------------------------------------
                                             30.455107   slack (MET)


Startpoint: _1213_ (rising edge-triggered flip-flop clocked by i_clk)
Endpoint: _1226_ (rising edge-triggered flip-flop clocked by i_clk)
Path Group: i_clk
Path Type: max

Fanout         Cap        Slew       Delay        Time   Description
---------------------------------------------------------------------------------------------
                      0.150000    0.000000    0.000000   clock i_clk (rise edge)
                                  0.000000    0.000000   clock network delay (ideal)
                      0.150000    0.000000    0.000000 ^ _1213_/CLK (sky130_fd_sc_hd__dfrtp_2)
     7    0.019169    0.110229    0.434990    0.434990 ^ _1213_/Q (sky130_fd_sc_hd__dfrtp_2)
                                                         u_i2c_master_controller.i2cbus_cntrl_fsm.start_gen.delay_gen.count[0] (net)
                      0.110229    0.000000    0.434990 ^ _0750_/B (sky130_fd_sc_hd__and4_2)
     9    0.020706    0.136274    0.301881    0.736870 ^ _0750_/X (sky130_fd_sc_hd__and4_2)
                                                         _0411_ (net)
                      0.136274    0.000000    0.736870 ^ _0773_/A (sky130_fd_sc_hd__and3_2)
     3    0.010857    0.080470    0.222696    0.959567 ^ _0773_/X (sky130_fd_sc_hd__and3_2)
                                                         _0426_ (net)
                      0.080470    0.000000    0.959567 ^ _0777_/B (sky130_fd_sc_hd__nand2_2)
     2    0.005638    0.037991    0.060311    1.019878 v _0777_/Y (sky130_fd_sc_hd__nand2_2)
                                                         _0429_ (net)
                      0.037991    0.000000    1.019878 v _0781_/A2 (sky130_fd_sc_hd__a211oi_2)
     1    0.002005    0.131253    0.188150    1.208027 ^ _0781_/Y (sky130_fd_sc_hd__a211oi_2)
                                                         _0058_ (net)
                      0.131253    0.000000    1.208027 ^ _1226_/D (sky130_fd_sc_hd__dfrtp_2)
                                              1.208027   data arrival time

                      0.150000   32.000000   32.000000   clock i_clk (rise edge)
                                  0.000000   32.000000   clock network delay (ideal)
                                 -0.250000   31.750000   clock uncertainty
                                  0.000000   31.750000   clock reconvergence pessimism
                                             31.750000 ^ _1226_/CLK (sky130_fd_sc_hd__dfrtp_2)
                                 -0.067176   31.682825   library setup time
                                             31.682825   data required time
---------------------------------------------------------------------------------------------
                                             31.682825   data required time
                                             -1.208027   data arrival time
---------------------------------------------------------------------------------------------
                                             30.474798   slack (MET)


Startpoint: _1235_ (rising edge-triggered flip-flop clocked by i_clk)
Endpoint: _1248_ (rising edge-triggered flip-flop clocked by i_clk)
Path Group: i_clk
Path Type: max

Fanout         Cap        Slew       Delay        Time   Description
---------------------------------------------------------------------------------------------
                      0.150000    0.000000    0.000000   clock i_clk (rise edge)
                                  0.000000    0.000000   clock network delay (ideal)
                      0.150000    0.000000    0.000000 ^ _1235_/CLK (sky130_fd_sc_hd__dfrtp_2)
     7    0.019169    0.110229    0.434990    0.434990 ^ _1235_/Q (sky130_fd_sc_hd__dfrtp_2)
                                                         u_i2c_master_controller.i2cbus_cntrl_fsm.stop_gen.delay_gen.count[0] (net)
                      0.110229    0.000000    0.434990 ^ _0794_/B (sky130_fd_sc_hd__and4_2)
     9    0.020706    0.136274    0.301881    0.736870 ^ _0794_/X (sky130_fd_sc_hd__and4_2)
                                                         _0439_ (net)
                      0.136274    0.000000    0.736870 ^ _0817_/A (sky130_fd_sc_hd__and3_2)
     3    0.010857    0.080470    0.222696    0.959567 ^ _0817_/X (sky130_fd_sc_hd__and3_2)
                                                         _0454_ (net)
                      0.080470    0.000000    0.959567 ^ _0821_/B (sky130_fd_sc_hd__nand2_2)
     2    0.005638    0.037991    0.060311    1.019878 v _0821_/Y (sky130_fd_sc_hd__nand2_2)
                                                         _0457_ (net)
                      0.037991    0.000000    1.019878 v _0825_/A2 (sky130_fd_sc_hd__a211oi_2)
     1    0.002005    0.131253    0.188150    1.208027 ^ _0825_/Y (sky130_fd_sc_hd__a211oi_2)
                                                         _0077_ (net)
                      0.131253    0.000000    1.208027 ^ _1248_/D (sky130_fd_sc_hd__dfrtp_2)
                                              1.208027   data arrival time

                      0.150000   32.000000   32.000000   clock i_clk (rise edge)
                                  0.000000   32.000000   clock network delay (ideal)
                                 -0.250000   31.750000   clock uncertainty
                                  0.000000   31.750000   clock reconvergence pessimism
                                             31.750000 ^ _1248_/CLK (sky130_fd_sc_hd__dfrtp_2)
                                 -0.067176   31.682825   library setup time
                                             31.682825   data required time
---------------------------------------------------------------------------------------------
                                             31.682825   data required time
                                             -1.208027   data arrival time
---------------------------------------------------------------------------------------------
                                             30.474798   slack (MET)


Startpoint: _1213_ (rising edge-triggered flip-flop clocked by i_clk)
Endpoint: _1222_ (rising edge-triggered flip-flop clocked by i_clk)
Path Group: i_clk
Path Type: max

Fanout         Cap        Slew       Delay        Time   Description
---------------------------------------------------------------------------------------------
                      0.150000    0.000000    0.000000   clock i_clk (rise edge)
                                  0.000000    0.000000   clock network delay (ideal)
                      0.150000    0.000000    0.000000 ^ _1213_/CLK (sky130_fd_sc_hd__dfrtp_2)
     7    0.017493    0.075921    0.466100    0.466100 v _1213_/Q (sky130_fd_sc_hd__dfrtp_2)
                                                         u_i2c_master_controller.i2cbus_cntrl_fsm.start_gen.delay_gen.count[0] (net)
                      0.075921    0.000000    0.466100 v _0750_/B (sky130_fd_sc_hd__and4_2)
     9    0.019275    0.077394    0.262778    0.728878 v _0750_/X (sky130_fd_sc_hd__and4_2)
                                                         _0411_ (net)
                      0.077394    0.000000    0.728878 v _0765_/B (sky130_fd_sc_hd__and3_2)
     5    0.016918    0.071496    0.246454    0.975331 v _0765_/X (sky130_fd_sc_hd__and3_2)
                                                         _0421_ (net)
                      0.071496    0.000000    0.975331 v _0767_/A2 (sky130_fd_sc_hd__a21oi_2)
     1    0.002493    0.079684    0.129341    1.104672 ^ _0767_/Y (sky130_fd_sc_hd__a21oi_2)
                                                         _0422_ (net)
                      0.079684    0.000000    1.104672 ^ _0768_/B1 (sky130_fd_sc_hd__o21a_2)
     1    0.002005    0.028609    0.121008    1.225680 ^ _0768_/X (sky130_fd_sc_hd__o21a_2)
                                                         _0069_ (net)
                      0.028609    0.000000    1.225680 ^ _1222_/D (sky130_fd_sc_hd__dfrtp_2)
                                              1.225680   data arrival time

                      0.150000   32.000000   32.000000   clock i_clk (rise edge)
                                  0.000000   32.000000   clock network delay (ideal)
                                 -0.250000   31.750000   clock uncertainty
                                  0.000000   31.750000   clock reconvergence pessimism
                                             31.750000 ^ _1222_/CLK (sky130_fd_sc_hd__dfrtp_2)
                                 -0.043743   31.706255   library setup time
                                             31.706255   data required time
---------------------------------------------------------------------------------------------
                                             31.706255   data required time
                                             -1.225680   data arrival time
---------------------------------------------------------------------------------------------
                                             30.480576   slack (MET)


Startpoint: _1235_ (rising edge-triggered flip-flop clocked by i_clk)
Endpoint: _1244_ (rising edge-triggered flip-flop clocked by i_clk)
Path Group: i_clk
Path Type: max

Fanout         Cap        Slew       Delay        Time   Description
---------------------------------------------------------------------------------------------
                      0.150000    0.000000    0.000000   clock i_clk (rise edge)
                                  0.000000    0.000000   clock network delay (ideal)
                      0.150000    0.000000    0.000000 ^ _1235_/CLK (sky130_fd_sc_hd__dfrtp_2)
     7    0.017493    0.075921    0.466100    0.466100 v _1235_/Q (sky130_fd_sc_hd__dfrtp_2)
                                                         u_i2c_master_controller.i2cbus_cntrl_fsm.stop_gen.delay_gen.count[0] (net)
                      0.075921    0.000000    0.466100 v _0794_/B (sky130_fd_sc_hd__and4_2)
     9    0.019275    0.077394    0.262778    0.728878 v _0794_/X (sky130_fd_sc_hd__and4_2)
                                                         _0439_ (net)
                      0.077394    0.000000    0.728878 v _0809_/B (sky130_fd_sc_hd__and3_2)
     5    0.016918    0.071496    0.246454    0.975331 v _0809_/X (sky130_fd_sc_hd__and3_2)
                                                         _0449_ (net)
                      0.071496    0.000000    0.975331 v _0811_/A2 (sky130_fd_sc_hd__a21oi_2)
     1    0.002493    0.079684    0.129341    1.104672 ^ _0811_/Y (sky130_fd_sc_hd__a21oi_2)
                                                         _0450_ (net)
                      0.079684    0.000000    1.104672 ^ _0812_/B1 (sky130_fd_sc_hd__o21a_2)
     1    0.002005    0.028609    0.121008    1.225680 ^ _0812_/X (sky130_fd_sc_hd__o21a_2)
                                                         _0088_ (net)
                      0.028609    0.000000    1.225680 ^ _1244_/D (sky130_fd_sc_hd__dfrtp_2)
                                              1.225680   data arrival time

                      0.150000   32.000000   32.000000   clock i_clk (rise edge)
                                  0.000000   32.000000   clock network delay (ideal)
                                 -0.250000   31.750000   clock uncertainty
                                  0.000000   31.750000   clock reconvergence pessimism
                                             31.750000 ^ _1244_/CLK (sky130_fd_sc_hd__dfrtp_2)
                                 -0.043743   31.706255   library setup time
                                             31.706255   data required time
---------------------------------------------------------------------------------------------
                                             31.706255   data required time
                                             -1.225680   data arrival time
---------------------------------------------------------------------------------------------
                                             30.480576   slack (MET)


Startpoint: _1131_ (rising edge-triggered flip-flop clocked by i_clk)
Endpoint: _1136_ (rising edge-triggered flip-flop clocked by i_clk)
Path Group: i_clk
Path Type: max

Fanout         Cap        Slew       Delay        Time   Description
---------------------------------------------------------------------------------------------
                      0.150000    0.000000    0.000000   clock i_clk (rise edge)
                                  0.000000    0.000000   clock network delay (ideal)
                      0.150000    0.000000    0.000000 ^ _1131_/CLK (sky130_fd_sc_hd__dfrtp_2)
     6    0.024757    0.134356    0.454180    0.454180 ^ _1131_/Q (sky130_fd_sc_hd__dfrtp_2)
                                                         u_i2c_master_controller.i2cbus_cntrl_fsm.scl_gen.count[0] (net)
                      0.134356    0.000000    0.454180 ^ _0579_/D (sky130_fd_sc_hd__and4_2)
     6    0.019992    0.132977    0.311770    0.765950 ^ _0579_/X (sky130_fd_sc_hd__and4_2)
                                                         _0320_ (net)
                      0.132977    0.000000    0.765950 ^ _0581_/D (sky130_fd_sc_hd__and4_2)
     7    0.029088    0.174380    0.347763    1.113713 ^ _0581_/X (sky130_fd_sc_hd__and4_2)
                                                         _0322_ (net)
                      0.174380    0.000000    1.113713 ^ _0592_/A (sky130_fd_sc_hd__nor2_2)
     1    0.001949    0.038507    0.053869    1.167582 v _0592_/Y (sky130_fd_sc_hd__nor2_2)
                                                         _0259_ (net)
                      0.038507    0.000000    1.167582 v _1136_/D (sky130_fd_sc_hd__dfrtp_2)
                                              1.167582   data arrival time

                      0.150000   32.000000   32.000000   clock i_clk (rise edge)
                                  0.000000   32.000000   clock network delay (ideal)
                                 -0.250000   31.750000   clock uncertainty
                                  0.000000   31.750000   clock reconvergence pessimism
                                             31.750000 ^ _1136_/CLK (sky130_fd_sc_hd__dfrtp_2)
                                 -0.088375   31.661625   library setup time
                                             31.661625   data required time
---------------------------------------------------------------------------------------------
                                             31.661625   data required time
                                             -1.167582   data arrival time
---------------------------------------------------------------------------------------------
                                             30.494043   slack (MET)


Startpoint: _1131_ (rising edge-triggered flip-flop clocked by i_clk)
Endpoint: _1135_ (rising edge-triggered flip-flop clocked by i_clk)
Path Group: i_clk
Path Type: max

Fanout         Cap        Slew       Delay        Time   Description
---------------------------------------------------------------------------------------------
                      0.150000    0.000000    0.000000   clock i_clk (rise edge)
                                  0.000000    0.000000   clock network delay (ideal)
                      0.150000    0.000000    0.000000 ^ _1131_/CLK (sky130_fd_sc_hd__dfrtp_2)
     6    0.022460    0.086556    0.478188    0.478188 v _1131_/Q (sky130_fd_sc_hd__dfrtp_2)
                                                         u_i2c_master_controller.i2cbus_cntrl_fsm.scl_gen.count[0] (net)
                      0.086556    0.000000    0.478188 v _0579_/D (sky130_fd_sc_hd__and4_2)
     6    0.018066    0.075047    0.291858    0.770046 v _0579_/X (sky130_fd_sc_hd__and4_2)
                                                         _0320_ (net)
                      0.075047    0.000000    0.770046 v _0593_/A2 (sky130_fd_sc_hd__a21o_2)
     1    0.001448    0.029818    0.207748    0.977794 v _0593_/X (sky130_fd_sc_hd__a21o_2)
                                                         _0330_ (net)
                      0.029818    0.000000    0.977794 v _0594_/C (sky130_fd_sc_hd__and3b_2)
     1    0.001949    0.035799    0.190247    1.168041 v _0594_/X (sky130_fd_sc_hd__and3b_2)
                                                         _0258_ (net)
                      0.035799    0.000000    1.168041 v _1135_/D (sky130_fd_sc_hd__dfrtp_2)
                                              1.168041   data arrival time

                      0.150000   32.000000   32.000000   clock i_clk (rise edge)
                                  0.000000   32.000000   clock network delay (ideal)
                                 -0.250000   31.750000   clock uncertainty
                                  0.000000   31.750000   clock reconvergence pessimism
                                             31.750000 ^ _1135_/CLK (sky130_fd_sc_hd__dfrtp_2)
                                 -0.087194   31.662806   library setup time
                                             31.662806   data required time
---------------------------------------------------------------------------------------------
                                             31.662806   data required time
                                             -1.168041   data arrival time
---------------------------------------------------------------------------------------------
                                             30.494764   slack (MET)


Startpoint: _1080_ (rising edge-triggered flip-flop clocked by i_clk)
Endpoint: _1188_ (rising edge-triggered flip-flop clocked by i_clk)
Path Group: i_clk
Path Type: max

Fanout         Cap        Slew       Delay        Time   Description
---------------------------------------------------------------------------------------------
                      0.150000    0.000000    0.000000   clock i_clk (rise edge)
                                  0.000000    0.000000   clock network delay (ideal)
                      0.150000    0.000000    0.000000 ^ _1080_/CLK (sky130_fd_sc_hd__dfrtp_2)
     5    0.014122    0.068703    0.457896    0.457896 v _1080_/Q (sky130_fd_sc_hd__dfrtp_2)
                                                         u_i2c_master_controller.cntrl_fsm.adr_mode (net)
                      0.068703    0.000000    0.457896 v _0666_/C (sky130_fd_sc_hd__and3_2)
     2    0.004292    0.042926    0.218994    0.676890 v _0666_/X (sky130_fd_sc_hd__and3_2)
                                                         _0359_ (net)
                      0.042926    0.000000    0.676890 v _0738_/B1 (sky130_fd_sc_hd__a31o_2)
     1    0.001505    0.033462    0.199222    0.876112 v _0738_/X (sky130_fd_sc_hd__a31o_2)
                                                         _0405_ (net)
                      0.033462    0.000000    0.876112 v _0739_/A0 (sky130_fd_sc_hd__mux2_1)
     1    0.001949    0.051951    0.265058    1.141169 v _0739_/X (sky130_fd_sc_hd__mux2_1)
                                                         _0040_ (net)
                      0.051951    0.000000    1.141169 v _1188_/D (sky130_fd_sc_hd__dfrtp_2)
                                              1.141169   data arrival time

                      0.150000   32.000000   32.000000   clock i_clk (rise edge)
                                  0.000000   32.000000   clock network delay (ideal)
                                 -0.250000   31.750000   clock uncertainty
                                  0.000000   31.750000   clock reconvergence pessimism
                                             31.750000 ^ _1188_/CLK (sky130_fd_sc_hd__dfrtp_2)
                                 -0.094238   31.655760   library setup time
                                             31.655760   data required time
---------------------------------------------------------------------------------------------
                                             31.655760   data required time
                                             -1.141169   data arrival time
---------------------------------------------------------------------------------------------
                                             30.514589   slack (MET)


Startpoint: _1129_ (rising edge-triggered flip-flop clocked by i_clk)
Endpoint: _1232_ (rising edge-triggered flip-flop clocked by i_clk)
Path Group: i_clk
Path Type: max

Fanout         Cap        Slew       Delay        Time   Description
---------------------------------------------------------------------------------------------
                      0.150000    0.000000    0.000000   clock i_clk (rise edge)
                                  0.000000    0.000000   clock network delay (ideal)
                      0.150000    0.000000    0.000000 ^ _1129_/CLK (sky130_fd_sc_hd__dfrtp_2)
    14    0.041212    0.206320    0.509809    0.509809 ^ _1129_/Q (sky130_fd_sc_hd__dfrtp_2)
                                                         u_i2c_master_controller.filter_scl.out_n (net)
                      0.206320    0.000000    0.509809 ^ _0539_/A (sky130_fd_sc_hd__inv_2)
    14    0.045804    0.123172    0.155826    0.665635 v _0539_/Y (sky130_fd_sc_hd__inv_2)
                                                         _0288_ (net)
                      0.123172    0.000000    0.665635 v _0645_/A (sky130_fd_sc_hd__and2_2)
     2    0.003516    0.039313    0.199995    0.865630 v _0645_/X (sky130_fd_sc_hd__and2_2)
                                                         _0351_ (net)
                      0.039313    0.000000    0.865630 v _0735_/B (sky130_fd_sc_hd__or2_2)
     1    0.001949    0.051416    0.259234    1.124864 v _0735_/X (sky130_fd_sc_hd__or2_2)
                                                         _0053_ (net)
                      0.051416    0.000000    1.124864 v _1232_/D (sky130_fd_sc_hd__dfrtp_2)
                                              1.124864   data arrival time

                      0.150000   32.000000   32.000000   clock i_clk (rise edge)
                                  0.000000   32.000000   clock network delay (ideal)
                                 -0.250000   31.750000   clock uncertainty
                                  0.000000   31.750000   clock reconvergence pessimism
                                             31.750000 ^ _1232_/CLK (sky130_fd_sc_hd__dfrtp_2)
                                 -0.094005   31.655994   library setup time
                                             31.655994   data required time
---------------------------------------------------------------------------------------------
                                             31.655994   data required time
                                             -1.124864   data arrival time
---------------------------------------------------------------------------------------------
                                             30.531130   slack (MET)


Startpoint: _1129_ (rising edge-triggered flip-flop clocked by i_clk)
Endpoint: _1144_ (rising edge-triggered flip-flop clocked by i_clk)
Path Group: i_clk
Path Type: max

Fanout         Cap        Slew       Delay        Time   Description
---------------------------------------------------------------------------------------------
                      0.150000    0.000000    0.000000   clock i_clk (rise edge)
                                  0.000000    0.000000   clock network delay (ideal)
                      0.150000    0.000000    0.000000 ^ _1129_/CLK (sky130_fd_sc_hd__dfrtp_2)
    14    0.041212    0.206320    0.509809    0.509809 ^ _1129_/Q (sky130_fd_sc_hd__dfrtp_2)
                                                         u_i2c_master_controller.filter_scl.out_n (net)
                      0.206320    0.000000    0.509809 ^ _0539_/A (sky130_fd_sc_hd__inv_2)
    14    0.045804    0.123172    0.155826    0.665635 v _0539_/Y (sky130_fd_sc_hd__inv_2)
                                                         _0288_ (net)
                      0.123172    0.000000    0.665635 v _0611_/A (sky130_fd_sc_hd__and2_2)
     3    0.007630    0.049110    0.213693    0.879328 v _0611_/X (sky130_fd_sc_hd__and2_2)
                                                         _0033_ (net)
                      0.049110    0.000000    0.879328 v _0636_/B1 (sky130_fd_sc_hd__o2bb2a_2)
     1    0.001949    0.041195    0.247850    1.127179 v _0636_/X (sky130_fd_sc_hd__o2bb2a_2)
                                                         _0032_ (net)
                      0.041195    0.000000    1.127179 v _1144_/D (sky130_fd_sc_hd__dfrtp_2)
                                              1.127179   data arrival time

                      0.150000   32.000000   32.000000   clock i_clk (rise edge)
                                  0.000000   32.000000   clock network delay (ideal)
                                 -0.250000   31.750000   clock uncertainty
                                  0.000000   31.750000   clock reconvergence pessimism
                                             31.750000 ^ _1144_/CLK (sky130_fd_sc_hd__dfrtp_2)
                                 -0.089547   31.660454   library setup time
                                             31.660454   data required time
---------------------------------------------------------------------------------------------
                                             31.660454   data required time
                                             -1.127179   data arrival time
---------------------------------------------------------------------------------------------
                                             30.533274   slack (MET)


Startpoint: _1213_ (rising edge-triggered flip-flop clocked by i_clk)
Endpoint: _1218_ (rising edge-triggered flip-flop clocked by i_clk)
Path Group: i_clk
Path Type: max

Fanout         Cap        Slew       Delay        Time   Description
---------------------------------------------------------------------------------------------
                      0.150000    0.000000    0.000000   clock i_clk (rise edge)
                                  0.000000    0.000000   clock network delay (ideal)
                      0.150000    0.000000    0.000000 ^ _1213_/CLK (sky130_fd_sc_hd__dfrtp_2)
     7    0.017493    0.075921    0.466100    0.466100 v _1213_/Q (sky130_fd_sc_hd__dfrtp_2)
                                                         u_i2c_master_controller.i2cbus_cntrl_fsm.start_gen.delay_gen.count[0] (net)
                      0.075921    0.000000    0.466100 v _0750_/B (sky130_fd_sc_hd__and4_2)
     9    0.019275    0.077394    0.262778    0.728878 v _0750_/X (sky130_fd_sc_hd__and4_2)
                                                         _0411_ (net)
                      0.077394    0.000000    0.728878 v _0756_/C (sky130_fd_sc_hd__and3_2)
     3    0.009569    0.055532    0.240786    0.969663 v _0756_/X (sky130_fd_sc_hd__and3_2)
                                                         _0415_ (net)
                      0.055532    0.000000    0.969663 v _0757_/B1 (sky130_fd_sc_hd__a211oi_2)
     1    0.002005    0.131302    0.174637    1.144300 ^ _0757_/Y (sky130_fd_sc_hd__a211oi_2)
                                                         _0065_ (net)
                      0.131302    0.000000    1.144300 ^ _1218_/D (sky130_fd_sc_hd__dfrtp_2)
                                              1.144300   data arrival time

                      0.150000   32.000000   32.000000   clock i_clk (rise edge)
                                  0.000000   32.000000   clock network delay (ideal)
                                 -0.250000   31.750000   clock uncertainty
                                  0.000000   31.750000   clock reconvergence pessimism
                                             31.750000 ^ _1218_/CLK (sky130_fd_sc_hd__dfrtp_2)
                                 -0.067187   31.682814   library setup time
                                             31.682814   data required time
---------------------------------------------------------------------------------------------
                                             31.682814   data required time
                                             -1.144300   data arrival time
---------------------------------------------------------------------------------------------
                                             30.538513   slack (MET)


Startpoint: _1235_ (rising edge-triggered flip-flop clocked by i_clk)
Endpoint: _1240_ (rising edge-triggered flip-flop clocked by i_clk)
Path Group: i_clk
Path Type: max

Fanout         Cap        Slew       Delay        Time   Description
---------------------------------------------------------------------------------------------
                      0.150000    0.000000    0.000000   clock i_clk (rise edge)
                                  0.000000    0.000000   clock network delay (ideal)
                      0.150000    0.000000    0.000000 ^ _1235_/CLK (sky130_fd_sc_hd__dfrtp_2)
     7    0.017493    0.075921    0.466100    0.466100 v _1235_/Q (sky130_fd_sc_hd__dfrtp_2)
                                                         u_i2c_master_controller.i2cbus_cntrl_fsm.stop_gen.delay_gen.count[0] (net)
                      0.075921    0.000000    0.466100 v _0794_/B (sky130_fd_sc_hd__and4_2)
     9    0.019275    0.077394    0.262778    0.728878 v _0794_/X (sky130_fd_sc_hd__and4_2)
                                                         _0439_ (net)
                      0.077394    0.000000    0.728878 v _0800_/C (sky130_fd_sc_hd__and3_2)
     3    0.009569    0.055532    0.240786    0.969663 v _0800_/X (sky130_fd_sc_hd__and3_2)
                                                         _0443_ (net)
                      0.055532    0.000000    0.969663 v _0801_/B1 (sky130_fd_sc_hd__a211oi_2)
     1    0.002005    0.131298    0.174637    1.144300 ^ _0801_/Y (sky130_fd_sc_hd__a211oi_2)
                                                         _0084_ (net)
                      0.131298    0.000000    1.144300 ^ _1240_/D (sky130_fd_sc_hd__dfrtp_2)
                                              1.144300   data arrival time

                      0.150000   32.000000   32.000000   clock i_clk (rise edge)
                                  0.000000   32.000000   clock network delay (ideal)
                                 -0.250000   31.750000   clock uncertainty
                                  0.000000   31.750000   clock reconvergence pessimism
                                             31.750000 ^ _1240_/CLK (sky130_fd_sc_hd__dfrtp_2)
                                 -0.067186   31.682814   library setup time
                                             31.682814   data required time
---------------------------------------------------------------------------------------------
                                             31.682814   data required time
                                             -1.144300   data arrival time
---------------------------------------------------------------------------------------------
                                             30.538513   slack (MET)


Startpoint: _1134_ (rising edge-triggered flip-flop clocked by i_clk)
Endpoint: _1211_ (rising edge-triggered flip-flop clocked by i_clk)
Path Group: i_clk
Path Type: max

Fanout         Cap        Slew       Delay        Time   Description
---------------------------------------------------------------------------------------------
                      0.150000    0.000000    0.000000   clock i_clk (rise edge)
                                  0.000000    0.000000   clock network delay (ideal)
                      0.150000    0.000000    0.000000 ^ _1134_/CLK (sky130_fd_sc_hd__dfrtp_2)
     6    0.019848    0.113161    0.437321    0.437321 ^ _1134_/Q (sky130_fd_sc_hd__dfrtp_2)
                                                         u_i2c_master_controller.i2cbus_cntrl_fsm.scl_gen.count[3] (net)
                      0.113161    0.000000    0.437321 ^ _0537_/A (sky130_fd_sc_hd__inv_2)
     2    0.004475    0.030868    0.042710    0.480031 v _0537_/Y (sky130_fd_sc_hd__inv_2)
                                                         _0286_ (net)
                      0.030868    0.000000    0.480031 v _0723_/A1 (sky130_fd_sc_hd__o221a_2)
     1    0.001475    0.039088    0.263688    0.743719 v _0723_/X (sky130_fd_sc_hd__o221a_2)
                                                         _0399_ (net)
                      0.039088    0.000000    0.743719 v _0728_/B (sky130_fd_sc_hd__and3_2)
     1    0.001448    0.033643    0.177761    0.921480 v _0728_/X (sky130_fd_sc_hd__and3_2)
                                                         _0404_ (net)
                      0.033643    0.000000    0.921480 v _0729_/C (sky130_fd_sc_hd__and3b_2)
     1    0.001949    0.035778    0.191899    1.113379 v _0729_/X (sky130_fd_sc_hd__and3b_2)
                                                         _0045_ (net)
                      0.035778    0.000000    1.113379 v _1211_/D (sky130_fd_sc_hd__dfrtp_2)
                                              1.113379   data arrival time

                      0.150000   32.000000   32.000000   clock i_clk (rise edge)
                                  0.000000   32.000000   clock network delay (ideal)
                                 -0.250000   31.750000   clock uncertainty
                                  0.000000   31.750000   clock reconvergence pessimism
                                             31.750000 ^ _1211_/CLK (sky130_fd_sc_hd__dfrtp_2)
                                 -0.087185   31.662815   library setup time
                                             31.662815   data required time
---------------------------------------------------------------------------------------------
                                             31.662815   data required time
                                             -1.113379   data arrival time
---------------------------------------------------------------------------------------------
                                             30.549438   slack (MET)


Startpoint: _1213_ (rising edge-triggered flip-flop clocked by i_clk)
Endpoint: _1220_ (rising edge-triggered flip-flop clocked by i_clk)
Path Group: i_clk
Path Type: max

Fanout         Cap        Slew       Delay        Time   Description
---------------------------------------------------------------------------------------------
                      0.150000    0.000000    0.000000   clock i_clk (rise edge)
                                  0.000000    0.000000   clock network delay (ideal)
                      0.150000    0.000000    0.000000 ^ _1213_/CLK (sky130_fd_sc_hd__dfrtp_2)
     7    0.019169    0.110229    0.434990    0.434990 ^ _1213_/Q (sky130_fd_sc_hd__dfrtp_2)
                                                         u_i2c_master_controller.i2cbus_cntrl_fsm.start_gen.delay_gen.count[0] (net)
                      0.110229    0.000000    0.434990 ^ _0750_/B (sky130_fd_sc_hd__and4_2)
     9    0.020706    0.136274    0.301881    0.736870 ^ _0750_/X (sky130_fd_sc_hd__and4_2)
                                                         _0411_ (net)
                      0.136274    0.000000    0.736870 ^ _0756_/C (sky130_fd_sc_hd__and3_2)
     3    0.010752    0.079982    0.226062    0.962932 ^ _0756_/X (sky130_fd_sc_hd__and3_2)
                                                         _0415_ (net)
                      0.079982    0.000000    0.962932 ^ _0758_/B (sky130_fd_sc_hd__nand2_2)
     2    0.006084    0.043169    0.061562    1.024494 v _0758_/Y (sky130_fd_sc_hd__nand2_2)
                                                         _0416_ (net)
                      0.043169    0.000000    1.024494 v _0763_/A2 (sky130_fd_sc_hd__a21oi_2)
     1    0.002005    0.072453    0.113548    1.138042 ^ _0763_/Y (sky130_fd_sc_hd__a21oi_2)
                                                         _0067_ (net)
                      0.072453    0.000000    1.138042 ^ _1220_/D (sky130_fd_sc_hd__dfrtp_2)
                                              1.138042   data arrival time

                      0.150000   32.000000   32.000000   clock i_clk (rise edge)
                                  0.000000   32.000000   clock network delay (ideal)
                                 -0.250000   31.750000   clock uncertainty
                                  0.000000   31.750000   clock reconvergence pessimism
                                             31.750000 ^ _1220_/CLK (sky130_fd_sc_hd__dfrtp_2)
                                 -0.053752   31.696247   library setup time
                                             31.696247   data required time
---------------------------------------------------------------------------------------------
                                             31.696247   data required time
                                             -1.138042   data arrival time
---------------------------------------------------------------------------------------------
                                             30.558207   slack (MET)


Startpoint: _1235_ (rising edge-triggered flip-flop clocked by i_clk)
Endpoint: _1242_ (rising edge-triggered flip-flop clocked by i_clk)
Path Group: i_clk
Path Type: max

Fanout         Cap        Slew       Delay        Time   Description
---------------------------------------------------------------------------------------------
                      0.150000    0.000000    0.000000   clock i_clk (rise edge)
                                  0.000000    0.000000   clock network delay (ideal)
                      0.150000    0.000000    0.000000 ^ _1235_/CLK (sky130_fd_sc_hd__dfrtp_2)
     7    0.019169    0.110229    0.434990    0.434990 ^ _1235_/Q (sky130_fd_sc_hd__dfrtp_2)
                                                         u_i2c_master_controller.i2cbus_cntrl_fsm.stop_gen.delay_gen.count[0] (net)
                      0.110229    0.000000    0.434990 ^ _0794_/B (sky130_fd_sc_hd__and4_2)
     9    0.020706    0.136274    0.301881    0.736870 ^ _0794_/X (sky130_fd_sc_hd__and4_2)
                                                         _0439_ (net)
                      0.136274    0.000000    0.736870 ^ _0800_/C (sky130_fd_sc_hd__and3_2)
     3    0.010752    0.079982    0.226062    0.962932 ^ _0800_/X (sky130_fd_sc_hd__and3_2)
                                                         _0443_ (net)
                      0.079982    0.000000    0.962932 ^ _0802_/B (sky130_fd_sc_hd__nand2_2)
     2    0.006084    0.040710    0.061562    1.024494 v _0802_/Y (sky130_fd_sc_hd__nand2_2)
                                                         _0444_ (net)
                      0.040710    0.000000    1.024494 v _0807_/A2 (sky130_fd_sc_hd__a21oi_2)
     1    0.002005    0.072454    0.112501    1.136995 ^ _0807_/Y (sky130_fd_sc_hd__a21oi_2)
                                                         _0086_ (net)
                      0.072454    0.000000    1.136995 ^ _1242_/D (sky130_fd_sc_hd__dfrtp_2)
                                              1.136995   data arrival time

                      0.150000   32.000000   32.000000   clock i_clk (rise edge)
                                  0.000000   32.000000   clock network delay (ideal)
                                 -0.250000   31.750000   clock uncertainty
                                  0.000000   31.750000   clock reconvergence pessimism
                                             31.750000 ^ _1242_/CLK (sky130_fd_sc_hd__dfrtp_2)
                                 -0.053753   31.696247   library setup time
                                             31.696247   data required time
---------------------------------------------------------------------------------------------
                                             31.696247   data required time
                                             -1.136995   data arrival time
---------------------------------------------------------------------------------------------
                                             30.559250   slack (MET)


Startpoint: _1129_ (rising edge-triggered flip-flop clocked by i_clk)
Endpoint: _1098_ (rising edge-triggered flip-flop clocked by i_clk)
Path Group: i_clk
Path Type: max

Fanout         Cap        Slew       Delay        Time   Description
---------------------------------------------------------------------------------------------
                      0.150000    0.000000    0.000000   clock i_clk (rise edge)
                                  0.000000    0.000000   clock network delay (ideal)
                      0.150000    0.000000    0.000000 ^ _1129_/CLK (sky130_fd_sc_hd__dfrtp_2)
    14    0.037672    0.119099    0.514987    0.514987 v _1129_/Q (sky130_fd_sc_hd__dfrtp_2)
                                                         u_i2c_master_controller.filter_scl.out_n (net)
                      0.119099    0.000000    0.514987 v _0539_/A (sky130_fd_sc_hd__inv_2)
    14    0.048598    0.224521    0.217407    0.732394 ^ _0539_/Y (sky130_fd_sc_hd__inv_2)
                                                         _0288_ (net)
                      0.224521    0.000000    0.732394 ^ _0877_/A (sky130_fd_sc_hd__nand2_2)
     1    0.003285    0.055716    0.063579    0.795973 v _0877_/Y (sky130_fd_sc_hd__nand2_2)
                                                         _0478_ (net)
                      0.055716    0.000000    0.795973 v _0878_/S (sky130_fd_sc_hd__mux2_1)
     1    0.001681    0.050062    0.296959    1.092933 v _0878_/X (sky130_fd_sc_hd__mux2_1)
                                                         _0221_ (net)
                      0.050062    0.000000    1.092933 v _1098_/D (sky130_fd_sc_hd__dfxtp_2)
                                              1.092933   data arrival time

                      0.150000   32.000000   32.000000   clock i_clk (rise edge)
                                  0.000000   32.000000   clock network delay (ideal)
                                 -0.250000   31.750000   clock uncertainty
                                  0.000000   31.750000   clock reconvergence pessimism
                                             31.750000 ^ _1098_/CLK (sky130_fd_sc_hd__dfxtp_2)
                                 -0.090553   31.659447   library setup time
                                             31.659447   data required time
---------------------------------------------------------------------------------------------
                                             31.659447   data required time
                                             -1.092933   data arrival time
---------------------------------------------------------------------------------------------
                                             30.566515   slack (MET)


Startpoint: _1129_ (rising edge-triggered flip-flop clocked by i_clk)
Endpoint: _1099_ (rising edge-triggered flip-flop clocked by i_clk)
Path Group: i_clk
Path Type: max

Fanout         Cap        Slew       Delay        Time   Description
---------------------------------------------------------------------------------------------
                      0.150000    0.000000    0.000000   clock i_clk (rise edge)
                                  0.000000    0.000000   clock network delay (ideal)
                      0.150000    0.000000    0.000000 ^ _1129_/CLK (sky130_fd_sc_hd__dfrtp_2)
    14    0.037672    0.119099    0.514987    0.514987 v _1129_/Q (sky130_fd_sc_hd__dfrtp_2)
                                                         u_i2c_master_controller.filter_scl.out_n (net)
                      0.119099    0.000000    0.514987 v _0539_/A (sky130_fd_sc_hd__inv_2)
    14    0.048598    0.224521    0.217407    0.732394 ^ _0539_/Y (sky130_fd_sc_hd__inv_2)
                                                         _0288_ (net)
                      0.224521    0.000000    0.732394 ^ _0879_/A (sky130_fd_sc_hd__nand2_2)
     1    0.003285    0.055716    0.063579    0.795973 v _0879_/Y (sky130_fd_sc_hd__nand2_2)
                                                         _0479_ (net)
                      0.055716    0.000000    0.795973 v _0880_/S (sky130_fd_sc_hd__mux2_1)
     1    0.001681    0.050062    0.296959    1.092933 v _0880_/X (sky130_fd_sc_hd__mux2_1)
                                                         _0222_ (net)
                      0.050062    0.000000    1.092933 v _1099_/D (sky130_fd_sc_hd__dfxtp_2)
                                              1.092933   data arrival time

                      0.150000   32.000000   32.000000   clock i_clk (rise edge)
                                  0.000000   32.000000   clock network delay (ideal)
                                 -0.250000   31.750000   clock uncertainty
                                  0.000000   31.750000   clock reconvergence pessimism
                                             31.750000 ^ _1099_/CLK (sky130_fd_sc_hd__dfxtp_2)
                                 -0.090553   31.659447   library setup time
                                             31.659447   data required time
---------------------------------------------------------------------------------------------
                                             31.659447   data required time
                                             -1.092933   data arrival time
---------------------------------------------------------------------------------------------
                                             30.566515   slack (MET)


Startpoint: _1129_ (rising edge-triggered flip-flop clocked by i_clk)
Endpoint: _1100_ (rising edge-triggered flip-flop clocked by i_clk)
Path Group: i_clk
Path Type: max

Fanout         Cap        Slew       Delay        Time   Description
---------------------------------------------------------------------------------------------
                      0.150000    0.000000    0.000000   clock i_clk (rise edge)
                                  0.000000    0.000000   clock network delay (ideal)
                      0.150000    0.000000    0.000000 ^ _1129_/CLK (sky130_fd_sc_hd__dfrtp_2)
    14    0.037672    0.119099    0.514987    0.514987 v _1129_/Q (sky130_fd_sc_hd__dfrtp_2)
                                                         u_i2c_master_controller.filter_scl.out_n (net)
                      0.119099    0.000000    0.514987 v _0539_/A (sky130_fd_sc_hd__inv_2)
    14    0.048598    0.224521    0.217407    0.732394 ^ _0539_/Y (sky130_fd_sc_hd__inv_2)
                                                         _0288_ (net)
                      0.224521    0.000000    0.732394 ^ _0881_/A (sky130_fd_sc_hd__nand2_2)
     1    0.003285    0.055716    0.063579    0.795973 v _0881_/Y (sky130_fd_sc_hd__nand2_2)
                                                         _0480_ (net)
                      0.055716    0.000000    0.795973 v _0882_/S (sky130_fd_sc_hd__mux2_1)
     1    0.001681    0.050062    0.296959    1.092933 v _0882_/X (sky130_fd_sc_hd__mux2_1)
                                                         _0223_ (net)
                      0.050062    0.000000    1.092933 v _1100_/D (sky130_fd_sc_hd__dfxtp_2)
                                              1.092933   data arrival time

                      0.150000   32.000000   32.000000   clock i_clk (rise edge)
                                  0.000000   32.000000   clock network delay (ideal)
                                 -0.250000   31.750000   clock uncertainty
                                  0.000000   31.750000   clock reconvergence pessimism
                                             31.750000 ^ _1100_/CLK (sky130_fd_sc_hd__dfxtp_2)
                                 -0.090553   31.659447   library setup time
                                             31.659447   data required time
---------------------------------------------------------------------------------------------
                                             31.659447   data required time
                                             -1.092933   data arrival time
---------------------------------------------------------------------------------------------
                                             30.566515   slack (MET)


Startpoint: _1129_ (rising edge-triggered flip-flop clocked by i_clk)
Endpoint: _1101_ (rising edge-triggered flip-flop clocked by i_clk)
Path Group: i_clk
Path Type: max

Fanout         Cap        Slew       Delay        Time   Description
---------------------------------------------------------------------------------------------
                      0.150000    0.000000    0.000000   clock i_clk (rise edge)
                                  0.000000    0.000000   clock network delay (ideal)
                      0.150000    0.000000    0.000000 ^ _1129_/CLK (sky130_fd_sc_hd__dfrtp_2)
    14    0.037672    0.119099    0.514987    0.514987 v _1129_/Q (sky130_fd_sc_hd__dfrtp_2)
                                                         u_i2c_master_controller.filter_scl.out_n (net)
                      0.119099    0.000000    0.514987 v _0539_/A (sky130_fd_sc_hd__inv_2)
    14    0.048598    0.224521    0.217407    0.732394 ^ _0539_/Y (sky130_fd_sc_hd__inv_2)
                                                         _0288_ (net)
                      0.224521    0.000000    0.732394 ^ _0883_/A (sky130_fd_sc_hd__nand2_2)
     1    0.003285    0.055716    0.063579    0.795973 v _0883_/Y (sky130_fd_sc_hd__nand2_2)
                                                         _0481_ (net)
                      0.055716    0.000000    0.795973 v _0884_/S (sky130_fd_sc_hd__mux2_1)
     1    0.001681    0.050062    0.296959    1.092933 v _0884_/X (sky130_fd_sc_hd__mux2_1)
                                                         _0224_ (net)
                      0.050062    0.000000    1.092933 v _1101_/D (sky130_fd_sc_hd__dfxtp_2)
                                              1.092933   data arrival time

                      0.150000   32.000000   32.000000   clock i_clk (rise edge)
                                  0.000000   32.000000   clock network delay (ideal)
                                 -0.250000   31.750000   clock uncertainty
                                  0.000000   31.750000   clock reconvergence pessimism
                                             31.750000 ^ _1101_/CLK (sky130_fd_sc_hd__dfxtp_2)
                                 -0.090553   31.659447   library setup time
                                             31.659447   data required time
---------------------------------------------------------------------------------------------
                                             31.659447   data required time
                                             -1.092933   data arrival time
---------------------------------------------------------------------------------------------
                                             30.566515   slack (MET)


Startpoint: _1129_ (rising edge-triggered flip-flop clocked by i_clk)
Endpoint: _1102_ (rising edge-triggered flip-flop clocked by i_clk)
Path Group: i_clk
Path Type: max

Fanout         Cap        Slew       Delay        Time   Description
---------------------------------------------------------------------------------------------
                      0.150000    0.000000    0.000000   clock i_clk (rise edge)
                                  0.000000    0.000000   clock network delay (ideal)
                      0.150000    0.000000    0.000000 ^ _1129_/CLK (sky130_fd_sc_hd__dfrtp_2)
    14    0.037672    0.119099    0.514987    0.514987 v _1129_/Q (sky130_fd_sc_hd__dfrtp_2)
                                                         u_i2c_master_controller.filter_scl.out_n (net)
                      0.119099    0.000000    0.514987 v _0539_/A (sky130_fd_sc_hd__inv_2)
    14    0.048598    0.224521    0.217407    0.732394 ^ _0539_/Y (sky130_fd_sc_hd__inv_2)
                                                         _0288_ (net)
                      0.224521    0.000000    0.732394 ^ _0885_/A (sky130_fd_sc_hd__nand2_2)
     1    0.003285    0.055716    0.063579    0.795973 v _0885_/Y (sky130_fd_sc_hd__nand2_2)
                                                         _0482_ (net)
                      0.055716    0.000000    0.795973 v _0886_/S (sky130_fd_sc_hd__mux2_1)
     1    0.001681    0.050062    0.296959    1.092933 v _0886_/X (sky130_fd_sc_hd__mux2_1)
                                                         _0225_ (net)
                      0.050062    0.000000    1.092933 v _1102_/D (sky130_fd_sc_hd__dfxtp_2)
                                              1.092933   data arrival time

                      0.150000   32.000000   32.000000   clock i_clk (rise edge)
                                  0.000000   32.000000   clock network delay (ideal)
                                 -0.250000   31.750000   clock uncertainty
                                  0.000000   31.750000   clock reconvergence pessimism
                                             31.750000 ^ _1102_/CLK (sky130_fd_sc_hd__dfxtp_2)
                                 -0.090553   31.659447   library setup time
                                             31.659447   data required time
---------------------------------------------------------------------------------------------
                                             31.659447   data required time
                                             -1.092933   data arrival time
---------------------------------------------------------------------------------------------
                                             30.566515   slack (MET)


Startpoint: _1129_ (rising edge-triggered flip-flop clocked by i_clk)
Endpoint: _1103_ (rising edge-triggered flip-flop clocked by i_clk)
Path Group: i_clk
Path Type: max

Fanout         Cap        Slew       Delay        Time   Description
---------------------------------------------------------------------------------------------
                      0.150000    0.000000    0.000000   clock i_clk (rise edge)
                                  0.000000    0.000000   clock network delay (ideal)
                      0.150000    0.000000    0.000000 ^ _1129_/CLK (sky130_fd_sc_hd__dfrtp_2)
    14    0.037672    0.119099    0.514987    0.514987 v _1129_/Q (sky130_fd_sc_hd__dfrtp_2)
                                                         u_i2c_master_controller.filter_scl.out_n (net)
                      0.119099    0.000000    0.514987 v _0539_/A (sky130_fd_sc_hd__inv_2)
    14    0.048598    0.224521    0.217407    0.732394 ^ _0539_/Y (sky130_fd_sc_hd__inv_2)
                                                         _0288_ (net)
                      0.224521    0.000000    0.732394 ^ _0887_/A (sky130_fd_sc_hd__nand2_2)
     1    0.003285    0.055716    0.063579    0.795973 v _0887_/Y (sky130_fd_sc_hd__nand2_2)
                                                         _0483_ (net)
                      0.055716    0.000000    0.795973 v _0888_/S (sky130_fd_sc_hd__mux2_1)
     1    0.001681    0.050062    0.296959    1.092933 v _0888_/X (sky130_fd_sc_hd__mux2_1)
                                                         _0226_ (net)
                      0.050062    0.000000    1.092933 v _1103_/D (sky130_fd_sc_hd__dfxtp_2)
                                              1.092933   data arrival time

                      0.150000   32.000000   32.000000   clock i_clk (rise edge)
                                  0.000000   32.000000   clock network delay (ideal)
                                 -0.250000   31.750000   clock uncertainty
                                  0.000000   31.750000   clock reconvergence pessimism
                                             31.750000 ^ _1103_/CLK (sky130_fd_sc_hd__dfxtp_2)
                                 -0.090553   31.659447   library setup time
                                             31.659447   data required time
---------------------------------------------------------------------------------------------
                                             31.659447   data required time
                                             -1.092933   data arrival time
---------------------------------------------------------------------------------------------
                                             30.566515   slack (MET)


Startpoint: _1129_ (rising edge-triggered flip-flop clocked by i_clk)
Endpoint: _1104_ (rising edge-triggered flip-flop clocked by i_clk)
Path Group: i_clk
Path Type: max

Fanout         Cap        Slew       Delay        Time   Description
---------------------------------------------------------------------------------------------
                      0.150000    0.000000    0.000000   clock i_clk (rise edge)
                                  0.000000    0.000000   clock network delay (ideal)
                      0.150000    0.000000    0.000000 ^ _1129_/CLK (sky130_fd_sc_hd__dfrtp_2)
    14    0.037672    0.119099    0.514987    0.514987 v _1129_/Q (sky130_fd_sc_hd__dfrtp_2)
                                                         u_i2c_master_controller.filter_scl.out_n (net)
                      0.119099    0.000000    0.514987 v _0539_/A (sky130_fd_sc_hd__inv_2)
    14    0.048598    0.224521    0.217407    0.732394 ^ _0539_/Y (sky130_fd_sc_hd__inv_2)
                                                         _0288_ (net)
                      0.224521    0.000000    0.732394 ^ _0889_/A (sky130_fd_sc_hd__nand2_2)
     1    0.003285    0.055716    0.063579    0.795973 v _0889_/Y (sky130_fd_sc_hd__nand2_2)
                                                         _0484_ (net)
                      0.055716    0.000000    0.795973 v _0890_/S (sky130_fd_sc_hd__mux2_1)
     1    0.001681    0.050062    0.296959    1.092933 v _0890_/X (sky130_fd_sc_hd__mux2_1)
                                                         _0227_ (net)
                      0.050062    0.000000    1.092933 v _1104_/D (sky130_fd_sc_hd__dfxtp_2)
                                              1.092933   data arrival time

                      0.150000   32.000000   32.000000   clock i_clk (rise edge)
                                  0.000000   32.000000   clock network delay (ideal)
                                 -0.250000   31.750000   clock uncertainty
                                  0.000000   31.750000   clock reconvergence pessimism
                                             31.750000 ^ _1104_/CLK (sky130_fd_sc_hd__dfxtp_2)
                                 -0.090553   31.659447   library setup time
                                             31.659447   data required time
---------------------------------------------------------------------------------------------
                                             31.659447   data required time
                                             -1.092933   data arrival time
---------------------------------------------------------------------------------------------
                                             30.566515   slack (MET)


Startpoint: _1129_ (rising edge-triggered flip-flop clocked by i_clk)
Endpoint: _1105_ (rising edge-triggered flip-flop clocked by i_clk)
Path Group: i_clk
Path Type: max

Fanout         Cap        Slew       Delay        Time   Description
---------------------------------------------------------------------------------------------
                      0.150000    0.000000    0.000000   clock i_clk (rise edge)
                                  0.000000    0.000000   clock network delay (ideal)
                      0.150000    0.000000    0.000000 ^ _1129_/CLK (sky130_fd_sc_hd__dfrtp_2)
    14    0.037672    0.119099    0.514987    0.514987 v _1129_/Q (sky130_fd_sc_hd__dfrtp_2)
                                                         u_i2c_master_controller.filter_scl.out_n (net)
                      0.119099    0.000000    0.514987 v _0539_/A (sky130_fd_sc_hd__inv_2)
    14    0.048598    0.224521    0.217407    0.732394 ^ _0539_/Y (sky130_fd_sc_hd__inv_2)
                                                         _0288_ (net)
                      0.224521    0.000000    0.732394 ^ _0891_/A (sky130_fd_sc_hd__nand2_2)
     1    0.003285    0.055716    0.063579    0.795973 v _0891_/Y (sky130_fd_sc_hd__nand2_2)
                                                         _0485_ (net)
                      0.055716    0.000000    0.795973 v _0892_/S (sky130_fd_sc_hd__mux2_1)
     1    0.001681    0.050062    0.296959    1.092933 v _0892_/X (sky130_fd_sc_hd__mux2_1)
                                                         _0228_ (net)
                      0.050062    0.000000    1.092933 v _1105_/D (sky130_fd_sc_hd__dfxtp_2)
                                              1.092933   data arrival time

                      0.150000   32.000000   32.000000   clock i_clk (rise edge)
                                  0.000000   32.000000   clock network delay (ideal)
                                 -0.250000   31.750000   clock uncertainty
                                  0.000000   31.750000   clock reconvergence pessimism
                                             31.750000 ^ _1105_/CLK (sky130_fd_sc_hd__dfxtp_2)
                                 -0.090553   31.659447   library setup time
                                             31.659447   data required time
---------------------------------------------------------------------------------------------
                                             31.659447   data required time
                                             -1.092933   data arrival time
---------------------------------------------------------------------------------------------
                                             30.566515   slack (MET)


Startpoint: _1213_ (rising edge-triggered flip-flop clocked by i_clk)
Endpoint: _1221_ (rising edge-triggered flip-flop clocked by i_clk)
Path Group: i_clk
Path Type: max

Fanout         Cap        Slew       Delay        Time   Description
---------------------------------------------------------------------------------------------
                      0.150000    0.000000    0.000000   clock i_clk (rise edge)
                                  0.000000    0.000000   clock network delay (ideal)
                      0.150000    0.000000    0.000000 ^ _1213_/CLK (sky130_fd_sc_hd__dfrtp_2)
     7    0.019169    0.110229    0.434990    0.434990 ^ _1213_/Q (sky130_fd_sc_hd__dfrtp_2)
                                                         u_i2c_master_controller.i2cbus_cntrl_fsm.start_gen.delay_gen.count[0] (net)
                      0.110229    0.000000    0.434990 ^ _0750_/B (sky130_fd_sc_hd__and4_2)
     9    0.020706    0.136274    0.301881    0.736870 ^ _0750_/X (sky130_fd_sc_hd__and4_2)
                                                         _0411_ (net)
                      0.136274    0.000000    0.736870 ^ _0765_/B (sky130_fd_sc_hd__and3_2)
     5    0.018951    0.116809    0.256644    0.993514 ^ _0765_/X (sky130_fd_sc_hd__and3_2)
                                                         _0421_ (net)
                      0.116809    0.000000    0.993514 ^ _0766_/C (sky130_fd_sc_hd__nor3_2)
     1    0.001949    0.053084    0.043078    1.036592 v _0766_/Y (sky130_fd_sc_hd__nor3_2)
                                                         _0068_ (net)
                      0.053084    0.000000    1.036592 v _1221_/D (sky130_fd_sc_hd__dfrtp_2)
                                              1.036592   data arrival time

                      0.150000   32.000000   32.000000   clock i_clk (rise edge)
                                  0.000000   32.000000   clock network delay (ideal)
                                 -0.250000   31.750000   clock uncertainty
                                  0.000000   31.750000   clock reconvergence pessimism
                                             31.750000 ^ _1221_/CLK (sky130_fd_sc_hd__dfrtp_2)
                                 -0.094732   31.655266   library setup time
                                             31.655266   data required time
---------------------------------------------------------------------------------------------
                                             31.655266   data required time
                                             -1.036592   data arrival time
---------------------------------------------------------------------------------------------
                                             30.618673   slack (MET)


Startpoint: _1235_ (rising edge-triggered flip-flop clocked by i_clk)
Endpoint: _1243_ (rising edge-triggered flip-flop clocked by i_clk)
Path Group: i_clk
Path Type: max

Fanout         Cap        Slew       Delay        Time   Description
---------------------------------------------------------------------------------------------
                      0.150000    0.000000    0.000000   clock i_clk (rise edge)
                                  0.000000    0.000000   clock network delay (ideal)
                      0.150000    0.000000    0.000000 ^ _1235_/CLK (sky130_fd_sc_hd__dfrtp_2)
     7    0.019169    0.110229    0.434990    0.434990 ^ _1235_/Q (sky130_fd_sc_hd__dfrtp_2)
                                                         u_i2c_master_controller.i2cbus_cntrl_fsm.stop_gen.delay_gen.count[0] (net)
                      0.110229    0.000000    0.434990 ^ _0794_/B (sky130_fd_sc_hd__and4_2)
     9    0.020706    0.136274    0.301881    0.736870 ^ _0794_/X (sky130_fd_sc_hd__and4_2)
                                                         _0439_ (net)
                      0.136274    0.000000    0.736870 ^ _0809_/B (sky130_fd_sc_hd__and3_2)
     5    0.018951    0.116809    0.256644    0.993514 ^ _0809_/X (sky130_fd_sc_hd__and3_2)
                                                         _0449_ (net)
                      0.116809    0.000000    0.993514 ^ _0810_/C (sky130_fd_sc_hd__nor3_2)
     1    0.001949    0.053084    0.043078    1.036592 v _0810_/Y (sky130_fd_sc_hd__nor3_2)
                                                         _0087_ (net)
                      0.053084    0.000000    1.036592 v _1243_/D (sky130_fd_sc_hd__dfrtp_2)
                                              1.036592   data arrival time

                      0.150000   32.000000   32.000000   clock i_clk (rise edge)
                                  0.000000   32.000000   clock network delay (ideal)
                                 -0.250000   31.750000   clock uncertainty
                                  0.000000   31.750000   clock reconvergence pessimism
                                             31.750000 ^ _1243_/CLK (sky130_fd_sc_hd__dfrtp_2)
                                 -0.094732   31.655266   library setup time
                                             31.655266   data required time
---------------------------------------------------------------------------------------------
                                             31.655266   data required time
                                             -1.036592   data arrival time
---------------------------------------------------------------------------------------------
                                             30.618673   slack (MET)


Startpoint: _1129_ (rising edge-triggered flip-flop clocked by i_clk)
Endpoint: _1147_ (rising edge-triggered flip-flop clocked by i_clk)
Path Group: i_clk
Path Type: max

Fanout         Cap        Slew       Delay        Time   Description
---------------------------------------------------------------------------------------------
                      0.150000    0.000000    0.000000   clock i_clk (rise edge)
                                  0.000000    0.000000   clock network delay (ideal)
                      0.150000    0.000000    0.000000 ^ _1129_/CLK (sky130_fd_sc_hd__dfrtp_2)
    14    0.041212    0.206320    0.509809    0.509809 ^ _1129_/Q (sky130_fd_sc_hd__dfrtp_2)
                                                         u_i2c_master_controller.filter_scl.out_n (net)
                      0.206320    0.000000    0.509809 ^ _0539_/A (sky130_fd_sc_hd__inv_2)
    14    0.045804    0.123172    0.155826    0.665635 v _0539_/Y (sky130_fd_sc_hd__inv_2)
                                                         _0288_ (net)
                      0.123172    0.000000    0.665635 v _0645_/A (sky130_fd_sc_hd__and2_2)
     2    0.003516    0.039313    0.199995    0.865630 v _0645_/X (sky130_fd_sc_hd__and2_2)
                                                         _0351_ (net)
                      0.039313    0.000000    0.865630 v _0646_/B1 (sky130_fd_sc_hd__a21o_2)
     1    0.001949    0.031504    0.173264    1.038894 v _0646_/X (sky130_fd_sc_hd__a21o_2)
                                                         _0025_ (net)
                      0.031504    0.000000    1.038894 v _1147_/D (sky130_fd_sc_hd__dfrtp_2)
                                              1.038894   data arrival time

                      0.150000   32.000000   32.000000   clock i_clk (rise edge)
                                  0.000000   32.000000   clock network delay (ideal)
                                 -0.250000   31.750000   clock uncertainty
                                  0.000000   31.750000   clock reconvergence pessimism
                                             31.750000 ^ _1147_/CLK (sky130_fd_sc_hd__dfrtp_2)
                                 -0.085320   31.664677   library setup time
                                             31.664677   data required time
---------------------------------------------------------------------------------------------
                                             31.664677   data required time
                                             -1.038894   data arrival time
---------------------------------------------------------------------------------------------
                                             30.625782   slack (MET)


Startpoint: _1129_ (rising edge-triggered flip-flop clocked by i_clk)
Endpoint: _1142_ (rising edge-triggered flip-flop clocked by i_clk)
Path Group: i_clk
Path Type: max

Fanout         Cap        Slew       Delay        Time   Description
---------------------------------------------------------------------------------------------
                      0.150000    0.000000    0.000000   clock i_clk (rise edge)
                                  0.000000    0.000000   clock network delay (ideal)
                      0.150000    0.000000    0.000000 ^ _1129_/CLK (sky130_fd_sc_hd__dfrtp_2)
    14    0.041212    0.206320    0.509809    0.509809 ^ _1129_/Q (sky130_fd_sc_hd__dfrtp_2)
                                                         u_i2c_master_controller.filter_scl.out_n (net)
                      0.206320    0.000000    0.509809 ^ _0539_/A (sky130_fd_sc_hd__inv_2)
    14    0.045804    0.123172    0.155826    0.665635 v _0539_/Y (sky130_fd_sc_hd__inv_2)
                                                         _0288_ (net)
                      0.123172    0.000000    0.665635 v _0611_/A (sky130_fd_sc_hd__and2_2)
     3    0.007630    0.049110    0.213693    0.879328 v _0611_/X (sky130_fd_sc_hd__and2_2)
                                                         _0033_ (net)
                      0.049110    0.000000    0.879328 v _0640_/B1 (sky130_fd_sc_hd__a211oi_2)
     1    0.002488    0.138829    0.178240    1.057568 ^ _0640_/Y (sky130_fd_sc_hd__a211oi_2)
                                                         _0030_ (net)
                      0.138829    0.000000    1.057568 ^ _1142_/D (sky130_fd_sc_hd__dfstp_2)
                                              1.057568   data arrival time

                      0.150000   32.000000   32.000000   clock i_clk (rise edge)
                                  0.000000   32.000000   clock network delay (ideal)
                                 -0.250000   31.750000   clock uncertainty
                                  0.000000   31.750000   clock reconvergence pessimism
                                             31.750000 ^ _1142_/CLK (sky130_fd_sc_hd__dfstp_2)
                                 -0.059812   31.690186   library setup time
                                             31.690186   data required time
---------------------------------------------------------------------------------------------
                                             31.690186   data required time
                                             -1.057568   data arrival time
---------------------------------------------------------------------------------------------
                                             30.632618   slack (MET)


Startpoint: _1120_ (rising edge-triggered flip-flop clocked by i_clk)
Endpoint: _1119_ (rising edge-triggered flip-flop clocked by i_clk)
Path Group: i_clk
Path Type: max

Fanout         Cap        Slew       Delay        Time   Description
---------------------------------------------------------------------------------------------
                      0.150000    0.000000    0.000000   clock i_clk (rise edge)
                                  0.000000    0.000000   clock network delay (ideal)
                      0.150000    0.000000    0.000000 ^ _1120_/CLK (sky130_fd_sc_hd__dfrtp_2)
     6    0.019703    0.080653    0.471478    0.471478 v _1120_/Q (sky130_fd_sc_hd__dfrtp_2)
                                                         u_i2c_master_controller.cntrl_fsm.cntrl_fsm.byte_count_i[0] (net)
                      0.080653    0.000000    0.471478 v _0924_/B (sky130_fd_sc_hd__xnor2_2)
     1    0.001481    0.037836    0.129655    0.601133 v _0924_/Y (sky130_fd_sc_hd__xnor2_2)
                                                         _0504_ (net)
                      0.037836    0.000000    0.601133 v _0928_/D (sky130_fd_sc_hd__and4_2)
     2    0.009218    0.056819    0.245135    0.846268 v _0928_/X (sky130_fd_sc_hd__and4_2)
                                                         _0508_ (net)
                      0.056819    0.000000    0.846268 v _0929_/A2 (sky130_fd_sc_hd__a21oi_2)
     1    0.004740    0.101428    0.141011    0.987280 ^ _0929_/Y (sky130_fd_sc_hd__a21oi_2)
                                                         _0509_ (net)
                      0.101428    0.000000    0.987280 ^ _0930_/B (sky130_fd_sc_hd__nor2_2)
     1    0.001949    0.024485    0.034949    1.022228 v _0930_/Y (sky130_fd_sc_hd__nor2_2)
                                                         _0242_ (net)
                      0.024485    0.000000    1.022228 v _1119_/D (sky130_fd_sc_hd__dfrtp_2)
                                              1.022228   data arrival time

                      0.150000   32.000000   32.000000   clock i_clk (rise edge)
                                  0.000000   32.000000   clock network delay (ideal)
                                 -0.250000   31.750000   clock uncertainty
                                  0.000000   31.750000   clock reconvergence pessimism
                                             31.750000 ^ _1119_/CLK (sky130_fd_sc_hd__dfrtp_2)
                                 -0.082259   31.667740   library setup time
                                             31.667740   data required time
---------------------------------------------------------------------------------------------
                                             31.667740   data required time
                                             -1.022228   data arrival time
---------------------------------------------------------------------------------------------
                                             30.645510   slack (MET)


Startpoint: _1129_ (rising edge-triggered flip-flop clocked by i_clk)
Endpoint: _1152_ (rising edge-triggered flip-flop clocked by i_clk)
Path Group: i_clk
Path Type: max

Fanout         Cap        Slew       Delay        Time   Description
---------------------------------------------------------------------------------------------
                      0.150000    0.000000    0.000000   clock i_clk (rise edge)
                                  0.000000    0.000000   clock network delay (ideal)
                      0.150000    0.000000    0.000000 ^ _1129_/CLK (sky130_fd_sc_hd__dfrtp_2)
    14    0.037672    0.119099    0.514987    0.514987 v _1129_/Q (sky130_fd_sc_hd__dfrtp_2)
                                                         u_i2c_master_controller.filter_scl.out_n (net)
                      0.119099    0.000000    0.514987 v _0648_/A (sky130_fd_sc_hd__or2_2)
     2    0.003736    0.058519    0.319534    0.834521 v _0648_/X (sky130_fd_sc_hd__or2_2)
                                                         _0352_ (net)
                      0.058519    0.000000    0.834521 v _0652_/B2 (sky130_fd_sc_hd__a22o_2)
     1    0.002233    0.037972    0.219442    1.053964 v _0652_/X (sky130_fd_sc_hd__a22o_2)
                                                         _0020_ (net)
                      0.037972    0.000000    1.053964 v _1152_/D (sky130_fd_sc_hd__dfstp_2)
                                              1.053964   data arrival time

                      0.150000   32.000000   32.000000   clock i_clk (rise edge)
                                  0.000000   32.000000   clock network delay (ideal)
                                 -0.250000   31.750000   clock uncertainty
                                  0.000000   31.750000   clock reconvergence pessimism
                                             31.750000 ^ _1152_/CLK (sky130_fd_sc_hd__dfstp_2)
                                 -0.045115   31.704884   library setup time
                                             31.704884   data required time
---------------------------------------------------------------------------------------------
                                             31.704884   data required time
                                             -1.053964   data arrival time
---------------------------------------------------------------------------------------------
                                             30.650921   slack (MET)


Startpoint: _1129_ (rising edge-triggered flip-flop clocked by i_clk)
Endpoint: _1155_ (rising edge-triggered flip-flop clocked by i_clk)
Path Group: i_clk
Path Type: max

Fanout         Cap        Slew       Delay        Time   Description
---------------------------------------------------------------------------------------------
                      0.150000    0.000000    0.000000   clock i_clk (rise edge)
                                  0.000000    0.000000   clock network delay (ideal)
                      0.150000    0.000000    0.000000 ^ _1129_/CLK (sky130_fd_sc_hd__dfrtp_2)
    14    0.037672    0.119099    0.514987    0.514987 v _1129_/Q (sky130_fd_sc_hd__dfrtp_2)
                                                         u_i2c_master_controller.filter_scl.out_n (net)
                      0.119099    0.000000    0.514987 v _0648_/A (sky130_fd_sc_hd__or2_2)
     2    0.003736    0.058519    0.319534    0.834521 v _0648_/X (sky130_fd_sc_hd__or2_2)
                                                         _0352_ (net)
                      0.058519    0.000000    0.834521 v _0649_/A2_N (sky130_fd_sc_hd__a2bb2o_2)
     1    0.002005    0.034204    0.215178    1.049699 ^ _0649_/X (sky130_fd_sc_hd__a2bb2o_2)
                                                         _0023_ (net)
                      0.034204    0.000000    1.049699 ^ _1155_/D (sky130_fd_sc_hd__dfrtp_2)
                                              1.049699   data arrival time

                      0.150000   32.000000   32.000000   clock i_clk (rise edge)
                                  0.000000   32.000000   clock network delay (ideal)
                                 -0.250000   31.750000   clock uncertainty
                                  0.000000   31.750000   clock reconvergence pessimism
                                             31.750000 ^ _1155_/CLK (sky130_fd_sc_hd__dfrtp_2)
                                 -0.045021   31.704979   library setup time
                                             31.704979   data required time
---------------------------------------------------------------------------------------------
                                             31.704979   data required time
                                             -1.049699   data arrival time
---------------------------------------------------------------------------------------------
                                             30.655279   slack (MET)


Startpoint: _1081_ (rising edge-triggered flip-flop clocked by i_clk)
Endpoint: _1091_ (rising edge-triggered flip-flop clocked by i_clk)
Path Group: i_clk
Path Type: max

Fanout         Cap        Slew       Delay        Time   Description
---------------------------------------------------------------------------------------------
                      0.150000    0.000000    0.000000   clock i_clk (rise edge)
                                  0.000000    0.000000   clock network delay (ideal)
                      0.150000    0.000000    0.000000 ^ _1081_/CLK (sky130_fd_sc_hd__dfrtp_2)
     6    0.013010    0.066322    0.455190    0.455190 v _1081_/Q (sky130_fd_sc_hd__dfrtp_2)
                                                         u_i2c_master_controller.cntrl_fsm.cntrl_fsm.i_rw_mode (net)
                      0.066322    0.000000    0.455190 v _0618_/B (sky130_fd_sc_hd__and2_2)
     2    0.003490    0.039192    0.194991    0.650181 v _0618_/X (sky130_fd_sc_hd__and2_2)
                                                         u_i2c_master_controller.cntrl_fsm.rx_err (net)
                      0.039192    0.000000    0.650181 v _0865_/B (sky130_fd_sc_hd__and2b_2)
     1    0.002243    0.034540    0.178871    0.829052 v _0865_/X (sky130_fd_sc_hd__and2b_2)
                                                         _0473_ (net)
                      0.034540    0.000000    0.829052 v _0866_/A2 (sky130_fd_sc_hd__o21a_2)
     1    0.001949    0.031316    0.177861    1.006913 v _0866_/X (sky130_fd_sc_hd__o21a_2)
                                                         _0214_ (net)
                      0.031316    0.000000    1.006913 v _1091_/D (sky130_fd_sc_hd__dfrtp_2)
                                              1.006913   data arrival time

                      0.150000   32.000000   32.000000   clock i_clk (rise edge)
                                  0.000000   32.000000   clock network delay (ideal)
                                 -0.250000   31.750000   clock uncertainty
                                  0.000000   31.750000   clock reconvergence pessimism
                                             31.750000 ^ _1091_/CLK (sky130_fd_sc_hd__dfrtp_2)
                                 -0.085239   31.664759   library setup time
                                             31.664759   data required time
---------------------------------------------------------------------------------------------
                                             31.664759   data required time
                                             -1.006913   data arrival time
---------------------------------------------------------------------------------------------
                                             30.657845   slack (MET)


Startpoint: _1081_ (rising edge-triggered flip-flop clocked by i_clk)
Endpoint: _1092_ (rising edge-triggered flip-flop clocked by i_clk)
Path Group: i_clk
Path Type: max

Fanout         Cap        Slew       Delay        Time   Description
---------------------------------------------------------------------------------------------
                      0.150000    0.000000    0.000000   clock i_clk (rise edge)
                                  0.000000    0.000000   clock network delay (ideal)
                      0.150000    0.000000    0.000000 ^ _1081_/CLK (sky130_fd_sc_hd__dfrtp_2)
     6    0.014286    0.089146    0.418220    0.418220 ^ _1081_/Q (sky130_fd_sc_hd__dfrtp_2)
                                                         u_i2c_master_controller.cntrl_fsm.cntrl_fsm.i_rw_mode (net)
                      0.089146    0.000000    0.418220 ^ _0544_/A (sky130_fd_sc_hd__inv_2)
     3    0.005832    0.028968    0.042010    0.460230 v _0544_/Y (sky130_fd_sc_hd__inv_2)
                                                         _0291_ (net)
                      0.028968    0.000000    0.460230 v _0617_/B (sky130_fd_sc_hd__and2_2)
     2    0.003490    0.039200    0.178302    0.638532 v _0617_/X (sky130_fd_sc_hd__and2_2)
                                                         u_i2c_master_controller.cntrl_fsm.tx_err (net)
                      0.039200    0.000000    0.638532 v _0867_/B (sky130_fd_sc_hd__and2b_2)
     1    0.002243    0.034540    0.178875    0.817406 v _0867_/X (sky130_fd_sc_hd__and2b_2)
                                                         _0474_ (net)
                      0.034540    0.000000    0.817406 v _0868_/A2 (sky130_fd_sc_hd__o21a_2)
     1    0.001949    0.031315    0.177861    0.995267 v _0868_/X (sky130_fd_sc_hd__o21a_2)
                                                         _0215_ (net)
                      0.031315    0.000000    0.995267 v _1092_/D (sky130_fd_sc_hd__dfrtp_2)
                                              0.995267   data arrival time

                      0.150000   32.000000   32.000000   clock i_clk (rise edge)
                                  0.000000   32.000000   clock network delay (ideal)
                                 -0.250000   31.750000   clock uncertainty
                                  0.000000   31.750000   clock reconvergence pessimism
                                             31.750000 ^ _1092_/CLK (sky130_fd_sc_hd__dfrtp_2)
                                 -0.085238   31.664762   library setup time
                                             31.664762   data required time
---------------------------------------------------------------------------------------------
                                             31.664762   data required time
                                             -0.995267   data arrival time
---------------------------------------------------------------------------------------------
                                             30.669495   slack (MET)


Startpoint: _1160_ (rising edge-triggered flip-flop clocked by i_clk)
Endpoint: _1162_ (rising edge-triggered flip-flop clocked by i_clk)
Path Group: i_clk
Path Type: max

Fanout         Cap        Slew       Delay        Time   Description
---------------------------------------------------------------------------------------------
                      0.150000    0.000000    0.000000   clock i_clk (rise edge)
                                  0.000000    0.000000   clock network delay (ideal)
                      0.150000    0.000000    0.000000 ^ _1160_/CLK (sky130_fd_sc_hd__dfrtp_2)
     6    0.015388    0.071413    0.460977    0.460977 v _1160_/Q (sky130_fd_sc_hd__dfrtp_2)
                                                         u_i2c_master_controller.cntrl_fsm.cntrl_fsm.state[1] (net)
                      0.071413    0.000000    0.460977 v _0674_/C (sky130_fd_sc_hd__and3b_2)
     3    0.005767    0.046384    0.225382    0.686359 v _0674_/X (sky130_fd_sc_hd__and3b_2)
                                                         _0361_ (net)
                      0.046384    0.000000    0.686359 v _0675_/C1 (sky130_fd_sc_hd__a221o_2)
     1    0.001949    0.049435    0.284756    0.971115 v _0675_/X (sky130_fd_sc_hd__a221o_2)
                                                         _0010_ (net)
                      0.049435    0.000000    0.971115 v _1162_/D (sky130_fd_sc_hd__dfrtp_2)
                                              0.971115   data arrival time

                      0.150000   32.000000   32.000000   clock i_clk (rise edge)
                                  0.000000   32.000000   clock network delay (ideal)
                                 -0.250000   31.750000   clock uncertainty
                                  0.000000   31.750000   clock reconvergence pessimism
                                             31.750000 ^ _1162_/CLK (sky130_fd_sc_hd__dfrtp_2)
                                 -0.093141   31.656858   library setup time
                                             31.656858   data required time
---------------------------------------------------------------------------------------------
                                             31.656858   data required time
                                             -0.971115   data arrival time
---------------------------------------------------------------------------------------------
                                             30.685741   slack (MET)


Startpoint: _1160_ (rising edge-triggered flip-flop clocked by i_clk)
Endpoint: _1194_ (rising edge-triggered flip-flop clocked by i_clk)
Path Group: i_clk
Path Type: max

Fanout         Cap        Slew       Delay        Time   Description
---------------------------------------------------------------------------------------------
                      0.150000    0.000000    0.000000   clock i_clk (rise edge)
                                  0.000000    0.000000   clock network delay (ideal)
                      0.150000    0.000000    0.000000 ^ _1160_/CLK (sky130_fd_sc_hd__dfrtp_2)
     6    0.015388    0.071413    0.460977    0.460977 v _1160_/Q (sky130_fd_sc_hd__dfrtp_2)
                                                         u_i2c_master_controller.cntrl_fsm.cntrl_fsm.state[1] (net)
                      0.071413    0.000000    0.460977 v _0674_/C (sky130_fd_sc_hd__and3b_2)
     3    0.005767    0.046384    0.225382    0.686359 v _0674_/X (sky130_fd_sc_hd__and3b_2)
                                                         _0361_ (net)
                      0.046384    0.000000    0.686359 v _0737_/A0 (sky130_fd_sc_hd__mux2_1)
     1    0.001949    0.051522    0.268984    0.955343 v _0737_/X (sky130_fd_sc_hd__mux2_1)
                                                         _0038_ (net)
                      0.051522    0.000000    0.955343 v _1194_/D (sky130_fd_sc_hd__dfrtp_2)
                                              0.955343   data arrival time

                      0.150000   32.000000   32.000000   clock i_clk (rise edge)
                                  0.000000   32.000000   clock network delay (ideal)
                                 -0.250000   31.750000   clock uncertainty
                                  0.000000   31.750000   clock reconvergence pessimism
                                             31.750000 ^ _1194_/CLK (sky130_fd_sc_hd__dfrtp_2)
                                 -0.094051   31.655949   library setup time
                                             31.655949   data required time
---------------------------------------------------------------------------------------------
                                             31.655949   data required time
                                             -0.955343   data arrival time
---------------------------------------------------------------------------------------------
                                             30.700605   slack (MET)


Startpoint: _1199_ (rising edge-triggered flip-flop clocked by i_clk)
Endpoint: _1263_ (rising edge-triggered flip-flop clocked by i_clk)
Path Group: i_clk
Path Type: max

Fanout         Cap        Slew       Delay        Time   Description
---------------------------------------------------------------------------------------------
                      0.150000    0.000000    0.000000   clock i_clk (rise edge)
                                  0.000000    0.000000   clock network delay (ideal)
                      0.150000    0.000000    0.000000 ^ _1199_/CLK (sky130_fd_sc_hd__dfrtp_2)
    21    0.068445    0.330288    0.597188    0.597188 ^ _1199_/Q (sky130_fd_sc_hd__dfrtp_2)
                                                         u_i2c_master_controller.cntrl_fsm.byte_rx_fsm.i_i2c_master_falling_scl_detect (net)
                      0.330288    0.000000    0.597188 ^ _0959_/S (sky130_fd_sc_hd__mux2_1)
     1    0.001949    0.051693    0.348277    0.945465 v _0959_/X (sky130_fd_sc_hd__mux2_1)
                                                         _0265_ (net)
                      0.051693    0.000000    0.945465 v _1263_/D (sky130_fd_sc_hd__dfrtp_2)
                                              0.945465   data arrival time

                      0.150000   32.000000   32.000000   clock i_clk (rise edge)
                                  0.000000   32.000000   clock network delay (ideal)
                                 -0.250000   31.750000   clock uncertainty
                                  0.000000   31.750000   clock reconvergence pessimism
                                             31.750000 ^ _1263_/CLK (sky130_fd_sc_hd__dfrtp_2)
                                 -0.094125   31.655874   library setup time
                                             31.655874   data required time
---------------------------------------------------------------------------------------------
                                             31.655874   data required time
                                             -0.945465   data arrival time
---------------------------------------------------------------------------------------------
                                             30.710407   slack (MET)


Startpoint: _1199_ (rising edge-triggered flip-flop clocked by i_clk)
Endpoint: _1264_ (rising edge-triggered flip-flop clocked by i_clk)
Path Group: i_clk
Path Type: max

Fanout         Cap        Slew       Delay        Time   Description
---------------------------------------------------------------------------------------------
                      0.150000    0.000000    0.000000   clock i_clk (rise edge)
                                  0.000000    0.000000   clock network delay (ideal)
                      0.150000    0.000000    0.000000 ^ _1199_/CLK (sky130_fd_sc_hd__dfrtp_2)
    21    0.068445    0.330288    0.597188    0.597188 ^ _1199_/Q (sky130_fd_sc_hd__dfrtp_2)
                                                         u_i2c_master_controller.cntrl_fsm.byte_rx_fsm.i_i2c_master_falling_scl_detect (net)
                      0.330288    0.000000    0.597188 ^ _0960_/S (sky130_fd_sc_hd__mux2_1)
     1    0.001949    0.051693    0.348277    0.945465 v _0960_/X (sky130_fd_sc_hd__mux2_1)
                                                         _0266_ (net)
                      0.051693    0.000000    0.945465 v _1264_/D (sky130_fd_sc_hd__dfrtp_2)
                                              0.945465   data arrival time

                      0.150000   32.000000   32.000000   clock i_clk (rise edge)
                                  0.000000   32.000000   clock network delay (ideal)
                                 -0.250000   31.750000   clock uncertainty
                                  0.000000   31.750000   clock reconvergence pessimism
                                             31.750000 ^ _1264_/CLK (sky130_fd_sc_hd__dfrtp_2)
                                 -0.094125   31.655874   library setup time
                                             31.655874   data required time
---------------------------------------------------------------------------------------------
                                             31.655874   data required time
                                             -0.945465   data arrival time
---------------------------------------------------------------------------------------------
                                             30.710407   slack (MET)


Startpoint: _1199_ (rising edge-triggered flip-flop clocked by i_clk)
Endpoint: _1265_ (rising edge-triggered flip-flop clocked by i_clk)
Path Group: i_clk
Path Type: max

Fanout         Cap        Slew       Delay        Time   Description
---------------------------------------------------------------------------------------------
                      0.150000    0.000000    0.000000   clock i_clk (rise edge)
                                  0.000000    0.000000   clock network delay (ideal)
                      0.150000    0.000000    0.000000 ^ _1199_/CLK (sky130_fd_sc_hd__dfrtp_2)
    21    0.068445    0.330288    0.597188    0.597188 ^ _1199_/Q (sky130_fd_sc_hd__dfrtp_2)
                                                         u_i2c_master_controller.cntrl_fsm.byte_rx_fsm.i_i2c_master_falling_scl_detect (net)
                      0.330288    0.000000    0.597188 ^ _0961_/S (sky130_fd_sc_hd__mux2_1)
     1    0.001949    0.051693    0.348277    0.945465 v _0961_/X (sky130_fd_sc_hd__mux2_1)
                                                         _0267_ (net)
                      0.051693    0.000000    0.945465 v _1265_/D (sky130_fd_sc_hd__dfrtp_2)
                                              0.945465   data arrival time

                      0.150000   32.000000   32.000000   clock i_clk (rise edge)
                                  0.000000   32.000000   clock network delay (ideal)
                                 -0.250000   31.750000   clock uncertainty
                                  0.000000   31.750000   clock reconvergence pessimism
                                             31.750000 ^ _1265_/CLK (sky130_fd_sc_hd__dfrtp_2)
                                 -0.094125   31.655874   library setup time
                                             31.655874   data required time
---------------------------------------------------------------------------------------------
                                             31.655874   data required time
                                             -0.945465   data arrival time
---------------------------------------------------------------------------------------------
                                             30.710407   slack (MET)


Startpoint: _1199_ (rising edge-triggered flip-flop clocked by i_clk)
Endpoint: _1266_ (rising edge-triggered flip-flop clocked by i_clk)
Path Group: i_clk
Path Type: max

Fanout         Cap        Slew       Delay        Time   Description
---------------------------------------------------------------------------------------------
                      0.150000    0.000000    0.000000   clock i_clk (rise edge)
                                  0.000000    0.000000   clock network delay (ideal)
                      0.150000    0.000000    0.000000 ^ _1199_/CLK (sky130_fd_sc_hd__dfrtp_2)
    21    0.068445    0.330288    0.597188    0.597188 ^ _1199_/Q (sky130_fd_sc_hd__dfrtp_2)
                                                         u_i2c_master_controller.cntrl_fsm.byte_rx_fsm.i_i2c_master_falling_scl_detect (net)
                      0.330288    0.000000    0.597188 ^ _0962_/S (sky130_fd_sc_hd__mux2_1)
     1    0.001949    0.051693    0.348277    0.945465 v _0962_/X (sky130_fd_sc_hd__mux2_1)
                                                         _0268_ (net)
                      0.051693    0.000000    0.945465 v _1266_/D (sky130_fd_sc_hd__dfrtp_2)
                                              0.945465   data arrival time

                      0.150000   32.000000   32.000000   clock i_clk (rise edge)
                                  0.000000   32.000000   clock network delay (ideal)
                                 -0.250000   31.750000   clock uncertainty
                                  0.000000   31.750000   clock reconvergence pessimism
                                             31.750000 ^ _1266_/CLK (sky130_fd_sc_hd__dfrtp_2)
                                 -0.094125   31.655874   library setup time
                                             31.655874   data required time
---------------------------------------------------------------------------------------------
                                             31.655874   data required time
                                             -0.945465   data arrival time
---------------------------------------------------------------------------------------------
                                             30.710407   slack (MET)


Startpoint: _1199_ (rising edge-triggered flip-flop clocked by i_clk)
Endpoint: _1267_ (rising edge-triggered flip-flop clocked by i_clk)
Path Group: i_clk
Path Type: max

Fanout         Cap        Slew       Delay        Time   Description
---------------------------------------------------------------------------------------------
                      0.150000    0.000000    0.000000   clock i_clk (rise edge)
                                  0.000000    0.000000   clock network delay (ideal)
                      0.150000    0.000000    0.000000 ^ _1199_/CLK (sky130_fd_sc_hd__dfrtp_2)
    21    0.068445    0.330288    0.597188    0.597188 ^ _1199_/Q (sky130_fd_sc_hd__dfrtp_2)
                                                         u_i2c_master_controller.cntrl_fsm.byte_rx_fsm.i_i2c_master_falling_scl_detect (net)
                      0.330288    0.000000    0.597188 ^ _0963_/S (sky130_fd_sc_hd__mux2_1)
     1    0.001949    0.051693    0.348277    0.945465 v _0963_/X (sky130_fd_sc_hd__mux2_1)
                                                         _0269_ (net)
                      0.051693    0.000000    0.945465 v _1267_/D (sky130_fd_sc_hd__dfrtp_2)
                                              0.945465   data arrival time

                      0.150000   32.000000   32.000000   clock i_clk (rise edge)
                                  0.000000   32.000000   clock network delay (ideal)
                                 -0.250000   31.750000   clock uncertainty
                                  0.000000   31.750000   clock reconvergence pessimism
                                             31.750000 ^ _1267_/CLK (sky130_fd_sc_hd__dfrtp_2)
                                 -0.094125   31.655874   library setup time
                                             31.655874   data required time
---------------------------------------------------------------------------------------------
                                             31.655874   data required time
                                             -0.945465   data arrival time
---------------------------------------------------------------------------------------------
                                             30.710407   slack (MET)


Startpoint: _1199_ (rising edge-triggered flip-flop clocked by i_clk)
Endpoint: _1268_ (rising edge-triggered flip-flop clocked by i_clk)
Path Group: i_clk
Path Type: max

Fanout         Cap        Slew       Delay        Time   Description
---------------------------------------------------------------------------------------------
                      0.150000    0.000000    0.000000   clock i_clk (rise edge)
                                  0.000000    0.000000   clock network delay (ideal)
                      0.150000    0.000000    0.000000 ^ _1199_/CLK (sky130_fd_sc_hd__dfrtp_2)
    21    0.068445    0.330288    0.597188    0.597188 ^ _1199_/Q (sky130_fd_sc_hd__dfrtp_2)
                                                         u_i2c_master_controller.cntrl_fsm.byte_rx_fsm.i_i2c_master_falling_scl_detect (net)
                      0.330288    0.000000    0.597188 ^ _0964_/S (sky130_fd_sc_hd__mux2_1)
     1    0.001949    0.051693    0.348277    0.945465 v _0964_/X (sky130_fd_sc_hd__mux2_1)
                                                         _0270_ (net)
                      0.051693    0.000000    0.945465 v _1268_/D (sky130_fd_sc_hd__dfrtp_2)
                                              0.945465   data arrival time

                      0.150000   32.000000   32.000000   clock i_clk (rise edge)
                                  0.000000   32.000000   clock network delay (ideal)
                                 -0.250000   31.750000   clock uncertainty
                                  0.000000   31.750000   clock reconvergence pessimism
                                             31.750000 ^ _1268_/CLK (sky130_fd_sc_hd__dfrtp_2)
                                 -0.094125   31.655874   library setup time
                                             31.655874   data required time
---------------------------------------------------------------------------------------------
                                             31.655874   data required time
                                             -0.945465   data arrival time
---------------------------------------------------------------------------------------------
                                             30.710407   slack (MET)


Startpoint: _1199_ (rising edge-triggered flip-flop clocked by i_clk)
Endpoint: _1269_ (rising edge-triggered flip-flop clocked by i_clk)
Path Group: i_clk
Path Type: max

Fanout         Cap        Slew       Delay        Time   Description
---------------------------------------------------------------------------------------------
                      0.150000    0.000000    0.000000   clock i_clk (rise edge)
                                  0.000000    0.000000   clock network delay (ideal)
                      0.150000    0.000000    0.000000 ^ _1199_/CLK (sky130_fd_sc_hd__dfrtp_2)
    21    0.068445    0.330288    0.597188    0.597188 ^ _1199_/Q (sky130_fd_sc_hd__dfrtp_2)
                                                         u_i2c_master_controller.cntrl_fsm.byte_rx_fsm.i_i2c_master_falling_scl_detect (net)
                      0.330288    0.000000    0.597188 ^ _0965_/S (sky130_fd_sc_hd__mux2_1)
     1    0.001949    0.051693    0.348277    0.945465 v _0965_/X (sky130_fd_sc_hd__mux2_1)
                                                         _0271_ (net)
                      0.051693    0.000000    0.945465 v _1269_/D (sky130_fd_sc_hd__dfrtp_2)
                                              0.945465   data arrival time

                      0.150000   32.000000   32.000000   clock i_clk (rise edge)
                                  0.000000   32.000000   clock network delay (ideal)
                                 -0.250000   31.750000   clock uncertainty
                                  0.000000   31.750000   clock reconvergence pessimism
                                             31.750000 ^ _1269_/CLK (sky130_fd_sc_hd__dfrtp_2)
                                 -0.094125   31.655874   library setup time
                                             31.655874   data required time
---------------------------------------------------------------------------------------------
                                             31.655874   data required time
                                             -0.945465   data arrival time
---------------------------------------------------------------------------------------------
                                             30.710407   slack (MET)


Startpoint: _1199_ (rising edge-triggered flip-flop clocked by i_clk)
Endpoint: _1270_ (rising edge-triggered flip-flop clocked by i_clk)
Path Group: i_clk
Path Type: max

Fanout         Cap        Slew       Delay        Time   Description
---------------------------------------------------------------------------------------------
                      0.150000    0.000000    0.000000   clock i_clk (rise edge)
                                  0.000000    0.000000   clock network delay (ideal)
                      0.150000    0.000000    0.000000 ^ _1199_/CLK (sky130_fd_sc_hd__dfrtp_2)
    21    0.068445    0.330288    0.597188    0.597188 ^ _1199_/Q (sky130_fd_sc_hd__dfrtp_2)
                                                         u_i2c_master_controller.cntrl_fsm.byte_rx_fsm.i_i2c_master_falling_scl_detect (net)
                      0.330288    0.000000    0.597188 ^ _0966_/S (sky130_fd_sc_hd__mux2_1)
     1    0.001949    0.051693    0.348277    0.945465 v _0966_/X (sky130_fd_sc_hd__mux2_1)
                                                         _0272_ (net)
                      0.051693    0.000000    0.945465 v _1270_/D (sky130_fd_sc_hd__dfrtp_2)
                                              0.945465   data arrival time

                      0.150000   32.000000   32.000000   clock i_clk (rise edge)
                                  0.000000   32.000000   clock network delay (ideal)
                                 -0.250000   31.750000   clock uncertainty
                                  0.000000   31.750000   clock reconvergence pessimism
                                             31.750000 ^ _1270_/CLK (sky130_fd_sc_hd__dfrtp_2)
                                 -0.094125   31.655874   library setup time
                                             31.655874   data required time
---------------------------------------------------------------------------------------------
                                             31.655874   data required time
                                             -0.945465   data arrival time
---------------------------------------------------------------------------------------------
                                             30.710407   slack (MET)


Startpoint: _1199_ (rising edge-triggered flip-flop clocked by i_clk)
Endpoint: _1271_ (rising edge-triggered flip-flop clocked by i_clk)
Path Group: i_clk
Path Type: max

Fanout         Cap        Slew       Delay        Time   Description
---------------------------------------------------------------------------------------------
                      0.150000    0.000000    0.000000   clock i_clk (rise edge)
                                  0.000000    0.000000   clock network delay (ideal)
                      0.150000    0.000000    0.000000 ^ _1199_/CLK (sky130_fd_sc_hd__dfrtp_2)
    21    0.068445    0.330288    0.597188    0.597188 ^ _1199_/Q (sky130_fd_sc_hd__dfrtp_2)
                                                         u_i2c_master_controller.cntrl_fsm.byte_rx_fsm.i_i2c_master_falling_scl_detect (net)
                      0.330288    0.000000    0.597188 ^ _0967_/S (sky130_fd_sc_hd__mux2_1)
     1    0.001949    0.051693    0.348277    0.945465 v _0967_/X (sky130_fd_sc_hd__mux2_1)
                                                         _0273_ (net)
                      0.051693    0.000000    0.945465 v _1271_/D (sky130_fd_sc_hd__dfrtp_2)
                                              0.945465   data arrival time

                      0.150000   32.000000   32.000000   clock i_clk (rise edge)
                                  0.000000   32.000000   clock network delay (ideal)
                                 -0.250000   31.750000   clock uncertainty
                                  0.000000   31.750000   clock reconvergence pessimism
                                             31.750000 ^ _1271_/CLK (sky130_fd_sc_hd__dfrtp_2)
                                 -0.094125   31.655874   library setup time
                                             31.655874   data required time
---------------------------------------------------------------------------------------------
                                             31.655874   data required time
                                             -0.945465   data arrival time
---------------------------------------------------------------------------------------------
                                             30.710407   slack (MET)


Startpoint: _1199_ (rising edge-triggered flip-flop clocked by i_clk)
Endpoint: _1272_ (rising edge-triggered flip-flop clocked by i_clk)
Path Group: i_clk
Path Type: max

Fanout         Cap        Slew       Delay        Time   Description
---------------------------------------------------------------------------------------------
                      0.150000    0.000000    0.000000   clock i_clk (rise edge)
                                  0.000000    0.000000   clock network delay (ideal)
                      0.150000    0.000000    0.000000 ^ _1199_/CLK (sky130_fd_sc_hd__dfrtp_2)
    21    0.068445    0.330288    0.597188    0.597188 ^ _1199_/Q (sky130_fd_sc_hd__dfrtp_2)
                                                         u_i2c_master_controller.cntrl_fsm.byte_rx_fsm.i_i2c_master_falling_scl_detect (net)
                      0.330288    0.000000    0.597188 ^ _0968_/S (sky130_fd_sc_hd__mux2_1)
     1    0.001949    0.051693    0.348277    0.945465 v _0968_/X (sky130_fd_sc_hd__mux2_1)
                                                         _0274_ (net)
                      0.051693    0.000000    0.945465 v _1272_/D (sky130_fd_sc_hd__dfrtp_2)
                                              0.945465   data arrival time

                      0.150000   32.000000   32.000000   clock i_clk (rise edge)
                                  0.000000   32.000000   clock network delay (ideal)
                                 -0.250000   31.750000   clock uncertainty
                                  0.000000   31.750000   clock reconvergence pessimism
                                             31.750000 ^ _1272_/CLK (sky130_fd_sc_hd__dfrtp_2)
                                 -0.094125   31.655874   library setup time
                                             31.655874   data required time
---------------------------------------------------------------------------------------------
                                             31.655874   data required time
                                             -0.945465   data arrival time
---------------------------------------------------------------------------------------------
                                             30.710407   slack (MET)


Startpoint: _1199_ (rising edge-triggered flip-flop clocked by i_clk)
Endpoint: _1273_ (rising edge-triggered flip-flop clocked by i_clk)
Path Group: i_clk
Path Type: max

Fanout         Cap        Slew       Delay        Time   Description
---------------------------------------------------------------------------------------------
                      0.150000    0.000000    0.000000   clock i_clk (rise edge)
                                  0.000000    0.000000   clock network delay (ideal)
                      0.150000    0.000000    0.000000 ^ _1199_/CLK (sky130_fd_sc_hd__dfrtp_2)
    21    0.068445    0.330288    0.597188    0.597188 ^ _1199_/Q (sky130_fd_sc_hd__dfrtp_2)
                                                         u_i2c_master_controller.cntrl_fsm.byte_rx_fsm.i_i2c_master_falling_scl_detect (net)
                      0.330288    0.000000    0.597188 ^ _0969_/S (sky130_fd_sc_hd__mux2_1)
     1    0.001949    0.051693    0.348277    0.945465 v _0969_/X (sky130_fd_sc_hd__mux2_1)
                                                         _0275_ (net)
                      0.051693    0.000000    0.945465 v _1273_/D (sky130_fd_sc_hd__dfrtp_2)
                                              0.945465   data arrival time

                      0.150000   32.000000   32.000000   clock i_clk (rise edge)
                                  0.000000   32.000000   clock network delay (ideal)
                                 -0.250000   31.750000   clock uncertainty
                                  0.000000   31.750000   clock reconvergence pessimism
                                             31.750000 ^ _1273_/CLK (sky130_fd_sc_hd__dfrtp_2)
                                 -0.094125   31.655874   library setup time
                                             31.655874   data required time
---------------------------------------------------------------------------------------------
                                             31.655874   data required time
                                             -0.945465   data arrival time
---------------------------------------------------------------------------------------------
                                             30.710407   slack (MET)


Startpoint: _1199_ (rising edge-triggered flip-flop clocked by i_clk)
Endpoint: _1274_ (rising edge-triggered flip-flop clocked by i_clk)
Path Group: i_clk
Path Type: max

Fanout         Cap        Slew       Delay        Time   Description
---------------------------------------------------------------------------------------------
                      0.150000    0.000000    0.000000   clock i_clk (rise edge)
                                  0.000000    0.000000   clock network delay (ideal)
                      0.150000    0.000000    0.000000 ^ _1199_/CLK (sky130_fd_sc_hd__dfrtp_2)
    21    0.068445    0.330288    0.597188    0.597188 ^ _1199_/Q (sky130_fd_sc_hd__dfrtp_2)
                                                         u_i2c_master_controller.cntrl_fsm.byte_rx_fsm.i_i2c_master_falling_scl_detect (net)
                      0.330288    0.000000    0.597188 ^ _0970_/S (sky130_fd_sc_hd__mux2_1)
     1    0.001949    0.051693    0.348277    0.945465 v _0970_/X (sky130_fd_sc_hd__mux2_1)
                                                         _0276_ (net)
                      0.051693    0.000000    0.945465 v _1274_/D (sky130_fd_sc_hd__dfrtp_2)
                                              0.945465   data arrival time

                      0.150000   32.000000   32.000000   clock i_clk (rise edge)
                                  0.000000   32.000000   clock network delay (ideal)
                                 -0.250000   31.750000   clock uncertainty
                                  0.000000   31.750000   clock reconvergence pessimism
                                             31.750000 ^ _1274_/CLK (sky130_fd_sc_hd__dfrtp_2)
                                 -0.094125   31.655874   library setup time
                                             31.655874   data required time
---------------------------------------------------------------------------------------------
                                             31.655874   data required time
                                             -0.945465   data arrival time
---------------------------------------------------------------------------------------------
                                             30.710407   slack (MET)


Startpoint: _1199_ (rising edge-triggered flip-flop clocked by i_clk)
Endpoint: _1275_ (rising edge-triggered flip-flop clocked by i_clk)
Path Group: i_clk
Path Type: max

Fanout         Cap        Slew       Delay        Time   Description
---------------------------------------------------------------------------------------------
                      0.150000    0.000000    0.000000   clock i_clk (rise edge)
                                  0.000000    0.000000   clock network delay (ideal)
                      0.150000    0.000000    0.000000 ^ _1199_/CLK (sky130_fd_sc_hd__dfrtp_2)
    21    0.068445    0.330288    0.597188    0.597188 ^ _1199_/Q (sky130_fd_sc_hd__dfrtp_2)
                                                         u_i2c_master_controller.cntrl_fsm.byte_rx_fsm.i_i2c_master_falling_scl_detect (net)
                      0.330288    0.000000    0.597188 ^ _0971_/S (sky130_fd_sc_hd__mux2_1)
     1    0.001949    0.051693    0.348277    0.945465 v _0971_/X (sky130_fd_sc_hd__mux2_1)
                                                         _0277_ (net)
                      0.051693    0.000000    0.945465 v _1275_/D (sky130_fd_sc_hd__dfrtp_2)
                                              0.945465   data arrival time

                      0.150000   32.000000   32.000000   clock i_clk (rise edge)
                                  0.000000   32.000000   clock network delay (ideal)
                                 -0.250000   31.750000   clock uncertainty
                                  0.000000   31.750000   clock reconvergence pessimism
                                             31.750000 ^ _1275_/CLK (sky130_fd_sc_hd__dfrtp_2)
                                 -0.094125   31.655874   library setup time
                                             31.655874   data required time
---------------------------------------------------------------------------------------------
                                             31.655874   data required time
                                             -0.945465   data arrival time
---------------------------------------------------------------------------------------------
                                             30.710407   slack (MET)


Startpoint: _1199_ (rising edge-triggered flip-flop clocked by i_clk)
Endpoint: _1276_ (rising edge-triggered flip-flop clocked by i_clk)
Path Group: i_clk
Path Type: max

Fanout         Cap        Slew       Delay        Time   Description
---------------------------------------------------------------------------------------------
                      0.150000    0.000000    0.000000   clock i_clk (rise edge)
                                  0.000000    0.000000   clock network delay (ideal)
                      0.150000    0.000000    0.000000 ^ _1199_/CLK (sky130_fd_sc_hd__dfrtp_2)
    21    0.068445    0.330288    0.597188    0.597188 ^ _1199_/Q (sky130_fd_sc_hd__dfrtp_2)
                                                         u_i2c_master_controller.cntrl_fsm.byte_rx_fsm.i_i2c_master_falling_scl_detect (net)
                      0.330288    0.000000    0.597188 ^ _0972_/S (sky130_fd_sc_hd__mux2_1)
     1    0.001949    0.051693    0.348277    0.945465 v _0972_/X (sky130_fd_sc_hd__mux2_1)
                                                         _0278_ (net)
                      0.051693    0.000000    0.945465 v _1276_/D (sky130_fd_sc_hd__dfrtp_2)
                                              0.945465   data arrival time

                      0.150000   32.000000   32.000000   clock i_clk (rise edge)
                                  0.000000   32.000000   clock network delay (ideal)
                                 -0.250000   31.750000   clock uncertainty
                                  0.000000   31.750000   clock reconvergence pessimism
                                             31.750000 ^ _1276_/CLK (sky130_fd_sc_hd__dfrtp_2)
                                 -0.094125   31.655874   library setup time
                                             31.655874   data required time
---------------------------------------------------------------------------------------------
                                             31.655874   data required time
                                             -0.945465   data arrival time
---------------------------------------------------------------------------------------------
                                             30.710407   slack (MET)


Startpoint: _1199_ (rising edge-triggered flip-flop clocked by i_clk)
Endpoint: _1277_ (rising edge-triggered flip-flop clocked by i_clk)
Path Group: i_clk
Path Type: max

Fanout         Cap        Slew       Delay        Time   Description
---------------------------------------------------------------------------------------------
                      0.150000    0.000000    0.000000   clock i_clk (rise edge)
                                  0.000000    0.000000   clock network delay (ideal)
                      0.150000    0.000000    0.000000 ^ _1199_/CLK (sky130_fd_sc_hd__dfrtp_2)
    21    0.068445    0.330288    0.597188    0.597188 ^ _1199_/Q (sky130_fd_sc_hd__dfrtp_2)
                                                         u_i2c_master_controller.cntrl_fsm.byte_rx_fsm.i_i2c_master_falling_scl_detect (net)
                      0.330288    0.000000    0.597188 ^ _0973_/S (sky130_fd_sc_hd__mux2_1)
     1    0.001949    0.051693    0.348277    0.945465 v _0973_/X (sky130_fd_sc_hd__mux2_1)
                                                         _0279_ (net)
                      0.051693    0.000000    0.945465 v _1277_/D (sky130_fd_sc_hd__dfrtp_2)
                                              0.945465   data arrival time

                      0.150000   32.000000   32.000000   clock i_clk (rise edge)
                                  0.000000   32.000000   clock network delay (ideal)
                                 -0.250000   31.750000   clock uncertainty
                                  0.000000   31.750000   clock reconvergence pessimism
                                             31.750000 ^ _1277_/CLK (sky130_fd_sc_hd__dfrtp_2)
                                 -0.094125   31.655874   library setup time
                                             31.655874   data required time
---------------------------------------------------------------------------------------------
                                             31.655874   data required time
                                             -0.945465   data arrival time
---------------------------------------------------------------------------------------------
                                             30.710407   slack (MET)


Startpoint: _1199_ (rising edge-triggered flip-flop clocked by i_clk)
Endpoint: _1278_ (rising edge-triggered flip-flop clocked by i_clk)
Path Group: i_clk
Path Type: max

Fanout         Cap        Slew       Delay        Time   Description
---------------------------------------------------------------------------------------------
                      0.150000    0.000000    0.000000   clock i_clk (rise edge)
                                  0.000000    0.000000   clock network delay (ideal)
                      0.150000    0.000000    0.000000 ^ _1199_/CLK (sky130_fd_sc_hd__dfrtp_2)
    21    0.068445    0.330288    0.597188    0.597188 ^ _1199_/Q (sky130_fd_sc_hd__dfrtp_2)
                                                         u_i2c_master_controller.cntrl_fsm.byte_rx_fsm.i_i2c_master_falling_scl_detect (net)
                      0.330288    0.000000    0.597188 ^ _0974_/S (sky130_fd_sc_hd__mux2_1)
     1    0.001949    0.051693    0.348277    0.945465 v _0974_/X (sky130_fd_sc_hd__mux2_1)
                                                         _0280_ (net)
                      0.051693    0.000000    0.945465 v _1278_/D (sky130_fd_sc_hd__dfrtp_2)
                                              0.945465   data arrival time

                      0.150000   32.000000   32.000000   clock i_clk (rise edge)
                                  0.000000   32.000000   clock network delay (ideal)
                                 -0.250000   31.750000   clock uncertainty
                                  0.000000   31.750000   clock reconvergence pessimism
                                             31.750000 ^ _1278_/CLK (sky130_fd_sc_hd__dfrtp_2)
                                 -0.094125   31.655874   library setup time
                                             31.655874   data required time
---------------------------------------------------------------------------------------------
                                             31.655874   data required time
                                             -0.945465   data arrival time
---------------------------------------------------------------------------------------------
                                             30.710407   slack (MET)


Startpoint: _1199_ (rising edge-triggered flip-flop clocked by i_clk)
Endpoint: _1169_ (rising edge-triggered flip-flop clocked by i_clk)
Path Group: i_clk
Path Type: max

Fanout         Cap        Slew       Delay        Time   Description
---------------------------------------------------------------------------------------------
                      0.150000    0.000000    0.000000   clock i_clk (rise edge)
                                  0.000000    0.000000   clock network delay (ideal)
                      0.150000    0.000000    0.000000 ^ _1199_/CLK (sky130_fd_sc_hd__dfrtp_2)
    21    0.063607    0.172587    0.562358    0.562358 v _1199_/Q (sky130_fd_sc_hd__dfrtp_2)
                                                         u_i2c_master_controller.cntrl_fsm.byte_rx_fsm.i_i2c_master_falling_scl_detect (net)
                      0.172587    0.000000    0.562358 v _0615_/B (sky130_fd_sc_hd__and2_2)
     2    0.004144    0.040884    0.247718    0.810076 v _0615_/X (sky130_fd_sc_hd__and2_2)
                                                         _0001_ (net)
                      0.040884    0.000000    0.810076 v _0683_/B1 (sky130_fd_sc_hd__a21o_2)
     1    0.002233    0.032411    0.175115    0.985191 v _0683_/X (sky130_fd_sc_hd__a21o_2)
                                                         _0005_ (net)
                      0.032411    0.000000    0.985191 v _1169_/D (sky130_fd_sc_hd__dfstp_2)
                                              0.985191   data arrival time

                      0.150000   32.000000   32.000000   clock i_clk (rise edge)
                                  0.000000   32.000000   clock network delay (ideal)
                                 -0.250000   31.750000   clock uncertainty
                                  0.000000   31.750000   clock reconvergence pessimism
                                             31.750000 ^ _1169_/CLK (sky130_fd_sc_hd__dfstp_2)
                                 -0.043131   31.706869   library setup time
                                             31.706869   data required time
---------------------------------------------------------------------------------------------
                                             31.706869   data required time
                                             -0.985191   data arrival time
---------------------------------------------------------------------------------------------
                                             30.721676   slack (MET)


Startpoint: _1131_ (rising edge-triggered flip-flop clocked by i_clk)
Endpoint: _1134_ (rising edge-triggered flip-flop clocked by i_clk)
Path Group: i_clk
Path Type: max

Fanout         Cap        Slew       Delay        Time   Description
---------------------------------------------------------------------------------------------
                      0.150000    0.000000    0.000000   clock i_clk (rise edge)
                                  0.000000    0.000000   clock network delay (ideal)
                      0.150000    0.000000    0.000000 ^ _1131_/CLK (sky130_fd_sc_hd__dfrtp_2)
     6    0.022460    0.086556    0.478188    0.478188 v _1131_/Q (sky130_fd_sc_hd__dfrtp_2)
                                                         u_i2c_master_controller.i2cbus_cntrl_fsm.scl_gen.count[0] (net)
                      0.086556    0.000000    0.478188 v _0579_/D (sky130_fd_sc_hd__and4_2)
     6    0.018066    0.075047    0.291858    0.770046 v _0579_/X (sky130_fd_sc_hd__and4_2)
                                                         _0320_ (net)
                      0.075047    0.000000    0.770046 v _0595_/A2 (sky130_fd_sc_hd__o21ai_2)
     1    0.004707    0.104489    0.125030    0.895075 ^ _0595_/Y (sky130_fd_sc_hd__o21ai_2)
                                                         _0331_ (net)
                      0.104489    0.000000    0.895075 ^ _0596_/B1 (sky130_fd_sc_hd__a21oi_2)
     1    0.001949    0.037662    0.034698    0.929774 v _0596_/Y (sky130_fd_sc_hd__a21oi_2)
                                                         _0257_ (net)
                      0.037662    0.000000    0.929774 v _1134_/D (sky130_fd_sc_hd__dfrtp_2)
                                              0.929774   data arrival time

                      0.150000   32.000000   32.000000   clock i_clk (rise edge)
                                  0.000000   32.000000   clock network delay (ideal)
                                 -0.250000   31.750000   clock uncertainty
                                  0.000000   31.750000   clock reconvergence pessimism
                                             31.750000 ^ _1134_/CLK (sky130_fd_sc_hd__dfrtp_2)
                                 -0.088006   31.661991   library setup time
                                             31.661991   data required time
---------------------------------------------------------------------------------------------
                                             31.661991   data required time
                                             -0.929774   data arrival time
---------------------------------------------------------------------------------------------
                                             30.732218   slack (MET)


Startpoint: _1199_ (rising edge-triggered flip-flop clocked by i_clk)
Endpoint: _1171_ (rising edge-triggered flip-flop clocked by i_clk)
Path Group: i_clk
Path Type: max

Fanout         Cap        Slew       Delay        Time   Description
---------------------------------------------------------------------------------------------
                      0.150000    0.000000    0.000000   clock i_clk (rise edge)
                                  0.000000    0.000000   clock network delay (ideal)
                      0.150000    0.000000    0.000000 ^ _1199_/CLK (sky130_fd_sc_hd__dfrtp_2)
    21    0.063607    0.172587    0.562358    0.562358 v _1199_/Q (sky130_fd_sc_hd__dfrtp_2)
                                                         u_i2c_master_controller.cntrl_fsm.byte_rx_fsm.i_i2c_master_falling_scl_detect (net)
                      0.172587    0.000000    0.562358 v _0616_/A (sky130_fd_sc_hd__and2_2)
     2    0.004144    0.041232    0.225695    0.788053 v _0616_/X (sky130_fd_sc_hd__and2_2)
                                                         _0000_ (net)
                      0.041232    0.000000    0.788053 v _0685_/B1 (sky130_fd_sc_hd__a21o_2)
     1    0.002233    0.032409    0.175222    0.963275 v _0685_/X (sky130_fd_sc_hd__a21o_2)
                                                         _0003_ (net)
                      0.032409    0.000000    0.963275 v _1171_/D (sky130_fd_sc_hd__dfstp_2)
                                              0.963275   data arrival time

                      0.150000   32.000000   32.000000   clock i_clk (rise edge)
                                  0.000000   32.000000   clock network delay (ideal)
                                 -0.250000   31.750000   clock uncertainty
                                  0.000000   31.750000   clock reconvergence pessimism
                                             31.750000 ^ _1171_/CLK (sky130_fd_sc_hd__dfstp_2)
                                 -0.043131   31.706869   library setup time
                                             31.706869   data required time
---------------------------------------------------------------------------------------------
                                             31.706869   data required time
                                             -0.963275   data arrival time
---------------------------------------------------------------------------------------------
                                             30.743593   slack (MET)


Startpoint: _1129_ (rising edge-triggered flip-flop clocked by i_clk)
Endpoint: _1151_ (rising edge-triggered flip-flop clocked by i_clk)
Path Group: i_clk
Path Type: max

Fanout         Cap        Slew       Delay        Time   Description
---------------------------------------------------------------------------------------------
                      0.150000    0.000000    0.000000   clock i_clk (rise edge)
                                  0.000000    0.000000   clock network delay (ideal)
                      0.150000    0.000000    0.000000 ^ _1129_/CLK (sky130_fd_sc_hd__dfrtp_2)
    14    0.037672    0.119099    0.514987    0.514987 v _1129_/Q (sky130_fd_sc_hd__dfrtp_2)
                                                         u_i2c_master_controller.filter_scl.out_n (net)
                      0.119099    0.000000    0.514987 v _0612_/B (sky130_fd_sc_hd__nor2_2)
     5    0.012235    0.158527    0.169131    0.684118 ^ _0612_/Y (sky130_fd_sc_hd__nor2_2)
                                                         u_i2c_master_controller.i2cbus_cntrl_fsm.start_detect.state_next (net)
                      0.158527    0.000000    0.684118 ^ _0613_/A (sky130_fd_sc_hd__inv_2)
     1    0.002217    0.030387    0.035617    0.719735 v _0613_/Y (sky130_fd_sc_hd__inv_2)
                                                         _0339_ (net)
                      0.030387    0.000000    0.719735 v _0641_/B1 (sky130_fd_sc_hd__a22o_2)
     1    0.001949    0.037064    0.191612    0.911347 v _0641_/X (sky130_fd_sc_hd__a22o_2)
                                                         _0029_ (net)
                      0.037064    0.000000    0.911347 v _1151_/D (sky130_fd_sc_hd__dfrtp_2)
                                              0.911347   data arrival time

                      0.150000   32.000000   32.000000   clock i_clk (rise edge)
                                  0.000000   32.000000   clock network delay (ideal)
                                 -0.250000   31.750000   clock uncertainty
                                  0.000000   31.750000   clock reconvergence pessimism
                                             31.750000 ^ _1151_/CLK (sky130_fd_sc_hd__dfrtp_2)
                                 -0.087746   31.662254   library setup time
                                             31.662254   data required time
---------------------------------------------------------------------------------------------
                                             31.662254   data required time
                                             -0.911347   data arrival time
---------------------------------------------------------------------------------------------
                                             30.750908   slack (MET)


Startpoint: _1211_ (rising edge-triggered flip-flop clocked by i_clk)
Endpoint: _1132_ (rising edge-triggered flip-flop clocked by i_clk)
Path Group: i_clk
Path Type: max

Fanout         Cap        Slew       Delay        Time   Description
---------------------------------------------------------------------------------------------
                      0.150000    0.000000    0.000000   clock i_clk (rise edge)
                                  0.000000    0.000000   clock network delay (ideal)
                      0.150000    0.000000    0.000000 ^ _1211_/CLK (sky130_fd_sc_hd__dfrtp_2)
     5    0.013986    0.068411    0.457565    0.457565 v _1211_/Q (sky130_fd_sc_hd__dfrtp_2)
                                                         u_i2c_master_controller.i2cbus_cntrl_fsm.scl_gen.count_eq_modby2 (net)
                      0.068411    0.000000    0.457565 v _0583_/B (sky130_fd_sc_hd__nor2_2)
     8    0.027209    0.310623    0.261369    0.718934 ^ _0583_/Y (sky130_fd_sc_hd__nor2_2)
                                                         _0324_ (net)
                      0.310623    0.000000    0.718934 ^ _0600_/B (sky130_fd_sc_hd__and3b_2)
     1    0.002005    0.041728    0.226731    0.945665 ^ _0600_/X (sky130_fd_sc_hd__and3b_2)
                                                         _0255_ (net)
                      0.041728    0.000000    0.945665 ^ _1132_/D (sky130_fd_sc_hd__dfrtp_2)
                                              0.945665   data arrival time

                      0.150000   32.000000   32.000000   clock i_clk (rise edge)
                                  0.000000   32.000000   clock network delay (ideal)
                                 -0.250000   31.750000   clock uncertainty
                                  0.000000   31.750000   clock reconvergence pessimism
                                             31.750000 ^ _1132_/CLK (sky130_fd_sc_hd__dfrtp_2)
                                 -0.046738   31.703260   library setup time
                                             31.703260   data required time
---------------------------------------------------------------------------------------------
                                             31.703260   data required time
                                             -0.945665   data arrival time
---------------------------------------------------------------------------------------------
                                             30.757595   slack (MET)


Startpoint: _1129_ (rising edge-triggered flip-flop clocked by i_clk)
Endpoint: _1253_ (rising edge-triggered flip-flop clocked by i_clk)
Path Group: i_clk
Path Type: max

Fanout         Cap        Slew       Delay        Time   Description
---------------------------------------------------------------------------------------------
                      0.150000    0.000000    0.000000   clock i_clk (rise edge)
                                  0.000000    0.000000   clock network delay (ideal)
                      0.150000    0.000000    0.000000 ^ _1129_/CLK (sky130_fd_sc_hd__dfrtp_2)
    14    0.037672    0.119099    0.514987    0.514987 v _1129_/Q (sky130_fd_sc_hd__dfrtp_2)
                                                         u_i2c_master_controller.filter_scl.out_n (net)
                      0.119099    0.000000    0.514987 v _0539_/A (sky130_fd_sc_hd__inv_2)
    14    0.048598    0.224521    0.217407    0.732394 ^ _0539_/Y (sky130_fd_sc_hd__inv_2)
                                                         _0288_ (net)
                      0.224521    0.000000    0.732394 ^ _0611_/A (sky130_fd_sc_hd__and2_2)
     3    0.008437    0.065524    0.205817    0.938211 ^ _0611_/X (sky130_fd_sc_hd__and2_2)
                                                         _0033_ (net)
                      0.065524    0.000000    0.938211 ^ _1253_/D (sky130_fd_sc_hd__dfrtp_2)
                                              0.938211   data arrival time

                      0.150000   32.000000   32.000000   clock i_clk (rise edge)
                                  0.000000   32.000000   clock network delay (ideal)
                                 -0.250000   31.750000   clock uncertainty
                                  0.000000   31.750000   clock reconvergence pessimism
                                             31.750000 ^ _1253_/CLK (sky130_fd_sc_hd__dfrtp_2)
                                 -0.052171   31.697828   library setup time
                                             31.697828   data required time
---------------------------------------------------------------------------------------------
                                             31.697828   data required time
                                             -0.938211   data arrival time
---------------------------------------------------------------------------------------------
                                             30.759617   slack (MET)


Startpoint: _1152_ (rising edge-triggered flip-flop clocked by i_clk)
Endpoint: _1200_ (rising edge-triggered flip-flop clocked by i_clk)
Path Group: i_clk
Path Type: max

Fanout         Cap        Slew       Delay        Time   Description
---------------------------------------------------------------------------------------------
                      0.150000    0.000000    0.000000   clock i_clk (rise edge)
                                  0.000000    0.000000   clock network delay (ideal)
                      0.150000    0.000000    0.000000 ^ _1152_/CLK (sky130_fd_sc_hd__dfstp_2)
     4    0.012099    0.073811    0.580249    0.580249 ^ _1152_/Q (sky130_fd_sc_hd__dfstp_2)
                                                         u_i2c_master_controller.i2cbus_cntrl_fsm.scl_gen.state[0] (net)
                      0.073811    0.000000    0.580249 ^ _0548_/A (sky130_fd_sc_hd__inv_2)
     3    0.008683    0.031025    0.045453    0.625701 v _0548_/Y (sky130_fd_sc_hd__inv_2)
                                                         _0295_ (net)
                      0.031025    0.000000    0.625701 v _0741_/C1 (sky130_fd_sc_hd__o211a_2)
     1    0.002195    0.039146    0.102564    0.728266 v _0741_/X (sky130_fd_sc_hd__o211a_2)
                                                         _0406_ (net)
                      0.039146    0.000000    0.728266 v _0742_/B1 (sky130_fd_sc_hd__a21o_2)
     1    0.001949    0.031504    0.173212    0.901478 v _0742_/X (sky130_fd_sc_hd__a21o_2)
                                                         _0046_ (net)
                      0.031504    0.000000    0.901478 v _1200_/D (sky130_fd_sc_hd__dfrtp_2)
                                              0.901478   data arrival time

                      0.150000   32.000000   32.000000   clock i_clk (rise edge)
                                  0.000000   32.000000   clock network delay (ideal)
                                 -0.250000   31.750000   clock uncertainty
                                  0.000000   31.750000   clock reconvergence pessimism
                                             31.750000 ^ _1200_/CLK (sky130_fd_sc_hd__dfrtp_2)
                                 -0.085321   31.664677   library setup time
                                             31.664677   data required time
---------------------------------------------------------------------------------------------
                                             31.664677   data required time
                                             -0.901478   data arrival time
---------------------------------------------------------------------------------------------
                                             30.763197   slack (MET)


Startpoint: _1199_ (rising edge-triggered flip-flop clocked by i_clk)
Endpoint: _1167_ (rising edge-triggered flip-flop clocked by i_clk)
Path Group: i_clk
Path Type: max

Fanout         Cap        Slew       Delay        Time   Description
---------------------------------------------------------------------------------------------
                      0.150000    0.000000    0.000000   clock i_clk (rise edge)
                                  0.000000    0.000000   clock network delay (ideal)
                      0.150000    0.000000    0.000000 ^ _1199_/CLK (sky130_fd_sc_hd__dfrtp_2)
    21    0.068445    0.330288    0.597188    0.597188 ^ _1199_/Q (sky130_fd_sc_hd__dfrtp_2)
                                                         u_i2c_master_controller.cntrl_fsm.byte_rx_fsm.i_i2c_master_falling_scl_detect (net)
                      0.330288    0.000000    0.597188 ^ _0543_/A (sky130_fd_sc_hd__inv_2)
     3    0.006726    0.067130    0.068720    0.665908 v _0543_/Y (sky130_fd_sc_hd__inv_2)
                                                         _0290_ (net)
                      0.067130    0.000000    0.665908 v _0665_/A1 (sky130_fd_sc_hd__a22o_2)
     1    0.001949    0.037034    0.231297    0.897206 v _0665_/X (sky130_fd_sc_hd__a22o_2)
                                                         _0015_ (net)
                      0.037034    0.000000    0.897206 v _1167_/D (sky130_fd_sc_hd__dfrtp_2)
                                              0.897206   data arrival time

                      0.150000   32.000000   32.000000   clock i_clk (rise edge)
                                  0.000000   32.000000   clock network delay (ideal)
                                 -0.250000   31.750000   clock uncertainty
                                  0.000000   31.750000   clock reconvergence pessimism
                                             31.750000 ^ _1167_/CLK (sky130_fd_sc_hd__dfrtp_2)
                                 -0.087732   31.662268   library setup time
                                             31.662268   data required time
---------------------------------------------------------------------------------------------
                                             31.662268   data required time
                                             -0.897206   data arrival time
---------------------------------------------------------------------------------------------
                                             30.765062   slack (MET)


Startpoint: _1199_ (rising edge-triggered flip-flop clocked by i_clk)
Endpoint: _1170_ (rising edge-triggered flip-flop clocked by i_clk)
Path Group: i_clk
Path Type: max

Fanout         Cap        Slew       Delay        Time   Description
---------------------------------------------------------------------------------------------
                      0.150000    0.000000    0.000000   clock i_clk (rise edge)
                                  0.000000    0.000000   clock network delay (ideal)
                      0.150000    0.000000    0.000000 ^ _1199_/CLK (sky130_fd_sc_hd__dfrtp_2)
    21    0.068445    0.330288    0.597188    0.597188 ^ _1199_/Q (sky130_fd_sc_hd__dfrtp_2)
                                                         u_i2c_master_controller.cntrl_fsm.byte_rx_fsm.i_i2c_master_falling_scl_detect (net)
                      0.330288    0.000000    0.597188 ^ _0543_/A (sky130_fd_sc_hd__inv_2)
     3    0.006726    0.067130    0.068720    0.665908 v _0543_/Y (sky130_fd_sc_hd__inv_2)
                                                         _0290_ (net)
                      0.067130    0.000000    0.665908 v _0682_/A1 (sky130_fd_sc_hd__a22o_2)
     1    0.001949    0.037066    0.231297    0.897206 v _0682_/X (sky130_fd_sc_hd__a22o_2)
                                                         _0006_ (net)
                      0.037066    0.000000    0.897206 v _1170_/D (sky130_fd_sc_hd__dfrtp_2)
                                              0.897206   data arrival time

                      0.150000   32.000000   32.000000   clock i_clk (rise edge)
                                  0.000000   32.000000   clock network delay (ideal)
                                 -0.250000   31.750000   clock uncertainty
                                  0.000000   31.750000   clock reconvergence pessimism
                                             31.750000 ^ _1170_/CLK (sky130_fd_sc_hd__dfrtp_2)
                                 -0.087746   31.662254   library setup time
                                             31.662254   data required time
---------------------------------------------------------------------------------------------
                                             31.662254   data required time
                                             -0.897206   data arrival time
---------------------------------------------------------------------------------------------
                                             30.765049   slack (MET)


Startpoint: _1199_ (rising edge-triggered flip-flop clocked by i_clk)
Endpoint: _1172_ (rising edge-triggered flip-flop clocked by i_clk)
Path Group: i_clk
Path Type: max

Fanout         Cap        Slew       Delay        Time   Description
---------------------------------------------------------------------------------------------
                      0.150000    0.000000    0.000000   clock i_clk (rise edge)
                                  0.000000    0.000000   clock network delay (ideal)
                      0.150000    0.000000    0.000000 ^ _1199_/CLK (sky130_fd_sc_hd__dfrtp_2)
    21    0.068445    0.330288    0.597188    0.597188 ^ _1199_/Q (sky130_fd_sc_hd__dfrtp_2)
                                                         u_i2c_master_controller.cntrl_fsm.byte_rx_fsm.i_i2c_master_falling_scl_detect (net)
                      0.330288    0.000000    0.597188 ^ _0543_/A (sky130_fd_sc_hd__inv_2)
     3    0.006726    0.067130    0.068720    0.665908 v _0543_/Y (sky130_fd_sc_hd__inv_2)
                                                         _0290_ (net)
                      0.067130    0.000000    0.665908 v _0684_/A1 (sky130_fd_sc_hd__a22o_2)
     1    0.001949    0.037062    0.231297    0.897206 v _0684_/X (sky130_fd_sc_hd__a22o_2)
                                                         _0004_ (net)
                      0.037062    0.000000    0.897206 v _1172_/D (sky130_fd_sc_hd__dfrtp_2)
                                              0.897206   data arrival time

                      0.150000   32.000000   32.000000   clock i_clk (rise edge)
                                  0.000000   32.000000   clock network delay (ideal)
                                 -0.250000   31.750000   clock uncertainty
                                  0.000000   31.750000   clock reconvergence pessimism
                                             31.750000 ^ _1172_/CLK (sky130_fd_sc_hd__dfrtp_2)
                                 -0.087745   31.662254   library setup time
                                             31.662254   data required time
---------------------------------------------------------------------------------------------
                                             31.662254   data required time
                                             -0.897206   data arrival time
---------------------------------------------------------------------------------------------
                                             30.765049   slack (MET)


Startpoint: _1080_ (rising edge-triggered flip-flop clocked by i_clk)
Endpoint: _1166_ (rising edge-triggered flip-flop clocked by i_clk)
Path Group: i_clk
Path Type: max

Fanout         Cap        Slew       Delay        Time   Description
---------------------------------------------------------------------------------------------
                      0.150000    0.000000    0.000000   clock i_clk (rise edge)
                                  0.000000    0.000000   clock network delay (ideal)
                      0.150000    0.000000    0.000000 ^ _1080_/CLK (sky130_fd_sc_hd__dfrtp_2)
     5    0.014122    0.068703    0.457896    0.457896 v _1080_/Q (sky130_fd_sc_hd__dfrtp_2)
                                                         u_i2c_master_controller.cntrl_fsm.adr_mode (net)
                      0.068703    0.000000    0.457896 v _0666_/C (sky130_fd_sc_hd__and3_2)
     2    0.004292    0.042926    0.218994    0.676890 v _0666_/X (sky130_fd_sc_hd__and3_2)
                                                         _0359_ (net)
                      0.042926    0.000000    0.676890 v _0667_/B2 (sky130_fd_sc_hd__a22o_2)
     1    0.001949    0.037090    0.212510    0.889400 v _0667_/X (sky130_fd_sc_hd__a22o_2)
                                                         _0014_ (net)
                      0.037090    0.000000    0.889400 v _1166_/D (sky130_fd_sc_hd__dfrtp_2)
                                              0.889400   data arrival time

                      0.150000   32.000000   32.000000   clock i_clk (rise edge)
                                  0.000000   32.000000   clock network delay (ideal)
                                 -0.250000   31.750000   clock uncertainty
                                  0.000000   31.750000   clock reconvergence pessimism
                                             31.750000 ^ _1166_/CLK (sky130_fd_sc_hd__dfrtp_2)
                                 -0.087757   31.662243   library setup time
                                             31.662243   data required time
---------------------------------------------------------------------------------------------
                                             31.662243   data required time
                                             -0.889400   data arrival time
---------------------------------------------------------------------------------------------
                                             30.772842   slack (MET)


Startpoint: _1130_ (rising edge-triggered flip-flop clocked by i_clk)
Endpoint: _1141_ (rising edge-triggered flip-flop clocked by i_clk)
Path Group: i_clk
Path Type: max

Fanout         Cap        Slew       Delay        Time   Description
---------------------------------------------------------------------------------------------
                      0.150000    0.000000    0.000000   clock i_clk (rise edge)
                                  0.000000    0.000000   clock network delay (ideal)
                      0.150000    0.000000    0.000000 ^ _1130_/CLK (sky130_fd_sc_hd__dfrtp_2)
     4    0.012967    0.066230    0.455085    0.455085 v _1130_/Q (sky130_fd_sc_hd__dfrtp_2)
                                                         u_i2c_master_controller.filter_sda.out_n (net)
                      0.066230    0.000000    0.455085 v _0538_/A (sky130_fd_sc_hd__inv_2)
     9    0.017499    0.087052    0.096426    0.551511 ^ _0538_/Y (sky130_fd_sc_hd__inv_2)
                                                         _0287_ (net)
                      0.087052    0.000000    0.551511 ^ _0575_/A (sky130_fd_sc_hd__nor2_2)
     2    0.003754    0.044837    0.046893    0.598404 v _0575_/Y (sky130_fd_sc_hd__nor2_2)
                                                         _0048_ (net)
                      0.044837    0.000000    0.598404 v _0576_/A1 (sky130_fd_sc_hd__mux2_1)
     1    0.001949    0.051444    0.279410    0.877814 v _0576_/X (sky130_fd_sc_hd__mux2_1)
                                                         _0264_ (net)
                      0.051444    0.000000    0.877814 v _1141_/D (sky130_fd_sc_hd__dfrtp_2)
                                              0.877814   data arrival time

                      0.150000   32.000000   32.000000   clock i_clk (rise edge)
                                  0.000000   32.000000   clock network delay (ideal)
                                 -0.250000   31.750000   clock uncertainty
                                  0.000000   31.750000   clock reconvergence pessimism
                                             31.750000 ^ _1141_/CLK (sky130_fd_sc_hd__dfrtp_2)
                                 -0.094017   31.655983   library setup time
                                             31.655983   data required time
---------------------------------------------------------------------------------------------
                                             31.655983   data required time
                                             -0.877814   data arrival time
---------------------------------------------------------------------------------------------
                                             30.778168   slack (MET)


Startpoint: _1160_ (rising edge-triggered flip-flop clocked by i_clk)
Endpoint: _1108_ (rising edge-triggered flip-flop clocked by i_clk)
Path Group: i_clk
Path Type: max

Fanout         Cap        Slew       Delay        Time   Description
---------------------------------------------------------------------------------------------
                      0.150000    0.000000    0.000000   clock i_clk (rise edge)
                                  0.000000    0.000000   clock network delay (ideal)
                      0.150000    0.000000    0.000000 ^ _1160_/CLK (sky130_fd_sc_hd__dfrtp_2)
     6    0.015388    0.071413    0.460977    0.460977 v _1160_/Q (sky130_fd_sc_hd__dfrtp_2)
                                                         u_i2c_master_controller.cntrl_fsm.cntrl_fsm.state[1] (net)
                      0.071413    0.000000    0.460977 v _0897_/C (sky130_fd_sc_hd__and3b_2)
     2    0.004434    0.043203    0.220830    0.681807 v _0897_/X (sky130_fd_sc_hd__and3b_2)
                                                         _0488_ (net)
                      0.043203    0.000000    0.681807 v _0898_/B1 (sky130_fd_sc_hd__a22o_2)
     1    0.001949    0.037078    0.195548    0.877355 v _0898_/X (sky130_fd_sc_hd__a22o_2)
                                                         _0231_ (net)
                      0.037078    0.000000    0.877355 v _1108_/D (sky130_fd_sc_hd__dfrtp_2)
                                              0.877355   data arrival time

                      0.150000   32.000000   32.000000   clock i_clk (rise edge)
                                  0.000000   32.000000   clock network delay (ideal)
                                 -0.250000   31.750000   clock uncertainty
                                  0.000000   31.750000   clock reconvergence pessimism
                                             31.750000 ^ _1108_/CLK (sky130_fd_sc_hd__dfrtp_2)
                                 -0.087751   31.662247   library setup time
                                             31.662247   data required time
---------------------------------------------------------------------------------------------
                                             31.662247   data required time
                                             -0.877355   data arrival time
---------------------------------------------------------------------------------------------
                                             30.784893   slack (MET)


Startpoint: _1160_ (rising edge-triggered flip-flop clocked by i_clk)
Endpoint: _1109_ (rising edge-triggered flip-flop clocked by i_clk)
Path Group: i_clk
Path Type: max

Fanout         Cap        Slew       Delay        Time   Description
---------------------------------------------------------------------------------------------
                      0.150000    0.000000    0.000000   clock i_clk (rise edge)
                                  0.000000    0.000000   clock network delay (ideal)
                      0.150000    0.000000    0.000000 ^ _1160_/CLK (sky130_fd_sc_hd__dfrtp_2)
     6    0.015388    0.071413    0.460977    0.460977 v _1160_/Q (sky130_fd_sc_hd__dfrtp_2)
                                                         u_i2c_master_controller.cntrl_fsm.cntrl_fsm.state[1] (net)
                      0.071413    0.000000    0.460977 v _0897_/C (sky130_fd_sc_hd__and3b_2)
     2    0.004434    0.043203    0.220830    0.681807 v _0897_/X (sky130_fd_sc_hd__and3b_2)
                                                         _0488_ (net)
                      0.043203    0.000000    0.681807 v _0899_/B1 (sky130_fd_sc_hd__a22o_2)
     1    0.001949    0.037078    0.195548    0.877355 v _0899_/X (sky130_fd_sc_hd__a22o_2)
                                                         _0232_ (net)
                      0.037078    0.000000    0.877355 v _1109_/D (sky130_fd_sc_hd__dfrtp_2)
                                              0.877355   data arrival time

                      0.150000   32.000000   32.000000   clock i_clk (rise edge)
                                  0.000000   32.000000   clock network delay (ideal)
                                 -0.250000   31.750000   clock uncertainty
                                  0.000000   31.750000   clock reconvergence pessimism
                                             31.750000 ^ _1109_/CLK (sky130_fd_sc_hd__dfrtp_2)
                                 -0.087751   31.662247   library setup time
                                             31.662247   data required time
---------------------------------------------------------------------------------------------
                                             31.662247   data required time
                                             -0.877355   data arrival time
---------------------------------------------------------------------------------------------
                                             30.784893   slack (MET)


Startpoint: _1211_ (rising edge-triggered flip-flop clocked by i_clk)
Endpoint: _1131_ (rising edge-triggered flip-flop clocked by i_clk)
Path Group: i_clk
Path Type: max

Fanout         Cap        Slew       Delay        Time   Description
---------------------------------------------------------------------------------------------
                      0.150000    0.000000    0.000000   clock i_clk (rise edge)
                                  0.000000    0.000000   clock network delay (ideal)
                      0.150000    0.000000    0.000000 ^ _1211_/CLK (sky130_fd_sc_hd__dfrtp_2)
     5    0.013986    0.068411    0.457565    0.457565 v _1211_/Q (sky130_fd_sc_hd__dfrtp_2)
                                                         u_i2c_master_controller.i2cbus_cntrl_fsm.scl_gen.count_eq_modby2 (net)
                      0.068411    0.000000    0.457565 v _0583_/B (sky130_fd_sc_hd__nor2_2)
     8    0.027209    0.310623    0.261369    0.718934 ^ _0583_/Y (sky130_fd_sc_hd__nor2_2)
                                                         _0324_ (net)
                      0.310623    0.000000    0.718934 ^ _0601_/B1 (sky130_fd_sc_hd__o21ai_2)
     1    0.004119    0.074131    0.094662    0.813596 v _0601_/Y (sky130_fd_sc_hd__o21ai_2)
                                                         _0334_ (net)
                      0.074131    0.000000    0.813596 v _0602_/B1 (sky130_fd_sc_hd__a21oi_2)
     1    0.002005    0.072724    0.096631    0.910227 ^ _0602_/Y (sky130_fd_sc_hd__a21oi_2)
                                                         _0254_ (net)
                      0.072724    0.000000    0.910227 ^ _1131_/D (sky130_fd_sc_hd__dfrtp_2)
                                              0.910227   data arrival time

                      0.150000   32.000000   32.000000   clock i_clk (rise edge)
                                  0.000000   32.000000   clock network delay (ideal)
                                 -0.250000   31.750000   clock uncertainty
                                  0.000000   31.750000   clock reconvergence pessimism
                                             31.750000 ^ _1131_/CLK (sky130_fd_sc_hd__dfrtp_2)
                                 -0.053814   31.696186   library setup time
                                             31.696186   data required time
---------------------------------------------------------------------------------------------
                                             31.696186   data required time
                                             -0.910227   data arrival time
---------------------------------------------------------------------------------------------
                                             30.785959   slack (MET)


Startpoint: _1129_ (rising edge-triggered flip-flop clocked by i_clk)
Endpoint: _1150_ (rising edge-triggered flip-flop clocked by i_clk)
Path Group: i_clk
Path Type: max

Fanout         Cap        Slew       Delay        Time   Description
---------------------------------------------------------------------------------------------
                      0.150000    0.000000    0.000000   clock i_clk (rise edge)
                                  0.000000    0.000000   clock network delay (ideal)
                      0.150000    0.000000    0.000000 ^ _1129_/CLK (sky130_fd_sc_hd__dfrtp_2)
    14    0.041212    0.206320    0.509809    0.509809 ^ _1129_/Q (sky130_fd_sc_hd__dfrtp_2)
                                                         u_i2c_master_controller.filter_scl.out_n (net)
                      0.206320    0.000000    0.509809 ^ _0539_/A (sky130_fd_sc_hd__inv_2)
    14    0.045804    0.123172    0.155826    0.665635 v _0539_/Y (sky130_fd_sc_hd__inv_2)
                                                         _0288_ (net)
                      0.123172    0.000000    0.665635 v _0642_/A1 (sky130_fd_sc_hd__a21o_2)
     1    0.001949    0.031450    0.207894    0.873529 v _0642_/X (sky130_fd_sc_hd__a21o_2)
                                                         _0028_ (net)
                      0.031450    0.000000    0.873529 v _1150_/D (sky130_fd_sc_hd__dfrtp_2)
                                              0.873529   data arrival time

                      0.150000   32.000000   32.000000   clock i_clk (rise edge)
                                  0.000000   32.000000   clock network delay (ideal)
                                 -0.250000   31.750000   clock uncertainty
                                  0.000000   31.750000   clock reconvergence pessimism
                                             31.750000 ^ _1150_/CLK (sky130_fd_sc_hd__dfrtp_2)
                                 -0.085297   31.664701   library setup time
                                             31.664701   data required time
---------------------------------------------------------------------------------------------
                                             31.664701   data required time
                                             -0.873529   data arrival time
---------------------------------------------------------------------------------------------
                                             30.791172   slack (MET)


Startpoint: _1160_ (rising edge-triggered flip-flop clocked by i_clk)
Endpoint: _1190_ (rising edge-triggered flip-flop clocked by i_clk)
Path Group: i_clk
Path Type: max

Fanout         Cap        Slew       Delay        Time   Description
---------------------------------------------------------------------------------------------
                      0.150000    0.000000    0.000000   clock i_clk (rise edge)
                                  0.000000    0.000000   clock network delay (ideal)
                      0.150000    0.000000    0.000000 ^ _1160_/CLK (sky130_fd_sc_hd__dfrtp_2)
     6    0.015388    0.071413    0.460977    0.460977 v _1160_/Q (sky130_fd_sc_hd__dfrtp_2)
                                                         u_i2c_master_controller.cntrl_fsm.cntrl_fsm.state[1] (net)
                      0.071413    0.000000    0.460977 v _0674_/C (sky130_fd_sc_hd__and3b_2)
     3    0.005767    0.046384    0.225382    0.686359 v _0674_/X (sky130_fd_sc_hd__and3b_2)
                                                         _0361_ (net)
                      0.046384    0.000000    0.686359 v _0732_/B1 (sky130_fd_sc_hd__a21o_2)
     1    0.001949    0.031476    0.175449    0.861808 v _0732_/X (sky130_fd_sc_hd__a21o_2)
                                                         _0036_ (net)
                      0.031476    0.000000    0.861808 v _1190_/D (sky130_fd_sc_hd__dfrtp_2)
                                              0.861808   data arrival time

                      0.150000   32.000000   32.000000   clock i_clk (rise edge)
                                  0.000000   32.000000   clock network delay (ideal)
                                 -0.250000   31.750000   clock uncertainty
                                  0.000000   31.750000   clock reconvergence pessimism
                                             31.750000 ^ _1190_/CLK (sky130_fd_sc_hd__dfrtp_2)
                                 -0.085308   31.664692   library setup time
                                             31.664692   data required time
---------------------------------------------------------------------------------------------
                                             31.664692   data required time
                                             -0.861808   data arrival time
---------------------------------------------------------------------------------------------
                                             30.802885   slack (MET)


Startpoint: _1131_ (rising edge-triggered flip-flop clocked by i_clk)
Endpoint: _1133_ (rising edge-triggered flip-flop clocked by i_clk)
Path Group: i_clk
Path Type: max

Fanout         Cap        Slew       Delay        Time   Description
---------------------------------------------------------------------------------------------
                      0.150000    0.000000    0.000000   clock i_clk (rise edge)
                                  0.000000    0.000000   clock network delay (ideal)
                      0.150000    0.000000    0.000000 ^ _1131_/CLK (sky130_fd_sc_hd__dfrtp_2)
     6    0.022460    0.086556    0.478188    0.478188 v _1131_/Q (sky130_fd_sc_hd__dfrtp_2)
                                                         u_i2c_master_controller.i2cbus_cntrl_fsm.scl_gen.count[0] (net)
                      0.086556    0.000000    0.478188 v _0578_/C (sky130_fd_sc_hd__and3_2)
     2    0.005495    0.045686    0.231159    0.709346 v _0578_/X (sky130_fd_sc_hd__and3_2)
                                                         _0319_ (net)
                      0.045686    0.000000    0.709346 v _0597_/A2 (sky130_fd_sc_hd__o21ai_2)
     1    0.004740    0.104570    0.113850    0.823196 ^ _0597_/Y (sky130_fd_sc_hd__o21ai_2)
                                                         _0332_ (net)
                      0.104570    0.000000    0.823196 ^ _0598_/B (sky130_fd_sc_hd__nor2_2)
     1    0.001949    0.033158    0.035331    0.858527 v _0598_/Y (sky130_fd_sc_hd__nor2_2)
                                                         _0256_ (net)
                      0.033158    0.000000    0.858527 v _1133_/D (sky130_fd_sc_hd__dfrtp_2)
                                              0.858527   data arrival time

                      0.150000   32.000000   32.000000   clock i_clk (rise edge)
                                  0.000000   32.000000   clock network delay (ideal)
                                 -0.250000   31.750000   clock uncertainty
                                  0.000000   31.750000   clock reconvergence pessimism
                                             31.750000 ^ _1133_/CLK (sky130_fd_sc_hd__dfrtp_2)
                                 -0.086042   31.663956   library setup time
                                             31.663956   data required time
---------------------------------------------------------------------------------------------
                                             31.663956   data required time
                                             -0.858527   data arrival time
---------------------------------------------------------------------------------------------
                                             30.805428   slack (MET)


Startpoint: _1129_ (rising edge-triggered flip-flop clocked by i_clk)
Endpoint: _1097_ (rising edge-triggered flip-flop clocked by i_clk)
Path Group: i_clk
Path Type: max

Fanout         Cap        Slew       Delay        Time   Description
---------------------------------------------------------------------------------------------
                      0.150000    0.000000    0.000000   clock i_clk (rise edge)
                                  0.000000    0.000000   clock network delay (ideal)
                      0.150000    0.000000    0.000000 ^ _1129_/CLK (sky130_fd_sc_hd__dfrtp_2)
    14    0.037672    0.119099    0.514987    0.514987 v _1129_/Q (sky130_fd_sc_hd__dfrtp_2)
                                                         u_i2c_master_controller.filter_scl.out_n (net)
                      0.119099    0.000000    0.514987 v _0875_/A1 (sky130_fd_sc_hd__a21bo_2)
     1    0.002195    0.033336    0.211292    0.726280 v _0875_/X (sky130_fd_sc_hd__a21bo_2)
                                                         _0477_ (net)
                      0.033336    0.000000    0.726280 v _0876_/B1 (sky130_fd_sc_hd__a21o_2)
     1    0.002233    0.032438    0.172784    0.899064 v _0876_/X (sky130_fd_sc_hd__a21o_2)
                                                         _0220_ (net)
                      0.032438    0.000000    0.899064 v _1097_/D (sky130_fd_sc_hd__dfstp_2)
                                              0.899064   data arrival time

                      0.150000   32.000000   32.000000   clock i_clk (rise edge)
                                  0.000000   32.000000   clock network delay (ideal)
                                 -0.250000   31.750000   clock uncertainty
                                  0.000000   31.750000   clock reconvergence pessimism
                                             31.750000 ^ _1097_/CLK (sky130_fd_sc_hd__dfstp_2)
                                 -0.043141   31.706858   library setup time
                                             31.706858   data required time
---------------------------------------------------------------------------------------------
                                             31.706858   data required time
                                             -0.899064   data arrival time
---------------------------------------------------------------------------------------------
                                             30.807795   slack (MET)


Startpoint: _1152_ (rising edge-triggered flip-flop clocked by i_clk)
Endpoint: _1140_ (rising edge-triggered flip-flop clocked by i_clk)
Path Group: i_clk
Path Type: max

Fanout         Cap        Slew       Delay        Time   Description
---------------------------------------------------------------------------------------------
                      0.150000    0.000000    0.000000   clock i_clk (rise edge)
                                  0.000000    0.000000   clock network delay (ideal)
                      0.150000    0.000000    0.000000 ^ _1152_/CLK (sky130_fd_sc_hd__dfstp_2)
     4    0.012099    0.073811    0.580249    0.580249 ^ _1152_/Q (sky130_fd_sc_hd__dfstp_2)
                                                         u_i2c_master_controller.i2cbus_cntrl_fsm.scl_gen.state[0] (net)
                      0.073811    0.000000    0.580249 ^ _0548_/A (sky130_fd_sc_hd__inv_2)
     3    0.008683    0.031025    0.045453    0.625701 v _0548_/Y (sky130_fd_sc_hd__inv_2)
                                                         _0295_ (net)
                      0.031025    0.000000    0.625701 v _0577_/A3 (sky130_fd_sc_hd__a31o_2)
     1    0.001949    0.034841    0.225210    0.850912 v _0577_/X (sky130_fd_sc_hd__a31o_2)
                                                         _0263_ (net)
                      0.034841    0.000000    0.850912 v _1140_/D (sky130_fd_sc_hd__dfrtp_2)
                                              0.850912   data arrival time

                      0.150000   32.000000   32.000000   clock i_clk (rise edge)
                                  0.000000   32.000000   clock network delay (ideal)
                                 -0.250000   31.750000   clock uncertainty
                                  0.000000   31.750000   clock reconvergence pessimism
                                             31.750000 ^ _1140_/CLK (sky130_fd_sc_hd__dfrtp_2)
                                 -0.086776   31.663223   library setup time
                                             31.663223   data required time
---------------------------------------------------------------------------------------------
                                             31.663223   data required time
                                             -0.850912   data arrival time
---------------------------------------------------------------------------------------------
                                             30.812313   slack (MET)


Startpoint: _1129_ (rising edge-triggered flip-flop clocked by i_clk)
Endpoint: _1156_ (rising edge-triggered flip-flop clocked by i_clk)
Path Group: i_clk
Path Type: max

Fanout         Cap        Slew       Delay        Time   Description
---------------------------------------------------------------------------------------------
                      0.150000    0.000000    0.000000   clock i_clk (rise edge)
                                  0.000000    0.000000   clock network delay (ideal)
                      0.150000    0.000000    0.000000 ^ _1129_/CLK (sky130_fd_sc_hd__dfrtp_2)
    14    0.037672    0.119099    0.514987    0.514987 v _1129_/Q (sky130_fd_sc_hd__dfrtp_2)
                                                         u_i2c_master_controller.filter_scl.out_n (net)
                      0.119099    0.000000    0.514987 v _0539_/A (sky130_fd_sc_hd__inv_2)
    14    0.048598    0.224521    0.217407    0.732394 ^ _0539_/Y (sky130_fd_sc_hd__inv_2)
                                                         _0288_ (net)
                      0.224521    0.000000    0.732394 ^ _0656_/B1 (sky130_fd_sc_hd__o21a_2)
     1    0.002488    0.032933    0.165686    0.898080 ^ _0656_/X (sky130_fd_sc_hd__o21a_2)
                                                         _0017_ (net)
                      0.032933    0.000000    0.898080 ^ _1156_/D (sky130_fd_sc_hd__dfstp_2)
                                              0.898080   data arrival time

                      0.150000   32.000000   32.000000   clock i_clk (rise edge)
                                  0.000000   32.000000   clock network delay (ideal)
                                 -0.250000   31.750000   clock uncertainty
                                  0.000000   31.750000   clock reconvergence pessimism
                                             31.750000 ^ _1156_/CLK (sky130_fd_sc_hd__dfstp_2)
                                 -0.037522   31.712479   library setup time
                                             31.712479   data required time
---------------------------------------------------------------------------------------------
                                             31.712479   data required time
                                             -0.898080   data arrival time
---------------------------------------------------------------------------------------------
                                             30.814400   slack (MET)


Startpoint: _1159_ (rising edge-triggered flip-flop clocked by i_clk)
Endpoint: _1128_ (rising edge-triggered flip-flop clocked by i_clk)
Path Group: i_clk
Path Type: max

Fanout         Cap        Slew       Delay        Time   Description
---------------------------------------------------------------------------------------------
                      0.150000    0.000000    0.000000   clock i_clk (rise edge)
                                  0.000000    0.000000   clock network delay (ideal)
                      0.150000    0.000000    0.000000 ^ _1159_/CLK (sky130_fd_sc_hd__dfstp_2)
     5    0.016600    0.094375    0.595652    0.595652 ^ _1159_/Q (sky130_fd_sc_hd__dfstp_2)
                                                         u_i2c_master_controller.cntrl_fsm.cntrl_fsm.state[0] (net)
                      0.094375    0.000000    0.595652 ^ _0957_/A (sky130_fd_sc_hd__nor2_2)
     1    0.002207    0.027641    0.044164    0.639816 v _0957_/Y (sky130_fd_sc_hd__nor2_2)
                                                         _0528_ (net)
                      0.027641    0.000000    0.639816 v _0958_/A2 (sky130_fd_sc_hd__a21o_2)
     1    0.001949    0.031441    0.190967    0.830783 v _0958_/X (sky130_fd_sc_hd__a21o_2)
                                                         _0251_ (net)
                      0.031441    0.000000    0.830783 v _1128_/D (sky130_fd_sc_hd__dfrtp_2)
                                              0.830783   data arrival time

                      0.150000   32.000000   32.000000   clock i_clk (rise edge)
                                  0.000000   32.000000   clock network delay (ideal)
                                 -0.250000   31.750000   clock uncertainty
                                  0.000000   31.750000   clock reconvergence pessimism
                                             31.750000 ^ _1128_/CLK (sky130_fd_sc_hd__dfrtp_2)
                                 -0.085293   31.664705   library setup time
                                             31.664705   data required time
---------------------------------------------------------------------------------------------
                                             31.664705   data required time
                                             -0.830783   data arrival time
---------------------------------------------------------------------------------------------
                                             30.833921   slack (MET)


Startpoint: _1199_ (rising edge-triggered flip-flop clocked by i_clk)
Endpoint: _1161_ (rising edge-triggered flip-flop clocked by i_clk)
Path Group: i_clk
Path Type: max

Fanout         Cap        Slew       Delay        Time   Description
---------------------------------------------------------------------------------------------
                      0.150000    0.000000    0.000000   clock i_clk (rise edge)
                                  0.000000    0.000000   clock network delay (ideal)
                      0.150000    0.000000    0.000000 ^ _1199_/CLK (sky130_fd_sc_hd__dfrtp_2)
    21    0.063607    0.172587    0.562358    0.562358 v _1199_/Q (sky130_fd_sc_hd__dfrtp_2)
                                                         u_i2c_master_controller.cntrl_fsm.byte_rx_fsm.i_i2c_master_falling_scl_detect (net)
                      0.172587    0.000000    0.562358 v _0676_/B2 (sky130_fd_sc_hd__a22o_2)
     1    0.001949    0.037090    0.262216    0.824574 v _0676_/X (sky130_fd_sc_hd__a22o_2)
                                                         _0009_ (net)
                      0.037090    0.000000    0.824574 v _1161_/D (sky130_fd_sc_hd__dfrtp_2)
                                              0.824574   data arrival time

                      0.150000   32.000000   32.000000   clock i_clk (rise edge)
                                  0.000000   32.000000   clock network delay (ideal)
                                 -0.250000   31.750000   clock uncertainty
                                  0.000000   31.750000   clock reconvergence pessimism
                                             31.750000 ^ _1161_/CLK (sky130_fd_sc_hd__dfrtp_2)
                                 -0.087757   31.662243   library setup time
                                             31.662243   data required time
---------------------------------------------------------------------------------------------
                                             31.662243   data required time
                                             -0.824574   data arrival time
---------------------------------------------------------------------------------------------
                                             30.837669   slack (MET)


Startpoint: _1129_ (rising edge-triggered flip-flop clocked by i_clk)
Endpoint: _1129_ (rising edge-triggered flip-flop clocked by i_clk)
Path Group: i_clk
Path Type: max

Fanout         Cap        Slew       Delay        Time   Description
---------------------------------------------------------------------------------------------
                      0.150000    0.000000    0.000000   clock i_clk (rise edge)
                                  0.000000    0.000000   clock network delay (ideal)
                      0.150000    0.000000    0.000000 ^ _1129_/CLK (sky130_fd_sc_hd__dfrtp_2)
    14    0.037672    0.119099    0.514987    0.514987 v _1129_/Q (sky130_fd_sc_hd__dfrtp_2)
                                                         u_i2c_master_controller.filter_scl.out_n (net)
                      0.119099    0.000000    0.514987 v _0605_/A1 (sky130_fd_sc_hd__a21o_2)
     1    0.002329    0.032733    0.208017    0.723005 v _0605_/X (sky130_fd_sc_hd__a21o_2)
                                                         _0336_ (net)
                      0.032733    0.000000    0.723005 v _0606_/B1 (sky130_fd_sc_hd__o21a_2)
     1    0.001949    0.031469    0.100221    0.823226 v _0606_/X (sky130_fd_sc_hd__o21a_2)
                                                         _0252_ (net)
                      0.031469    0.000000    0.823226 v _1129_/D (sky130_fd_sc_hd__dfrtp_2)
                                              0.823226   data arrival time

                      0.150000   32.000000   32.000000   clock i_clk (rise edge)
                                  0.000000   32.000000   clock network delay (ideal)
                                 -0.250000   31.750000   clock uncertainty
                                  0.000000   31.750000   clock reconvergence pessimism
                                             31.750000 ^ _1129_/CLK (sky130_fd_sc_hd__dfrtp_2)
                                 -0.085305   31.664696   library setup time
                                             31.664696   data required time
---------------------------------------------------------------------------------------------
                                             31.664696   data required time
                                             -0.823226   data arrival time
---------------------------------------------------------------------------------------------
                                             30.841467   slack (MET)


Startpoint: _1185_ (rising edge-triggered flip-flop clocked by i_clk)
Endpoint: _1165_ (rising edge-triggered flip-flop clocked by i_clk)
Path Group: i_clk
Path Type: max

Fanout         Cap        Slew       Delay        Time   Description
---------------------------------------------------------------------------------------------
                      0.150000    0.000000    0.000000   clock i_clk (rise edge)
                                  0.000000    0.000000   clock network delay (ideal)
                      0.150000    0.000000    0.000000 ^ _1185_/CLK (sky130_fd_sc_hd__dfrtp_2)
     4    0.011114    0.075538    0.405957    0.405957 ^ _1185_/Q (sky130_fd_sc_hd__dfrtp_2)
                                                         u_i2c_master_controller.cntrl_fsm.cntrl_fsm.i_start (net)
                      0.075538    0.000000    0.405957 ^ _0555_/A (sky130_fd_sc_hd__inv_2)
     2    0.004371    0.023816    0.036188    0.442145 v _0555_/Y (sky130_fd_sc_hd__inv_2)
                                                         _0302_ (net)
                      0.023816    0.000000    0.442145 v _0668_/A1 (sky130_fd_sc_hd__o21a_2)
     2    0.004144    0.038372    0.199196    0.641341 v _0668_/X (sky130_fd_sc_hd__o21a_2)
                                                         _0039_ (net)
                      0.038372    0.000000    0.641341 v _0669_/B1 (sky130_fd_sc_hd__a21o_2)
     1    0.001949    0.031508    0.172973    0.814314 v _0669_/X (sky130_fd_sc_hd__a21o_2)
                                                         _0013_ (net)
                      0.031508    0.000000    0.814314 v _1165_/D (sky130_fd_sc_hd__dfrtp_2)
                                              0.814314   data arrival time

                      0.150000   32.000000   32.000000   clock i_clk (rise edge)
                                  0.000000   32.000000   clock network delay (ideal)
                                 -0.250000   31.750000   clock uncertainty
                                  0.000000   31.750000   clock reconvergence pessimism
                                             31.750000 ^ _1165_/CLK (sky130_fd_sc_hd__dfrtp_2)
                                 -0.085322   31.664677   library setup time
                                             31.664677   data required time
---------------------------------------------------------------------------------------------
                                             31.664677   data required time
                                             -0.814314   data arrival time
---------------------------------------------------------------------------------------------
                                             30.850363   slack (MET)


Startpoint: _1199_ (rising edge-triggered flip-flop clocked by i_clk)
Endpoint: _1197_ (rising edge-triggered flip-flop clocked by i_clk)
Path Group: i_clk
Path Type: max

Fanout         Cap        Slew       Delay        Time   Description
---------------------------------------------------------------------------------------------
                      0.150000    0.000000    0.000000   clock i_clk (rise edge)
                                  0.000000    0.000000   clock network delay (ideal)
                      0.150000    0.000000    0.000000 ^ _1199_/CLK (sky130_fd_sc_hd__dfrtp_2)
    21    0.063607    0.172587    0.562358    0.562358 v _1199_/Q (sky130_fd_sc_hd__dfrtp_2)
                                                         u_i2c_master_controller.cntrl_fsm.byte_rx_fsm.i_i2c_master_falling_scl_detect (net)
                      0.172587    0.000000    0.562358 v _0615_/B (sky130_fd_sc_hd__and2_2)
     2    0.004144    0.040884    0.247718    0.810076 v _0615_/X (sky130_fd_sc_hd__and2_2)
                                                         _0001_ (net)
                      0.040884    0.000000    0.810076 v _1197_/D (sky130_fd_sc_hd__dfrtp_2)
                                              0.810076   data arrival time

                      0.150000   32.000000   32.000000   clock i_clk (rise edge)
                                  0.000000   32.000000   clock network delay (ideal)
                                 -0.250000   31.750000   clock uncertainty
                                  0.000000   31.750000   clock reconvergence pessimism
                                             31.750000 ^ _1197_/CLK (sky130_fd_sc_hd__dfrtp_2)
                                 -0.089412   31.660587   library setup time
                                             31.660587   data required time
---------------------------------------------------------------------------------------------
                                             31.660587   data required time
                                             -0.810076   data arrival time
---------------------------------------------------------------------------------------------
                                             30.850512   slack (MET)


Startpoint: _1232_ (rising edge-triggered flip-flop clocked by i_clk)
Endpoint: _1215_ (rising edge-triggered flip-flop clocked by i_clk)
Path Group: i_clk
Path Type: max

Fanout         Cap        Slew       Delay        Time   Description
---------------------------------------------------------------------------------------------
                      0.150000    0.000000    0.000000   clock i_clk (rise edge)
                                  0.000000    0.000000   clock network delay (ideal)
                      0.150000    0.000000    0.000000 ^ _1232_/CLK (sky130_fd_sc_hd__dfrtp_2)
    11    0.039507    0.122883    0.518339    0.518339 v _1232_/Q (sky130_fd_sc_hd__dfrtp_2)
                                                         u_i2c_master_controller.i2cbus_cntrl_fsm.start_gen.delay_gen.start_delay (net)
                      0.122883    0.000000    0.518339 v _0748_/B1 (sky130_fd_sc_hd__a31o_2)
     1    0.004119    0.041444    0.243059    0.761398 v _0748_/X (sky130_fd_sc_hd__a31o_2)
                                                         _0410_ (net)
                      0.041444    0.000000    0.761398 v _0749_/B1 (sky130_fd_sc_hd__a21oi_2)
     1    0.002005    0.072453    0.083951    0.845349 ^ _0749_/Y (sky130_fd_sc_hd__a21oi_2)
                                                         _0062_ (net)
                      0.072453    0.000000    0.845349 ^ _1215_/D (sky130_fd_sc_hd__dfrtp_2)
                                              0.845349   data arrival time

                      0.150000   32.000000   32.000000   clock i_clk (rise edge)
                                  0.000000   32.000000   clock network delay (ideal)
                                 -0.250000   31.750000   clock uncertainty
                                  0.000000   31.750000   clock reconvergence pessimism
                                             31.750000 ^ _1215_/CLK (sky130_fd_sc_hd__dfrtp_2)
                                 -0.053752   31.696247   library setup time
                                             31.696247   data required time
---------------------------------------------------------------------------------------------
                                             31.696247   data required time
                                             -0.845349   data arrival time
---------------------------------------------------------------------------------------------
                                             30.850897   slack (MET)


Startpoint: _1253_ (rising edge-triggered flip-flop clocked by i_clk)
Endpoint: _1237_ (rising edge-triggered flip-flop clocked by i_clk)
Path Group: i_clk
Path Type: max

Fanout         Cap        Slew       Delay        Time   Description
---------------------------------------------------------------------------------------------
                      0.150000    0.000000    0.000000   clock i_clk (rise edge)
                                  0.000000    0.000000   clock network delay (ideal)
                      0.150000    0.000000    0.000000 ^ _1253_/CLK (sky130_fd_sc_hd__dfrtp_2)
    11    0.039507    0.122883    0.518339    0.518339 v _1253_/Q (sky130_fd_sc_hd__dfrtp_2)
                                                         u_i2c_master_controller.i2cbus_cntrl_fsm.stop_gen.delay_gen.start_delay (net)
                      0.122883    0.000000    0.518339 v _0792_/B1 (sky130_fd_sc_hd__a31o_2)
     1    0.004119    0.041444    0.243059    0.761398 v _0792_/X (sky130_fd_sc_hd__a31o_2)
                                                         _0438_ (net)
                      0.041444    0.000000    0.761398 v _0793_/B1 (sky130_fd_sc_hd__a21oi_2)
     1    0.002005    0.072453    0.083951    0.845349 ^ _0793_/Y (sky130_fd_sc_hd__a21oi_2)
                                                         _0081_ (net)
                      0.072453    0.000000    0.845349 ^ _1237_/D (sky130_fd_sc_hd__dfrtp_2)
                                              0.845349   data arrival time

                      0.150000   32.000000   32.000000   clock i_clk (rise edge)
                                  0.000000   32.000000   clock network delay (ideal)
                                 -0.250000   31.750000   clock uncertainty
                                  0.000000   31.750000   clock reconvergence pessimism
                                             31.750000 ^ _1237_/CLK (sky130_fd_sc_hd__dfrtp_2)
                                 -0.053752   31.696247   library setup time
                                             31.696247   data required time
---------------------------------------------------------------------------------------------
                                             31.696247   data required time
                                             -0.845349   data arrival time
---------------------------------------------------------------------------------------------
                                             30.850897   slack (MET)


Startpoint: _1129_ (rising edge-triggered flip-flop clocked by i_clk)
Endpoint: _1146_ (rising edge-triggered flip-flop clocked by i_clk)
Path Group: i_clk
Path Type: max

Fanout         Cap        Slew       Delay        Time   Description
---------------------------------------------------------------------------------------------
                      0.150000    0.000000    0.000000   clock i_clk (rise edge)
                                  0.000000    0.000000   clock network delay (ideal)
                      0.150000    0.000000    0.000000 ^ _1129_/CLK (sky130_fd_sc_hd__dfrtp_2)
    14    0.037672    0.119099    0.514987    0.514987 v _1129_/Q (sky130_fd_sc_hd__dfrtp_2)
                                                         u_i2c_master_controller.filter_scl.out_n (net)
                      0.119099    0.000000    0.514987 v _0612_/B (sky130_fd_sc_hd__nor2_2)
     5    0.012235    0.158527    0.169131    0.684118 ^ _0612_/Y (sky130_fd_sc_hd__nor2_2)
                                                         u_i2c_master_controller.i2cbus_cntrl_fsm.start_detect.state_next (net)
                      0.158527    0.000000    0.684118 ^ _0614_/B (sky130_fd_sc_hd__and2_2)
     1    0.002005    0.034549    0.155345    0.839464 ^ _0614_/X (sky130_fd_sc_hd__and2_2)
                                                         _0002_ (net)
                      0.034549    0.000000    0.839464 ^ _1146_/D (sky130_fd_sc_hd__dfrtp_2)
                                              0.839464   data arrival time

                      0.150000   32.000000   32.000000   clock i_clk (rise edge)
                                  0.000000   32.000000   clock network delay (ideal)
                                 -0.250000   31.750000   clock uncertainty
                                  0.000000   31.750000   clock reconvergence pessimism
                                             31.750000 ^ _1146_/CLK (sky130_fd_sc_hd__dfrtp_2)
                                 -0.045100   31.704901   library setup time
                                             31.704901   data required time
---------------------------------------------------------------------------------------------
                                             31.704901   data required time
                                             -0.839464   data arrival time
---------------------------------------------------------------------------------------------
                                             30.865437   slack (MET)


Startpoint: _1129_ (rising edge-triggered flip-flop clocked by i_clk)
Endpoint: _1234_ (rising edge-triggered flip-flop clocked by i_clk)
Path Group: i_clk
Path Type: max

Fanout         Cap        Slew       Delay        Time   Description
---------------------------------------------------------------------------------------------
                      0.150000    0.000000    0.000000   clock i_clk (rise edge)
                                  0.000000    0.000000   clock network delay (ideal)
                      0.150000    0.000000    0.000000 ^ _1129_/CLK (sky130_fd_sc_hd__dfrtp_2)
    14    0.037672    0.119099    0.514987    0.514987 v _1129_/Q (sky130_fd_sc_hd__dfrtp_2)
                                                         u_i2c_master_controller.filter_scl.out_n (net)
                      0.119099    0.000000    0.514987 v _0612_/B (sky130_fd_sc_hd__nor2_2)
     5    0.012235    0.158527    0.169131    0.684118 ^ _0612_/Y (sky130_fd_sc_hd__nor2_2)
                                                         u_i2c_master_controller.i2cbus_cntrl_fsm.start_detect.state_next (net)
                      0.158527    0.000000    0.684118 ^ _0736_/B (sky130_fd_sc_hd__and2_2)
     1    0.002005    0.034549    0.155345    0.839464 ^ _0736_/X (sky130_fd_sc_hd__and2_2)
                                                         _0071_ (net)
                      0.034549    0.000000    0.839464 ^ _1234_/D (sky130_fd_sc_hd__dfrtp_2)
                                              0.839464   data arrival time

                      0.150000   32.000000   32.000000   clock i_clk (rise edge)
                                  0.000000   32.000000   clock network delay (ideal)
                                 -0.250000   31.750000   clock uncertainty
                                  0.000000   31.750000   clock reconvergence pessimism
                                             31.750000 ^ _1234_/CLK (sky130_fd_sc_hd__dfrtp_2)
                                 -0.045100   31.704901   library setup time
                                             31.704901   data required time
---------------------------------------------------------------------------------------------
                                             31.704901   data required time
                                             -0.839464   data arrival time
---------------------------------------------------------------------------------------------
                                             30.865437   slack (MET)


Startpoint: _1129_ (rising edge-triggered flip-flop clocked by i_clk)
Endpoint: _1106_ (rising edge-triggered flip-flop clocked by i_clk)
Path Group: i_clk
Path Type: max

Fanout         Cap        Slew       Delay        Time   Description
---------------------------------------------------------------------------------------------
                      0.150000    0.000000    0.000000   clock i_clk (rise edge)
                                  0.000000    0.000000   clock network delay (ideal)
                      0.150000    0.000000    0.000000 ^ _1129_/CLK (sky130_fd_sc_hd__dfrtp_2)
    14    0.041212    0.206320    0.509809    0.509809 ^ _1129_/Q (sky130_fd_sc_hd__dfrtp_2)
                                                         u_i2c_master_controller.filter_scl.out_n (net)
                      0.206320    0.000000    0.509809 ^ _0612_/B (sky130_fd_sc_hd__nor2_2)
     5    0.011248    0.062890    0.079236    0.589045 v _0612_/Y (sky130_fd_sc_hd__nor2_2)
                                                         u_i2c_master_controller.i2cbus_cntrl_fsm.start_detect.state_next (net)
                      0.062890    0.000000    0.589045 v _0893_/B1 (sky130_fd_sc_hd__a22o_2)
     1    0.001949    0.037090    0.202221    0.791266 v _0893_/X (sky130_fd_sc_hd__a22o_2)
                                                         _0229_ (net)
                      0.037090    0.000000    0.791266 v _1106_/D (sky130_fd_sc_hd__dfrtp_2)
                                              0.791266   data arrival time

                      0.150000   32.000000   32.000000   clock i_clk (rise edge)
                                  0.000000   32.000000   clock network delay (ideal)
                                 -0.250000   31.750000   clock uncertainty
                                  0.000000   31.750000   clock reconvergence pessimism
                                             31.750000 ^ _1106_/CLK (sky130_fd_sc_hd__dfrtp_2)
                                 -0.087757   31.662243   library setup time
                                             31.662243   data required time
---------------------------------------------------------------------------------------------
                                             31.662243   data required time
                                             -0.791266   data arrival time
---------------------------------------------------------------------------------------------
                                             30.870975   slack (MET)


Startpoint: _1199_ (rising edge-triggered flip-flop clocked by i_clk)
Endpoint: _1198_ (rising edge-triggered flip-flop clocked by i_clk)
Path Group: i_clk
Path Type: max

Fanout         Cap        Slew       Delay        Time   Description
---------------------------------------------------------------------------------------------
                      0.150000    0.000000    0.000000   clock i_clk (rise edge)
                                  0.000000    0.000000   clock network delay (ideal)
                      0.150000    0.000000    0.000000 ^ _1199_/CLK (sky130_fd_sc_hd__dfrtp_2)
    21    0.063607    0.172587    0.562358    0.562358 v _1199_/Q (sky130_fd_sc_hd__dfrtp_2)
                                                         u_i2c_master_controller.cntrl_fsm.byte_rx_fsm.i_i2c_master_falling_scl_detect (net)
                      0.172587    0.000000    0.562358 v _0616_/A (sky130_fd_sc_hd__and2_2)
     2    0.004144    0.041232    0.225695    0.788053 v _0616_/X (sky130_fd_sc_hd__and2_2)
                                                         _0000_ (net)
                      0.041232    0.000000    0.788053 v _1198_/D (sky130_fd_sc_hd__dfrtp_2)
                                              0.788053   data arrival time

                      0.150000   32.000000   32.000000   clock i_clk (rise edge)
                                  0.000000   32.000000   clock network delay (ideal)
                                 -0.250000   31.750000   clock uncertainty
                                  0.000000   31.750000   clock reconvergence pessimism
                                             31.750000 ^ _1198_/CLK (sky130_fd_sc_hd__dfrtp_2)
                                 -0.089563   31.660435   library setup time
                                             31.660435   data required time
---------------------------------------------------------------------------------------------
                                             31.660435   data required time
                                             -0.788053   data arrival time
---------------------------------------------------------------------------------------------
                                             30.872383   slack (MET)


Startpoint: _1109_ (rising edge-triggered flip-flop clocked by i_clk)
Endpoint: _1093_ (rising edge-triggered flip-flop clocked by i_clk)
Path Group: i_clk
Path Type: max

Fanout         Cap        Slew       Delay        Time   Description
---------------------------------------------------------------------------------------------
                      0.150000    0.000000    0.000000   clock i_clk (rise edge)
                                  0.000000    0.000000   clock network delay (ideal)
                      0.150000    0.000000    0.000000 ^ _1109_/CLK (sky130_fd_sc_hd__dfrtp_2)
     3    0.005732    0.048022    0.428631    0.428631 v _1109_/Q (sky130_fd_sc_hd__dfrtp_2)
                                                         u_i2c_master_controller.cntrl_fsm.cntrl_fsm.o_rx_done (net)
                      0.048022    0.000000    0.428631 v _0869_/B (sky130_fd_sc_hd__and2b_2)
     1    0.002243    0.034571    0.182733    0.611364 v _0869_/X (sky130_fd_sc_hd__and2b_2)
                                                         _0475_ (net)
                      0.034571    0.000000    0.611364 v _0870_/A2 (sky130_fd_sc_hd__o21a_2)
     1    0.001949    0.031316    0.177872    0.789235 v _0870_/X (sky130_fd_sc_hd__o21a_2)
                                                         _0216_ (net)
                      0.031316    0.000000    0.789235 v _1093_/D (sky130_fd_sc_hd__dfrtp_2)
                                              0.789235   data arrival time

                      0.150000   32.000000   32.000000   clock i_clk (rise edge)
                                  0.000000   32.000000   clock network delay (ideal)
                                 -0.250000   31.750000   clock uncertainty
                                  0.000000   31.750000   clock reconvergence pessimism
                                             31.750000 ^ _1093_/CLK (sky130_fd_sc_hd__dfrtp_2)
                                 -0.085238   31.664762   library setup time
                                             31.664762   data required time
---------------------------------------------------------------------------------------------
                                             31.664762   data required time
                                             -0.789235   data arrival time
---------------------------------------------------------------------------------------------
                                             30.875526   slack (MET)


Startpoint: _1108_ (rising edge-triggered flip-flop clocked by i_clk)
Endpoint: _1094_ (rising edge-triggered flip-flop clocked by i_clk)
Path Group: i_clk
Path Type: max

Fanout         Cap        Slew       Delay        Time   Description
---------------------------------------------------------------------------------------------
                      0.150000    0.000000    0.000000   clock i_clk (rise edge)
                                  0.000000    0.000000   clock network delay (ideal)
                      0.150000    0.000000    0.000000 ^ _1108_/CLK (sky130_fd_sc_hd__dfrtp_2)
     3    0.005732    0.048022    0.428631    0.428631 v _1108_/Q (sky130_fd_sc_hd__dfrtp_2)
                                                         u_i2c_master_controller.cntrl_fsm.cntrl_fsm.o_tx_done (net)
                      0.048022    0.000000    0.428631 v _0871_/B (sky130_fd_sc_hd__and2b_2)
     1    0.002243    0.034571    0.182733    0.611364 v _0871_/X (sky130_fd_sc_hd__and2b_2)
                                                         _0476_ (net)
                      0.034571    0.000000    0.611364 v _0872_/A2 (sky130_fd_sc_hd__o21a_2)
     1    0.001949    0.031315    0.177872    0.789235 v _0872_/X (sky130_fd_sc_hd__o21a_2)
                                                         _0217_ (net)
                      0.031315    0.000000    0.789235 v _1094_/D (sky130_fd_sc_hd__dfrtp_2)
                                              0.789235   data arrival time

                      0.150000   32.000000   32.000000   clock i_clk (rise edge)
                                  0.000000   32.000000   clock network delay (ideal)
                                 -0.250000   31.750000   clock uncertainty
                                  0.000000   31.750000   clock reconvergence pessimism
                                             31.750000 ^ _1094_/CLK (sky130_fd_sc_hd__dfrtp_2)
                                 -0.085238   31.664762   library setup time
                                             31.664762   data required time
---------------------------------------------------------------------------------------------
                                             31.664762   data required time
                                             -0.789235   data arrival time
---------------------------------------------------------------------------------------------
                                             30.875526   slack (MET)


Startpoint: _1129_ (rising edge-triggered flip-flop clocked by i_clk)
Endpoint: _1143_ (rising edge-triggered flip-flop clocked by i_clk)
Path Group: i_clk
Path Type: max

Fanout         Cap        Slew       Delay        Time   Description
---------------------------------------------------------------------------------------------
                      0.150000    0.000000    0.000000   clock i_clk (rise edge)
                                  0.000000    0.000000   clock network delay (ideal)
                      0.150000    0.000000    0.000000 ^ _1129_/CLK (sky130_fd_sc_hd__dfrtp_2)
    14    0.037672    0.119099    0.514987    0.514987 v _1129_/Q (sky130_fd_sc_hd__dfrtp_2)
                                                         u_i2c_master_controller.filter_scl.out_n (net)
                      0.119099    0.000000    0.514987 v _0638_/A1 (sky130_fd_sc_hd__a32o_2)
     1    0.001949    0.037344    0.259418    0.774405 v _0638_/X (sky130_fd_sc_hd__a32o_2)
                                                         _0031_ (net)
                      0.037344    0.000000    0.774405 v _1143_/D (sky130_fd_sc_hd__dfrtp_2)
                                              0.774405   data arrival time

                      0.150000   32.000000   32.000000   clock i_clk (rise edge)
                                  0.000000   32.000000   clock network delay (ideal)
                                 -0.250000   31.750000   clock uncertainty
                                  0.000000   31.750000   clock reconvergence pessimism
                                             31.750000 ^ _1143_/CLK (sky130_fd_sc_hd__dfrtp_2)
                                 -0.087868   31.662130   library setup time
                                             31.662130   data required time
---------------------------------------------------------------------------------------------
                                             31.662130   data required time
                                             -0.774405   data arrival time
---------------------------------------------------------------------------------------------
                                             30.887724   slack (MET)


Startpoint: _1187_ (rising edge-triggered flip-flop clocked by i_clk)
Endpoint: _1090_ (rising edge-triggered flip-flop clocked by i_clk)
Path Group: i_clk
Path Type: max

Fanout         Cap        Slew       Delay        Time   Description
---------------------------------------------------------------------------------------------
                      0.150000    0.000000    0.000000   clock i_clk (rise edge)
                                  0.000000    0.000000   clock network delay (ideal)
                      0.150000    0.000000    0.000000 ^ _1187_/CLK (sky130_fd_sc_hd__dfrtp_2)
     2    0.003490    0.041579    0.418804    0.418804 v _1187_/Q (sky130_fd_sc_hd__dfrtp_2)
                                                         u_i2c_master_controller.cntrl_fsm.abort_ack (net)
                      0.041579    0.000000    0.418804 v _0863_/B (sky130_fd_sc_hd__and2b_2)
     1    0.002243    0.034548    0.179915    0.598719 v _0863_/X (sky130_fd_sc_hd__and2b_2)
                                                         _0472_ (net)
                      0.034548    0.000000    0.598719 v _0864_/A2 (sky130_fd_sc_hd__o21a_2)
     1    0.001949    0.031324    0.177864    0.776582 v _0864_/X (sky130_fd_sc_hd__o21a_2)
                                                         _0213_ (net)
                      0.031324    0.000000    0.776582 v _1090_/D (sky130_fd_sc_hd__dfrtp_2)
                                              0.776582   data arrival time

                      0.150000   32.000000   32.000000   clock i_clk (rise edge)
                                  0.000000   32.000000   clock network delay (ideal)
                                 -0.250000   31.750000   clock uncertainty
                                  0.000000   31.750000   clock reconvergence pessimism
                                             31.750000 ^ _1090_/CLK (sky130_fd_sc_hd__dfrtp_2)
                                 -0.085242   31.664755   library setup time
                                             31.664755   data required time
---------------------------------------------------------------------------------------------
                                             31.664755   data required time
                                             -0.776582   data arrival time
---------------------------------------------------------------------------------------------
                                             30.888174   slack (MET)


Startpoint: _1129_ (rising edge-triggered flip-flop clocked by i_clk)
Endpoint: _1157_ (rising edge-triggered flip-flop clocked by i_clk)
Path Group: i_clk
Path Type: max

Fanout         Cap        Slew       Delay        Time   Description
---------------------------------------------------------------------------------------------
                      0.150000    0.000000    0.000000   clock i_clk (rise edge)
                                  0.000000    0.000000   clock network delay (ideal)
                      0.150000    0.000000    0.000000 ^ _1129_/CLK (sky130_fd_sc_hd__dfrtp_2)
    14    0.037672    0.119099    0.514987    0.514987 v _1129_/Q (sky130_fd_sc_hd__dfrtp_2)
                                                         u_i2c_master_controller.filter_scl.out_n (net)
                      0.119099    0.000000    0.514987 v _0653_/A (sky130_fd_sc_hd__and2_2)
     2    0.006139    0.045920    0.207247    0.722235 v _0653_/X (sky130_fd_sc_hd__and2_2)
                                                         _0019_ (net)
                      0.045920    0.000000    0.722235 v _0655_/A (sky130_fd_sc_hd__nor2_2)
     1    0.002005    0.054136    0.086054    0.808288 ^ _0655_/Y (sky130_fd_sc_hd__nor2_2)
                                                         _0018_ (net)
                      0.054136    0.000000    0.808288 ^ _1157_/D (sky130_fd_sc_hd__dfrtp_2)
                                              0.808288   data arrival time

                      0.150000   32.000000   32.000000   clock i_clk (rise edge)
                                  0.000000   32.000000   clock network delay (ideal)
                                 -0.250000   31.750000   clock uncertainty
                                  0.000000   31.750000   clock reconvergence pessimism
                                             31.750000 ^ _1157_/CLK (sky130_fd_sc_hd__dfrtp_2)
                                 -0.049571   31.700428   library setup time
                                             31.700428   data required time
---------------------------------------------------------------------------------------------
                                             31.700428   data required time
                                             -0.808288   data arrival time
---------------------------------------------------------------------------------------------
                                             30.892139   slack (MET)


Startpoint: _1129_ (rising edge-triggered flip-flop clocked by i_clk)
Endpoint: _1148_ (rising edge-triggered flip-flop clocked by i_clk)
Path Group: i_clk
Path Type: max

Fanout         Cap        Slew       Delay        Time   Description
---------------------------------------------------------------------------------------------
                      0.150000    0.000000    0.000000   clock i_clk (rise edge)
                                  0.000000    0.000000   clock network delay (ideal)
                      0.150000    0.000000    0.000000 ^ _1129_/CLK (sky130_fd_sc_hd__dfrtp_2)
    14    0.037672    0.119099    0.514987    0.514987 v _1129_/Q (sky130_fd_sc_hd__dfrtp_2)
                                                         u_i2c_master_controller.filter_scl.out_n (net)
                      0.119099    0.000000    0.514987 v _0644_/A1 (sky130_fd_sc_hd__a22o_2)
     1    0.001949    0.037049    0.251064    0.766051 v _0644_/X (sky130_fd_sc_hd__a22o_2)
                                                         _0026_ (net)
                      0.037049    0.000000    0.766051 v _1148_/D (sky130_fd_sc_hd__dfrtp_2)
                                              0.766051   data arrival time

                      0.150000   32.000000   32.000000   clock i_clk (rise edge)
                                  0.000000   32.000000   clock network delay (ideal)
                                 -0.250000   31.750000   clock uncertainty
                                  0.000000   31.750000   clock reconvergence pessimism
                                             31.750000 ^ _1148_/CLK (sky130_fd_sc_hd__dfrtp_2)
                                 -0.087739   31.662262   library setup time
                                             31.662262   data required time
---------------------------------------------------------------------------------------------
                                             31.662262   data required time
                                             -0.766051   data arrival time
---------------------------------------------------------------------------------------------
                                             30.896212   slack (MET)


Startpoint: _1129_ (rising edge-triggered flip-flop clocked by i_clk)
Endpoint: _1149_ (rising edge-triggered flip-flop clocked by i_clk)
Path Group: i_clk
Path Type: max

Fanout         Cap        Slew       Delay        Time   Description
---------------------------------------------------------------------------------------------
                      0.150000    0.000000    0.000000   clock i_clk (rise edge)
                                  0.000000    0.000000   clock network delay (ideal)
                      0.150000    0.000000    0.000000 ^ _1129_/CLK (sky130_fd_sc_hd__dfrtp_2)
    14    0.037672    0.119099    0.514987    0.514987 v _1129_/Q (sky130_fd_sc_hd__dfrtp_2)
                                                         u_i2c_master_controller.filter_scl.out_n (net)
                      0.119099    0.000000    0.514987 v _0643_/A1 (sky130_fd_sc_hd__a22o_2)
     1    0.001949    0.037080    0.251064    0.766051 v _0643_/X (sky130_fd_sc_hd__a22o_2)
                                                         _0027_ (net)
                      0.037080    0.000000    0.766051 v _1149_/D (sky130_fd_sc_hd__dfrtp_2)
                                              0.766051   data arrival time

                      0.150000   32.000000   32.000000   clock i_clk (rise edge)
                                  0.000000   32.000000   clock network delay (ideal)
                                 -0.250000   31.750000   clock uncertainty
                                  0.000000   31.750000   clock reconvergence pessimism
                                             31.750000 ^ _1149_/CLK (sky130_fd_sc_hd__dfrtp_2)
                                 -0.087752   31.662247   library setup time
                                             31.662247   data required time
---------------------------------------------------------------------------------------------
                                             31.662247   data required time
                                             -0.766051   data arrival time
---------------------------------------------------------------------------------------------
                                             30.896196   slack (MET)


Startpoint: _1129_ (rising edge-triggered flip-flop clocked by i_clk)
Endpoint: _1153_ (rising edge-triggered flip-flop clocked by i_clk)
Path Group: i_clk
Path Type: max

Fanout         Cap        Slew       Delay        Time   Description
---------------------------------------------------------------------------------------------
                      0.150000    0.000000    0.000000   clock i_clk (rise edge)
                                  0.000000    0.000000   clock network delay (ideal)
                      0.150000    0.000000    0.000000 ^ _1129_/CLK (sky130_fd_sc_hd__dfrtp_2)
    14    0.037672    0.119099    0.514987    0.514987 v _1129_/Q (sky130_fd_sc_hd__dfrtp_2)
                                                         u_i2c_master_controller.filter_scl.out_n (net)
                      0.119099    0.000000    0.514987 v _0651_/A1 (sky130_fd_sc_hd__a22o_2)
     1    0.001949    0.037071    0.251064    0.766051 v _0651_/X (sky130_fd_sc_hd__a22o_2)
                                                         _0021_ (net)
                      0.037071    0.000000    0.766051 v _1153_/D (sky130_fd_sc_hd__dfrtp_2)
                                              0.766051   data arrival time

                      0.150000   32.000000   32.000000   clock i_clk (rise edge)
                                  0.000000   32.000000   clock network delay (ideal)
                                 -0.250000   31.750000   clock uncertainty
                                  0.000000   31.750000   clock reconvergence pessimism
                                             31.750000 ^ _1153_/CLK (sky130_fd_sc_hd__dfrtp_2)
                                 -0.087748   31.662251   library setup time
                                             31.662251   data required time
---------------------------------------------------------------------------------------------
                                             31.662251   data required time
                                             -0.766051   data arrival time
---------------------------------------------------------------------------------------------
                                             30.896200   slack (MET)


Startpoint: _1130_ (rising edge-triggered flip-flop clocked by i_clk)
Endpoint: _1130_ (rising edge-triggered flip-flop clocked by i_clk)
Path Group: i_clk
Path Type: max

Fanout         Cap        Slew       Delay        Time   Description
---------------------------------------------------------------------------------------------
                      0.150000    0.000000    0.000000   clock i_clk (rise edge)
                                  0.000000    0.000000   clock network delay (ideal)
                      0.150000    0.000000    0.000000 ^ _1130_/CLK (sky130_fd_sc_hd__dfrtp_2)
     4    0.012967    0.066230    0.455085    0.455085 v _1130_/Q (sky130_fd_sc_hd__dfrtp_2)
                                                         u_i2c_master_controller.filter_sda.out_n (net)
                      0.066230    0.000000    0.455085 v _0603_/A1 (sky130_fd_sc_hd__a21o_2)
     1    0.002329    0.032733    0.186674    0.641759 v _0603_/X (sky130_fd_sc_hd__a21o_2)
                                                         _0335_ (net)
                      0.032733    0.000000    0.641759 v _0604_/B1 (sky130_fd_sc_hd__o21a_2)
     1    0.001949    0.031329    0.100221    0.741980 v _0604_/X (sky130_fd_sc_hd__o21a_2)
                                                         _0253_ (net)
                      0.031329    0.000000    0.741980 v _1130_/D (sky130_fd_sc_hd__dfrtp_2)
                                              0.741980   data arrival time

                      0.150000   32.000000   32.000000   clock i_clk (rise edge)
                                  0.000000   32.000000   clock network delay (ideal)
                                 -0.250000   31.750000   clock uncertainty
                                  0.000000   31.750000   clock reconvergence pessimism
                                             31.750000 ^ _1130_/CLK (sky130_fd_sc_hd__dfrtp_2)
                                 -0.085244   31.664755   library setup time
                                             31.664755   data required time
---------------------------------------------------------------------------------------------
                                             31.664755   data required time
                                             -0.741980   data arrival time
---------------------------------------------------------------------------------------------
                                             30.922775   slack (MET)


Startpoint: _1152_ (rising edge-triggered flip-flop clocked by i_clk)
Endpoint: _1210_ (rising edge-triggered flip-flop clocked by i_clk)
Path Group: i_clk
Path Type: max

Fanout         Cap        Slew       Delay        Time   Description
---------------------------------------------------------------------------------------------
                      0.150000    0.000000    0.000000   clock i_clk (rise edge)
                                  0.000000    0.000000   clock network delay (ideal)
                      0.150000    0.000000    0.000000 ^ _1152_/CLK (sky130_fd_sc_hd__dfstp_2)
     4    0.012099    0.073811    0.580249    0.580249 ^ _1152_/Q (sky130_fd_sc_hd__dfstp_2)
                                                         u_i2c_master_controller.i2cbus_cntrl_fsm.scl_gen.state[0] (net)
                      0.073811    0.000000    0.580249 ^ _0650_/A2 (sky130_fd_sc_hd__a22o_2)
     2    0.006527    0.053290    0.156132    0.736381 ^ _0650_/X (sky130_fd_sc_hd__a22o_2)
                                                         _0022_ (net)
                      0.053290    0.000000    0.736381 ^ _0740_/B1 (sky130_fd_sc_hd__o21ai_2)
     1    0.002233    0.033517    0.044586    0.780967 v _0740_/Y (sky130_fd_sc_hd__o21ai_2)
                                                         _0047_ (net)
                      0.033517    0.000000    0.780967 v _1210_/D (sky130_fd_sc_hd__dfstp_2)
                                              0.780967   data arrival time

                      0.150000   32.000000   32.000000   clock i_clk (rise edge)
                                  0.000000   32.000000   clock network delay (ideal)
                                 -0.250000   31.750000   clock uncertainty
                                  0.000000   31.750000   clock reconvergence pessimism
                                             31.750000 ^ _1210_/CLK (sky130_fd_sc_hd__dfstp_2)
                                 -0.043526   31.706474   library setup time
                                             31.706474   data required time
---------------------------------------------------------------------------------------------
                                             31.706474   data required time
                                             -0.780967   data arrival time
---------------------------------------------------------------------------------------------
                                             30.925507   slack (MET)


Startpoint: _1129_ (rising edge-triggered flip-flop clocked by i_clk)
Endpoint: _1158_ (rising edge-triggered flip-flop clocked by i_clk)
Path Group: i_clk
Path Type: max

Fanout         Cap        Slew       Delay        Time   Description
---------------------------------------------------------------------------------------------
                      0.150000    0.000000    0.000000   clock i_clk (rise edge)
                                  0.000000    0.000000   clock network delay (ideal)
                      0.150000    0.000000    0.000000 ^ _1129_/CLK (sky130_fd_sc_hd__dfrtp_2)
    14    0.037672    0.119099    0.514987    0.514987 v _1129_/Q (sky130_fd_sc_hd__dfrtp_2)
                                                         u_i2c_master_controller.filter_scl.out_n (net)
                      0.119099    0.000000    0.514987 v _0653_/A (sky130_fd_sc_hd__and2_2)
     2    0.006139    0.045920    0.207247    0.722235 v _0653_/X (sky130_fd_sc_hd__and2_2)
                                                         _0019_ (net)
                      0.045920    0.000000    0.722235 v _1158_/D (sky130_fd_sc_hd__dfrtp_2)
                                              0.722235   data arrival time

                      0.150000   32.000000   32.000000   clock i_clk (rise edge)
                                  0.000000   32.000000   clock network delay (ideal)
                                 -0.250000   31.750000   clock uncertainty
                                  0.000000   31.750000   clock reconvergence pessimism
                                             31.750000 ^ _1158_/CLK (sky130_fd_sc_hd__dfrtp_2)
                                 -0.091608   31.658392   library setup time
                                             31.658392   data required time
---------------------------------------------------------------------------------------------
                                             31.658392   data required time
                                             -0.722235   data arrival time
---------------------------------------------------------------------------------------------
                                             30.936157   slack (MET)


Startpoint: _1128_ (rising edge-triggered flip-flop clocked by i_clk)
Endpoint: _1154_ (rising edge-triggered flip-flop clocked by i_clk)
Path Group: i_clk
Path Type: max

Fanout         Cap        Slew       Delay        Time   Description
---------------------------------------------------------------------------------------------
                      0.150000    0.000000    0.000000   clock i_clk (rise edge)
                                  0.000000    0.000000   clock network delay (ideal)
                      0.150000    0.000000    0.000000 ^ _1128_/CLK (sky130_fd_sc_hd__dfrtp_2)
     6    0.017809    0.076597    0.466869    0.466869 v _1128_/Q (sky130_fd_sc_hd__dfrtp_2)
                                                         u_i2c_master_controller.cntrl_fsm.cntrl_fsm.o_enable_scl (net)
                      0.076597    0.000000    0.466869 v _0650_/A1 (sky130_fd_sc_hd__a22o_2)
     2    0.006186    0.049394    0.253818    0.720686 v _0650_/X (sky130_fd_sc_hd__a22o_2)
                                                         _0022_ (net)
                      0.049394    0.000000    0.720686 v _1154_/D (sky130_fd_sc_hd__dfrtp_2)
                                              0.720686   data arrival time

                      0.150000   32.000000   32.000000   clock i_clk (rise edge)
                                  0.000000   32.000000   clock network delay (ideal)
                                 -0.250000   31.750000   clock uncertainty
                                  0.000000   31.750000   clock reconvergence pessimism
                                             31.750000 ^ _1154_/CLK (sky130_fd_sc_hd__dfrtp_2)
                                 -0.093123   31.656876   library setup time
                                             31.656876   data required time
---------------------------------------------------------------------------------------------
                                             31.656876   data required time
                                             -0.720686   data arrival time
---------------------------------------------------------------------------------------------
                                             30.936190   slack (MET)


Startpoint: _1165_ (rising edge-triggered flip-flop clocked by i_clk)
Endpoint: _1107_ (rising edge-triggered flip-flop clocked by i_clk)
Path Group: i_clk
Path Type: max

Fanout         Cap        Slew       Delay        Time   Description
---------------------------------------------------------------------------------------------
                      0.150000    0.000000    0.000000   clock i_clk (rise edge)
                                  0.000000    0.000000   clock network delay (ideal)
                      0.150000    0.000000    0.000000 ^ _1165_/CLK (sky130_fd_sc_hd__dfrtp_2)
     3    0.006095    0.048941    0.429976    0.429976 v _1165_/Q (sky130_fd_sc_hd__dfrtp_2)
                                                         u_i2c_master_controller.cntrl_fsm.cntrl_fsm.state[6] (net)
                      0.048941    0.000000    0.429976 v _0894_/B1 (sky130_fd_sc_hd__a2bb2o_2)
     1    0.004136    0.048668    0.259262    0.689238 v _0894_/X (sky130_fd_sc_hd__a2bb2o_2)
                                                         _0486_ (net)
                      0.048668    0.000000    0.689238 v _0895_/B (sky130_fd_sc_hd__nor2_2)
     1    0.002005    0.054137    0.064332    0.753569 ^ _0895_/Y (sky130_fd_sc_hd__nor2_2)
                                                         _0230_ (net)
                      0.054137    0.000000    0.753569 ^ _1107_/D (sky130_fd_sc_hd__dfrtp_2)
                                              0.753569   data arrival time

                      0.150000   32.000000   32.000000   clock i_clk (rise edge)
                                  0.000000   32.000000   clock network delay (ideal)
                                 -0.250000   31.750000   clock uncertainty
                                  0.000000   31.750000   clock reconvergence pessimism
                                             31.750000 ^ _1107_/CLK (sky130_fd_sc_hd__dfrtp_2)
                                 -0.049571   31.700428   library setup time
                                             31.700428   data required time
---------------------------------------------------------------------------------------------
                                             31.700428   data required time
                                             -0.753569   data arrival time
---------------------------------------------------------------------------------------------
                                             30.946857   slack (MET)


Startpoint: _1185_ (rising edge-triggered flip-flop clocked by i_clk)
Endpoint: _1164_ (rising edge-triggered flip-flop clocked by i_clk)
Path Group: i_clk
Path Type: max

Fanout         Cap        Slew       Delay        Time   Description
---------------------------------------------------------------------------------------------
                      0.150000    0.000000    0.000000   clock i_clk (rise edge)
                                  0.000000    0.000000   clock network delay (ideal)
                      0.150000    0.000000    0.000000 ^ _1185_/CLK (sky130_fd_sc_hd__dfrtp_2)
     4    0.010184    0.059291    0.445123    0.445123 v _1185_/Q (sky130_fd_sc_hd__dfrtp_2)
                                                         u_i2c_master_controller.cntrl_fsm.cntrl_fsm.i_start (net)
                      0.059291    0.000000    0.445123 v _0670_/A2 (sky130_fd_sc_hd__a22o_2)
     1    0.001949    0.037047    0.249738    0.694861 v _0670_/X (sky130_fd_sc_hd__a22o_2)
                                                         _0012_ (net)
                      0.037047    0.000000    0.694861 v _1164_/D (sky130_fd_sc_hd__dfrtp_2)
                                              0.694861   data arrival time

                      0.150000   32.000000   32.000000   clock i_clk (rise edge)
                                  0.000000   32.000000   clock network delay (ideal)
                                 -0.250000   31.750000   clock uncertainty
                                  0.000000   31.750000   clock reconvergence pessimism
                                             31.750000 ^ _1164_/CLK (sky130_fd_sc_hd__dfrtp_2)
                                 -0.087738   31.662262   library setup time
                                             31.662262   data required time
---------------------------------------------------------------------------------------------
                                             31.662262   data required time
                                             -0.694861   data arrival time
---------------------------------------------------------------------------------------------
                                             30.967400   slack (MET)


Startpoint: _1159_ (rising edge-triggered flip-flop clocked by i_clk)
Endpoint: _1159_ (rising edge-triggered flip-flop clocked by i_clk)
Path Group: i_clk
Path Type: max

Fanout         Cap        Slew       Delay        Time   Description
---------------------------------------------------------------------------------------------
                      0.150000    0.000000    0.000000   clock i_clk (rise edge)
                                  0.000000    0.000000   clock network delay (ideal)
                      0.150000    0.000000    0.000000 ^ _1159_/CLK (sky130_fd_sc_hd__dfstp_2)
     5    0.016600    0.094375    0.595652    0.595652 ^ _1159_/Q (sky130_fd_sc_hd__dfstp_2)
                                                         u_i2c_master_controller.cntrl_fsm.cntrl_fsm.state[0] (net)
                      0.094375    0.000000    0.595652 ^ _0681_/B1 (sky130_fd_sc_hd__a22o_2)
     1    0.002488    0.034622    0.130274    0.725926 ^ _0681_/X (sky130_fd_sc_hd__a22o_2)
                                                         _0007_ (net)
                      0.034622    0.000000    0.725926 ^ _1159_/D (sky130_fd_sc_hd__dfstp_2)
                                              0.725926   data arrival time

                      0.150000   32.000000   32.000000   clock i_clk (rise edge)
                                  0.000000   32.000000   clock network delay (ideal)
                                 -0.250000   31.750000   clock uncertainty
                                  0.000000   31.750000   clock reconvergence pessimism
                                             31.750000 ^ _1159_/CLK (sky130_fd_sc_hd__dfstp_2)
                                 -0.037877   31.712124   library setup time
                                             31.712124   data required time
---------------------------------------------------------------------------------------------
                                             31.712124   data required time
                                             -0.725926   data arrival time
---------------------------------------------------------------------------------------------
                                             30.986198   slack (MET)


Startpoint: _1129_ (rising edge-triggered flip-flop clocked by i_clk)
Endpoint: _1212_ (rising edge-triggered flip-flop clocked by i_clk)
Path Group: i_clk
Path Type: max

Fanout         Cap        Slew       Delay        Time   Description
---------------------------------------------------------------------------------------------
                      0.150000    0.000000    0.000000   clock i_clk (rise edge)
                                  0.000000    0.000000   clock network delay (ideal)
                      0.150000    0.000000    0.000000 ^ _1129_/CLK (sky130_fd_sc_hd__dfrtp_2)
    14    0.037672    0.119099    0.514987    0.514987 v _1129_/Q (sky130_fd_sc_hd__dfrtp_2)
                                                         u_i2c_master_controller.filter_scl.out_n (net)
                      0.119099    0.000000    0.514987 v _0612_/B (sky130_fd_sc_hd__nor2_2)
     5    0.012235    0.158527    0.169131    0.684118 ^ _0612_/Y (sky130_fd_sc_hd__nor2_2)
                                                         u_i2c_master_controller.i2cbus_cntrl_fsm.start_detect.state_next (net)
                      0.158527    0.000000    0.684118 ^ _1212_/D (sky130_fd_sc_hd__dfrtp_2)
                                              0.684118   data arrival time

                      0.150000   32.000000   32.000000   clock i_clk (rise edge)
                                  0.000000   32.000000   clock network delay (ideal)
                                 -0.250000   31.750000   clock uncertainty
                                  0.000000   31.750000   clock reconvergence pessimism
                                             31.750000 ^ _1212_/CLK (sky130_fd_sc_hd__dfrtp_2)
                                 -0.073402   31.676596   library setup time
                                             31.676596   data required time
---------------------------------------------------------------------------------------------
                                             31.676596   data required time
                                             -0.684118   data arrival time
---------------------------------------------------------------------------------------------
                                             30.992479   slack (MET)


Startpoint: _1081_ (rising edge-triggered flip-flop clocked by i_clk)
Endpoint: _1180_ (rising edge-triggered flip-flop clocked by i_clk)
Path Group: i_clk
Path Type: max

Fanout         Cap        Slew       Delay        Time   Description
---------------------------------------------------------------------------------------------
                      0.150000    0.000000    0.000000   clock i_clk (rise edge)
                                  0.000000    0.000000   clock network delay (ideal)
                      0.150000    0.000000    0.000000 ^ _1081_/CLK (sky130_fd_sc_hd__dfrtp_2)
     6    0.013010    0.066322    0.455190    0.455190 v _1081_/Q (sky130_fd_sc_hd__dfrtp_2)
                                                         u_i2c_master_controller.cntrl_fsm.cntrl_fsm.i_rw_mode (net)
                      0.066322    0.000000    0.455190 v _0618_/B (sky130_fd_sc_hd__and2_2)
     2    0.003490    0.039192    0.194991    0.650181 v _0618_/X (sky130_fd_sc_hd__and2_2)
                                                         u_i2c_master_controller.cntrl_fsm.rx_err (net)
                      0.039192    0.000000    0.650181 v _1180_/D (sky130_fd_sc_hd__dfrtp_2)
                                              0.650181   data arrival time

                      0.150000   32.000000   32.000000   clock i_clk (rise edge)
                                  0.000000   32.000000   clock network delay (ideal)
                                 -0.250000   31.750000   clock uncertainty
                                  0.000000   31.750000   clock reconvergence pessimism
                                             31.750000 ^ _1180_/CLK (sky130_fd_sc_hd__dfrtp_2)
                                 -0.088673   31.661327   library setup time
                                             31.661327   data required time
---------------------------------------------------------------------------------------------
                                             31.661327   data required time
                                             -0.650181   data arrival time
---------------------------------------------------------------------------------------------
                                             31.011145   slack (MET)


Startpoint: _1185_ (rising edge-triggered flip-flop clocked by i_clk)
Endpoint: _1189_ (rising edge-triggered flip-flop clocked by i_clk)
Path Group: i_clk
Path Type: max

Fanout         Cap        Slew       Delay        Time   Description
---------------------------------------------------------------------------------------------
                      0.150000    0.000000    0.000000   clock i_clk (rise edge)
                                  0.000000    0.000000   clock network delay (ideal)
                      0.150000    0.000000    0.000000 ^ _1185_/CLK (sky130_fd_sc_hd__dfrtp_2)
     4    0.011114    0.075538    0.405957    0.405957 ^ _1185_/Q (sky130_fd_sc_hd__dfrtp_2)
                                                         u_i2c_master_controller.cntrl_fsm.cntrl_fsm.i_start (net)
                      0.075538    0.000000    0.405957 ^ _0555_/A (sky130_fd_sc_hd__inv_2)
     2    0.004371    0.023816    0.036188    0.442145 v _0555_/Y (sky130_fd_sc_hd__inv_2)
                                                         _0302_ (net)
                      0.023816    0.000000    0.442145 v _0668_/A1 (sky130_fd_sc_hd__o21a_2)
     2    0.004144    0.038372    0.199196    0.641341 v _0668_/X (sky130_fd_sc_hd__o21a_2)
                                                         _0039_ (net)
                      0.038372    0.000000    0.641341 v _1189_/D (sky130_fd_sc_hd__dfrtp_2)
                                              0.641341   data arrival time

                      0.150000   32.000000   32.000000   clock i_clk (rise edge)
                                  0.000000   32.000000   clock network delay (ideal)
                                 -0.250000   31.750000   clock uncertainty
                                  0.000000   31.750000   clock reconvergence pessimism
                                             31.750000 ^ _1189_/CLK (sky130_fd_sc_hd__dfrtp_2)
                                 -0.088316   31.661682   library setup time
                                             31.661682   data required time
---------------------------------------------------------------------------------------------
                                             31.661682   data required time
                                             -0.641341   data arrival time
---------------------------------------------------------------------------------------------
                                             31.020342   slack (MET)


Startpoint: _1110_ (rising edge-triggered flip-flop clocked by i_clk)
Endpoint: _1110_ (rising edge-triggered flip-flop clocked by i_clk)
Path Group: i_clk
Path Type: max

Fanout         Cap        Slew       Delay        Time   Description
---------------------------------------------------------------------------------------------
                      0.150000    0.000000    0.000000   clock i_clk (rise edge)
                                  0.000000    0.000000   clock network delay (ideal)
                      0.150000    0.000000    0.000000 ^ _1110_/CLK (sky130_fd_sc_hd__dfrtp_2)
     3    0.008671    0.055462    0.439518    0.439518 v _1110_/Q (sky130_fd_sc_hd__dfrtp_2)
                                                         u_i2c_master_controller.cntrl_fsm.cntrl_fsm.i2cbus_busy_i (net)
                      0.055462    0.000000    0.439518 v _0900_/A2 (sky130_fd_sc_hd__a21o_2)
     1    0.001949    0.031492    0.202571    0.642089 v _0900_/X (sky130_fd_sc_hd__a21o_2)
                                                         _0233_ (net)
                      0.031492    0.000000    0.642089 v _1110_/D (sky130_fd_sc_hd__dfrtp_2)
                                              0.642089   data arrival time

                      0.150000   32.000000   32.000000   clock i_clk (rise edge)
                                  0.000000   32.000000   clock network delay (ideal)
                                 -0.250000   31.750000   clock uncertainty
                                  0.000000   31.750000   clock reconvergence pessimism
                                             31.750000 ^ _1110_/CLK (sky130_fd_sc_hd__dfrtp_2)
                                 -0.085315   31.664684   library setup time
                                             31.664684   data required time
---------------------------------------------------------------------------------------------
                                             31.664684   data required time
                                             -0.642089   data arrival time
---------------------------------------------------------------------------------------------
                                             31.022594   slack (MET)


Startpoint: _1081_ (rising edge-triggered flip-flop clocked by i_clk)
Endpoint: _1177_ (rising edge-triggered flip-flop clocked by i_clk)
Path Group: i_clk
Path Type: max

Fanout         Cap        Slew       Delay        Time   Description
---------------------------------------------------------------------------------------------
                      0.150000    0.000000    0.000000   clock i_clk (rise edge)
                                  0.000000    0.000000   clock network delay (ideal)
                      0.150000    0.000000    0.000000 ^ _1081_/CLK (sky130_fd_sc_hd__dfrtp_2)
     6    0.014286    0.089146    0.418220    0.418220 ^ _1081_/Q (sky130_fd_sc_hd__dfrtp_2)
                                                         u_i2c_master_controller.cntrl_fsm.cntrl_fsm.i_rw_mode (net)
                      0.089146    0.000000    0.418220 ^ _0544_/A (sky130_fd_sc_hd__inv_2)
     3    0.005832    0.028968    0.042010    0.460230 v _0544_/Y (sky130_fd_sc_hd__inv_2)
                                                         _0291_ (net)
                      0.028968    0.000000    0.460230 v _0617_/B (sky130_fd_sc_hd__and2_2)
     2    0.003490    0.039200    0.178302    0.638532 v _0617_/X (sky130_fd_sc_hd__and2_2)
                                                         u_i2c_master_controller.cntrl_fsm.tx_err (net)
                      0.039200    0.000000    0.638532 v _1177_/D (sky130_fd_sc_hd__dfrtp_2)
                                              0.638532   data arrival time

                      0.150000   32.000000   32.000000   clock i_clk (rise edge)
                                  0.000000   32.000000   clock network delay (ideal)
                                 -0.250000   31.750000   clock uncertainty
                                  0.000000   31.750000   clock reconvergence pessimism
                                             31.750000 ^ _1177_/CLK (sky130_fd_sc_hd__dfrtp_2)
                                 -0.088677   31.661324   library setup time
                                             31.661324   data required time
---------------------------------------------------------------------------------------------
                                             31.661324   data required time
                                             -0.638532   data arrival time
---------------------------------------------------------------------------------------------
                                             31.022791   slack (MET)


Startpoint: _1198_ (rising edge-triggered flip-flop clocked by i_clk)
Endpoint: _1191_ (rising edge-triggered flip-flop clocked by i_clk)
Path Group: i_clk
Path Type: max

Fanout         Cap        Slew       Delay        Time   Description
---------------------------------------------------------------------------------------------
                      0.150000    0.000000    0.000000   clock i_clk (rise edge)
                                  0.000000    0.000000   clock network delay (ideal)
                      0.150000    0.000000    0.000000 ^ _1198_/CLK (sky130_fd_sc_hd__dfrtp_2)
     2    0.005679    0.047888    0.428435    0.428435 v _1198_/Q (sky130_fd_sc_hd__dfrtp_2)
                                                         u_i2c_master_controller.cntrl_fsm.byte_rx_done (net)
                      0.047888    0.000000    0.428435 v _0658_/B (sky130_fd_sc_hd__and2_2)
     3    0.008294    0.050667    0.202909    0.631344 v _0658_/X (sky130_fd_sc_hd__and2_2)
                                                         _0037_ (net)
                      0.050667    0.000000    0.631344 v _1191_/D (sky130_fd_sc_hd__dfrtp_2)
                                              0.631344   data arrival time

                      0.150000   32.000000   32.000000   clock i_clk (rise edge)
                                  0.000000   32.000000   clock network delay (ideal)
                                 -0.250000   31.750000   clock uncertainty
                                  0.000000   31.750000   clock reconvergence pessimism
                                             31.750000 ^ _1191_/CLK (sky130_fd_sc_hd__dfrtp_2)
                                 -0.093678   31.656321   library setup time
                                             31.656321   data required time
---------------------------------------------------------------------------------------------
                                             31.656321   data required time
                                             -0.631344   data arrival time
---------------------------------------------------------------------------------------------
                                             31.024979   slack (MET)


Startpoint: _1160_ (rising edge-triggered flip-flop clocked by i_clk)
Endpoint: _1187_ (rising edge-triggered flip-flop clocked by i_clk)
Path Group: i_clk
Path Type: max

Fanout         Cap        Slew       Delay        Time   Description
---------------------------------------------------------------------------------------------
                      0.150000    0.000000    0.000000   clock i_clk (rise edge)
                                  0.000000    0.000000   clock network delay (ideal)
                      0.150000    0.000000    0.000000 ^ _1160_/CLK (sky130_fd_sc_hd__dfrtp_2)
     6    0.015388    0.071413    0.460977    0.460977 v _1160_/Q (sky130_fd_sc_hd__dfrtp_2)
                                                         u_i2c_master_controller.cntrl_fsm.cntrl_fsm.state[1] (net)
                      0.071413    0.000000    0.460977 v _0733_/A (sky130_fd_sc_hd__and2_2)
     1    0.001949    0.034538    0.169986    0.630963 v _0733_/X (sky130_fd_sc_hd__and2_2)
                                                         _0035_ (net)
                      0.034538    0.000000    0.630963 v _1187_/D (sky130_fd_sc_hd__dfrtp_2)
                                              0.630963   data arrival time

                      0.150000   32.000000   32.000000   clock i_clk (rise edge)
                                  0.000000   32.000000   clock network delay (ideal)
                                 -0.250000   31.750000   clock uncertainty
                                  0.000000   31.750000   clock reconvergence pessimism
                                             31.750000 ^ _1187_/CLK (sky130_fd_sc_hd__dfrtp_2)
                                 -0.086644   31.663355   library setup time
                                             31.663355   data required time
---------------------------------------------------------------------------------------------
                                             31.663355   data required time
                                             -0.630963   data arrival time
---------------------------------------------------------------------------------------------
                                             31.032394   slack (MET)


Startpoint: _1150_ (rising edge-triggered flip-flop clocked by i_clk)
Endpoint: _1231_ (rising edge-triggered flip-flop clocked by i_clk)
Path Group: i_clk
Path Type: max

Fanout         Cap        Slew       Delay        Time   Description
---------------------------------------------------------------------------------------------
                      0.150000    0.000000    0.000000   clock i_clk (rise edge)
                                  0.000000    0.000000   clock network delay (ideal)
                      0.150000    0.000000    0.000000 ^ _1150_/CLK (sky130_fd_sc_hd__dfrtp_2)
     4    0.010008    0.058846    0.444471    0.444471 v _1150_/Q (sky130_fd_sc_hd__dfrtp_2)
                                                         u_i2c_master_controller.i2cbus_cntrl_fsm.start_gen.state[5] (net)
                      0.058846    0.000000    0.444471 v _0734_/B (sky130_fd_sc_hd__and2_2)
     1    0.001949    0.034525    0.184485    0.628956 v _0734_/X (sky130_fd_sc_hd__and2_2)
                                                         _0051_ (net)
                      0.034525    0.000000    0.628956 v _1231_/D (sky130_fd_sc_hd__dfrtp_2)
                                              0.628956   data arrival time

                      0.150000   32.000000   32.000000   clock i_clk (rise edge)
                                  0.000000   32.000000   clock network delay (ideal)
                                 -0.250000   31.750000   clock uncertainty
                                  0.000000   31.750000   clock reconvergence pessimism
                                             31.750000 ^ _1231_/CLK (sky130_fd_sc_hd__dfrtp_2)
                                 -0.086638   31.663363   library setup time
                                             31.663363   data required time
---------------------------------------------------------------------------------------------
                                             31.663363   data required time
                                             -0.628956   data arrival time
---------------------------------------------------------------------------------------------
                                             31.034409   slack (MET)


Startpoint: _1145_ (rising edge-triggered flip-flop clocked by i_clk)
Endpoint: _1145_ (rising edge-triggered flip-flop clocked by i_clk)
Path Group: i_clk
Path Type: max

Fanout         Cap        Slew       Delay        Time   Description
---------------------------------------------------------------------------------------------
                      0.150000    0.000000    0.000000   clock i_clk (rise edge)
                                  0.000000    0.000000   clock network delay (ideal)
                      0.150000    0.000000    0.000000 ^ _1145_/CLK (sky130_fd_sc_hd__dfstp_2)
     2    0.004934    0.045199    0.553205    0.553205 ^ _1145_/Q (sky130_fd_sc_hd__dfstp_2)
                                                         u_i2c_master_controller.i2cbus_cntrl_fsm.start_gen.state[0] (net)
                      0.045199    0.000000    0.553205 ^ _0647_/A1 (sky130_fd_sc_hd__a22o_2)
     1    0.002488    0.034635    0.123103    0.676308 ^ _0647_/X (sky130_fd_sc_hd__a22o_2)
                                                         _0024_ (net)
                      0.034635    0.000000    0.676308 ^ _1145_/D (sky130_fd_sc_hd__dfstp_2)
                                              0.676308   data arrival time

                      0.150000   32.000000   32.000000   clock i_clk (rise edge)
                                  0.000000   32.000000   clock network delay (ideal)
                                 -0.250000   31.750000   clock uncertainty
                                  0.000000   31.750000   clock reconvergence pessimism
                                             31.750000 ^ _1145_/CLK (sky130_fd_sc_hd__dfstp_2)
                                 -0.037880   31.712120   library setup time
                                             31.712120   data required time
---------------------------------------------------------------------------------------------
                                             31.712120   data required time
                                             -0.676308   data arrival time
---------------------------------------------------------------------------------------------
                                             31.035810   slack (MET)


Startpoint: _1130_ (rising edge-triggered flip-flop clocked by i_clk)
Endpoint: _1233_ (rising edge-triggered flip-flop clocked by i_clk)
Path Group: i_clk
Path Type: max

Fanout         Cap        Slew       Delay        Time   Description
---------------------------------------------------------------------------------------------
                      0.150000    0.000000    0.000000   clock i_clk (rise edge)
                                  0.000000    0.000000   clock network delay (ideal)
                      0.150000    0.000000    0.000000 ^ _1130_/CLK (sky130_fd_sc_hd__dfrtp_2)
     4    0.012967    0.066230    0.455085    0.455085 v _1130_/Q (sky130_fd_sc_hd__dfrtp_2)
                                                         u_i2c_master_controller.filter_sda.out_n (net)
                      0.066230    0.000000    0.455085 v _0538_/A (sky130_fd_sc_hd__inv_2)
     9    0.017499    0.087052    0.096426    0.551511 ^ _0538_/Y (sky130_fd_sc_hd__inv_2)
                                                         _0287_ (net)
                      0.087052    0.000000    0.551511 ^ _0575_/A (sky130_fd_sc_hd__nor2_2)
     2    0.003754    0.044837    0.046893    0.598404 v _0575_/Y (sky130_fd_sc_hd__nor2_2)
                                                         _0048_ (net)
                      0.044837    0.000000    0.598404 v _1233_/D (sky130_fd_sc_hd__dfrtp_2)
                                              0.598404   data arrival time

                      0.150000   32.000000   32.000000   clock i_clk (rise edge)
                                  0.000000   32.000000   clock network delay (ideal)
                                 -0.250000   31.750000   clock uncertainty
                                  0.000000   31.750000   clock reconvergence pessimism
                                             31.750000 ^ _1233_/CLK (sky130_fd_sc_hd__dfrtp_2)
                                 -0.091136   31.658865   library setup time
                                             31.658865   data required time
---------------------------------------------------------------------------------------------
                                             31.658865   data required time
                                             -0.598404   data arrival time
---------------------------------------------------------------------------------------------
                                             31.060459   slack (MET)


Startpoint: _1150_ (rising edge-triggered flip-flop clocked by i_clk)
Endpoint: _1230_ (rising edge-triggered flip-flop clocked by i_clk)
Path Group: i_clk
Path Type: max

Fanout         Cap        Slew       Delay        Time   Description
---------------------------------------------------------------------------------------------
                      0.150000    0.000000    0.000000   clock i_clk (rise edge)
                                  0.000000    0.000000   clock network delay (ideal)
                      0.150000    0.000000    0.000000 ^ _1150_/CLK (sky130_fd_sc_hd__dfrtp_2)
     4    0.010008    0.058846    0.444471    0.444471 v _1150_/Q (sky130_fd_sc_hd__dfrtp_2)
                                                         u_i2c_master_controller.i2cbus_cntrl_fsm.start_gen.state[5] (net)
                      0.058846    0.000000    0.444471 v _0839_/A (sky130_fd_sc_hd__nor3_2)
     1    0.002488    0.110935    0.160093    0.604564 ^ _0839_/Y (sky130_fd_sc_hd__nor3_2)
                                                         _0052_ (net)
                      0.110935    0.000000    0.604564 ^ _1230_/D (sky130_fd_sc_hd__dfstp_2)
                                              0.604564   data arrival time

                      0.150000   32.000000   32.000000   clock i_clk (rise edge)
                                  0.000000   32.000000   clock network delay (ideal)
                                 -0.250000   31.750000   clock uncertainty
                                  0.000000   31.750000   clock reconvergence pessimism
                                             31.750000 ^ _1230_/CLK (sky130_fd_sc_hd__dfstp_2)
                                 -0.053940   31.696058   library setup time
                                             31.696058   data required time
---------------------------------------------------------------------------------------------
                                             31.696058   data required time
                                             -0.604564   data arrival time
---------------------------------------------------------------------------------------------
                                             31.091494   slack (MET)


Startpoint: _1079_ (rising edge-triggered flip-flop clocked by i_clk)
Endpoint: _1069_ (rising edge-triggered flip-flop clocked by i_clk)
Path Group: i_clk
Path Type: max

Fanout         Cap        Slew       Delay        Time   Description
---------------------------------------------------------------------------------------------
                      0.150000    0.000000    0.000000   clock i_clk (rise edge)
                                  0.000000    0.000000   clock network delay (ideal)
                      0.150000    0.000000    0.000000 ^ _1079_/CLK (sky130_fd_sc_hd__dfrtp_2)
     3    0.009971    0.058752    0.444334    0.444334 v _1079_/Q (sky130_fd_sc_hd__dfrtp_2)
                                                         u_i2c_master_controller.bps_mode[1] (net)
                      0.058752    0.000000    0.444334 v _0730_/A (sky130_fd_sc_hd__nor2_2)
     1    0.002488    0.059230    0.095038    0.539372 ^ _0730_/Y (sky130_fd_sc_hd__nor2_2)
                                                         _0050_ (net)
                      0.059230    0.000000    0.539372 ^ _1069_/D (sky130_fd_sc_hd__dfstp_2)
                                              0.539372   data arrival time

                      0.150000   32.000000   32.000000   clock i_clk (rise edge)
                                  0.000000   32.000000   clock network delay (ideal)
                                 -0.250000   31.750000   clock uncertainty
                                  0.000000   31.750000   clock reconvergence pessimism
                                             31.750000 ^ _1069_/CLK (sky130_fd_sc_hd__dfstp_2)
                                 -0.043057   31.706944   library setup time
                                             31.706944   data required time
---------------------------------------------------------------------------------------------
                                             31.706944   data required time
                                             -0.539372   data arrival time
---------------------------------------------------------------------------------------------
                                             31.167570   slack (MET)


Startpoint: _1144_ (rising edge-triggered flip-flop clocked by i_clk)
Endpoint: _1252_ (rising edge-triggered flip-flop clocked by i_clk)
Path Group: i_clk
Path Type: max

Fanout         Cap        Slew       Delay        Time   Description
---------------------------------------------------------------------------------------------
                      0.150000    0.000000    0.000000   clock i_clk (rise edge)
                                  0.000000    0.000000   clock network delay (ideal)
                      0.150000    0.000000    0.000000 ^ _1144_/CLK (sky130_fd_sc_hd__dfrtp_2)
     4    0.014501    0.069514    0.458818    0.458818 v _1144_/Q (sky130_fd_sc_hd__dfrtp_2)
                                                         u_i2c_master_controller.i2cbus_cntrl_fsm.stop_gen.state[2] (net)
                      0.069514    0.000000    0.458818 v _0731_/B (sky130_fd_sc_hd__nor2_2)
     1    0.002488    0.060343    0.076268    0.535086 ^ _0731_/Y (sky130_fd_sc_hd__nor2_2)
                                                         _0072_ (net)
                      0.060343    0.000000    0.535086 ^ _1252_/D (sky130_fd_sc_hd__dfstp_2)
                                              0.535086   data arrival time

                      0.150000   32.000000   32.000000   clock i_clk (rise edge)
                                  0.000000   32.000000   clock network delay (ideal)
                                 -0.250000   31.750000   clock uncertainty
                                  0.000000   31.750000   clock reconvergence pessimism
                                             31.750000 ^ _1252_/CLK (sky130_fd_sc_hd__dfstp_2)
                                 -0.043291   31.706709   library setup time
                                             31.706709   data required time
---------------------------------------------------------------------------------------------
                                             31.706709   data required time
                                             -0.535086   data arrival time
---------------------------------------------------------------------------------------------
                                             31.171625   slack (MET)


Startpoint: _1167_ (rising edge-triggered flip-flop clocked by i_clk)
Endpoint: _1192_ (rising edge-triggered flip-flop clocked by i_clk)
Path Group: i_clk
Path Type: max

Fanout         Cap        Slew       Delay        Time   Description
---------------------------------------------------------------------------------------------
                      0.150000    0.000000    0.000000   clock i_clk (rise edge)
                                  0.000000    0.000000   clock network delay (ideal)
                      0.150000    0.000000    0.000000 ^ _1167_/CLK (sky130_fd_sc_hd__dfrtp_2)
     5    0.011877    0.063577    0.451394    0.451394 v _1167_/Q (sky130_fd_sc_hd__dfrtp_2)
                                                         u_i2c_master_controller.cntrl_fsm.cntrl_fsm.state[8] (net)
                      0.063577    0.000000    0.451394 v _1192_/D (sky130_fd_sc_hd__dfrtp_2)
                                              0.451394   data arrival time

                      0.150000   32.000000   32.000000   clock i_clk (rise edge)
                                  0.000000   32.000000   clock network delay (ideal)
                                 -0.250000   31.750000   clock uncertainty
                                  0.000000   31.750000   clock reconvergence pessimism
                                             31.750000 ^ _1192_/CLK (sky130_fd_sc_hd__dfrtp_2)
                                 -0.099308   31.650690   library setup time
                                             31.650690   data required time
---------------------------------------------------------------------------------------------
                                             31.650690   data required time
                                             -0.451394   data arrival time
---------------------------------------------------------------------------------------------
                                             31.199297   slack (MET)


Startpoint: _1178_ (rising edge-triggered flip-flop clocked by i_clk)
Endpoint: _1182_ (rising edge-triggered flip-flop clocked by i_clk)
Path Group: i_clk
Path Type: max

Fanout         Cap        Slew       Delay        Time   Description
---------------------------------------------------------------------------------------------
                      0.150000    0.000000    0.000000   clock i_clk (rise edge)
                                  0.000000    0.000000   clock network delay (ideal)
                      0.150000    0.000000    0.000000 ^ _1178_/CLK (sky130_fd_sc_hd__dfrtp_2)
     3    0.010462    0.059995    0.446153    0.446153 v _1178_/Q (sky130_fd_sc_hd__dfrtp_2)
                                                         u_i2c_master_controller.cntrl_fsm.intr_clr_reg1 (net)
                      0.059995    0.000000    0.446153 v _1182_/D (sky130_fd_sc_hd__dfrtp_2)
                                              0.446153   data arrival time

                      0.150000   32.000000   32.000000   clock i_clk (rise edge)
                                  0.000000   32.000000   clock network delay (ideal)
                                 -0.250000   31.750000   clock uncertainty
                                  0.000000   31.750000   clock reconvergence pessimism
                                             31.750000 ^ _1182_/CLK (sky130_fd_sc_hd__dfrtp_2)
                                 -0.097746   31.652254   library setup time
                                             31.652254   data required time
---------------------------------------------------------------------------------------------
                                             31.652254   data required time
                                             -0.446153   data arrival time
---------------------------------------------------------------------------------------------
                                             31.206100   slack (MET)


Startpoint: _1079_ (rising edge-triggered flip-flop clocked by i_clk)
Endpoint: _1068_ (rising edge-triggered flip-flop clocked by i_clk)
Path Group: i_clk
Path Type: max

Fanout         Cap        Slew       Delay        Time   Description
---------------------------------------------------------------------------------------------
                      0.150000    0.000000    0.000000   clock i_clk (rise edge)
                                  0.000000    0.000000   clock network delay (ideal)
                      0.150000    0.000000    0.000000 ^ _1079_/CLK (sky130_fd_sc_hd__dfrtp_2)
     3    0.009971    0.058752    0.444334    0.444334 v _1079_/Q (sky130_fd_sc_hd__dfrtp_2)
                                                         u_i2c_master_controller.bps_mode[1] (net)
                      0.058752    0.000000    0.444334 v _0569_/A (sky130_fd_sc_hd__inv_2)
     1    0.002488    0.025002    0.044236    0.488570 ^ _0569_/Y (sky130_fd_sc_hd__inv_2)
                                                         _0049_ (net)
                      0.025002    0.000000    0.488570 ^ _1068_/D (sky130_fd_sc_hd__dfstp_2)
                                              0.488570   data arrival time

                      0.150000   32.000000   32.000000   clock i_clk (rise edge)
                                  0.000000   32.000000   clock network delay (ideal)
                                 -0.250000   31.750000   clock uncertainty
                                  0.000000   31.750000   clock reconvergence pessimism
                                             31.750000 ^ _1068_/CLK (sky130_fd_sc_hd__dfstp_2)
                                 -0.035852   31.714149   library setup time
                                             31.714149   data required time
---------------------------------------------------------------------------------------------
                                             31.714149   data required time
                                             -0.488570   data arrival time
---------------------------------------------------------------------------------------------
                                             31.225580   slack (MET)


Startpoint: _1255_ (rising edge-triggered flip-flop clocked by i_clk)
Endpoint: _1254_ (rising edge-triggered flip-flop clocked by i_clk)
Path Group: i_clk
Path Type: max

Fanout         Cap        Slew       Delay        Time   Description
---------------------------------------------------------------------------------------------
                      0.150000    0.000000    0.000000   clock i_clk (rise edge)
                                  0.000000    0.000000   clock network delay (ideal)
                      0.150000    0.000000    0.000000 ^ _1255_/CLK (sky130_fd_sc_hd__dfrtp_2)
     3    0.006399    0.049711    0.431102    0.431102 v _1255_/Q (sky130_fd_sc_hd__dfrtp_2)
                                                         u_i2c_master_controller.filter_sda.in_d2 (net)
                      0.049711    0.000000    0.431102 v _1254_/D (sky130_fd_sc_hd__dfrtp_2)
                                              0.431102   data arrival time

                      0.150000   32.000000   32.000000   clock i_clk (rise edge)
                                  0.000000   32.000000   clock network delay (ideal)
                                 -0.250000   31.750000   clock uncertainty
                                  0.000000   31.750000   clock reconvergence pessimism
                                             31.750000 ^ _1254_/CLK (sky130_fd_sc_hd__dfrtp_2)
                                 -0.093261   31.656736   library setup time
                                             31.656736   data required time
---------------------------------------------------------------------------------------------
                                             31.656736   data required time
                                             -0.431102   data arrival time
---------------------------------------------------------------------------------------------
                                             31.225636   slack (MET)


Startpoint: _1258_ (rising edge-triggered flip-flop clocked by i_clk)
Endpoint: _1257_ (rising edge-triggered flip-flop clocked by i_clk)
Path Group: i_clk
Path Type: max

Fanout         Cap        Slew       Delay        Time   Description
---------------------------------------------------------------------------------------------
                      0.150000    0.000000    0.000000   clock i_clk (rise edge)
                                  0.000000    0.000000   clock network delay (ideal)
                      0.150000    0.000000    0.000000 ^ _1258_/CLK (sky130_fd_sc_hd__dfrtp_2)
     3    0.006399    0.049711    0.431102    0.431102 v _1258_/Q (sky130_fd_sc_hd__dfrtp_2)
                                                         u_i2c_master_controller.filter_scl.in_d2 (net)
                      0.049711    0.000000    0.431102 v _1257_/D (sky130_fd_sc_hd__dfrtp_2)
                                              0.431102   data arrival time

                      0.150000   32.000000   32.000000   clock i_clk (rise edge)
                                  0.000000   32.000000   clock network delay (ideal)
                                 -0.250000   31.750000   clock uncertainty
                                  0.000000   31.750000   clock reconvergence pessimism
                                             31.750000 ^ _1257_/CLK (sky130_fd_sc_hd__dfrtp_2)
                                 -0.093261   31.656736   library setup time
                                             31.656736   data required time
---------------------------------------------------------------------------------------------
                                             31.656736   data required time
                                             -0.431102   data arrival time
---------------------------------------------------------------------------------------------
                                             31.225636   slack (MET)


Startpoint: _1262_ (rising edge-triggered flip-flop clocked by i_clk)
Endpoint: _1260_ (rising edge-triggered flip-flop clocked by i_clk)
Path Group: i_clk
Path Type: max

Fanout         Cap        Slew       Delay        Time   Description
---------------------------------------------------------------------------------------------
                      0.150000    0.000000    0.000000   clock i_clk (rise edge)
                                  0.000000    0.000000   clock network delay (ideal)
                      0.150000    0.000000    0.000000 ^ _1262_/CLK (sky130_fd_sc_hd__dfrtp_2)
     2    0.006225    0.049270    0.430457    0.430457 v _1262_/Q (sky130_fd_sc_hd__dfrtp_2)
                                                         u_i2c_master_controller.soft_reset_d2 (net)
                      0.049270    0.000000    0.430457 v _1260_/D (sky130_fd_sc_hd__dfrtp_2)
                                              0.430457   data arrival time

                      0.150000   32.000000   32.000000   clock i_clk (rise edge)
                                  0.000000   32.000000   clock network delay (ideal)
                                 -0.250000   31.750000   clock uncertainty
                                  0.000000   31.750000   clock reconvergence pessimism
                                             31.750000 ^ _1260_/CLK (sky130_fd_sc_hd__dfrtp_2)
                                 -0.093069   31.656929   library setup time
                                             31.656929   data required time
---------------------------------------------------------------------------------------------
                                             31.656929   data required time
                                             -0.430457   data arrival time
---------------------------------------------------------------------------------------------
                                             31.226471   slack (MET)


Startpoint: _1158_ (rising edge-triggered flip-flop clocked by i_clk)
Endpoint: _1199_ (rising edge-triggered flip-flop clocked by i_clk)
Path Group: i_clk
Path Type: max

Fanout         Cap        Slew       Delay        Time   Description
---------------------------------------------------------------------------------------------
                      0.150000    0.000000    0.000000   clock i_clk (rise edge)
                                  0.000000    0.000000   clock network delay (ideal)
                      0.150000    0.000000    0.000000 ^ _1158_/CLK (sky130_fd_sc_hd__dfrtp_2)
     2    0.006068    0.048873    0.429876    0.429876 v _1158_/Q (sky130_fd_sc_hd__dfrtp_2)
                                                         u_i2c_master_controller.i2cbus_cntrl_fsm.falling_scl_detect.state[2] (net)
                      0.048873    0.000000    0.429876 v _1199_/D (sky130_fd_sc_hd__dfrtp_2)
                                              0.429876   data arrival time

                      0.150000   32.000000   32.000000   clock i_clk (rise edge)
                                  0.000000   32.000000   clock network delay (ideal)
                                 -0.250000   31.750000   clock uncertainty
                                  0.000000   31.750000   clock reconvergence pessimism
                                             31.750000 ^ _1199_/CLK (sky130_fd_sc_hd__dfrtp_2)
                                 -0.092896   31.657103   library setup time
                                             31.657103   data required time
---------------------------------------------------------------------------------------------
                                             31.657103   data required time
                                             -0.429876   data arrival time
---------------------------------------------------------------------------------------------
                                             31.227228   slack (MET)


Startpoint: _1108_ (rising edge-triggered flip-flop clocked by i_clk)
Endpoint: _1173_ (rising edge-triggered flip-flop clocked by i_clk)
Path Group: i_clk
Path Type: max

Fanout         Cap        Slew       Delay        Time   Description
---------------------------------------------------------------------------------------------
                      0.150000    0.000000    0.000000   clock i_clk (rise edge)
                                  0.000000    0.000000   clock network delay (ideal)
                      0.150000    0.000000    0.000000 ^ _1108_/CLK (sky130_fd_sc_hd__dfrtp_2)
     3    0.005732    0.048022    0.428631    0.428631 v _1108_/Q (sky130_fd_sc_hd__dfrtp_2)
                                                         u_i2c_master_controller.cntrl_fsm.cntrl_fsm.o_tx_done (net)
                      0.048022    0.000000    0.428631 v _1173_/D (sky130_fd_sc_hd__dfrtp_2)
                                              0.428631   data arrival time

                      0.150000   32.000000   32.000000   clock i_clk (rise edge)
                                  0.000000   32.000000   clock network delay (ideal)
                                 -0.250000   31.750000   clock uncertainty
                                  0.000000   31.750000   clock reconvergence pessimism
                                             31.750000 ^ _1173_/CLK (sky130_fd_sc_hd__dfrtp_2)
                                 -0.092525   31.657476   library setup time
                                             31.657476   data required time
---------------------------------------------------------------------------------------------
                                             31.657476   data required time
                                             -0.428631   data arrival time
---------------------------------------------------------------------------------------------
                                             31.228844   slack (MET)


Startpoint: _1109_ (rising edge-triggered flip-flop clocked by i_clk)
Endpoint: _1175_ (rising edge-triggered flip-flop clocked by i_clk)
Path Group: i_clk
Path Type: max

Fanout         Cap        Slew       Delay        Time   Description
---------------------------------------------------------------------------------------------
                      0.150000    0.000000    0.000000   clock i_clk (rise edge)
                                  0.000000    0.000000   clock network delay (ideal)
                      0.150000    0.000000    0.000000 ^ _1109_/CLK (sky130_fd_sc_hd__dfrtp_2)
     3    0.005732    0.048022    0.428631    0.428631 v _1109_/Q (sky130_fd_sc_hd__dfrtp_2)
                                                         u_i2c_master_controller.cntrl_fsm.cntrl_fsm.o_rx_done (net)
                      0.048022    0.000000    0.428631 v _1175_/D (sky130_fd_sc_hd__dfrtp_2)
                                              0.428631   data arrival time

                      0.150000   32.000000   32.000000   clock i_clk (rise edge)
                                  0.000000   32.000000   clock network delay (ideal)
                                 -0.250000   31.750000   clock uncertainty
                                  0.000000   31.750000   clock reconvergence pessimism
                                             31.750000 ^ _1175_/CLK (sky130_fd_sc_hd__dfrtp_2)
                                 -0.092525   31.657476   library setup time
                                             31.657476   data required time
---------------------------------------------------------------------------------------------
                                             31.657476   data required time
                                             -0.428631   data arrival time
---------------------------------------------------------------------------------------------
                                             31.228844   slack (MET)


Startpoint: _1193_ (rising edge-triggered flip-flop clocked by i_clk)
Endpoint: _1195_ (rising edge-triggered flip-flop clocked by i_clk)
Path Group: i_clk
Path Type: max

Fanout         Cap        Slew       Delay        Time   Description
---------------------------------------------------------------------------------------------
                      0.150000    0.000000    0.000000   clock i_clk (rise edge)
                                  0.000000    0.000000   clock network delay (ideal)
                      0.150000    0.000000    0.000000 ^ _1193_/CLK (sky130_fd_sc_hd__dfrtp_2)
     3    0.005722    0.047997    0.428594    0.428594 v _1193_/Q (sky130_fd_sc_hd__dfrtp_2)
                                                         u_i2c_master_controller.cntrl_fsm.cntrl_fsm.rx_en (net)
                      0.047997    0.000000    0.428594 v _1195_/D (sky130_fd_sc_hd__dfrtp_2)
                                              0.428594   data arrival time

                      0.150000   32.000000   32.000000   clock i_clk (rise edge)
                                  0.000000   32.000000   clock network delay (ideal)
                                 -0.250000   31.750000   clock uncertainty
                                  0.000000   31.750000   clock reconvergence pessimism
                                             31.750000 ^ _1195_/CLK (sky130_fd_sc_hd__dfrtp_2)
                                 -0.092514   31.657486   library setup time
                                             31.657486   data required time
---------------------------------------------------------------------------------------------
                                             31.657486   data required time
                                             -0.428594   data arrival time
---------------------------------------------------------------------------------------------
                                             31.228893   slack (MET)


Startpoint: _1187_ (rising edge-triggered flip-flop clocked by i_clk)
Endpoint: _1181_ (rising edge-triggered flip-flop clocked by i_clk)
Path Group: i_clk
Path Type: max

Fanout         Cap        Slew       Delay        Time   Description
---------------------------------------------------------------------------------------------
                      0.150000    0.000000    0.000000   clock i_clk (rise edge)
                                  0.000000    0.000000   clock network delay (ideal)
                      0.150000    0.000000    0.000000 ^ _1187_/CLK (sky130_fd_sc_hd__dfrtp_2)
     2    0.003490    0.041579    0.418804    0.418804 v _1187_/Q (sky130_fd_sc_hd__dfrtp_2)
                                                         u_i2c_master_controller.cntrl_fsm.abort_ack (net)
                      0.041579    0.000000    0.418804 v _1181_/D (sky130_fd_sc_hd__dfrtp_2)
                                              0.418804   data arrival time

                      0.150000   32.000000   32.000000   clock i_clk (rise edge)
                                  0.000000   32.000000   clock network delay (ideal)
                                 -0.250000   31.750000   clock uncertainty
                                  0.000000   31.750000   clock reconvergence pessimism
                                             31.750000 ^ _1181_/CLK (sky130_fd_sc_hd__dfrtp_2)
                                 -0.089714   31.660286   library setup time
                                             31.660286   data required time
---------------------------------------------------------------------------------------------
                                             31.660286   data required time
                                             -0.418804   data arrival time
---------------------------------------------------------------------------------------------
                                             31.241482   slack (MET)


Startpoint: _1183_ (rising edge-triggered flip-flop clocked by i_clk)
Endpoint: _1178_ (rising edge-triggered flip-flop clocked by i_clk)
Path Group: i_clk
Path Type: max

Fanout         Cap        Slew       Delay        Time   Description
---------------------------------------------------------------------------------------------
                      0.150000    0.000000    0.000000   clock i_clk (rise edge)
                                  0.000000    0.000000   clock network delay (ideal)
                      0.150000    0.000000    0.000000 ^ _1183_/CLK (sky130_fd_sc_hd__dfrtp_2)
     2    0.003343    0.041070    0.417989    0.417989 v _1183_/Q (sky130_fd_sc_hd__dfrtp_2)
                                                         u_i2c_master_controller.cntrl_fsm.intr_clr_reg (net)
                      0.041070    0.000000    0.417989 v _1178_/D (sky130_fd_sc_hd__dfrtp_2)
                                              0.417989   data arrival time

                      0.150000   32.000000   32.000000   clock i_clk (rise edge)
                                  0.000000   32.000000   clock network delay (ideal)
                                 -0.250000   31.750000   clock uncertainty
                                  0.000000   31.750000   clock reconvergence pessimism
                                             31.750000 ^ _1178_/CLK (sky130_fd_sc_hd__dfrtp_2)
                                 -0.089493   31.660505   library setup time
                                             31.660505   data required time
---------------------------------------------------------------------------------------------
                                             31.660505   data required time
                                             -0.417989   data arrival time
---------------------------------------------------------------------------------------------
                                             31.242516   slack (MET)


Startpoint: _1176_ (rising edge-triggered flip-flop clocked by i_clk)
Endpoint: _1174_ (rising edge-triggered flip-flop clocked by i_clk)
Path Group: i_clk
Path Type: max

Fanout         Cap        Slew       Delay        Time   Description
---------------------------------------------------------------------------------------------
                      0.150000    0.000000    0.000000   clock i_clk (rise edge)
                                  0.000000    0.000000   clock network delay (ideal)
                      0.150000    0.000000    0.000000 ^ _1176_/CLK (sky130_fd_sc_hd__dfrtp_2)
     1    0.001949    0.036250    0.410266    0.410266 v _1176_/Q (sky130_fd_sc_hd__dfrtp_2)
                                                         u_i2c_master_controller.cntrl_fsm.abort_reg1 (net)
                      0.036250    0.000000    0.410266 v _1174_/D (sky130_fd_sc_hd__dfrtp_2)
                                              0.410266   data arrival time

                      0.150000   32.000000   32.000000   clock i_clk (rise edge)
                                  0.000000   32.000000   clock network delay (ideal)
                                 -0.250000   31.750000   clock uncertainty
                                  0.000000   31.750000   clock reconvergence pessimism
                                             31.750000 ^ _1174_/CLK (sky130_fd_sc_hd__dfrtp_2)
                                 -0.087390   31.662609   library setup time
                                             31.662609   data required time
---------------------------------------------------------------------------------------------
                                             31.662609   data required time
                                             -0.410266   data arrival time
---------------------------------------------------------------------------------------------
                                             31.252342   slack (MET)


Startpoint: _1184_ (rising edge-triggered flip-flop clocked by i_clk)
Endpoint: _1185_ (rising edge-triggered flip-flop clocked by i_clk)
Path Group: i_clk
Path Type: max

Fanout         Cap        Slew       Delay        Time   Description
---------------------------------------------------------------------------------------------
                      0.150000    0.000000    0.000000   clock i_clk (rise edge)
                                  0.000000    0.000000   clock network delay (ideal)
                      0.150000    0.000000    0.000000 ^ _1184_/CLK (sky130_fd_sc_hd__dfrtp_2)
     1    0.001949    0.036250    0.410266    0.410266 v _1184_/Q (sky130_fd_sc_hd__dfrtp_2)
                                                         u_i2c_master_controller.cntrl_fsm.start_reg1 (net)
                      0.036250    0.000000    0.410266 v _1185_/D (sky130_fd_sc_hd__dfrtp_2)
                                              0.410266   data arrival time

                      0.150000   32.000000   32.000000   clock i_clk (rise edge)
                                  0.000000   32.000000   clock network delay (ideal)
                                 -0.250000   31.750000   clock uncertainty
                                  0.000000   31.750000   clock reconvergence pessimism
                                             31.750000 ^ _1185_/CLK (sky130_fd_sc_hd__dfrtp_2)
                                 -0.087390   31.662609   library setup time
                                             31.662609   data required time
---------------------------------------------------------------------------------------------
                                             31.662609   data required time
                                             -0.410266   data arrival time
---------------------------------------------------------------------------------------------
                                             31.252342   slack (MET)


Startpoint: _1256_ (rising edge-triggered flip-flop clocked by i_clk)
Endpoint: _1255_ (rising edge-triggered flip-flop clocked by i_clk)
Path Group: i_clk
Path Type: max

Fanout         Cap        Slew       Delay        Time   Description
---------------------------------------------------------------------------------------------
                      0.150000    0.000000    0.000000   clock i_clk (rise edge)
                                  0.000000    0.000000   clock network delay (ideal)
                      0.150000    0.000000    0.000000 ^ _1256_/CLK (sky130_fd_sc_hd__dfrtp_2)
     1    0.001949    0.036250    0.410266    0.410266 v _1256_/Q (sky130_fd_sc_hd__dfrtp_2)
                                                         u_i2c_master_controller.filter_sda.in_d1 (net)
                      0.036250    0.000000    0.410266 v _1255_/D (sky130_fd_sc_hd__dfrtp_2)
                                              0.410266   data arrival time

                      0.150000   32.000000   32.000000   clock i_clk (rise edge)
                                  0.000000   32.000000   clock network delay (ideal)
                                 -0.250000   31.750000   clock uncertainty
                                  0.000000   31.750000   clock reconvergence pessimism
                                             31.750000 ^ _1255_/CLK (sky130_fd_sc_hd__dfrtp_2)
                                 -0.087390   31.662609   library setup time
                                             31.662609   data required time
---------------------------------------------------------------------------------------------
                                             31.662609   data required time
                                             -0.410266   data arrival time
---------------------------------------------------------------------------------------------
                                             31.252342   slack (MET)


Startpoint: _1259_ (rising edge-triggered flip-flop clocked by i_clk)
Endpoint: _1258_ (rising edge-triggered flip-flop clocked by i_clk)
Path Group: i_clk
Path Type: max

Fanout         Cap        Slew       Delay        Time   Description
---------------------------------------------------------------------------------------------
                      0.150000    0.000000    0.000000   clock i_clk (rise edge)
                                  0.000000    0.000000   clock network delay (ideal)
                      0.150000    0.000000    0.000000 ^ _1259_/CLK (sky130_fd_sc_hd__dfrtp_2)
     1    0.001949    0.036250    0.410266    0.410266 v _1259_/Q (sky130_fd_sc_hd__dfrtp_2)
                                                         u_i2c_master_controller.filter_scl.in_d1 (net)
                      0.036250    0.000000    0.410266 v _1258_/D (sky130_fd_sc_hd__dfrtp_2)
                                              0.410266   data arrival time

                      0.150000   32.000000   32.000000   clock i_clk (rise edge)
                                  0.000000   32.000000   clock network delay (ideal)
                                 -0.250000   31.750000   clock uncertainty
                                  0.000000   31.750000   clock reconvergence pessimism
                                             31.750000 ^ _1258_/CLK (sky130_fd_sc_hd__dfrtp_2)
                                 -0.087390   31.662609   library setup time
                                             31.662609   data required time
---------------------------------------------------------------------------------------------
                                             31.662609   data required time
                                             -0.410266   data arrival time
---------------------------------------------------------------------------------------------
                                             31.252342   slack (MET)


Startpoint: _1261_ (rising edge-triggered flip-flop clocked by i_clk)
Endpoint: _1262_ (rising edge-triggered flip-flop clocked by i_clk)
Path Group: i_clk
Path Type: max

Fanout         Cap        Slew       Delay        Time   Description
---------------------------------------------------------------------------------------------
                      0.150000    0.000000    0.000000   clock i_clk (rise edge)
                                  0.000000    0.000000   clock network delay (ideal)
                      0.150000    0.000000    0.000000 ^ _1261_/CLK (sky130_fd_sc_hd__dfrtp_2)
     1    0.001949    0.036250    0.410266    0.410266 v _1261_/Q (sky130_fd_sc_hd__dfrtp_2)
                                                         u_i2c_master_controller.soft_reset_d1 (net)
                      0.036250    0.000000    0.410266 v _1262_/D (sky130_fd_sc_hd__dfrtp_2)
                                              0.410266   data arrival time

                      0.150000   32.000000   32.000000   clock i_clk (rise edge)
                                  0.000000   32.000000   clock network delay (ideal)
                                 -0.250000   31.750000   clock uncertainty
                                  0.000000   31.750000   clock reconvergence pessimism
                                             31.750000 ^ _1262_/CLK (sky130_fd_sc_hd__dfrtp_2)
                                 -0.087390   31.662609   library setup time
                                             31.662609   data required time
---------------------------------------------------------------------------------------------
                                             31.662609   data required time
                                             -0.410266   data arrival time
---------------------------------------------------------------------------------------------
                                             31.252342   slack (MET)



